{
  "alpha": 0.1,
  "c_upd": 0.58,
  "depr_lambda": 0.01,
  "depr_nu": 0.5,
  "depr_psi": 1.0,
  "eval_CSR_post": 0.0,
  "eval_dbar_post_mean": 0.6142998337745667,
  "eval_done_count": 100.0,
  "eval_episodes_per_env": 4.0,
  "eval_len_end_mean": 26.0,
  "eval_occupied_post_mean": 0.29999998211860657,
  "eval_return_end_mean": -23.935426712036133,
  "eval_t_eval": 104.0,
  "final_depr_F_post": 11.81517505645752,
  "final_energy_E_post": 0.5774585008621216,
  "final_episode_return_end_mean": -27.25409698486328,
  "final_funding_alpha_eff": 7.465823728125542e-07,
  "final_funding_g": 0.09565386921167374,
  "final_funding_g_raw": 0.09565386921167374,
  "final_update_counter": 3.0,
  "final_vartd_VarTD": 0.18970689177513123,
  "mechanism": "hardzero_plus_depr",
  "mechanism_tag": "hardzero_plus_depr__c0p58__z1p10__lam0p010__nu0p50__psi1p00",
  "runtime_sec": 24.26696178794373,
  "seed": 30,
  "z_cut": 1.1
}