{
  "I_R_full": 1.6120804436373106,
  "alpha": 1.0,
  "borrow_interest": 0.0,
  "borrow_limit": 0.0,
  "c_upd": 0.9,
  "condition": "enabled_full__support__t1m__a1p00__c0p90",
  "eval_CSR_post": 0.0,
  "eval_CSR_pre": 0.009999999776482582,
  "eval_dbar_post_mean": 0.4881397485733032,
  "eval_dbar_pre_mean": 0.49621111154556274,
  "eval_done_count": 100.0,
  "eval_done_per_env_max": 4.0,
  "eval_done_per_env_min": 4.0,
  "eval_episodes_per_env": 4.0,
  "eval_len_end_mean": 26.0,
  "eval_max_tilde_post_mean": 0.6915991306304932,
  "eval_max_tilde_pre_mean": 0.702180027961731,
  "eval_occupied_post_mean": 0.29999998211860657,
  "eval_occupied_pre_mean": 0.3100000023841858,
  "eval_return_end_mean": -23.26350212097168,
  "eval_t_eval": 104.0,
  "family": "support",
  "final_energy": 0.18110448122024536,
  "final_executed_updates": 52.0,
  "final_vartd": 5.131302833557129,
  "learned_R_full_0p5": 1.0,
  "max_debt_level": 0.0,
  "mean_update_fraction": 0.1666666716337204,
  "metric_horizon": "full",
  "phase": "extension_full",
  "runtime_sec": 2.8365856209984486,
  "seed": 55,
  "support_mode": "frontload",
  "support_total": 0.6,
  "total_debt_charge": 0.0,
  "total_support_injected": 0.6000000238418579,
  "total_timesteps": 1000000,
  "train_final_return_end_mean": -23.633867263793945
}