{
  "alpha": 0.04,
  "c_upd": 0.54,
  "depr_lambda": 0.01,
  "depr_nu": 0.5,
  "depr_psi": 0.75,
  "eval_CSR_post": 0.0,
  "eval_dbar_post_mean": 0.5813608169555664,
  "eval_done_count": 100.0,
  "eval_episodes_per_env": 4.0,
  "eval_len_end_mean": 26.0,
  "eval_occupied_post_mean": 0.29999998211860657,
  "eval_return_end_mean": -24.74995994567871,
  "eval_t_eval": 104.0,
  "final_depr_F_post": 12.325186729431152,
  "final_energy_E_post": 0.42942142486572266,
  "final_episode_return_end_mean": -27.891468048095703,
  "final_funding_alpha_eff": 3.897146143572172e-06,
  "final_funding_g": 0.09444227069616318,
  "final_funding_g_raw": 0.09444227069616318,
  "final_update_counter": 2.0,
  "final_vartd_VarTD": 0.16522027552127838,
  "mechanism": "hardzero_plus_depr",
  "mechanism_tag": "hardzero_plus_depr__c0p54__z1p05__lam0p010__nu0p50__psi0p75",
  "runtime_sec": 10.908280103001744,
  "seed": 41,
  "z_cut": 1.05
}