{
  "alpha": 0.08,
  "c_upd": 0.56,
  "depr_lambda": 0.03,
  "depr_nu": 0.5,
  "depr_psi": 0.75,
  "eval_CSR_post": 0.0,
  "eval_dbar_post_mean": 0.619146466255188,
  "eval_done_count": 100.0,
  "eval_episodes_per_env": 4.0,
  "eval_len_end_mean": 26.0,
  "eval_occupied_post_mean": 0.22999998927116394,
  "eval_return_end_mean": -25.476215362548828,
  "eval_t_eval": 104.0,
  "final_depr_F_post": 37.15510940551758,
  "final_energy_E_post": 0.2884470820426941,
  "final_episode_return_end_mean": -28.04625129699707,
  "final_funding_alpha_eff": 6.466459583510248e-14,
  "final_funding_g": 0.09039051830768585,
  "final_funding_g_raw": 0.09039051830768585,
  "final_update_counter": 2.0,
  "final_vartd_VarTD": 0.12618550658226013,
  "mechanism": "hardzero_plus_depr",
  "mechanism_tag": "hardzero_plus_depr__c0p56__z1p10__lam0p030__nu0p50__psi0p75",
  "runtime_sec": 10.893506966065615,
  "seed": 31,
  "z_cut": 1.1
}