{
  "alpha": 0.064,
  "c_upd": 0.58,
  "depr_lambda": 0.0,
  "depr_nu": 0.5,
  "depr_psi": 0.0,
  "eval_CSR_post": 0.0,
  "eval_dbar_post_mean": 0.5054372549057007,
  "eval_done_count": 100.0,
  "eval_episodes_per_env": 4.0,
  "eval_len_end_mean": 26.0,
  "eval_occupied_post_mean": 0.3499999940395355,
  "eval_return_end_mean": -23.90262794494629,
  "eval_t_eval": 104.0,
  "final_depr_F_post": 0.0,
  "final_energy_E_post": 0.11400800198316574,
  "final_episode_return_end_mean": -23.503337860107422,
  "final_funding_alpha_eff": 0.06400000303983688,
  "final_funding_g": 0.17316247522830963,
  "final_funding_g_raw": 0.17316247522830963,
  "final_update_counter": 17.0,
  "final_vartd_VarTD": 0.40034615993499756,
  "mechanism": "hardzero_only",
  "mechanism_tag": "hardzero_only__c0p58__z1p00__lam0p000__nu0p50__psi0p00",
  "runtime_sec": 10.903063384001143,
  "seed": 33,
  "z_cut": 1.0
}