{
  "alpha": 1.0,
  "c_upd": 0.9,
  "condition": "enabled_full",
  "eval_CSR_post": 0.009999999776482582,
  "eval_CSR_pre": 0.009999999776482582,
  "eval_dbar_post_mean": 0.4438307285308838,
  "eval_dbar_pre_mean": 0.4421456754207611,
  "eval_done_count": 100.0,
  "eval_done_per_env_max": 4.0,
  "eval_done_per_env_min": 4.0,
  "eval_episodes_per_env": 4.0,
  "eval_len_end_mean": 26.0,
  "eval_max_tilde_post_mean": 0.6652270555496216,
  "eval_max_tilde_pre_mean": 0.6651230454444885,
  "eval_occupied_post_mean": 0.5600000023841858,
  "eval_occupied_pre_mean": 0.5299999713897705,
  "eval_return_end_mean": -22.185100555419922,
  "eval_t_eval": 104.0,
  "final_energy": 0.2361583709716797,
  "final_executed_updates": 48.0,
  "final_funding_g": 0.1857702136039734,
  "final_funding_z": 0.731023907661438,
  "final_vartd": 4.638206958770752,
  "horizon_label": "full",
  "mean_update_fraction": 0.1538461595773697,
  "runtime_sec": 2.610555499995826,
  "seed": 41,
  "train_final_CSR_train": 0.0,
  "train_final_dbar_end": 0.5360949039459229,
  "train_final_min_dists_end_mean": 1.6082847118377686,
  "train_final_occupied_end_mean": 0.30400002002716064,
  "train_final_return_end_mean": -23.10304832458496
}