{
  "alpha": 0.076,
  "c_upd": 0.58,
  "depr_lambda": 0.005,
  "depr_nu": 1.0,
  "depr_psi": 0.5,
  "eval_CSR_post": 0.009999999776482582,
  "eval_dbar_post_mean": 0.49300867319107056,
  "eval_done_count": 100.0,
  "eval_episodes_per_env": 4.0,
  "eval_len_end_mean": 26.0,
  "eval_occupied_post_mean": 0.41999998688697815,
  "eval_return_end_mean": -24.105966567993164,
  "eval_t_eval": 104.0,
  "final_depr_F_post": 0.029999997466802597,
  "final_energy_E_post": 0.0741705521941185,
  "final_episode_return_end_mean": -25.636371612548828,
  "final_funding_alpha_eff": 0.07505591213703156,
  "final_funding_g": 0.13691593706607819,
  "final_funding_g_raw": 0.13691593706607819,
  "final_update_counter": 13.0,
  "final_vartd_VarTD": 0.21951062977313995,
  "mechanism": "hardzero_plus_depr",
  "mechanism_tag": "hardzero_plus_depr__c0p58__z1p00__lam0p005__nu1p00__psi0p50",
  "runtime_sec": 9.481730116996914,
  "seed": 50,
  "z_cut": 1.0
}