{
  "alpha": 0.1,
  "c_upd": 0.6,
  "depr_lambda": 0.0,
  "depr_nu": 0.5,
  "depr_psi": 0.0,
  "eval_CSR_post": 0.0,
  "eval_dbar_post_mean": 0.4650314450263977,
  "eval_done_count": 100.0,
  "eval_episodes_per_env": 4.0,
  "eval_len_end_mean": 26.0,
  "eval_occupied_post_mean": 0.4399999976158142,
  "eval_return_end_mean": -22.75533676147461,
  "eval_t_eval": 104.0,
  "final_depr_F_post": 0.0,
  "final_energy_E_post": 0.44646957516670227,
  "final_episode_return_end_mean": -23.54572105407715,
  "final_funding_alpha_eff": 0.10000000149011612,
  "final_funding_g": 0.16912050545215607,
  "final_funding_g_raw": 0.16912050545215607,
  "final_update_counter": 29.0,
  "final_vartd_VarTD": 1.7231576442718506,
  "mechanism": "hardzero_only",
  "mechanism_tag": "hardzero_only__c0p60__z1p05__lam0p000__nu0p50__psi0p00",
  "runtime_sec": 9.934304159018211,
  "seed": 32,
  "z_cut": 1.05
}