{
  "alpha": 0.04,
  "c_upd": 0.56,
  "depr_lambda": 0.03,
  "depr_nu": 0.5,
  "depr_psi": 0.75,
  "eval_CSR_post": 0.0,
  "eval_dbar_post_mean": 0.7018070220947266,
  "eval_done_count": 100.0,
  "eval_episodes_per_env": 4.0,
  "eval_len_end_mean": 26.0,
  "eval_occupied_post_mean": 0.23999999463558197,
  "eval_return_end_mean": -25.006114959716797,
  "eval_t_eval": 104.0,
  "final_depr_F_post": 36.37514114379883,
  "final_energy_E_post": 0.07893196493387222,
  "final_episode_return_end_mean": -28.09764862060547,
  "final_funding_alpha_eff": 5.803479441804371e-14,
  "final_funding_g": 0.0897863432765007,
  "final_funding_g_raw": 0.0897863432765007,
  "final_update_counter": 2.0,
  "final_vartd_VarTD": 0.22163598239421844,
  "mechanism": "hardzero_plus_depr",
  "mechanism_tag": "hardzero_plus_depr__c0p56__z1p10__lam0p030__nu0p50__psi0p75",
  "runtime_sec": 10.75385732401628,
  "seed": 38,
  "z_cut": 1.1
}