{
  "alpha": 0.1,
  "c_upd": 0.54,
  "depr_lambda": 0.0,
  "depr_nu": 0.5,
  "depr_psi": 0.0,
  "eval_CSR_post": 0.019999999552965164,
  "eval_dbar_post_mean": 0.5041119456291199,
  "eval_done_count": 100.0,
  "eval_episodes_per_env": 4.0,
  "eval_len_end_mean": 26.0,
  "eval_occupied_post_mean": 0.3999999761581421,
  "eval_return_end_mean": -24.205509185791016,
  "eval_t_eval": 104.0,
  "final_depr_F_post": 0.0,
  "final_energy_E_post": 0.42960992455482483,
  "final_episode_return_end_mean": -25.298551559448242,
  "final_funding_alpha_eff": 0.10000000149011612,
  "final_funding_g": 0.14106380939483643,
  "final_funding_g_raw": 0.14106380939483643,
  "final_update_counter": 21.0,
  "final_vartd_VarTD": 0.7450172305107117,
  "mechanism": "hardzero_only",
  "mechanism_tag": "hardzero_only__c0p54__z1p00__lam0p000__nu0p50__psi0p00",
  "runtime_sec": 9.708845585002564,
  "seed": 36,
  "z_cut": 1.0
}