{
  "alpha": 0.088,
  "c_upd": 0.58,
  "depr_lambda": 0.005,
  "depr_nu": 1.0,
  "depr_psi": 0.5,
  "eval_CSR_post": 0.0,
  "eval_dbar_post_mean": 0.48978596925735474,
  "eval_done_count": 100.0,
  "eval_episodes_per_env": 4.0,
  "eval_len_end_mean": 26.0,
  "eval_occupied_post_mean": 0.5299999713897705,
  "eval_return_end_mean": -22.835372924804688,
  "eval_t_eval": 104.0,
  "final_depr_F_post": 0.18999995291233063,
  "final_energy_E_post": 0.49883589148521423,
  "final_episode_return_end_mean": -24.867263793945312,
  "final_funding_alpha_eff": 0.0802251324057579,
  "final_funding_g": 0.13805191218852997,
  "final_funding_g_raw": 0.13805191218852997,
  "final_update_counter": 21.0,
  "final_vartd_VarTD": 0.6681417226791382,
  "mechanism": "hardzero_plus_depr",
  "mechanism_tag": "hardzero_plus_depr__c0p58__z1p00__lam0p005__nu1p00__psi0p50",
  "runtime_sec": 9.504347814945504,
  "seed": 58,
  "z_cut": 1.0
}