{
  "alpha": 0.03,
  "c_upd": 0.6,
  "depr_lambda": 0.01,
  "depr_nu": 0.5,
  "depr_psi": 0.75,
  "eval_CSR_post": 0.0,
  "eval_dbar_post_mean": 0.6428830027580261,
  "eval_done_count": 100.0,
  "eval_episodes_per_env": 4.0,
  "eval_len_end_mean": 26.0,
  "eval_occupied_post_mean": 0.25999999046325684,
  "eval_return_end_mean": -24.9454288482666,
  "eval_t_eval": 104.0,
  "final_depr_F_post": 11.375164985656738,
  "final_energy_E_post": 0.12990126013755798,
  "final_episode_return_end_mean": -26.71845054626465,
  "final_funding_alpha_eff": 5.96005293118651e-06,
  "final_funding_g": 0.09513761848211288,
  "final_funding_g_raw": 0.09513761848211288,
  "final_update_counter": 2.0,
  "final_vartd_VarTD": 0.14668622612953186,
  "mechanism": "hardzero_plus_depr",
  "mechanism_tag": "hardzero_plus_depr__c0p60__z1p05__lam0p010__nu0p50__psi0p75",
  "runtime_sec": 10.67485370801296,
  "seed": 39,
  "z_cut": 1.05
}