{
  "alpha": 0.03,
  "c_upd": 0.5,
  "depr_lambda": 0.0,
  "depr_nu": 0.5,
  "depr_psi": 0.0,
  "eval_CSR_post": 0.009999999776482582,
  "eval_dbar_post_mean": 0.47261863946914673,
  "eval_done_count": 100.0,
  "eval_episodes_per_env": 4.0,
  "eval_len_end_mean": 26.0,
  "eval_occupied_post_mean": 0.47999998927116394,
  "eval_return_end_mean": -22.929880142211914,
  "eval_t_eval": 104.0,
  "final_depr_F_post": 0.0,
  "final_energy_E_post": 0.2133508324623108,
  "final_episode_return_end_mean": -25.664308547973633,
  "final_funding_alpha_eff": 0.029999999329447746,
  "final_funding_g": 0.13317731022834778,
  "final_funding_g_raw": 0.13317731022834778,
  "final_update_counter": 10.0,
  "final_vartd_VarTD": 0.19022324681282043,
  "mechanism": "hardzero_only",
  "mechanism_tag": "hardzero_only__c0p50__z1p10__lam0p000__nu0p50__psi0p00",
  "runtime_sec": 19.89187536400277,
  "seed": 30,
  "z_cut": 1.1
}