{
  "alpha": 0.06,
  "c_upd": 0.6,
  "depr_lambda": 0.01,
  "depr_nu": 0.5,
  "depr_psi": 0.75,
  "eval_CSR_post": 0.0,
  "eval_dbar_post_mean": 0.49771493673324585,
  "eval_done_count": 100.0,
  "eval_episodes_per_env": 4.0,
  "eval_len_end_mean": 26.0,
  "eval_occupied_post_mean": 0.4899999797344208,
  "eval_return_end_mean": -24.263622283935547,
  "eval_t_eval": 104.0,
  "final_depr_F_post": 12.18518352508545,
  "final_energy_E_post": 0.5946568846702576,
  "final_episode_return_end_mean": -26.177255630493164,
  "final_funding_alpha_eff": 6.492918600997655e-06,
  "final_funding_g": 0.10113894939422607,
  "final_funding_g_raw": 0.10113894939422607,
  "final_update_counter": 2.0,
  "final_vartd_VarTD": 0.130727156996727,
  "mechanism": "hardzero_plus_depr",
  "mechanism_tag": "hardzero_plus_depr__c0p60__z1p05__lam0p010__nu0p50__psi0p75",
  "runtime_sec": 10.901538807025645,
  "seed": 32,
  "z_cut": 1.05
}