{
  "alpha": 0.1,
  "c_upd": 0.52,
  "depr_lambda": 0.0,
  "depr_nu": 0.5,
  "depr_psi": 0.0,
  "eval_CSR_post": 0.0,
  "eval_dbar_post_mean": 0.5054026246070862,
  "eval_done_count": 100.0,
  "eval_episodes_per_env": 4.0,
  "eval_len_end_mean": 26.0,
  "eval_occupied_post_mean": 0.32999998331069946,
  "eval_return_end_mean": -23.39143943786621,
  "eval_t_eval": 104.0,
  "final_depr_F_post": 0.0,
  "final_energy_E_post": 0.21108223497867584,
  "final_episode_return_end_mean": -24.762968063354492,
  "final_funding_alpha_eff": 0.10000000149011612,
  "final_funding_g": 0.1532614678144455,
  "final_funding_g_raw": 0.1532614678144455,
  "final_update_counter": 28.0,
  "final_vartd_VarTD": 1.6805514097213745,
  "mechanism": "hardzero_only",
  "mechanism_tag": "hardzero_only__c0p52__z1p00__lam0p000__nu0p50__psi0p00",
  "runtime_sec": 9.865326605009614,
  "seed": 40,
  "z_cut": 1.0
}