{
  "I_R_short": 0.5238997743529828,
  "alpha": 0.0,
  "borrow_interest": 0.02,
  "borrow_limit": 0.6,
  "c_upd": 0.6,
  "condition": "rescue_short_anchor__borrow__t400k__a0p00__c0p60",
  "eval_CSR_post": 0.009999999776482582,
  "eval_CSR_pre": 0.0,
  "eval_dbar_post_mean": 0.6166456341743469,
  "eval_dbar_pre_mean": 0.6178869009017944,
  "eval_done_count": 100.0,
  "eval_done_per_env_max": 4.0,
  "eval_done_per_env_min": 4.0,
  "eval_episodes_per_env": 4.0,
  "eval_len_end_mean": 26.0,
  "eval_max_tilde_post_mean": 0.8704136610031128,
  "eval_max_tilde_pre_mean": 0.8704322576522827,
  "eval_occupied_post_mean": 0.20999999344348907,
  "eval_occupied_pre_mean": 0.17999999225139618,
  "eval_return_end_mean": -24.668081283569336,
  "eval_t_eval": 104.0,
  "family": "borrow",
  "final_energy": -0.6000000238418579,
  "final_executed_updates": 2.0,
  "final_vartd": 0.16680003702640533,
  "learned_R_short_0p5": 1.0,
  "max_debt_level": 0.6000000238418579,
  "mean_update_fraction": 0.01600000075995922,
  "metric_horizon": "short",
  "phase": "rescue_short",
  "runtime_sec": 1.1858316870002454,
  "seed": 36,
  "support_mode": "none",
  "support_total": 0.0,
  "total_debt_charge": 1.2102328538894653,
  "total_support_injected": 0.0,
  "total_timesteps": 400000,
  "train_final_return_end_mean": -27.395063400268555
}