{
  "alpha": 0.04,
  "c_upd": 0.6,
  "depr_lambda": 0.0,
  "depr_nu": 0.5,
  "depr_psi": 0.0,
  "eval_CSR_post": 0.0,
  "eval_dbar_post_mean": 0.5387728214263916,
  "eval_done_count": 100.0,
  "eval_episodes_per_env": 4.0,
  "eval_len_end_mean": 26.0,
  "eval_occupied_post_mean": 0.38999998569488525,
  "eval_return_end_mean": -23.28413200378418,
  "eval_t_eval": 104.0,
  "final_depr_F_post": 0.0,
  "final_energy_E_post": 0.1582406610250473,
  "final_episode_return_end_mean": -25.83730697631836,
  "final_funding_alpha_eff": 0.03999999910593033,
  "final_funding_g": 0.10679218173027039,
  "final_funding_g_raw": 0.10679218173027039,
  "final_update_counter": 10.0,
  "final_vartd_VarTD": 0.1658581644296646,
  "mechanism": "hardzero_only",
  "mechanism_tag": "hardzero_only__c0p60__z1p10__lam0p000__nu0p50__psi0p00",
  "runtime_sec": 9.905542739026714,
  "seed": 39,
  "z_cut": 1.1
}