{
  "alpha": 0.05,
  "c_upd": 0.54,
  "depr_lambda": 0.0,
  "depr_nu": 0.5,
  "depr_psi": 0.0,
  "eval_CSR_post": 0.0,
  "eval_dbar_post_mean": 0.5505271553993225,
  "eval_done_count": 100.0,
  "eval_episodes_per_env": 4.0,
  "eval_len_end_mean": 26.0,
  "eval_occupied_post_mean": 0.3100000023841858,
  "eval_return_end_mean": -23.878602981567383,
  "eval_t_eval": 104.0,
  "final_depr_F_post": 0.0,
  "final_energy_E_post": 0.09083344042301178,
  "final_episode_return_end_mean": -26.243419647216797,
  "final_funding_alpha_eff": 0.05000000074505806,
  "final_funding_g": 0.11998912692070007,
  "final_funding_g_raw": 0.11998912692070007,
  "final_update_counter": 14.0,
  "final_vartd_VarTD": 0.1974429041147232,
  "mechanism": "hardzero_only",
  "mechanism_tag": "hardzero_only__c0p54__z1p10__lam0p000__nu0p50__psi0p00",
  "runtime_sec": 9.7706302239676,
  "seed": 31,
  "z_cut": 1.1
}