{
  "alpha": 0.12,
  "c_upd": 0.56,
  "depr_lambda": 0.02,
  "depr_nu": 0.5,
  "depr_psi": 0.75,
  "eval_CSR_post": 0.0,
  "eval_dbar_post_mean": 0.49876731634140015,
  "eval_done_count": 100.0,
  "eval_episodes_per_env": 4.0,
  "eval_len_end_mean": 26.0,
  "eval_occupied_post_mean": 0.4099999964237213,
  "eval_return_end_mean": -23.566186904907227,
  "eval_t_eval": 104.0,
  "final_depr_F_post": 23.895355224609375,
  "final_energy_E_post": 0.42519769072532654,
  "final_episode_return_end_mean": -26.912282943725586,
  "final_funding_alpha_eff": 2.006687482847269e-09,
  "final_funding_g": 0.10939803719520569,
  "final_funding_g_raw": 0.10939803719520569,
  "final_update_counter": 3.0,
  "final_vartd_VarTD": 0.13516050577163696,
  "mechanism": "hardzero_plus_depr",
  "mechanism_tag": "hardzero_plus_depr__c0p56__z1p10__lam0p020__nu0p50__psi0p75",
  "runtime_sec": 10.825579623109661,
  "seed": 35,
  "z_cut": 1.1
}