{
  "alpha": 0.05,
  "c_upd": 0.52,
  "depr_lambda": 0.01,
  "depr_nu": 0.5,
  "depr_psi": 1.25,
  "eval_CSR_post": 0.0,
  "eval_dbar_post_mean": 1.1067183017730713,
  "eval_done_count": 100.0,
  "eval_episodes_per_env": 4.0,
  "eval_len_end_mean": 26.0,
  "eval_occupied_post_mean": 0.11999999731779099,
  "eval_return_end_mean": -31.81902503967285,
  "eval_t_eval": 104.0,
  "final_depr_F_post": 12.435189247131348,
  "final_energy_E_post": 0.35384559631347656,
  "final_episode_return_end_mean": -29.185882568359375,
  "final_funding_alpha_eff": 8.989409217008415e-09,
  "final_funding_g": 0.0,
  "final_funding_g_raw": 0.07180645316839218,
  "final_update_counter": 2.0,
  "final_vartd_VarTD": 0.17637701332569122,
  "mechanism": "hardzero_plus_depr",
  "mechanism_tag": "hardzero_plus_depr__c0p52__z1p10__lam0p010__nu0p50__psi1p25",
  "runtime_sec": 10.718347639020067,
  "seed": 36,
  "z_cut": 1.1
}