{
  "alpha": 0.031,
  "c_upd": 0.58,
  "depr_lambda": 0.005,
  "depr_nu": 1.0,
  "depr_psi": 0.5,
  "eval_CSR_post": 0.0,
  "eval_dbar_post_mean": 1.044795036315918,
  "eval_done_count": 100.0,
  "eval_episodes_per_env": 4.0,
  "eval_len_end_mean": 26.0,
  "eval_occupied_post_mean": 0.14999999105930328,
  "eval_return_end_mean": -31.453136444091797,
  "eval_t_eval": 104.0,
  "final_depr_F_post": 6.245095252990723,
  "final_energy_E_post": 0.5765134692192078,
  "final_episode_return_end_mean": -27.31416893005371,
  "final_funding_alpha_eff": 0.0013688071630895138,
  "final_funding_g": 0.0,
  "final_funding_g_raw": 0.0915798544883728,
  "final_update_counter": 1.0,
  "final_vartd_VarTD": 0.181336909532547,
  "mechanism": "hardzero_plus_depr",
  "mechanism_tag": "hardzero_plus_depr__c0p58__z1p00__lam0p005__nu1p00__psi0p50",
  "runtime_sec": 9.465218057972379,
  "seed": 48,
  "z_cut": 1.0
}