{
  "alpha": 0.04,
  "c_upd": 0.52,
  "depr_lambda": 0.03,
  "depr_nu": 0.5,
  "depr_psi": 0.75,
  "eval_CSR_post": 0.0,
  "eval_dbar_post_mean": 0.5873185992240906,
  "eval_done_count": 100.0,
  "eval_episodes_per_env": 4.0,
  "eval_len_end_mean": 26.0,
  "eval_occupied_post_mean": 0.35999998450279236,
  "eval_return_end_mean": -24.132022857666016,
  "eval_t_eval": 104.0,
  "final_depr_F_post": 37.27510452270508,
  "final_energy_E_post": 0.16292573511600494,
  "final_episode_return_end_mean": -27.13646697998047,
  "final_funding_alpha_eff": 2.954960495044068e-14,
  "final_funding_g": 0.107252337038517,
  "final_funding_g_raw": 0.107252337038517,
  "final_update_counter": 2.0,
  "final_vartd_VarTD": 0.14218230545520782,
  "mechanism": "hardzero_plus_depr",
  "mechanism_tag": "hardzero_plus_depr__c0p52__z1p10__lam0p030__nu0p50__psi0p75",
  "runtime_sec": 10.630688361998182,
  "seed": 35,
  "z_cut": 1.1
}