{
  "alpha": 0.05,
  "c_upd": 0.56,
  "depr_lambda": 0.03,
  "depr_nu": 0.5,
  "depr_psi": 1.0,
  "eval_CSR_post": 0.0,
  "eval_dbar_post_mean": 0.5294458270072937,
  "eval_done_count": 100.0,
  "eval_episodes_per_env": 4.0,
  "eval_len_end_mean": 26.0,
  "eval_occupied_post_mean": 0.3799999952316284,
  "eval_return_end_mean": -23.26738166809082,
  "eval_t_eval": 104.0,
  "final_depr_F_post": 36.73512649536133,
  "final_energy_E_post": 0.08484473079442978,
  "final_episode_return_end_mean": -26.704551696777344,
  "final_funding_alpha_eff": 5.729748995027733e-18,
  "final_funding_g": 0.10803772509098053,
  "final_funding_g_raw": 0.10803772509098053,
  "final_update_counter": 2.0,
  "final_vartd_VarTD": 0.11675270646810532,
  "mechanism": "hardzero_plus_depr",
  "mechanism_tag": "hardzero_plus_depr__c0p56__z1p10__lam0p030__nu0p50__psi1p00",
  "runtime_sec": 10.76936176000163,
  "seed": 33,
  "z_cut": 1.1
}