{
  "alpha": 0.076,
  "c_upd": 0.58,
  "depr_lambda": 0.005,
  "depr_nu": 1.0,
  "depr_psi": 0.5,
  "eval_CSR_post": 0.0,
  "eval_dbar_post_mean": 0.5142065286636353,
  "eval_done_count": 100.0,
  "eval_episodes_per_env": 4.0,
  "eval_len_end_mean": 26.0,
  "eval_occupied_post_mean": 0.38999998569488525,
  "eval_return_end_mean": -24.231714248657227,
  "eval_t_eval": 104.0,
  "final_depr_F_post": 0.31499984860420227,
  "final_energy_E_post": 0.5508581399917603,
  "final_episode_return_end_mean": -26.584585189819336,
  "final_funding_alpha_eff": 0.06508755683898926,
  "final_funding_g": 0.11340978741645813,
  "final_funding_g_raw": 0.11340978741645813,
  "final_update_counter": 8.0,
  "final_vartd_VarTD": 0.10861817002296448,
  "mechanism": "hardzero_plus_depr",
  "mechanism_tag": "hardzero_plus_depr__c0p58__z1p00__lam0p005__nu1p00__psi0p50",
  "runtime_sec": 9.4631523930002,
  "seed": 31,
  "z_cut": 1.0
}