{
  "alpha": 0.06,
  "c_upd": 0.52,
  "depr_lambda": 0.03,
  "depr_nu": 0.5,
  "depr_psi": 0.75,
  "eval_CSR_post": 0.0,
  "eval_dbar_post_mean": 0.5942915081977844,
  "eval_done_count": 100.0,
  "eval_episodes_per_env": 4.0,
  "eval_len_end_mean": 26.0,
  "eval_occupied_post_mean": 0.29999998211860657,
  "eval_return_end_mean": -24.23040771484375,
  "eval_t_eval": 104.0,
  "final_depr_F_post": 36.85512161254883,
  "final_energy_E_post": 0.04624935984611511,
  "final_episode_return_end_mean": -26.732789993286133,
  "final_funding_alpha_eff": 6.073514900641758e-14,
  "final_funding_g": 0.0,
  "final_funding_g_raw": 0.09434143453836441,
  "final_update_counter": 2.0,
  "final_vartd_VarTD": 0.1445976197719574,
  "mechanism": "hardzero_plus_depr",
  "mechanism_tag": "hardzero_plus_depr__c0p52__z1p00__lam0p030__nu0p50__psi0p75",
  "runtime_sec": 10.574132884037681,
  "seed": 39,
  "z_cut": 1.0
}