{
  "alpha": 0.08,
  "c_upd": 0.56,
  "depr_lambda": 0.0,
  "depr_nu": 0.5,
  "depr_psi": 0.0,
  "eval_CSR_post": 0.019999999552965164,
  "eval_dbar_post_mean": 0.4631693363189697,
  "eval_done_count": 100.0,
  "eval_episodes_per_env": 4.0,
  "eval_len_end_mean": 26.0,
  "eval_occupied_post_mean": 0.5099999904632568,
  "eval_return_end_mean": -23.431522369384766,
  "eval_t_eval": 104.0,
  "final_depr_F_post": 0.0,
  "final_energy_E_post": 0.4956361651420593,
  "final_episode_return_end_mean": -23.30499267578125,
  "final_funding_alpha_eff": 0.07999999821186066,
  "final_funding_g": 0.16825802624225616,
  "final_funding_g_raw": 0.16825802624225616,
  "final_update_counter": 25.0,
  "final_vartd_VarTD": 1.2175860404968262,
  "mechanism": "hardzero_only",
  "mechanism_tag": "hardzero_only__c0p56__z1p05__lam0p000__nu0p50__psi0p00",
  "runtime_sec": 9.812022846017499,
  "seed": 32,
  "z_cut": 1.05
}