{
  "alpha": 0.088,
  "c_upd": 0.58,
  "depr_lambda": 0.005,
  "depr_nu": 1.0,
  "depr_psi": 0.5,
  "eval_CSR_post": 0.0,
  "eval_dbar_post_mean": 0.4823622703552246,
  "eval_done_count": 100.0,
  "eval_episodes_per_env": 4.0,
  "eval_len_end_mean": 26.0,
  "eval_occupied_post_mean": 0.3199999928474426,
  "eval_return_end_mean": -23.546695709228516,
  "eval_t_eval": 104.0,
  "final_depr_F_post": 0.014999999664723873,
  "final_energy_E_post": 0.05355034023523331,
  "final_episode_return_end_mean": -25.42441177368164,
  "final_funding_alpha_eff": 0.08756110072135925,
  "final_funding_g": 0.1458461433649063,
  "final_funding_g_raw": 0.1458461433649063,
  "final_update_counter": 15.0,
  "final_vartd_VarTD": 0.29322102665901184,
  "mechanism": "hardzero_plus_depr",
  "mechanism_tag": "hardzero_plus_depr__c0p58__z1p00__lam0p005__nu1p00__psi0p50",
  "runtime_sec": 9.492390539031476,
  "seed": 50,
  "z_cut": 1.0
}