{
  "alpha": 0.08,
  "c_upd": 0.56,
  "depr_lambda": 0.01,
  "depr_nu": 0.5,
  "depr_psi": 0.75,
  "eval_CSR_post": 0.0,
  "eval_dbar_post_mean": 0.6829293966293335,
  "eval_done_count": 100.0,
  "eval_episodes_per_env": 4.0,
  "eval_len_end_mean": 26.0,
  "eval_occupied_post_mean": 0.2199999988079071,
  "eval_return_end_mean": -26.043182373046875,
  "eval_t_eval": 104.0,
  "final_depr_F_post": 11.490167617797852,
  "final_energy_E_post": 0.14726987481117249,
  "final_episode_return_end_mean": -28.00462532043457,
  "final_funding_alpha_eff": 1.4580081369786058e-05,
  "final_funding_g": 0.0,
  "final_funding_g_raw": 0.09117963910102844,
  "final_update_counter": 2.0,
  "final_vartd_VarTD": 0.12313700467348099,
  "mechanism": "hardzero_plus_depr",
  "mechanism_tag": "hardzero_plus_depr__c0p56__z1p00__lam0p010__nu0p50__psi0p75",
  "runtime_sec": 9.886151910002809,
  "seed": 31,
  "z_cut": 1.0
}