{
  "alpha": 0.12,
  "c_upd": 0.52,
  "depr_lambda": 0.02,
  "depr_nu": 0.5,
  "depr_psi": 1.0,
  "eval_CSR_post": 0.0,
  "eval_dbar_post_mean": 0.5304794311523438,
  "eval_done_count": 100.0,
  "eval_episodes_per_env": 4.0,
  "eval_len_end_mean": 26.0,
  "eval_occupied_post_mean": 0.3100000023841858,
  "eval_return_end_mean": -24.524194717407227,
  "eval_t_eval": 104.0,
  "final_depr_F_post": 23.470346450805664,
  "final_energy_E_post": 0.15805774927139282,
  "final_episode_return_end_mean": -26.02614402770996,
  "final_funding_alpha_eff": 7.849199588905176e-12,
  "final_funding_g": 0.10222489386796951,
  "final_funding_g_raw": 0.10222489386796951,
  "final_update_counter": 3.0,
  "final_vartd_VarTD": 0.12221652269363403,
  "mechanism": "hardzero_plus_depr",
  "mechanism_tag": "hardzero_plus_depr__c0p52__z1p05__lam0p020__nu0p50__psi1p00",
  "runtime_sec": 10.834122953005135,
  "seed": 34,
  "z_cut": 1.05
}