{
  "alpha": 0.12,
  "c_upd": 0.6,
  "depr_lambda": 0.03,
  "depr_nu": 0.5,
  "depr_psi": 1.0,
  "eval_CSR_post": 0.0,
  "eval_dbar_post_mean": 0.5771037340164185,
  "eval_done_count": 100.0,
  "eval_episodes_per_env": 4.0,
  "eval_len_end_mean": 26.0,
  "eval_occupied_post_mean": 0.29999998211860657,
  "eval_return_end_mean": -22.680633544921875,
  "eval_t_eval": 104.0,
  "final_depr_F_post": 35.355186462402344,
  "final_energy_E_post": 0.03921784833073616,
  "final_episode_return_end_mean": -27.954267501831055,
  "final_funding_alpha_eff": 5.465716665813563e-17,
  "final_funding_g": 0.09039510786533356,
  "final_funding_g_raw": 0.09039510786533356,
  "final_update_counter": 2.0,
  "final_vartd_VarTD": 0.21952073276042938,
  "mechanism": "hardzero_plus_depr",
  "mechanism_tag": "hardzero_plus_depr__c0p60__z1p05__lam0p030__nu0p50__psi1p00",
  "runtime_sec": 10.932935029035434,
  "seed": 38,
  "z_cut": 1.05
}