{
  "alpha": 0.01,
  "c_upd": 0.52,
  "depr_lambda": 0.01,
  "depr_nu": 0.5,
  "depr_psi": 1.0,
  "eval_CSR_post": 0.0,
  "eval_dbar_post_mean": 0.6588512659072876,
  "eval_done_count": 100.0,
  "eval_episodes_per_env": 4.0,
  "eval_len_end_mean": 26.0,
  "eval_occupied_post_mean": 0.25,
  "eval_return_end_mean": -24.930526733398438,
  "eval_t_eval": 104.0,
  "final_depr_F_post": 12.18518352508545,
  "final_energy_E_post": 0.0704360231757164,
  "final_episode_return_end_mean": -28.1669921875,
  "final_funding_alpha_eff": 5.156856985877312e-08,
  "final_funding_g": 0.08623496443033218,
  "final_funding_g_raw": 0.08623496443033218,
  "final_update_counter": 2.0,
  "final_vartd_VarTD": 0.1845996379852295,
  "mechanism": "hardzero_plus_depr",
  "mechanism_tag": "hardzero_plus_depr__c0p52__z1p10__lam0p010__nu0p50__psi1p00",
  "runtime_sec": 10.588565109006595,
  "seed": 40,
  "z_cut": 1.1
}