{
  "alpha": 0.12,
  "c_upd": 0.52,
  "depr_lambda": 0.01,
  "depr_nu": 0.5,
  "depr_psi": 1.25,
  "eval_CSR_post": 0.0,
  "eval_dbar_post_mean": 0.5598780512809753,
  "eval_done_count": 100.0,
  "eval_episodes_per_env": 4.0,
  "eval_len_end_mean": 26.0,
  "eval_occupied_post_mean": 0.3199999928474426,
  "eval_return_end_mean": -24.139442443847656,
  "eval_t_eval": 104.0,
  "final_depr_F_post": 11.102659225463867,
  "final_energy_E_post": 0.31617292761802673,
  "final_episode_return_end_mean": -26.1878662109375,
  "final_funding_alpha_eff": 1.1411178491016472e-07,
  "final_funding_g": 0.11873804032802582,
  "final_funding_g_raw": 0.11873804032802582,
  "final_update_counter": 4.0,
  "final_vartd_VarTD": 0.11312880367040634,
  "mechanism": "hardzero_plus_depr",
  "mechanism_tag": "hardzero_plus_depr__c0p52__z1p05__lam0p010__nu0p50__psi1p25",
  "runtime_sec": 10.820259301981423,
  "seed": 33,
  "z_cut": 1.05
}