{
  "alpha": 0.05,
  "c_upd": 0.5,
  "depr_lambda": 0.0,
  "depr_nu": 0.5,
  "depr_psi": 0.0,
  "eval_CSR_post": 0.0,
  "eval_dbar_post_mean": 0.5017057657241821,
  "eval_done_count": 100.0,
  "eval_episodes_per_env": 4.0,
  "eval_len_end_mean": 26.0,
  "eval_occupied_post_mean": 0.4099999964237213,
  "eval_return_end_mean": -24.411544799804688,
  "eval_t_eval": 104.0,
  "final_depr_F_post": 0.0,
  "final_energy_E_post": 0.1493365466594696,
  "final_episode_return_end_mean": -25.36765480041504,
  "final_funding_alpha_eff": 0.05000000074505806,
  "final_funding_g": 0.138697549700737,
  "final_funding_g_raw": 0.138697549700737,
  "final_update_counter": 13.0,
  "final_vartd_VarTD": 0.20468668639659882,
  "mechanism": "hardzero_only",
  "mechanism_tag": "hardzero_only__c0p50__z1p00__lam0p000__nu0p50__psi0p00",
  "runtime_sec": 9.896227080986137,
  "seed": 40,
  "z_cut": 1.0
}