{
  "alpha": 0.05,
  "c_upd": 0.58,
  "depr_lambda": 0.02,
  "depr_nu": 0.5,
  "depr_psi": 1.25,
  "eval_CSR_post": 0.0,
  "eval_dbar_post_mean": 0.5112389326095581,
  "eval_done_count": 100.0,
  "eval_episodes_per_env": 4.0,
  "eval_len_end_mean": 26.0,
  "eval_occupied_post_mean": 0.38999998569488525,
  "eval_return_end_mean": -22.935197830200195,
  "eval_t_eval": 104.0,
  "final_depr_F_post": 24.22036361694336,
  "final_energy_E_post": 0.08149982988834381,
  "final_episode_return_end_mean": -26.775758743286133,
  "final_funding_alpha_eff": 3.6422086389085485e-15,
  "final_funding_g": 0.10871443897485733,
  "final_funding_g_raw": 0.10871443897485733,
  "final_update_counter": 2.0,
  "final_vartd_VarTD": 0.11906855553388596,
  "mechanism": "hardzero_plus_depr",
  "mechanism_tag": "hardzero_plus_depr__c0p58__z1p10__lam0p020__nu0p50__psi1p25",
  "runtime_sec": 10.674056236050092,
  "seed": 33,
  "z_cut": 1.1
}