{
  "alpha": 0.12,
  "c_upd": 0.5,
  "depr_lambda": 0.03,
  "depr_nu": 0.5,
  "depr_psi": 0.75,
  "eval_CSR_post": 0.009999999776482582,
  "eval_dbar_post_mean": 0.5272270441055298,
  "eval_done_count": 100.0,
  "eval_episodes_per_env": 4.0,
  "eval_len_end_mean": 26.0,
  "eval_occupied_post_mean": 0.3700000047683716,
  "eval_return_end_mean": -23.137592315673828,
  "eval_t_eval": 104.0,
  "final_depr_F_post": 35.02519989013672,
  "final_energy_E_post": 0.09089113771915436,
  "final_episode_return_end_mean": -27.135398864746094,
  "final_funding_alpha_eff": 4.791970856579675e-13,
  "final_funding_g": 0.10736864805221558,
  "final_funding_g_raw": 0.10736864805221558,
  "final_update_counter": 3.0,
  "final_vartd_VarTD": 0.1389472484588623,
  "mechanism": "hardzero_plus_depr",
  "mechanism_tag": "hardzero_plus_depr__c0p50__z1p05__lam0p030__nu0p50__psi0p75",
  "runtime_sec": 10.6960030469927,
  "seed": 35,
  "z_cut": 1.05
}