{
  "alpha": 0.1,
  "c_upd": 0.5,
  "depr_lambda": 0.01,
  "depr_nu": 0.5,
  "depr_psi": 0.75,
  "eval_CSR_post": 0.009999999776482582,
  "eval_dbar_post_mean": 0.5024145245552063,
  "eval_done_count": 100.0,
  "eval_episodes_per_env": 4.0,
  "eval_len_end_mean": 26.0,
  "eval_occupied_post_mean": 0.4399999976158142,
  "eval_return_end_mean": -23.46157455444336,
  "eval_t_eval": 104.0,
  "final_depr_F_post": 11.575169563293457,
  "final_energy_E_post": 0.49794429540634155,
  "final_episode_return_end_mean": -25.90835952758789,
  "final_funding_alpha_eff": 1.7099491742555983e-05,
  "final_funding_g": 0.10696638375520706,
  "final_funding_g_raw": 0.10696638375520706,
  "final_update_counter": 3.0,
  "final_vartd_VarTD": 0.12533734738826752,
  "mechanism": "hardzero_plus_depr",
  "mechanism_tag": "hardzero_plus_depr__c0p50__z1p00__lam0p010__nu0p50__psi0p75",
  "runtime_sec": 10.001667184988037,
  "seed": 32,
  "z_cut": 1.0
}