{
  "alpha": 0.1,
  "c_upd": 0.56,
  "depr_lambda": 0.01,
  "depr_nu": 0.5,
  "depr_psi": 1.0,
  "eval_CSR_post": 0.009999999776482582,
  "eval_dbar_post_mean": 0.5529259443283081,
  "eval_done_count": 100.0,
  "eval_episodes_per_env": 4.0,
  "eval_len_end_mean": 26.0,
  "eval_occupied_post_mean": 0.28999999165534973,
  "eval_return_end_mean": -24.69005012512207,
  "eval_t_eval": 104.0,
  "final_depr_F_post": 10.698899269104004,
  "final_energy_E_post": 0.31968504190444946,
  "final_episode_return_end_mean": -26.620080947875977,
  "final_funding_alpha_eff": 2.2796602934249677e-06,
  "final_funding_g": 0.10396122932434082,
  "final_funding_g_raw": 0.10396122932434082,
  "final_update_counter": 4.0,
  "final_vartd_VarTD": 0.18551842868328094,
  "mechanism": "hardzero_plus_depr",
  "mechanism_tag": "hardzero_plus_depr__c0p56__z1p10__lam0p010__nu0p50__psi1p00",
  "runtime_sec": 10.853930682991631,
  "seed": 37,
  "z_cut": 1.1
}