{
  "alpha": 0.1,
  "c_upd": 0.58,
  "depr_lambda": 0.02,
  "depr_nu": 0.5,
  "depr_psi": 1.0,
  "eval_CSR_post": 0.0,
  "eval_dbar_post_mean": 0.8034056425094604,
  "eval_done_count": 100.0,
  "eval_episodes_per_env": 4.0,
  "eval_len_end_mean": 26.0,
  "eval_occupied_post_mean": 0.14000000059604645,
  "eval_return_end_mean": -27.75741195678711,
  "eval_t_eval": 104.0,
  "final_depr_F_post": 24.750375747680664,
  "final_energy_E_post": 0.3631817400455475,
  "final_episode_return_end_mean": -29.17463493347168,
  "final_funding_alpha_eff": 1.8185886824229058e-12,
  "final_funding_g": 0.0,
  "final_funding_g_raw": 0.07193716615438461,
  "final_update_counter": 2.0,
  "final_vartd_VarTD": 0.178872749209404,
  "mechanism": "hardzero_plus_depr",
  "mechanism_tag": "hardzero_plus_depr__c0p58__z1p10__lam0p020__nu0p50__psi1p00",
  "runtime_sec": 10.597887206939049,
  "seed": 36,
  "z_cut": 1.1
}