{
  "alpha": 0.04,
  "c_upd": 0.52,
  "depr_lambda": 0.01,
  "depr_nu": 0.5,
  "depr_psi": 1.25,
  "eval_CSR_post": 0.0,
  "eval_dbar_post_mean": 0.4888015687465668,
  "eval_done_count": 100.0,
  "eval_episodes_per_env": 4.0,
  "eval_len_end_mean": 26.0,
  "eval_occupied_post_mean": 0.5099999904632568,
  "eval_return_end_mean": -23.32289695739746,
  "eval_t_eval": 104.0,
  "final_depr_F_post": 12.100181579589844,
  "final_energy_E_post": 0.10620769113302231,
  "final_episode_return_end_mean": -26.236957550048828,
  "final_funding_alpha_eff": 1.0931667127067612e-08,
  "final_funding_g": 0.0,
  "final_funding_g_raw": 0.0978274866938591,
  "final_update_counter": 2.0,
  "final_vartd_VarTD": 0.13100877404212952,
  "mechanism": "hardzero_plus_depr",
  "mechanism_tag": "hardzero_plus_depr__c0p52__z1p00__lam0p010__nu0p50__psi1p25",
  "runtime_sec": 10.7811875170446,
  "seed": 32,
  "z_cut": 1.0
}