{
  "alpha": 0.036,
  "c_upd": 0.58,
  "depr_lambda": 0.0,
  "depr_nu": 0.5,
  "depr_psi": 0.0,
  "eval_CSR_post": 0.0,
  "eval_dbar_post_mean": 0.49442026019096375,
  "eval_done_count": 100.0,
  "eval_episodes_per_env": 4.0,
  "eval_len_end_mean": 26.0,
  "eval_occupied_post_mean": 0.47999998927116394,
  "eval_return_end_mean": -22.96489715576172,
  "eval_t_eval": 104.0,
  "final_depr_F_post": 0.0,
  "final_energy_E_post": 0.21620339155197144,
  "final_episode_return_end_mean": -26.88485336303711,
  "final_funding_alpha_eff": 0.035999998450279236,
  "final_funding_g": 0.0,
  "final_funding_g_raw": 0.08936932682991028,
  "final_update_counter": 5.0,
  "final_vartd_VarTD": 0.1537628024816513,
  "mechanism": "hardzero_only",
  "mechanism_tag": "hardzero_only__c0p58__z1p00__lam0p000__nu0p50__psi0p00",
  "runtime_sec": 10.864104658947326,
  "seed": 49,
  "z_cut": 1.0
}