{
  "alpha": 0.04,
  "c_upd": 0.56,
  "depr_lambda": 0.01,
  "depr_nu": 0.5,
  "depr_psi": 1.0,
  "eval_CSR_post": 0.0,
  "eval_dbar_post_mean": 0.6290428638458252,
  "eval_done_count": 100.0,
  "eval_episodes_per_env": 4.0,
  "eval_len_end_mean": 26.0,
  "eval_occupied_post_mean": 0.25999999046325684,
  "eval_return_end_mean": -25.617441177368164,
  "eval_t_eval": 104.0,
  "final_depr_F_post": 12.275185585021973,
  "final_energy_E_post": 0.3237358629703522,
  "final_episode_return_end_mean": -27.987606048583984,
  "final_funding_alpha_eff": 1.8852011862691143e-07,
  "final_funding_g": 0.09220832586288452,
  "final_funding_g_raw": 0.09220832586288452,
  "final_update_counter": 2.0,
  "final_vartd_VarTD": 0.16211387515068054,
  "mechanism": "hardzero_plus_depr",
  "mechanism_tag": "hardzero_plus_depr__c0p56__z1p10__lam0p010__nu0p50__psi1p00",
  "runtime_sec": 10.773451124085113,
  "seed": 41,
  "z_cut": 1.1
}