{
  "alpha": 0.1,
  "c_upd": 0.6,
  "depr_lambda": 0.0,
  "depr_nu": 0.5,
  "depr_psi": 0.0,
  "eval_CSR_post": 0.0,
  "eval_dbar_post_mean": 0.46637606620788574,
  "eval_done_count": 100.0,
  "eval_episodes_per_env": 4.0,
  "eval_len_end_mean": 26.0,
  "eval_occupied_post_mean": 0.5,
  "eval_return_end_mean": -24.199764251708984,
  "eval_t_eval": 104.0,
  "final_depr_F_post": 0.0,
  "final_energy_E_post": 0.46238499879837036,
  "final_episode_return_end_mean": -24.319032669067383,
  "final_funding_alpha_eff": 0.10000000149011612,
  "final_funding_g": 0.16281363368034363,
  "final_funding_g_raw": 0.16281363368034363,
  "final_update_counter": 27.0,
  "final_vartd_VarTD": 1.513005018234253,
  "mechanism": "hardzero_only",
  "mechanism_tag": "hardzero_only__c0p60__z1p00__lam0p000__nu0p50__psi0p00",
  "runtime_sec": 11.506696394993924,
  "seed": 37,
  "z_cut": 1.0
}