{
  "alpha": 0.08,
  "c_upd": 0.58,
  "depr_lambda": 0.0,
  "depr_nu": 0.5,
  "depr_psi": 0.0,
  "eval_CSR_post": 0.019999999552965164,
  "eval_dbar_post_mean": 0.5392642617225647,
  "eval_done_count": 100.0,
  "eval_episodes_per_env": 4.0,
  "eval_len_end_mean": 26.0,
  "eval_occupied_post_mean": 0.3499999940395355,
  "eval_return_end_mean": -24.222476959228516,
  "eval_t_eval": 104.0,
  "final_depr_F_post": 0.0,
  "final_energy_E_post": 0.4301671087741852,
  "final_episode_return_end_mean": -26.328575134277344,
  "final_funding_alpha_eff": 0.07999999821186066,
  "final_funding_g": 0.12904857099056244,
  "final_funding_g_raw": 0.12904857099056244,
  "final_update_counter": 13.0,
  "final_vartd_VarTD": 0.236643984913826,
  "mechanism": "hardzero_only",
  "mechanism_tag": "hardzero_only__c0p58__z1p00__lam0p000__nu0p50__psi0p00",
  "runtime_sec": 9.754997215000913,
  "seed": 36,
  "z_cut": 1.0
}