{
  "alpha": 0.1,
  "c_upd": 0.58,
  "depr_lambda": 0.02,
  "depr_nu": 0.5,
  "depr_psi": 1.25,
  "eval_CSR_post": 0.0,
  "eval_dbar_post_mean": 0.7133909463882446,
  "eval_done_count": 100.0,
  "eval_episodes_per_env": 4.0,
  "eval_len_end_mean": 26.0,
  "eval_occupied_post_mean": 0.17999999225139618,
  "eval_return_end_mean": -26.810697555541992,
  "eval_t_eval": 104.0,
  "final_depr_F_post": 24.7603759765625,
  "final_energy_E_post": 0.3130546808242798,
  "final_episode_return_end_mean": -26.909263610839844,
  "final_funding_alpha_eff": 3.7088536147149905e-15,
  "final_funding_g": 0.0976625606417656,
  "final_funding_g_raw": 0.0976625606417656,
  "final_update_counter": 2.0,
  "final_vartd_VarTD": 0.19817733764648438,
  "mechanism": "hardzero_plus_depr",
  "mechanism_tag": "hardzero_plus_depr__c0p58__z1p10__lam0p020__nu0p50__psi1p25",
  "runtime_sec": 10.737567682983354,
  "seed": 37,
  "z_cut": 1.1
}