{
  "alpha": 0.12,
  "c_upd": 0.6,
  "depr_lambda": 0.02,
  "depr_nu": 0.5,
  "depr_psi": 1.0,
  "eval_CSR_post": 0.0,
  "eval_dbar_post_mean": 0.5546735525131226,
  "eval_done_count": 100.0,
  "eval_episodes_per_env": 4.0,
  "eval_len_end_mean": 26.0,
  "eval_occupied_post_mean": 0.4099999964237213,
  "eval_return_end_mean": -24.843290328979492,
  "eval_t_eval": 104.0,
  "final_depr_F_post": 24.680374145507812,
  "final_energy_E_post": 0.45785439014434814,
  "final_episode_return_end_mean": -26.828218460083008,
  "final_funding_alpha_eff": 2.3405452923008774e-12,
  "final_funding_g": 0.09858711808919907,
  "final_funding_g_raw": 0.09858711808919907,
  "final_update_counter": 2.0,
  "final_vartd_VarTD": 0.1944318413734436,
  "mechanism": "hardzero_plus_depr",
  "mechanism_tag": "hardzero_plus_depr__c0p60__z1p05__lam0p020__nu0p50__psi1p00",
  "runtime_sec": 10.742821642023046,
  "seed": 37,
  "z_cut": 1.05
}