{
  "alpha": 0.12,
  "c_upd": 0.6,
  "depr_lambda": 0.01,
  "depr_nu": 0.5,
  "depr_psi": 0.75,
  "eval_CSR_post": 0.0,
  "eval_dbar_post_mean": 0.48656684160232544,
  "eval_done_count": 100.0,
  "eval_episodes_per_env": 4.0,
  "eval_len_end_mean": 26.0,
  "eval_occupied_post_mean": 0.47999998927116394,
  "eval_return_end_mean": -23.588714599609375,
  "eval_t_eval": 104.0,
  "final_depr_F_post": 6.3786444664001465,
  "final_energy_E_post": 0.5007518529891968,
  "final_episode_return_end_mean": -26.108118057250977,
  "final_funding_alpha_eff": 0.0010110693983733654,
  "final_funding_g": 0.12370236217975616,
  "final_funding_g_raw": 0.12370236217975616,
  "final_update_counter": 8.0,
  "final_vartd_VarTD": 0.13681481778621674,
  "mechanism": "hardzero_plus_depr",
  "mechanism_tag": "hardzero_plus_depr__c0p60__z1p10__lam0p010__nu0p50__psi0p75",
  "runtime_sec": 10.691759480978362,
  "seed": 35,
  "z_cut": 1.1
}