{
  "I_R_full": 2.0079826955314894,
  "alpha": 1.0,
  "borrow_interest": 0.02,
  "borrow_limit": 0.6,
  "c_upd": 0.9,
  "condition": "enabled_full__borrow__t1m__a1p00__c0p90",
  "eval_CSR_post": 0.019999999552965164,
  "eval_CSR_pre": 0.019999999552965164,
  "eval_dbar_post_mean": 0.4869025945663452,
  "eval_dbar_pre_mean": 0.48803120851516724,
  "eval_done_count": 100.0,
  "eval_done_per_env_max": 4.0,
  "eval_done_per_env_min": 4.0,
  "eval_episodes_per_env": 4.0,
  "eval_len_end_mean": 26.0,
  "eval_max_tilde_post_mean": 0.6934489011764526,
  "eval_max_tilde_pre_mean": 0.6970638632774353,
  "eval_occupied_post_mean": 0.3999999761581421,
  "eval_occupied_pre_mean": 0.4399999976158142,
  "eval_return_end_mean": -22.28287124633789,
  "eval_t_eval": 104.0,
  "family": "borrow",
  "final_energy": 0.12864114344120026,
  "final_executed_updates": 53.0,
  "final_vartd": 5.2961297035217285,
  "learned_R_full_0p5": 1.0,
  "max_debt_level": 0.4637811779975891,
  "mean_update_fraction": 0.16987179219722748,
  "metric_horizon": "full",
  "phase": "extension_full",
  "runtime_sec": 2.8017653200004133,
  "seed": 55,
  "support_mode": "none",
  "support_total": 0.0,
  "total_debt_charge": 0.7134556770324707,
  "total_support_injected": 0.0,
  "total_timesteps": 1000000,
  "train_final_return_end_mean": -22.6246337890625
}