{
  "alpha": 0.037,
  "c_upd": 0.58,
  "depr_lambda": 0.0,
  "depr_nu": 0.5,
  "depr_psi": 0.0,
  "eval_CSR_post": 0.0,
  "eval_dbar_post_mean": 0.5307813882827759,
  "eval_done_count": 100.0,
  "eval_episodes_per_env": 4.0,
  "eval_len_end_mean": 26.0,
  "eval_occupied_post_mean": 0.23999999463558197,
  "eval_return_end_mean": -23.21286964416504,
  "eval_t_eval": 104.0,
  "final_depr_F_post": 0.0,
  "final_energy_E_post": 0.21584656834602356,
  "final_episode_return_end_mean": -28.91180419921875,
  "final_funding_alpha_eff": 0.03700000047683716,
  "final_funding_g": 0.0,
  "final_funding_g_raw": 0.07840310037136078,
  "final_update_counter": 3.0,
  "final_vartd_VarTD": 0.18104618787765503,
  "mechanism": "hardzero_only",
  "mechanism_tag": "hardzero_only__c0p58__z1p00__lam0p000__nu0p50__psi0p00",
  "runtime_sec": 10.838982204906642,
  "seed": 36,
  "z_cut": 1.0
}