{
  "alpha": 0.03,
  "c_upd": 0.56,
  "depr_lambda": 0.02,
  "depr_nu": 0.5,
  "depr_psi": 1.0,
  "eval_CSR_post": 0.0,
  "eval_dbar_post_mean": 0.6594848036766052,
  "eval_done_count": 100.0,
  "eval_episodes_per_env": 4.0,
  "eval_len_end_mean": 26.0,
  "eval_occupied_post_mean": 0.20999999344348907,
  "eval_return_end_mean": -25.528573989868164,
  "eval_t_eval": 104.0,
  "final_depr_F_post": 23.940357208251953,
  "final_energy_E_post": 0.05454570800065994,
  "final_episode_return_end_mean": -26.402908325195312,
  "final_funding_alpha_eff": 1.2264286808338909e-12,
  "final_funding_g": 0.09524574130773544,
  "final_funding_g_raw": 0.09524574130773544,
  "final_update_counter": 2.0,
  "final_vartd_VarTD": 0.12469304352998734,
  "mechanism": "hardzero_plus_depr",
  "mechanism_tag": "hardzero_plus_depr__c0p56__z1p10__lam0p020__nu0p50__psi1p00",
  "runtime_sec": 10.733507268014364,
  "seed": 34,
  "z_cut": 1.1
}