{
  "alpha": 0.08,
  "c_upd": 0.6,
  "depr_lambda": 0.03,
  "depr_nu": 0.5,
  "depr_psi": 1.0,
  "eval_CSR_post": 0.0,
  "eval_dbar_post_mean": 0.706702709197998,
  "eval_done_count": 100.0,
  "eval_episodes_per_env": 4.0,
  "eval_len_end_mean": 26.0,
  "eval_occupied_post_mean": 0.1899999976158142,
  "eval_return_end_mean": -25.197885513305664,
  "eval_t_eval": 104.0,
  "final_depr_F_post": 36.570133209228516,
  "final_energy_E_post": 0.10680897533893585,
  "final_episode_return_end_mean": -29.159631729125977,
  "final_funding_alpha_eff": 1.081212824469799e-17,
  "final_funding_g": 0.0,
  "final_funding_g_raw": 0.07251957803964615,
  "final_update_counter": 2.0,
  "final_vartd_VarTD": 0.17833754420280457,
  "mechanism": "hardzero_plus_depr",
  "mechanism_tag": "hardzero_plus_depr__c0p60__z1p10__lam0p030__nu0p50__psi1p00",
  "runtime_sec": 10.822498979978263,
  "seed": 36,
  "z_cut": 1.1
}