{
  "alpha": 0.058,
  "c_upd": 0.58,
  "depr_lambda": 0.005,
  "depr_nu": 1.0,
  "depr_psi": 0.5,
  "eval_CSR_post": 0.0,
  "eval_dbar_post_mean": 0.510656476020813,
  "eval_done_count": 100.0,
  "eval_episodes_per_env": 4.0,
  "eval_len_end_mean": 26.0,
  "eval_occupied_post_mean": 0.3199999928474426,
  "eval_return_end_mean": -24.664039611816406,
  "eval_t_eval": 104.0,
  "final_depr_F_post": 0.1849999576807022,
  "final_energy_E_post": 0.25741276144981384,
  "final_episode_return_end_mean": -26.58711814880371,
  "final_funding_alpha_eff": 0.05300801247358322,
  "final_funding_g": 0.11820805817842484,
  "final_funding_g_raw": 0.11820805817842484,
  "final_update_counter": 8.0,
  "final_vartd_VarTD": 0.15776169300079346,
  "mechanism": "hardzero_plus_depr",
  "mechanism_tag": "hardzero_plus_depr__c0p58__z1p00__lam0p005__nu1p00__psi0p50",
  "runtime_sec": 9.482525998027995,
  "seed": 51,
  "z_cut": 1.0
}