{
  "alpha": 0.08,
  "c_upd": 0.54,
  "depr_lambda": 0.01,
  "depr_nu": 0.5,
  "depr_psi": 1.25,
  "eval_CSR_post": 0.0,
  "eval_dbar_post_mean": 0.5960937142372131,
  "eval_done_count": 100.0,
  "eval_episodes_per_env": 4.0,
  "eval_len_end_mean": 26.0,
  "eval_occupied_post_mean": 0.2800000011920929,
  "eval_return_end_mean": -24.85965347290039,
  "eval_t_eval": 104.0,
  "final_depr_F_post": 10.400142669677734,
  "final_energy_E_post": 0.047648634761571884,
  "final_episode_return_end_mean": -27.393840789794922,
  "final_funding_alpha_eff": 1.8306818105884304e-07,
  "final_funding_g": 0.10333361476659775,
  "final_funding_g_raw": 0.10333361476659775,
  "final_update_counter": 3.0,
  "final_vartd_VarTD": 0.13815464079380035,
  "mechanism": "hardzero_plus_depr",
  "mechanism_tag": "hardzero_plus_depr__c0p54__z1p05__lam0p010__nu0p50__psi1p25",
  "runtime_sec": 10.837852765980642,
  "seed": 35,
  "z_cut": 1.05
}