{
  "alpha": 0.034,
  "c_upd": 0.58,
  "depr_lambda": 0.005,
  "depr_nu": 1.0,
  "depr_psi": 0.5,
  "eval_CSR_post": 0.0,
  "eval_dbar_post_mean": 0.624212384223938,
  "eval_done_count": 100.0,
  "eval_episodes_per_env": 4.0,
  "eval_len_end_mean": 26.0,
  "eval_occupied_post_mean": 0.1899999976158142,
  "eval_return_end_mean": -24.47673797607422,
  "eval_t_eval": 104.0,
  "final_depr_F_post": 3.7650387287139893,
  "final_energy_E_post": 0.2944067716598511,
  "final_episode_return_end_mean": -26.51085090637207,
  "final_funding_alpha_eff": 0.005187963601201773,
  "final_funding_g": 0.0,
  "final_funding_g_raw": 0.09245029091835022,
  "final_update_counter": 2.0,
  "final_vartd_VarTD": 0.1214875802397728,
  "mechanism": "hardzero_plus_depr",
  "mechanism_tag": "hardzero_plus_depr__c0p58__z1p00__lam0p005__nu1p00__psi0p50",
  "runtime_sec": 9.457433812087402,
  "seed": 34,
  "z_cut": 1.0
}