{
  "alpha": 0.08,
  "c_upd": 0.58,
  "depr_lambda": 0.02,
  "depr_nu": 0.5,
  "depr_psi": 0.75,
  "eval_CSR_post": 0.0,
  "eval_dbar_post_mean": 0.5548053979873657,
  "eval_done_count": 100.0,
  "eval_episodes_per_env": 4.0,
  "eval_len_end_mean": 26.0,
  "eval_occupied_post_mean": 0.3799999952316284,
  "eval_return_end_mean": -24.75440216064453,
  "eval_t_eval": 104.0,
  "final_depr_F_post": 24.650373458862305,
  "final_energy_E_post": 0.36644500494003296,
  "final_episode_return_end_mean": -26.81907844543457,
  "final_funding_alpha_eff": 7.59387497328845e-10,
  "final_funding_g": 0.0968903973698616,
  "final_funding_g_raw": 0.0968903973698616,
  "final_update_counter": 2.0,
  "final_vartd_VarTD": 0.19761069118976593,
  "mechanism": "hardzero_plus_depr",
  "mechanism_tag": "hardzero_plus_depr__c0p58__z1p05__lam0p020__nu0p50__psi0p75",
  "runtime_sec": 10.710162540024612,
  "seed": 37,
  "z_cut": 1.05
}