{
  "alpha": 0.04,
  "c_upd": 0.56,
  "depr_lambda": 0.02,
  "depr_nu": 0.5,
  "depr_psi": 1.0,
  "eval_CSR_post": 0.0,
  "eval_dbar_post_mean": 0.569074809551239,
  "eval_done_count": 100.0,
  "eval_episodes_per_env": 4.0,
  "eval_len_end_mean": 26.0,
  "eval_occupied_post_mean": 0.4099999964237213,
  "eval_return_end_mean": -24.2629337310791,
  "eval_t_eval": 104.0,
  "final_depr_F_post": 24.49036979675293,
  "final_energy_E_post": 0.12223741412162781,
  "final_episode_return_end_mean": -27.042457580566406,
  "final_funding_alpha_eff": 9.434385781284527e-13,
  "final_funding_g": 0.09486892074346542,
  "final_funding_g_raw": 0.09486892074346542,
  "final_update_counter": 2.0,
  "final_vartd_VarTD": 0.19342470169067383,
  "mechanism": "hardzero_plus_depr",
  "mechanism_tag": "hardzero_plus_depr__c0p56__z1p10__lam0p020__nu0p50__psi1p00",
  "runtime_sec": 10.832517307018861,
  "seed": 37,
  "z_cut": 1.1
}