{
  "alpha": 0.03,
  "c_upd": 0.52,
  "depr_lambda": 0.02,
  "depr_nu": 0.5,
  "depr_psi": 0.75,
  "eval_CSR_post": 0.0,
  "eval_dbar_post_mean": 0.6341620683670044,
  "eval_done_count": 100.0,
  "eval_episodes_per_env": 4.0,
  "eval_len_end_mean": 26.0,
  "eval_occupied_post_mean": 0.22999998927116394,
  "eval_return_end_mean": -23.151081085205078,
  "eval_t_eval": 104.0,
  "final_depr_F_post": 24.59037208557129,
  "final_energy_E_post": 0.12081707268953323,
  "final_episode_return_end_mean": -28.048622131347656,
  "final_funding_alpha_eff": 2.9787827759975016e-10,
  "final_funding_g": 0.08948866277933121,
  "final_funding_g_raw": 0.08948866277933121,
  "final_update_counter": 2.0,
  "final_vartd_VarTD": 0.21240927278995514,
  "mechanism": "hardzero_plus_depr",
  "mechanism_tag": "hardzero_plus_depr__c0p52__z1p05__lam0p020__nu0p50__psi0p75",
  "runtime_sec": 10.827604295045603,
  "seed": 38,
  "z_cut": 1.05
}