{
  "alpha": 0.03,
  "c_upd": 0.54,
  "depr_lambda": 0.02,
  "depr_nu": 0.5,
  "depr_psi": 1.25,
  "eval_CSR_post": 0.0,
  "eval_dbar_post_mean": 0.5425539016723633,
  "eval_done_count": 100.0,
  "eval_episodes_per_env": 4.0,
  "eval_len_end_mean": 26.0,
  "eval_occupied_post_mean": 0.3100000023841858,
  "eval_return_end_mean": -21.762569427490234,
  "eval_t_eval": 104.0,
  "final_depr_F_post": 24.34036636352539,
  "final_energy_E_post": 0.05521059408783913,
  "final_episode_return_end_mean": -27.967750549316406,
  "final_funding_alpha_eff": 1.8809200921234785e-15,
  "final_funding_g": 0.0927555188536644,
  "final_funding_g_raw": 0.0927555188536644,
  "final_update_counter": 2.0,
  "final_vartd_VarTD": 0.21162903308868408,
  "mechanism": "hardzero_plus_depr",
  "mechanism_tag": "hardzero_plus_depr__c0p54__z1p10__lam0p020__nu0p50__psi1p25",
  "runtime_sec": 10.633973676012829,
  "seed": 38,
  "z_cut": 1.1
}