{
  "alpha": 0.03,
  "c_upd": 0.56,
  "depr_lambda": 0.03,
  "depr_nu": 0.5,
  "depr_psi": 1.25,
  "eval_CSR_post": 0.0,
  "eval_dbar_post_mean": 0.6845898628234863,
  "eval_done_count": 100.0,
  "eval_episodes_per_env": 4.0,
  "eval_len_end_mean": 26.0,
  "eval_occupied_post_mean": 0.1899999976158142,
  "eval_return_end_mean": -24.877288818359375,
  "eval_t_eval": 104.0,
  "final_depr_F_post": 37.470096588134766,
  "final_energy_E_post": 0.4432368576526642,
  "final_episode_return_end_mean": -28.268869400024414,
  "final_funding_alpha_eff": 1.4193412598677148e-22,
  "final_funding_g": 0.0,
  "final_funding_g_raw": 0.08699900656938553,
  "final_update_counter": 1.0,
  "final_vartd_VarTD": 0.22033630311489105,
  "mechanism": "hardzero_plus_depr",
  "mechanism_tag": "hardzero_plus_depr__c0p56__z1p00__lam0p030__nu0p50__psi1p25",
  "runtime_sec": 10.621364266960882,
  "seed": 38,
  "z_cut": 1.0
}