{
  "alpha": 0.06,
  "c_upd": 0.54,
  "depr_lambda": 0.01,
  "depr_nu": 0.5,
  "depr_psi": 0.75,
  "eval_CSR_post": 0.0,
  "eval_dbar_post_mean": 0.501954197883606,
  "eval_done_count": 100.0,
  "eval_episodes_per_env": 4.0,
  "eval_len_end_mean": 26.0,
  "eval_occupied_post_mean": 0.4399999976158142,
  "eval_return_end_mean": -23.34465217590332,
  "eval_t_eval": 104.0,
  "final_depr_F_post": 11.067657470703125,
  "final_energy_E_post": 0.29857876896858215,
  "final_episode_return_end_mean": -26.10294532775879,
  "final_funding_alpha_eff": 1.5012098629085813e-05,
  "final_funding_g": 0.1012355238199234,
  "final_funding_g_raw": 0.1012355238199234,
  "final_update_counter": 3.0,
  "final_vartd_VarTD": 0.13108721375465393,
  "mechanism": "hardzero_plus_depr",
  "mechanism_tag": "hardzero_plus_depr__c0p54__z1p05__lam0p010__nu0p50__psi0p75",
  "runtime_sec": 10.67117769405013,
  "seed": 32,
  "z_cut": 1.05
}