{
  "alpha": 0.01,
  "c_upd": 0.54,
  "depr_lambda": 0.0,
  "depr_nu": 0.5,
  "depr_psi": 0.0,
  "eval_CSR_post": 0.0,
  "eval_dbar_post_mean": 0.47674089670181274,
  "eval_done_count": 100.0,
  "eval_episodes_per_env": 4.0,
  "eval_len_end_mean": 26.0,
  "eval_occupied_post_mean": 0.429999977350235,
  "eval_return_end_mean": -21.883310317993164,
  "eval_t_eval": 104.0,
  "final_depr_F_post": 0.0,
  "final_energy_E_post": 0.3886927366256714,
  "final_episode_return_end_mean": -27.54650115966797,
  "final_funding_alpha_eff": 0.009999999776482582,
  "final_funding_g": 0.09664677828550339,
  "final_funding_g_raw": 0.09664677828550339,
  "final_update_counter": 3.0,
  "final_vartd_VarTD": 0.2073308825492859,
  "mechanism": "hardzero_only",
  "mechanism_tag": "hardzero_only__c0p54__z1p05__lam0p000__nu0p50__psi0p00",
  "runtime_sec": 9.753018953022547,
  "seed": 38,
  "z_cut": 1.05
}