{
  "alpha": 0.12,
  "c_upd": 0.56,
  "depr_lambda": 0.01,
  "depr_nu": 0.5,
  "depr_psi": 0.75,
  "eval_CSR_post": 0.019999999552965164,
  "eval_dbar_post_mean": 0.5262727737426758,
  "eval_done_count": 100.0,
  "eval_episodes_per_env": 4.0,
  "eval_len_end_mean": 26.0,
  "eval_occupied_post_mean": 0.35999998450279236,
  "eval_return_end_mean": -23.99596405029297,
  "eval_t_eval": 104.0,
  "final_depr_F_post": 5.868632793426514,
  "final_energy_E_post": 0.49580439925193787,
  "final_episode_return_end_mean": -26.021503448486328,
  "final_funding_alpha_eff": 0.001482185092754662,
  "final_funding_g": 0.11161278188228607,
  "final_funding_g_raw": 0.11161278188228607,
  "final_update_counter": 9.0,
  "final_vartd_VarTD": 0.18476466834545135,
  "mechanism": "hardzero_plus_depr",
  "mechanism_tag": "hardzero_plus_depr__c0p56__z1p10__lam0p010__nu0p50__psi0p75",
  "runtime_sec": 10.673116090940312,
  "seed": 37,
  "z_cut": 1.1
}