{
  "alpha": 0.064,
  "c_upd": 0.58,
  "depr_lambda": 0.005,
  "depr_nu": 1.0,
  "depr_psi": 0.5,
  "eval_CSR_post": 0.0,
  "eval_dbar_post_mean": 1.0555548667907715,
  "eval_done_count": 100.0,
  "eval_episodes_per_env": 4.0,
  "eval_len_end_mean": 26.0,
  "eval_occupied_post_mean": 0.07000000029802322,
  "eval_return_end_mean": -31.806198120117188,
  "eval_t_eval": 104.0,
  "final_depr_F_post": 0.8999993205070496,
  "final_energy_E_post": 0.13722190260887146,
  "final_episode_return_end_mean": -26.762226104736328,
  "final_funding_alpha_eff": 0.04091036692261696,
  "final_funding_g": 0.0,
  "final_funding_g_raw": 0.09943193942308426,
  "final_update_counter": 2.0,
  "final_vartd_VarTD": 0.15145592391490936,
  "mechanism": "hardzero_plus_depr",
  "mechanism_tag": "hardzero_plus_depr__c0p58__z1p00__lam0p005__nu1p00__psi0p50",
  "runtime_sec": 9.459225501981564,
  "seed": 60,
  "z_cut": 1.0
}