{
  "alpha": 0.12,
  "c_upd": 0.56,
  "depr_lambda": 0.01,
  "depr_nu": 0.5,
  "depr_psi": 0.75,
  "eval_CSR_post": 0.0,
  "eval_dbar_post_mean": 0.5338068008422852,
  "eval_done_count": 100.0,
  "eval_episodes_per_env": 4.0,
  "eval_len_end_mean": 26.0,
  "eval_occupied_post_mean": 0.3499999940395355,
  "eval_return_end_mean": -23.760650634765625,
  "eval_t_eval": 104.0,
  "final_depr_F_post": 5.428974151611328,
  "final_energy_E_post": 0.5320810675621033,
  "final_episode_return_end_mean": -24.832582473754883,
  "final_funding_alpha_eff": 0.0020611442159861326,
  "final_funding_g": 0.13182464241981506,
  "final_funding_g_raw": 0.13182464241981506,
  "final_update_counter": 9.0,
  "final_vartd_VarTD": 0.1412280797958374,
  "mechanism": "hardzero_plus_depr",
  "mechanism_tag": "hardzero_plus_depr__c0p56__z1p05__lam0p010__nu0p50__psi0p75",
  "runtime_sec": 10.953435711970087,
  "seed": 34,
  "z_cut": 1.05
}