{
  "alpha": 0.04,
  "c_upd": 0.56,
  "depr_lambda": 0.03,
  "depr_nu": 0.5,
  "depr_psi": 1.0,
  "eval_CSR_post": 0.0,
  "eval_dbar_post_mean": 0.7599696516990662,
  "eval_done_count": 100.0,
  "eval_episodes_per_env": 4.0,
  "eval_len_end_mean": 26.0,
  "eval_occupied_post_mean": 0.09999999403953552,
  "eval_return_end_mean": -26.286874771118164,
  "eval_t_eval": 104.0,
  "final_depr_F_post": 34.485225677490234,
  "final_energy_E_post": 0.006733299698680639,
  "final_episode_return_end_mean": -29.105724334716797,
  "final_funding_alpha_eff": 4.348555978129251e-17,
  "final_funding_g": 0.0,
  "final_funding_g_raw": 0.07420114427804947,
  "final_update_counter": 2.0,
  "final_vartd_VarTD": 0.17303717136383057,
  "mechanism": "hardzero_plus_depr",
  "mechanism_tag": "hardzero_plus_depr__c0p56__z1p10__lam0p030__nu0p50__psi1p00",
  "runtime_sec": 10.803449038998224,
  "seed": 36,
  "z_cut": 1.1
}