{
  "alpha": 0.1,
  "c_upd": 0.56,
  "depr_lambda": 0.01,
  "depr_nu": 0.5,
  "depr_psi": 1.25,
  "eval_CSR_post": 0.0,
  "eval_dbar_post_mean": 0.5276012420654297,
  "eval_done_count": 100.0,
  "eval_episodes_per_env": 4.0,
  "eval_len_end_mean": 26.0,
  "eval_occupied_post_mean": 0.429999977350235,
  "eval_return_end_mean": -23.307153701782227,
  "eval_t_eval": 104.0,
  "final_depr_F_post": 11.777673721313477,
  "final_energy_E_post": 0.3635880649089813,
  "final_episode_return_end_mean": -26.48392677307129,
  "final_funding_alpha_eff": 4.0898314068726904e-08,
  "final_funding_g": 0.09864700585603714,
  "final_funding_g_raw": 0.09864700585603714,
  "final_update_counter": 3.0,
  "final_vartd_VarTD": 0.14158056676387787,
  "mechanism": "hardzero_plus_depr",
  "mechanism_tag": "hardzero_plus_depr__c0p56__z1p10__lam0p010__nu0p50__psi1p25",
  "runtime_sec": 10.666694633080624,
  "seed": 39,
  "z_cut": 1.1
}