{
  "alpha": 0.1,
  "c_upd": 0.56,
  "depr_lambda": 0.01,
  "depr_nu": 0.5,
  "depr_psi": 1.25,
  "eval_CSR_post": 0.0,
  "eval_dbar_post_mean": 0.5800970196723938,
  "eval_done_count": 100.0,
  "eval_episodes_per_env": 4.0,
  "eval_len_end_mean": 26.0,
  "eval_occupied_post_mean": 0.3700000047683716,
  "eval_return_end_mean": -24.235578536987305,
  "eval_t_eval": 104.0,
  "final_depr_F_post": 11.032657623291016,
  "final_energy_E_post": 0.1373927891254425,
  "final_episode_return_end_mean": -26.37406349182129,
  "final_funding_alpha_eff": 1.0378885662021275e-07,
  "final_funding_g": 0.10101871192455292,
  "final_funding_g_raw": 0.10101871192455292,
  "final_update_counter": 3.0,
  "final_vartd_VarTD": 0.1383250653743744,
  "mechanism": "hardzero_plus_depr",
  "mechanism_tag": "hardzero_plus_depr__c0p56__z1p05__lam0p010__nu0p50__psi1p25",
  "runtime_sec": 10.645311465021223,
  "seed": 39,
  "z_cut": 1.05
}