{
  "alpha": 0.1,
  "c_upd": 0.52,
  "depr_lambda": 0.01,
  "depr_nu": 0.5,
  "depr_psi": 0.75,
  "eval_CSR_post": 0.009999999776482582,
  "eval_dbar_post_mean": 0.5031394362449646,
  "eval_done_count": 100.0,
  "eval_episodes_per_env": 4.0,
  "eval_len_end_mean": 26.0,
  "eval_occupied_post_mean": 0.3799999952316284,
  "eval_return_end_mean": -24.378734588623047,
  "eval_t_eval": 104.0,
  "final_depr_F_post": 6.882569313049316,
  "final_energy_E_post": 0.2661002576351166,
  "final_episode_return_end_mean": -26.881576538085938,
  "final_funding_alpha_eff": 0.0005773789598606527,
  "final_funding_g": 0.11289265751838684,
  "final_funding_g_raw": 0.11289265751838684,
  "final_update_counter": 7.0,
  "final_vartd_VarTD": 0.11161547899246216,
  "mechanism": "hardzero_plus_depr",
  "mechanism_tag": "hardzero_plus_depr__c0p52__z1p10__lam0p010__nu0p50__psi0p75",
  "runtime_sec": 10.702955675020348,
  "seed": 31,
  "z_cut": 1.1
}