{
  "alpha": 0.12,
  "c_upd": 0.58,
  "depr_lambda": 0.01,
  "depr_nu": 0.5,
  "depr_psi": 0.75,
  "eval_CSR_post": 0.0,
  "eval_dbar_post_mean": 0.5011518597602844,
  "eval_done_count": 100.0,
  "eval_episodes_per_env": 4.0,
  "eval_len_end_mean": 26.0,
  "eval_occupied_post_mean": 0.35999998450279236,
  "eval_return_end_mean": -23.970354080200195,
  "eval_t_eval": 104.0,
  "final_depr_F_post": 5.545583248138428,
  "final_energy_E_post": 0.3420183062553406,
  "final_episode_return_end_mean": -26.394500732421875,
  "final_funding_alpha_eff": 0.0018885410390794277,
  "final_funding_g": 0.11738617718219757,
  "final_funding_g_raw": 0.11738617718219757,
  "final_update_counter": 8.0,
  "final_vartd_VarTD": 0.14882104098796844,
  "mechanism": "hardzero_plus_depr",
  "mechanism_tag": "hardzero_plus_depr__c0p58__z1p05__lam0p010__nu0p50__psi0p75",
  "runtime_sec": 10.698198964993935,
  "seed": 40,
  "z_cut": 1.05
}