{
  "alpha": 0.12,
  "c_upd": 0.52,
  "depr_lambda": 0.01,
  "depr_nu": 0.5,
  "depr_psi": 1.0,
  "eval_CSR_post": 0.0,
  "eval_dbar_post_mean": 0.543714702129364,
  "eval_done_count": 100.0,
  "eval_episodes_per_env": 4.0,
  "eval_len_end_mean": 26.0,
  "eval_occupied_post_mean": 0.3400000035762787,
  "eval_return_end_mean": -24.41398811340332,
  "eval_t_eval": 104.0,
  "final_depr_F_post": 11.092658996582031,
  "final_energy_E_post": 0.47162553668022156,
  "final_episode_return_end_mean": -26.51077651977539,
  "final_funding_alpha_eff": 1.8452010408509523e-06,
  "final_funding_g": 0.099751777946949,
  "final_funding_g_raw": 0.099751777946949,
  "final_update_counter": 4.0,
  "final_vartd_VarTD": 0.1408301591873169,
  "mechanism": "hardzero_plus_depr",
  "mechanism_tag": "hardzero_plus_depr__c0p52__z1p05__lam0p010__nu0p50__psi1p00",
  "runtime_sec": 10.950364539050497,
  "seed": 39,
  "z_cut": 1.05
}