{
  "alpha": 0.252,
  "borrow_interest": 0.02,
  "borrow_limit": 0.6,
  "c_upd": 0.58,
  "depr_lambda": 0.0,
  "depr_nu": 0.5,
  "depr_psi": 0.0,
  "eval_CSR_post": 0.0,
  "eval_dbar_post_mean": 0.5081368088722229,
  "eval_done_count": 100.0,
  "eval_episodes_per_env": 4.0,
  "eval_len_end_mean": 26.0,
  "eval_occupied_post_mean": 0.29999998211860657,
  "eval_return_end_mean": -23.652301788330078,
  "eval_t_eval": 104.0,
  "family": "borrow",
  "final_depr_F_post": 0.0,
  "final_energy_E_post": -0.19564956426620483,
  "final_update_counter": 67.0,
  "final_vartd_VarTD": 5.836705684661865,
  "max_debt_level_post": 0.6000000238418579,
  "mean_update_fraction": 0.053599998354911804,
  "mechanism": "hardzero_only",
  "mechanism_tag": "hardzero_only__c0p58__z1p00__lam0p000__nu0p50__psi0p00",
  "runtime_sec": 10.681829876964912,
  "seed": 46,
  "support_mode": "none",
  "support_total": 0.0,
  "total_debt_charge": 7.421072006225586,
  "total_support_s": 0.0,
  "z_cut": 1.0
}