{
  "alpha": 0.04,
  "c_upd": 0.54,
  "depr_lambda": 0.01,
  "depr_nu": 0.5,
  "depr_psi": 1.0,
  "eval_CSR_post": 0.0,
  "eval_dbar_post_mean": 0.5704188346862793,
  "eval_done_count": 100.0,
  "eval_episodes_per_env": 4.0,
  "eval_len_end_mean": 26.0,
  "eval_occupied_post_mean": 0.32999998331069946,
  "eval_return_end_mean": -24.308719635009766,
  "eval_t_eval": 104.0,
  "final_depr_F_post": 12.365187644958496,
  "final_energy_E_post": 0.3527936041355133,
  "final_episode_return_end_mean": -27.942176818847656,
  "final_funding_alpha_eff": 1.7229403681540134e-07,
  "final_funding_g": 0.09315485507249832,
  "final_funding_g_raw": 0.09315485507249832,
  "final_update_counter": 2.0,
  "final_vartd_VarTD": 0.12180124968290329,
  "mechanism": "hardzero_plus_depr",
  "mechanism_tag": "hardzero_plus_depr__c0p54__z1p10__lam0p010__nu0p50__psi1p00",
  "runtime_sec": 10.851738021941856,
  "seed": 31,
  "z_cut": 1.1
}