{
  "alpha": 0.04,
  "c_upd": 0.6,
  "depr_lambda": 0.01,
  "depr_nu": 0.5,
  "depr_psi": 1.25,
  "eval_CSR_post": 0.0,
  "eval_dbar_post_mean": 0.698065459728241,
  "eval_done_count": 100.0,
  "eval_episodes_per_env": 4.0,
  "eval_len_end_mean": 26.0,
  "eval_occupied_post_mean": 0.26999998092651367,
  "eval_return_end_mean": -26.51727294921875,
  "eval_t_eval": 104.0,
  "final_depr_F_post": 12.020179748535156,
  "final_energy_E_post": 0.17570988833904266,
  "final_episode_return_end_mean": -27.70437240600586,
  "final_funding_alpha_eff": 1.2081388334195253e-08,
  "final_funding_g": 0.09667817503213882,
  "final_funding_g_raw": 0.09667817503213882,
  "final_update_counter": 2.0,
  "final_vartd_VarTD": 0.16427604854106903,
  "mechanism": "hardzero_plus_depr",
  "mechanism_tag": "hardzero_plus_depr__c0p60__z1p10__lam0p010__nu0p50__psi1p25",
  "runtime_sec": 10.644821173977107,
  "seed": 41,
  "z_cut": 1.1
}