{
  "alpha": 0.089,
  "c_upd": 0.58,
  "depr_lambda": 0.0,
  "depr_nu": 0.5,
  "depr_psi": 0.0,
  "eval_CSR_post": 0.0,
  "eval_dbar_post_mean": 0.5040792226791382,
  "eval_done_count": 100.0,
  "eval_episodes_per_env": 4.0,
  "eval_len_end_mean": 26.0,
  "eval_occupied_post_mean": 0.4099999964237213,
  "eval_return_end_mean": -23.02882194519043,
  "eval_t_eval": 104.0,
  "final_depr_F_post": 0.0,
  "final_energy_E_post": 0.28103792667388916,
  "final_episode_return_end_mean": -25.20965576171875,
  "final_funding_alpha_eff": 0.08900000154972076,
  "final_funding_g": 0.12451225519180298,
  "final_funding_g_raw": 0.12451225519180298,
  "final_update_counter": 20.0,
  "final_vartd_VarTD": 0.6319959163665771,
  "mechanism": "hardzero_only",
  "mechanism_tag": "hardzero_only__c0p58__z1p00__lam0p000__nu0p50__psi0p00",
  "runtime_sec": 9.499529820051976,
  "seed": 49,
  "z_cut": 1.0
}