{
  "alpha": 0.05,
  "c_upd": 0.54,
  "depr_lambda": 0.02,
  "depr_nu": 0.5,
  "depr_psi": 0.75,
  "eval_CSR_post": 0.0,
  "eval_dbar_post_mean": 0.619146466255188,
  "eval_done_count": 100.0,
  "eval_episodes_per_env": 4.0,
  "eval_len_end_mean": 26.0,
  "eval_occupied_post_mean": 0.22999998927116394,
  "eval_return_end_mean": -25.476215362548828,
  "eval_t_eval": 104.0,
  "final_depr_F_post": 24.770376205444336,
  "final_energy_E_post": 0.2854003310203552,
  "final_episode_return_end_mean": -28.04625129699707,
  "final_funding_alpha_eff": 4.3376657821170284e-10,
  "final_funding_g": 0.09039051830768585,
  "final_funding_g_raw": 0.09039051830768585,
  "final_update_counter": 2.0,
  "final_vartd_VarTD": 0.12618550658226013,
  "mechanism": "hardzero_plus_depr",
  "mechanism_tag": "hardzero_plus_depr__c0p54__z1p10__lam0p020__nu0p50__psi0p75",
  "runtime_sec": 10.846151885925792,
  "seed": 31,
  "z_cut": 1.1
}