{
  "alpha": 0.073,
  "c_upd": 0.58,
  "depr_lambda": 0.005,
  "depr_nu": 1.0,
  "depr_psi": 0.5,
  "eval_CSR_post": 0.009999999776482582,
  "eval_dbar_post_mean": 0.489094078540802,
  "eval_done_count": 100.0,
  "eval_episodes_per_env": 4.0,
  "eval_len_end_mean": 26.0,
  "eval_occupied_post_mean": 0.4599999785423279,
  "eval_return_end_mean": -23.707931518554688,
  "eval_t_eval": 104.0,
  "final_depr_F_post": 0.03999999538064003,
  "final_energy_E_post": 0.09465119987726212,
  "final_episode_return_end_mean": -25.000450134277344,
  "final_funding_alpha_eff": 0.07173360884189606,
  "final_funding_g": 0.1492396891117096,
  "final_funding_g_raw": 0.1492396891117096,
  "final_update_counter": 16.0,
  "final_vartd_VarTD": 0.3207748830318451,
  "mechanism": "hardzero_plus_depr",
  "mechanism_tag": "hardzero_plus_depr__c0p58__z1p00__lam0p005__nu1p00__psi0p50",
  "runtime_sec": 9.489977763965726,
  "seed": 50,
  "z_cut": 1.0
}