{
  "alpha": 0.12,
  "c_upd": 0.54,
  "depr_lambda": 0.0,
  "depr_nu": 0.5,
  "depr_psi": 0.0,
  "eval_CSR_post": 0.0,
  "eval_dbar_post_mean": 0.4747712314128876,
  "eval_done_count": 100.0,
  "eval_episodes_per_env": 4.0,
  "eval_len_end_mean": 26.0,
  "eval_occupied_post_mean": 0.4399999976158142,
  "eval_return_end_mean": -23.02608871459961,
  "eval_t_eval": 104.0,
  "final_depr_F_post": 0.0,
  "final_energy_E_post": 0.496026873588562,
  "final_episode_return_end_mean": -23.699787139892578,
  "final_funding_alpha_eff": 0.11999999731779099,
  "final_funding_g": 0.16317565739154816,
  "final_funding_g_raw": 0.16317565739154816,
  "final_update_counter": 42.0,
  "final_vartd_VarTD": 3.9253602027893066,
  "mechanism": "hardzero_only",
  "mechanism_tag": "hardzero_only__c0p54__z1p10__lam0p000__nu0p50__psi0p00",
  "runtime_sec": 9.746540437045041,
  "seed": 32,
  "z_cut": 1.1
}