{
  "alpha": 0.01,
  "c_upd": 0.6,
  "depr_lambda": 0.0,
  "depr_nu": 0.5,
  "depr_psi": 0.0,
  "eval_CSR_post": 0.009999999776482582,
  "eval_dbar_post_mean": 0.6035448312759399,
  "eval_done_count": 100.0,
  "eval_episodes_per_env": 4.0,
  "eval_len_end_mean": 26.0,
  "eval_occupied_post_mean": 0.32999998331069946,
  "eval_return_end_mean": -24.60249900817871,
  "eval_t_eval": 104.0,
  "final_depr_F_post": 0.0,
  "final_energy_E_post": 0.054555390030145645,
  "final_episode_return_end_mean": -28.886674880981445,
  "final_funding_alpha_eff": 0.009999999776482582,
  "final_funding_g": 0.0,
  "final_funding_g_raw": 0.07729744911193848,
  "final_update_counter": 3.0,
  "final_vartd_VarTD": 0.17957183718681335,
  "mechanism": "hardzero_only",
  "mechanism_tag": "hardzero_only__c0p60__z1p05__lam0p000__nu0p50__psi0p00",
  "runtime_sec": 9.917533464962617,
  "seed": 36,
  "z_cut": 1.05
}