{
  "alpha": 0.08,
  "c_upd": 0.52,
  "depr_lambda": 0.03,
  "depr_nu": 0.5,
  "depr_psi": 0.75,
  "eval_CSR_post": 0.0,
  "eval_dbar_post_mean": 0.5106616020202637,
  "eval_done_count": 100.0,
  "eval_episodes_per_env": 4.0,
  "eval_len_end_mean": 26.0,
  "eval_occupied_post_mean": 0.3999999761581421,
  "eval_return_end_mean": -23.883544921875,
  "eval_t_eval": 104.0,
  "final_depr_F_post": 36.73512649536133,
  "final_energy_E_post": 0.09835948050022125,
  "final_episode_return_end_mean": -26.198457717895508,
  "final_funding_alpha_eff": 8.860612439078042e-14,
  "final_funding_g": 0.0,
  "final_funding_g_raw": 0.0994788184762001,
  "final_update_counter": 2.0,
  "final_vartd_VarTD": 0.12796269357204437,
  "mechanism": "hardzero_plus_depr",
  "mechanism_tag": "hardzero_plus_depr__c0p52__z1p00__lam0p030__nu0p50__psi0p75",
  "runtime_sec": 10.501030248007737,
  "seed": 32,
  "z_cut": 1.0
}