{
  "alpha": 0.05,
  "c_upd": 0.5,
  "depr_lambda": 0.0,
  "depr_nu": 0.5,
  "depr_psi": 0.0,
  "eval_CSR_post": 0.009999999776482582,
  "eval_dbar_post_mean": 0.49218297004699707,
  "eval_done_count": 100.0,
  "eval_episodes_per_env": 4.0,
  "eval_len_end_mean": 26.0,
  "eval_occupied_post_mean": 0.38999998569488525,
  "eval_return_end_mean": -23.779804229736328,
  "eval_t_eval": 104.0,
  "final_depr_F_post": 0.0,
  "final_energy_E_post": 0.04225669428706169,
  "final_episode_return_end_mean": -25.361125946044922,
  "final_funding_alpha_eff": 0.05000000074505806,
  "final_funding_g": 0.1479802280664444,
  "final_funding_g_raw": 0.1479802280664444,
  "final_update_counter": 17.0,
  "final_vartd_VarTD": 0.43645548820495605,
  "mechanism": "hardzero_only",
  "mechanism_tag": "hardzero_only__c0p50__z1p10__lam0p000__nu0p50__psi0p00",
  "runtime_sec": 9.90057399997022,
  "seed": 41,
  "z_cut": 1.1
}