{
  "alpha": 0.05,
  "c_upd": 0.54,
  "depr_lambda": 0.01,
  "depr_nu": 0.5,
  "depr_psi": 1.0,
  "eval_CSR_post": 0.0,
  "eval_dbar_post_mean": 0.6044920682907104,
  "eval_done_count": 100.0,
  "eval_episodes_per_env": 4.0,
  "eval_len_end_mean": 26.0,
  "eval_occupied_post_mean": 0.2800000011920929,
  "eval_return_end_mean": -23.724306106567383,
  "eval_t_eval": 104.0,
  "final_depr_F_post": 12.390188217163086,
  "final_energy_E_post": 0.44862493872642517,
  "final_episode_return_end_mean": -27.471471786499023,
  "final_funding_alpha_eff": 2.1004998984608392e-07,
  "final_funding_g": 0.09051746875047684,
  "final_funding_g_raw": 0.09051746875047684,
  "final_update_counter": 2.0,
  "final_vartd_VarTD": 0.1910516917705536,
  "mechanism": "hardzero_plus_depr",
  "mechanism_tag": "hardzero_plus_depr__c0p54__z1p10__lam0p010__nu0p50__psi1p00",
  "runtime_sec": 23.878396670916118,
  "seed": 30,
  "z_cut": 1.1
}