{
  "alpha": 0.08,
  "c_upd": 0.54,
  "depr_lambda": 0.01,
  "depr_nu": 0.5,
  "depr_psi": 1.0,
  "eval_CSR_post": 0.0,
  "eval_dbar_post_mean": 0.4823182225227356,
  "eval_done_count": 100.0,
  "eval_episodes_per_env": 4.0,
  "eval_len_end_mean": 26.0,
  "eval_occupied_post_mean": 0.38999998569488525,
  "eval_return_end_mean": -21.76604652404785,
  "eval_t_eval": 104.0,
  "final_depr_F_post": 10.617647171020508,
  "final_energy_E_post": 0.13459019362926483,
  "final_episode_return_end_mean": -27.86712646484375,
  "final_funding_alpha_eff": 1.9780964066740125e-06,
  "final_funding_g": 0.0944865271449089,
  "final_funding_g_raw": 0.0944865271449089,
  "final_update_counter": 3.0,
  "final_vartd_VarTD": 0.20860767364501953,
  "mechanism": "hardzero_plus_depr",
  "mechanism_tag": "hardzero_plus_depr__c0p54__z1p05__lam0p010__nu0p50__psi1p00",
  "runtime_sec": 10.79462706798222,
  "seed": 38,
  "z_cut": 1.05
}