{
  "alpha": 0.02,
  "c_upd": 0.56,
  "depr_lambda": 0.01,
  "depr_nu": 0.5,
  "depr_psi": 0.75,
  "eval_CSR_post": 0.0,
  "eval_dbar_post_mean": 0.6730983257293701,
  "eval_done_count": 100.0,
  "eval_episodes_per_env": 4.0,
  "eval_len_end_mean": 26.0,
  "eval_occupied_post_mean": 0.1899999976158142,
  "eval_return_end_mean": -25.15092658996582,
  "eval_t_eval": 104.0,
  "final_depr_F_post": 11.66517162322998,
  "final_energy_E_post": 0.11879082024097443,
  "final_episode_return_end_mean": -26.70503044128418,
  "final_funding_alpha_eff": 3.196667194060865e-06,
  "final_funding_g": 0.09619909524917603,
  "final_funding_g_raw": 0.09619909524917603,
  "final_update_counter": 2.0,
  "final_vartd_VarTD": 0.1444603055715561,
  "mechanism": "hardzero_plus_depr",
  "mechanism_tag": "hardzero_plus_depr__c0p56__z1p05__lam0p010__nu0p50__psi0p75",
  "runtime_sec": 10.771548486023676,
  "seed": 39,
  "z_cut": 1.05
}