{
  "alpha": 0.12,
  "c_upd": 0.56,
  "depr_lambda": 0.01,
  "depr_nu": 0.5,
  "depr_psi": 1.0,
  "eval_CSR_post": 0.0,
  "eval_dbar_post_mean": 0.5238837003707886,
  "eval_done_count": 100.0,
  "eval_episodes_per_env": 4.0,
  "eval_len_end_mean": 26.0,
  "eval_occupied_post_mean": 0.38999998569488525,
  "eval_return_end_mean": -24.0877628326416,
  "eval_t_eval": 104.0,
  "final_depr_F_post": 10.229513168334961,
  "final_energy_E_post": 0.4241260290145874,
  "final_episode_return_end_mean": -25.795000076293945,
  "final_funding_alpha_eff": 4.374245690996759e-06,
  "final_funding_g": 0.12673717737197876,
  "final_funding_g_raw": 0.12673717737197876,
  "final_update_counter": 5.0,
  "final_vartd_VarTD": 0.10970818996429443,
  "mechanism": "hardzero_plus_depr",
  "mechanism_tag": "hardzero_plus_depr__c0p56__z1p10__lam0p010__nu0p50__psi1p00",
  "runtime_sec": 10.646632916061208,
  "seed": 33,
  "z_cut": 1.1
}