{
  "alpha": 0.05,
  "c_upd": 0.58,
  "depr_lambda": 0.0,
  "depr_nu": 0.5,
  "depr_psi": 0.0,
  "eval_CSR_post": 0.009999999776482582,
  "eval_dbar_post_mean": 0.4963846802711487,
  "eval_done_count": 100.0,
  "eval_episodes_per_env": 4.0,
  "eval_len_end_mean": 26.0,
  "eval_occupied_post_mean": 0.47999998927116394,
  "eval_return_end_mean": -24.222030639648438,
  "eval_t_eval": 104.0,
  "final_depr_F_post": 0.0,
  "final_energy_E_post": 0.011024003848433495,
  "final_episode_return_end_mean": -25.511638641357422,
  "final_funding_alpha_eff": 0.05000000074505806,
  "final_funding_g": 0.13328562676906586,
  "final_funding_g_raw": 0.13328562676906586,
  "final_update_counter": 9.0,
  "final_vartd_VarTD": 0.11378253251314163,
  "mechanism": "hardzero_only",
  "mechanism_tag": "hardzero_only__c0p58__z1p00__lam0p000__nu0p50__psi0p00",
  "runtime_sec": 9.476208747015335,
  "seed": 33,
  "z_cut": 1.0
}