{
  "alpha": 0.05,
  "c_upd": 0.56,
  "depr_lambda": 0.01,
  "depr_nu": 0.5,
  "depr_psi": 0.75,
  "eval_CSR_post": 0.0,
  "eval_dbar_post_mean": 0.5864859819412231,
  "eval_done_count": 100.0,
  "eval_episodes_per_env": 4.0,
  "eval_len_end_mean": 26.0,
  "eval_occupied_post_mean": 0.3199999928474426,
  "eval_return_end_mean": -24.455585479736328,
  "eval_t_eval": 104.0,
  "final_depr_F_post": 10.032641410827637,
  "final_energy_E_post": 0.12193318456411362,
  "final_episode_return_end_mean": -27.784526824951172,
  "final_funding_alpha_eff": 2.7188583771931008e-05,
  "final_funding_g": 0.09805627912282944,
  "final_funding_g_raw": 0.09805627912282944,
  "final_update_counter": 3.0,
  "final_vartd_VarTD": 0.15664754807949066,
  "mechanism": "hardzero_plus_depr",
  "mechanism_tag": "hardzero_plus_depr__c0p56__z1p10__lam0p010__nu0p50__psi0p75",
  "runtime_sec": 10.75401796400547,
  "seed": 41,
  "z_cut": 1.1
}