{
  "alpha": 0.064,
  "c_upd": 0.58,
  "depr_lambda": 0.005,
  "depr_nu": 1.0,
  "depr_psi": 0.5,
  "eval_CSR_post": 0.019999999552965164,
  "eval_dbar_post_mean": 0.49887776374816895,
  "eval_done_count": 100.0,
  "eval_episodes_per_env": 4.0,
  "eval_len_end_mean": 26.0,
  "eval_occupied_post_mean": 0.3499999940395355,
  "eval_return_end_mean": -24.074365615844727,
  "eval_t_eval": 104.0,
  "final_depr_F_post": 0.12000001966953278,
  "final_energy_E_post": 0.21426479518413544,
  "final_episode_return_end_mean": -24.988731384277344,
  "final_funding_alpha_eff": 0.060423802584409714,
  "final_funding_g": 0.14862695336341858,
  "final_funding_g_raw": 0.14862695336341858,
  "final_update_counter": 12.0,
  "final_vartd_VarTD": 0.16463962197303772,
  "mechanism": "hardzero_plus_depr",
  "mechanism_tag": "hardzero_plus_depr__c0p58__z1p00__lam0p005__nu1p00__psi0p50",
  "runtime_sec": 9.477290721959434,
  "seed": 33,
  "z_cut": 1.0
}