{
  "alpha": 0.06,
  "c_upd": 0.52,
  "depr_lambda": 0.02,
  "depr_nu": 0.5,
  "depr_psi": 1.25,
  "eval_CSR_post": 0.0,
  "eval_dbar_post_mean": 0.6284260749816895,
  "eval_done_count": 100.0,
  "eval_episodes_per_env": 4.0,
  "eval_len_end_mean": 26.0,
  "eval_occupied_post_mean": 0.2800000011920929,
  "eval_return_end_mean": -25.08916664123535,
  "eval_t_eval": 104.0,
  "final_depr_F_post": 24.890378952026367,
  "final_energy_E_post": 0.2217215746641159,
  "final_episode_return_end_mean": -26.750818252563477,
  "final_funding_alpha_eff": 1.891543367589705e-15,
  "final_funding_g": 0.09561505913734436,
  "final_funding_g_raw": 0.09561505913734436,
  "final_update_counter": 2.0,
  "final_vartd_VarTD": 0.1413670927286148,
  "mechanism": "hardzero_plus_depr",
  "mechanism_tag": "hardzero_plus_depr__c0p52__z1p10__lam0p020__nu0p50__psi1p25",
  "runtime_sec": 10.64837221900234,
  "seed": 39,
  "z_cut": 1.1
}