{
  "alpha": 0.05,
  "c_upd": 0.56,
  "depr_lambda": 0.02,
  "depr_nu": 0.5,
  "depr_psi": 1.25,
  "eval_CSR_post": 0.0,
  "eval_dbar_post_mean": 0.5102134943008423,
  "eval_done_count": 100.0,
  "eval_episodes_per_env": 4.0,
  "eval_len_end_mean": 26.0,
  "eval_occupied_post_mean": 0.3700000047683716,
  "eval_return_end_mean": -22.9814395904541,
  "eval_t_eval": 104.0,
  "final_depr_F_post": 24.030359268188477,
  "final_energy_E_post": 0.06374935805797577,
  "final_episode_return_end_mean": -26.604665756225586,
  "final_funding_alpha_eff": 4.61861612797705e-15,
  "final_funding_g": 0.11258787661790848,
  "final_funding_g_raw": 0.11258787661790848,
  "final_update_counter": 2.0,
  "final_vartd_VarTD": 0.12046682089567184,
  "mechanism": "hardzero_plus_depr",
  "mechanism_tag": "hardzero_plus_depr__c0p56__z1p05__lam0p020__nu0p50__psi1p25",
  "runtime_sec": 10.683278427983169,
  "seed": 33,
  "z_cut": 1.05
}