{
  "I_R_full_anchor_compat": -0.6000363735971872,
  "above_R_THRESH_FULL_anchor": 0.0,
  "alpha": 1.0,
  "borrow_interest": 0.0,
  "borrow_limit": 0.0,
  "c_upd": 0.9,
  "condition": "enabled_full__support__t4m__a1p00__c0p90",
  "eval_CSR_post": 0.0,
  "eval_CSR_pre": 0.0,
  "eval_dbar_post_mean": 0.8034695982933044,
  "eval_dbar_pre_mean": 0.8146605491638184,
  "eval_done_count": 100.0,
  "eval_done_per_env_max": 4.0,
  "eval_done_per_env_min": 4.0,
  "eval_episodes_per_env": 4.0,
  "eval_len_end_mean": 26.0,
  "eval_max_tilde_post_mean": 1.1432420015335083,
  "eval_max_tilde_pre_mean": 1.154684066772461,
  "eval_occupied_post_mean": 0.14999999105930328,
  "eval_occupied_pre_mean": 0.12999999523162842,
  "eval_return_end_mean": -28.742809295654297,
  "eval_t_eval": 104.0,
  "family": "support",
  "final_energy": 0.9717721939086914,
  "final_executed_updates": 170.0,
  "final_vartd": 1.2354929447174072,
  "max_debt_level": 0.0,
  "mean_update_fraction": 0.13600000739097595,
  "metric_horizon": "long4m",
  "phase": "extension_full",
  "runtime_sec": 11.289246221000212,
  "seed": 48,
  "support_mode": "frontload",
  "support_total": 0.6,
  "total_debt_charge": 0.0,
  "total_support_injected": 0.5999999642372131,
  "total_timesteps": 4000000,
  "train_final_return_end_mean": -26.360698699951172
}