{
  "alpha": 0.06,
  "c_upd": 0.6,
  "depr_lambda": 0.0,
  "depr_nu": 0.5,
  "depr_psi": 0.0,
  "eval_CSR_post": 0.0,
  "eval_dbar_post_mean": 0.5773168802261353,
  "eval_done_count": 100.0,
  "eval_episodes_per_env": 4.0,
  "eval_len_end_mean": 26.0,
  "eval_occupied_post_mean": 0.1599999964237213,
  "eval_return_end_mean": -24.289838790893555,
  "eval_t_eval": 104.0,
  "final_depr_F_post": 0.0,
  "final_energy_E_post": 0.3977847695350647,
  "final_episode_return_end_mean": -25.528806686401367,
  "final_funding_alpha_eff": 0.05999999865889549,
  "final_funding_g": 0.14013433456420898,
  "final_funding_g_raw": 0.14013433456420898,
  "final_update_counter": 15.0,
  "final_vartd_VarTD": 0.2559316158294678,
  "mechanism": "hardzero_only",
  "mechanism_tag": "hardzero_only__c0p60__z1p05__lam0p000__nu0p50__psi0p00",
  "runtime_sec": 9.742597658012528,
  "seed": 31,
  "z_cut": 1.05
}