{
  "alpha": 0.07,
  "c_upd": 0.58,
  "depr_lambda": 0.0,
  "depr_nu": 0.5,
  "depr_psi": 0.0,
  "eval_CSR_post": 0.0,
  "eval_dbar_post_mean": 0.48829254508018494,
  "eval_done_count": 100.0,
  "eval_episodes_per_env": 4.0,
  "eval_len_end_mean": 26.0,
  "eval_occupied_post_mean": 0.47999998927116394,
  "eval_return_end_mean": -24.069232940673828,
  "eval_t_eval": 104.0,
  "final_depr_F_post": 0.0,
  "final_energy_E_post": 0.5685535073280334,
  "final_episode_return_end_mean": -25.572978973388672,
  "final_funding_alpha_eff": 0.07000000029802322,
  "final_funding_g": 0.13230934739112854,
  "final_funding_g_raw": 0.13230934739112854,
  "final_update_counter": 18.0,
  "final_vartd_VarTD": 0.46773073077201843,
  "mechanism": "hardzero_only",
  "mechanism_tag": "hardzero_only__c0p58__z1p00__lam0p000__nu0p50__psi0p00",
  "runtime_sec": 9.507443525944836,
  "seed": 53,
  "z_cut": 1.0
}