{
  "alpha": 0.12,
  "c_upd": 0.5,
  "depr_lambda": 0.01,
  "depr_nu": 0.5,
  "depr_psi": 0.75,
  "eval_CSR_post": 0.0,
  "eval_dbar_post_mean": 0.4690185487270355,
  "eval_done_count": 100.0,
  "eval_episodes_per_env": 4.0,
  "eval_len_end_mean": 26.0,
  "eval_occupied_post_mean": 0.44999998807907104,
  "eval_return_end_mean": -22.371505737304688,
  "eval_t_eval": 104.0,
  "final_depr_F_post": 0.7194184064865112,
  "final_energy_E_post": 0.3978734016418457,
  "final_episode_return_end_mean": -24.351028442382812,
  "final_funding_alpha_eff": 0.07048697024583817,
  "final_funding_g": 0.17094644904136658,
  "final_funding_g_raw": 0.17094644904136658,
  "final_update_counter": 24.0,
  "final_vartd_VarTD": 1.0416009426116943,
  "mechanism": "hardzero_plus_depr",
  "mechanism_tag": "hardzero_plus_depr__c0p50__z1p10__lam0p010__nu0p50__psi0p75",
  "runtime_sec": 10.699772372026928,
  "seed": 41,
  "z_cut": 1.1
}