{
  "alpha": 0.08,
  "c_upd": 0.58,
  "depr_lambda": 0.01,
  "depr_nu": 0.5,
  "depr_psi": 0.75,
  "eval_CSR_post": 0.0,
  "eval_dbar_post_mean": 0.5859681367874146,
  "eval_done_count": 100.0,
  "eval_episodes_per_env": 4.0,
  "eval_len_end_mean": 26.0,
  "eval_occupied_post_mean": 0.25,
  "eval_return_end_mean": -24.18791389465332,
  "eval_t_eval": 104.0,
  "final_depr_F_post": 10.095135688781738,
  "final_energy_E_post": 0.3337523341178894,
  "final_episode_return_end_mean": -26.522850036621094,
  "final_funding_alpha_eff": 4.150984386797063e-05,
  "final_funding_g": 0.10253900289535522,
  "final_funding_g_raw": 0.10253900289535522,
  "final_update_counter": 4.0,
  "final_vartd_VarTD": 0.17599429190158844,
  "mechanism": "hardzero_plus_depr",
  "mechanism_tag": "hardzero_plus_depr__c0p58__z1p10__lam0p010__nu0p50__psi0p75",
  "runtime_sec": 10.806907991995104,
  "seed": 37,
  "z_cut": 1.1
}