{
  "alpha": 0.276,
  "borrow_interest": 0.01,
  "borrow_limit": 0.6,
  "c_upd": 0.58,
  "depr_lambda": 0.0,
  "depr_nu": 0.5,
  "depr_psi": 0.0,
  "eval_CSR_post": 0.0,
  "eval_dbar_post_mean": 0.5686340928077698,
  "eval_done_count": 100.0,
  "eval_episodes_per_env": 4.0,
  "eval_len_end_mean": 26.0,
  "eval_occupied_post_mean": 0.1899999976158142,
  "eval_return_end_mean": -22.600162506103516,
  "eval_t_eval": 104.0,
  "family": "borrow",
  "final_depr_F_post": 0.0,
  "final_energy_E_post": -0.5459056496620178,
  "final_update_counter": 93.0,
  "final_vartd_VarTD": 4.470456600189209,
  "max_debt_level_post": 0.5731098055839539,
  "mean_update_fraction": 0.07440000027418137,
  "mechanism": "hardzero_only",
  "mechanism_tag": "hardzero_only__c0p58__z1p00__lam0p000__nu0p50__psi0p00",
  "runtime_sec": 10.779684048960917,
  "seed": 50,
  "support_mode": "none",
  "support_total": 0.0,
  "total_debt_charge": 3.3900678157806396,
  "total_support_s": 0.0,
  "z_cut": 1.0
}