{
  "alpha": 0.073,
  "c_upd": 0.58,
  "depr_lambda": 0.005,
  "depr_nu": 1.0,
  "depr_psi": 0.5,
  "eval_CSR_post": 0.009999999776482582,
  "eval_dbar_post_mean": 0.47430819272994995,
  "eval_done_count": 100.0,
  "eval_episodes_per_env": 4.0,
  "eval_len_end_mean": 26.0,
  "eval_occupied_post_mean": 0.429999977350235,
  "eval_return_end_mean": -22.595340728759766,
  "eval_t_eval": 104.0,
  "final_depr_F_post": 0.30999985337257385,
  "final_energy_E_post": 0.4623938202857971,
  "final_episode_return_end_mean": -26.42866325378418,
  "final_funding_alpha_eff": 0.06267480552196503,
  "final_funding_g": 0.10846463590860367,
  "final_funding_g_raw": 0.10846463590860367,
  "final_update_counter": 8.0,
  "final_vartd_VarTD": 0.19473117589950562,
  "mechanism": "hardzero_plus_depr",
  "mechanism_tag": "hardzero_plus_depr__c0p58__z1p00__lam0p005__nu1p00__psi0p50",
  "runtime_sec": 19.361705385963432,
  "seed": 30,
  "z_cut": 1.0
}