{
  "alpha": 0.088,
  "c_upd": 0.58,
  "depr_lambda": 0.005,
  "depr_nu": 1.0,
  "depr_psi": 0.5,
  "eval_CSR_post": 0.009999999776482582,
  "eval_dbar_post_mean": 0.46431344747543335,
  "eval_done_count": 100.0,
  "eval_episodes_per_env": 4.0,
  "eval_len_end_mean": 26.0,
  "eval_occupied_post_mean": 0.41999998688697815,
  "eval_return_end_mean": -23.79634666442871,
  "eval_t_eval": 104.0,
  "final_depr_F_post": 0.2099999338388443,
  "final_energy_E_post": 0.5175744295120239,
  "final_episode_return_end_mean": -25.550575256347656,
  "final_funding_alpha_eff": 0.07942687720060349,
  "final_funding_g": 0.13519428670406342,
  "final_funding_g_raw": 0.13519428670406342,
  "final_update_counter": 16.0,
  "final_vartd_VarTD": 0.38600826263427734,
  "mechanism": "hardzero_plus_depr",
  "mechanism_tag": "hardzero_plus_depr__c0p58__z1p00__lam0p005__nu1p00__psi0p50",
  "runtime_sec": 9.493380893021822,
  "seed": 41,
  "z_cut": 1.0
}