{
  "alpha": 0.12,
  "c_upd": 0.54,
  "depr_lambda": 0.01,
  "depr_nu": 0.5,
  "depr_psi": 0.75,
  "eval_CSR_post": 0.0,
  "eval_dbar_post_mean": 0.5597663521766663,
  "eval_done_count": 100.0,
  "eval_episodes_per_env": 4.0,
  "eval_len_end_mean": 26.0,
  "eval_occupied_post_mean": 0.35999998450279236,
  "eval_return_end_mean": -23.561304092407227,
  "eval_t_eval": 104.0,
  "final_depr_F_post": 5.322849750518799,
  "final_energy_E_post": 0.2585424780845642,
  "final_episode_return_end_mean": -26.57999610900879,
  "final_funding_alpha_eff": 0.002231902675703168,
  "final_funding_g": 0.10914972424507141,
  "final_funding_g_raw": 0.10914972424507141,
  "final_update_counter": 8.0,
  "final_vartd_VarTD": 0.19453108310699463,
  "mechanism": "hardzero_plus_depr",
  "mechanism_tag": "hardzero_plus_depr__c0p54__z1p05__lam0p010__nu0p50__psi0p75",
  "runtime_sec": 23.521992811001837,
  "seed": 30,
  "z_cut": 1.05
}