{
  "alpha": 0.02,
  "c_upd": 0.56,
  "depr_lambda": 0.01,
  "depr_nu": 0.5,
  "depr_psi": 0.75,
  "eval_CSR_post": 0.0,
  "eval_dbar_post_mean": 0.5687165856361389,
  "eval_done_count": 100.0,
  "eval_episodes_per_env": 4.0,
  "eval_len_end_mean": 26.0,
  "eval_occupied_post_mean": 0.26999998092651367,
  "eval_return_end_mean": -24.846025466918945,
  "eval_t_eval": 104.0,
  "final_depr_F_post": 11.505167961120605,
  "final_energy_E_post": 0.11750996857881546,
  "final_episode_return_end_mean": -27.881567001342773,
  "final_funding_alpha_eff": 3.6042417832504725e-06,
  "final_funding_g": 0.09493432939052582,
  "final_funding_g_raw": 0.09493432939052582,
  "final_update_counter": 2.0,
  "final_vartd_VarTD": 0.1177557110786438,
  "mechanism": "hardzero_plus_depr",
  "mechanism_tag": "hardzero_plus_depr__c0p56__z1p05__lam0p010__nu0p50__psi0p75",
  "runtime_sec": 10.640997286012862,
  "seed": 31,
  "z_cut": 1.05
}