{
  "alpha": 0.03,
  "c_upd": 0.52,
  "depr_lambda": 0.01,
  "depr_nu": 0.5,
  "depr_psi": 1.0,
  "eval_CSR_post": 0.0,
  "eval_dbar_post_mean": 0.6340503096580505,
  "eval_done_count": 100.0,
  "eval_episodes_per_env": 4.0,
  "eval_len_end_mean": 26.0,
  "eval_occupied_post_mean": 0.20999999344348907,
  "eval_return_end_mean": -25.1478214263916,
  "eval_t_eval": 104.0,
  "final_depr_F_post": 12.400188446044922,
  "final_energy_E_post": 0.26646095514297485,
  "final_episode_return_end_mean": -26.416831970214844,
  "final_funding_alpha_eff": 1.2477595134896546e-07,
  "final_funding_g": 0.09492398798465729,
  "final_funding_g_raw": 0.09492398798465729,
  "final_update_counter": 2.0,
  "final_vartd_VarTD": 0.12298054993152618,
  "mechanism": "hardzero_plus_depr",
  "mechanism_tag": "hardzero_plus_depr__c0p52__z1p10__lam0p010__nu0p50__psi1p00",
  "runtime_sec": 10.61890948395012,
  "seed": 34,
  "z_cut": 1.1
}