{
  "I_R_full_anchor_compat": 0.0023424865256044466,
  "above_R_THRESH_FULL_anchor": 0.0,
  "alpha": 1.0,
  "borrow_interest": 0.02,
  "borrow_limit": 0.6,
  "c_upd": 0.9,
  "condition": "enabled_full__borrow__t4m__a1p00__c0p90",
  "eval_CSR_post": 0.0,
  "eval_CSR_pre": 0.0,
  "eval_dbar_post_mean": 0.7751230597496033,
  "eval_dbar_pre_mean": 0.7689205408096313,
  "eval_done_count": 100.0,
  "eval_done_per_env_max": 4.0,
  "eval_done_per_env_min": 4.0,
  "eval_episodes_per_env": 4.0,
  "eval_len_end_mean": 26.0,
  "eval_max_tilde_post_mean": 1.088822603225708,
  "eval_max_tilde_pre_mean": 1.0745954513549805,
  "eval_occupied_post_mean": 0.20999999344348907,
  "eval_occupied_pre_mean": 0.25,
  "eval_return_end_mean": -27.25074577331543,
  "eval_t_eval": 104.0,
  "family": "borrow",
  "final_energy": 0.3187330365180969,
  "final_executed_updates": 211.0,
  "final_vartd": 1.7595850229263306,
  "max_debt_level": 0.48407837748527527,
  "mean_update_fraction": 0.1687999963760376,
  "metric_horizon": "long4m",
  "phase": "extension_full",
  "runtime_sec": 12.23328345399932,
  "seed": 39,
  "support_mode": "none",
  "support_total": 0.0,
  "total_debt_charge": 2.832408905029297,
  "total_support_injected": 0.0,
  "total_timesteps": 4000000,
  "train_final_return_end_mean": -24.38868522644043
}