{
  "alpha": 0.029,
  "c_upd": 0.58,
  "depr_lambda": 0.0,
  "depr_nu": 0.5,
  "depr_psi": 0.0,
  "eval_CSR_post": 0.0,
  "eval_dbar_post_mean": 0.5249479413032532,
  "eval_done_count": 100.0,
  "eval_episodes_per_env": 4.0,
  "eval_len_end_mean": 26.0,
  "eval_occupied_post_mean": 0.38999998569488525,
  "eval_return_end_mean": -23.58071517944336,
  "eval_t_eval": 104.0,
  "final_depr_F_post": 0.0,
  "final_energy_E_post": 0.060631848871707916,
  "final_episode_return_end_mean": -26.757612228393555,
  "final_funding_alpha_eff": 0.028999999165534973,
  "final_funding_g": 0.10637811571359634,
  "final_funding_g_raw": 0.10637811571359634,
  "final_update_counter": 4.0,
  "final_vartd_VarTD": 0.18170173466205597,
  "mechanism": "hardzero_only",
  "mechanism_tag": "hardzero_only__c0p58__z1p00__lam0p000__nu0p50__psi0p00",
  "runtime_sec": 19.092791337054223,
  "seed": 30,
  "z_cut": 1.0
}