{
  "I_R_full": 1.766222918975243,
  "alpha": 1.0,
  "borrow_interest": 0.0,
  "borrow_limit": 0.0,
  "c_upd": 0.9,
  "condition": "anchor_enabled_full__base__t1m__a1p00__c0p90",
  "eval_CSR_post": 0.0,
  "eval_CSR_pre": 0.009999999776482582,
  "eval_dbar_post_mean": 0.4661308228969574,
  "eval_dbar_pre_mean": 0.4611254334449768,
  "eval_done_count": 100.0,
  "eval_done_per_env_max": 4.0,
  "eval_done_per_env_min": 4.0,
  "eval_episodes_per_env": 4.0,
  "eval_len_end_mean": 26.0,
  "eval_max_tilde_post_mean": 0.6500663757324219,
  "eval_max_tilde_pre_mean": 0.6487562656402588,
  "eval_occupied_post_mean": 0.41999998688697815,
  "eval_occupied_pre_mean": 0.4399999976158142,
  "eval_return_end_mean": -22.881698608398438,
  "eval_t_eval": 104.0,
  "family": "base",
  "final_energy": 0.2552151679992676,
  "final_executed_updates": 51.0,
  "final_vartd": 5.245294570922852,
  "learned_R_full_0p5": 1.0,
  "max_debt_level": 0.0,
  "mean_update_fraction": 0.16346153616905212,
  "metric_horizon": "full",
  "phase": "reproduce_baseline",
  "runtime_sec": 2.876595733998329,
  "seed": 61,
  "support_mode": "none",
  "support_total": 0.0,
  "total_debt_charge": 0.0,
  "total_support_injected": 0.0,
  "total_timesteps": 1000000,
  "train_final_return_end_mean": -23.75782585144043
}