{
  "alpha": 0.02,
  "c_upd": 0.54,
  "depr_lambda": 0.0,
  "depr_nu": 0.5,
  "depr_psi": 0.0,
  "eval_CSR_post": 0.0,
  "eval_dbar_post_mean": 0.5737059116363525,
  "eval_done_count": 100.0,
  "eval_episodes_per_env": 4.0,
  "eval_len_end_mean": 26.0,
  "eval_occupied_post_mean": 0.28999999165534973,
  "eval_return_end_mean": -23.710329055786133,
  "eval_t_eval": 104.0,
  "final_depr_F_post": 0.0,
  "final_energy_E_post": 0.26169976592063904,
  "final_episode_return_end_mean": -27.053218841552734,
  "final_funding_alpha_eff": 0.019999999552965164,
  "final_funding_g": 0.10961136966943741,
  "final_funding_g_raw": 0.10961136966943741,
  "final_update_counter": 6.0,
  "final_vartd_VarTD": 0.21018128097057343,
  "mechanism": "hardzero_only",
  "mechanism_tag": "hardzero_only__c0p54__z1p10__lam0p000__nu0p50__psi0p00",
  "runtime_sec": 9.917664800013881,
  "seed": 38,
  "z_cut": 1.1
}