{
  "I_R_full": 1.85127060140898,
  "alpha": 1.0,
  "borrow_interest": 0.0,
  "borrow_limit": 0.0,
  "c_upd": 0.9,
  "condition": "anchor_enabled_full__base__t1m__a1p00__c0p90",
  "eval_CSR_post": 0.0,
  "eval_CSR_pre": 0.0,
  "eval_dbar_post_mean": 0.4801501929759979,
  "eval_dbar_pre_mean": 0.4762340188026428,
  "eval_done_count": 100.0,
  "eval_done_per_env_max": 4.0,
  "eval_done_per_env_min": 4.0,
  "eval_episodes_per_env": 4.0,
  "eval_len_end_mean": 26.0,
  "eval_max_tilde_post_mean": 0.668787956237793,
  "eval_max_tilde_pre_mean": 0.6634348630905151,
  "eval_occupied_post_mean": 0.2800000011920929,
  "eval_occupied_pre_mean": 0.32999998331069946,
  "eval_return_end_mean": -22.671039581298828,
  "eval_t_eval": 104.0,
  "family": "base",
  "final_energy": 0.3836504817008972,
  "final_executed_updates": 50.0,
  "final_vartd": 5.1899824142456055,
  "learned_R_full_0p5": 1.0,
  "max_debt_level": 0.0,
  "mean_update_fraction": 0.16025641560554504,
  "metric_horizon": "full",
  "phase": "reproduce_baseline",
  "runtime_sec": 2.9464546729996073,
  "seed": 52,
  "support_mode": "none",
  "support_total": 0.0,
  "total_debt_charge": 0.0,
  "total_support_injected": 0.0,
  "total_timesteps": 1000000,
  "train_final_return_end_mean": -23.597665786743164
}