{
  "I_R_full": 2.0528967365407844,
  "alpha": 1.0,
  "borrow_interest": 0.0,
  "borrow_limit": 0.0,
  "c_upd": 0.9,
  "condition": "anchor_enabled_full__base__t1m__a1p00__c0p90",
  "eval_CSR_post": 0.009999999776482582,
  "eval_CSR_pre": 0.009999999776482582,
  "eval_dbar_post_mean": 0.4642859697341919,
  "eval_dbar_pre_mean": 0.4629860520362854,
  "eval_done_count": 100.0,
  "eval_done_per_env_max": 4.0,
  "eval_done_per_env_min": 4.0,
  "eval_episodes_per_env": 4.0,
  "eval_len_end_mean": 26.0,
  "eval_max_tilde_post_mean": 0.696462094783783,
  "eval_max_tilde_pre_mean": 0.6928406953811646,
  "eval_occupied_post_mean": 0.5099999904632568,
  "eval_occupied_pre_mean": 0.5399999618530273,
  "eval_return_end_mean": -22.171621322631836,
  "eval_t_eval": 104.0,
  "family": "base",
  "final_energy": 0.683053731918335,
  "final_executed_updates": 50.0,
  "final_vartd": 5.0494794845581055,
  "learned_R_full_0p5": 1.0,
  "max_debt_level": 0.0,
  "mean_update_fraction": 0.16025641560554504,
  "metric_horizon": "full",
  "phase": "reproduce_baseline",
  "runtime_sec": 3.0734519729994645,
  "seed": 57,
  "support_mode": "none",
  "support_total": 0.0,
  "total_debt_charge": 0.0,
  "total_support_injected": 0.0,
  "total_timesteps": 1000000,
  "train_final_return_end_mean": -23.450620651245117
}