{
  "alpha": 0.1,
  "c_upd": 0.54,
  "depr_lambda": 0.01,
  "depr_nu": 0.5,
  "depr_psi": 0.75,
  "eval_CSR_post": 0.0,
  "eval_dbar_post_mean": 0.5341290235519409,
  "eval_done_count": 100.0,
  "eval_episodes_per_env": 4.0,
  "eval_len_end_mean": 26.0,
  "eval_occupied_post_mean": 0.28999999165534973,
  "eval_return_end_mean": -23.95176124572754,
  "eval_t_eval": 104.0,
  "final_depr_F_post": 7.639771461486816,
  "final_energy_E_post": 0.2934107780456543,
  "final_episode_return_end_mean": -26.396373748779297,
  "final_funding_alpha_eff": 0.0003272083995398134,
  "final_funding_g": 0.11652469635009766,
  "final_funding_g_raw": 0.11652469635009766,
  "final_update_counter": 6.0,
  "final_vartd_VarTD": 0.17766009271144867,
  "mechanism": "hardzero_plus_depr",
  "mechanism_tag": "hardzero_plus_depr__c0p54__z1p05__lam0p010__nu0p50__psi0p75",
  "runtime_sec": 23.708184756047558,
  "seed": 30,
  "z_cut": 1.05
}