{
  "alpha": 0.044,
  "c_upd": 0.58,
  "depr_lambda": 0.0,
  "depr_nu": 0.5,
  "depr_psi": 0.0,
  "eval_CSR_post": 0.0,
  "eval_dbar_post_mean": 1.3742613792419434,
  "eval_done_count": 100.0,
  "eval_episodes_per_env": 4.0,
  "eval_len_end_mean": 26.0,
  "eval_occupied_post_mean": 0.04999999701976776,
  "eval_return_end_mean": -36.18964767456055,
  "eval_t_eval": 104.0,
  "final_depr_F_post": 0.0,
  "final_energy_E_post": 0.3809513449668884,
  "final_episode_return_end_mean": -26.861587524414062,
  "final_funding_alpha_eff": 0.04399999976158142,
  "final_funding_g": 0.0,
  "final_funding_g_raw": 0.09802829474210739,
  "final_update_counter": 2.0,
  "final_vartd_VarTD": 0.15190774202346802,
  "mechanism": "hardzero_only",
  "mechanism_tag": "hardzero_only__c0p58__z1p00__lam0p000__nu0p50__psi0p00",
  "runtime_sec": 10.831074734102003,
  "seed": 60,
  "z_cut": 1.0
}