{
  "alpha": 0.06,
  "c_upd": 0.6,
  "depr_lambda": 0.01,
  "depr_nu": 0.5,
  "depr_psi": 0.75,
  "eval_CSR_post": 0.0,
  "eval_dbar_post_mean": 0.6044080853462219,
  "eval_done_count": 100.0,
  "eval_episodes_per_env": 4.0,
  "eval_len_end_mean": 26.0,
  "eval_occupied_post_mean": 0.17000000178813934,
  "eval_return_end_mean": -23.504179000854492,
  "eval_t_eval": 104.0,
  "final_depr_F_post": 12.150182723999023,
  "final_energy_E_post": 0.49738872051239014,
  "final_episode_return_end_mean": -27.612934112548828,
  "final_funding_alpha_eff": 6.665619821433211e-06,
  "final_funding_g": 0.08912904560565948,
  "final_funding_g_raw": 0.08912904560565948,
  "final_update_counter": 2.0,
  "final_vartd_VarTD": 0.19552147388458252,
  "mechanism": "hardzero_plus_depr",
  "mechanism_tag": "hardzero_plus_depr__c0p60__z1p05__lam0p010__nu0p50__psi0p75",
  "runtime_sec": 24.08860051096417,
  "seed": 30,
  "z_cut": 1.05
}