{
  "alpha": 0.12,
  "c_upd": 0.58,
  "depr_lambda": 0.02,
  "depr_nu": 0.5,
  "depr_psi": 1.0,
  "eval_CSR_post": 0.0,
  "eval_dbar_post_mean": 0.4840533137321472,
  "eval_done_count": 100.0,
  "eval_episodes_per_env": 4.0,
  "eval_len_end_mean": 26.0,
  "eval_occupied_post_mean": 0.5799999833106995,
  "eval_return_end_mean": -22.483652114868164,
  "eval_t_eval": 104.0,
  "final_depr_F_post": 24.670373916625977,
  "final_energy_E_post": 0.4142141044139862,
  "final_episode_return_end_mean": -26.341917037963867,
  "final_funding_alpha_eff": 2.364068576315992e-12,
  "final_funding_g": 0.09735901653766632,
  "final_funding_g_raw": 0.09735901653766632,
  "final_update_counter": 2.0,
  "final_vartd_VarTD": 0.13381898403167725,
  "mechanism": "hardzero_plus_depr",
  "mechanism_tag": "hardzero_plus_depr__c0p58__z1p05__lam0p020__nu0p50__psi1p00",
  "runtime_sec": 10.713940003013704,
  "seed": 32,
  "z_cut": 1.05
}