{
  "alpha": 0.1,
  "c_upd": 0.58,
  "depr_lambda": 0.01,
  "depr_nu": 0.5,
  "depr_psi": 1.0,
  "eval_CSR_post": 0.0,
  "eval_dbar_post_mean": 0.4859263300895691,
  "eval_done_count": 100.0,
  "eval_episodes_per_env": 4.0,
  "eval_len_end_mean": 26.0,
  "eval_occupied_post_mean": 0.38999998569488525,
  "eval_return_end_mean": -23.045223236083984,
  "eval_t_eval": 104.0,
  "final_depr_F_post": 9.063879013061523,
  "final_energy_E_post": 0.06999430805444717,
  "final_episode_return_end_mean": -26.03821563720703,
  "final_funding_alpha_eff": 1.1693658962030895e-05,
  "final_funding_g": 0.10308842360973358,
  "final_funding_g_raw": 0.10308842360973358,
  "final_update_counter": 4.0,
  "final_vartd_VarTD": 0.12188632041215897,
  "mechanism": "hardzero_plus_depr",
  "mechanism_tag": "hardzero_plus_depr__c0p58__z1p10__lam0p010__nu0p50__psi1p00",
  "runtime_sec": 10.878527516964823,
  "seed": 34,
  "z_cut": 1.1
}