{
  "alpha": 0.08,
  "c_upd": 0.58,
  "depr_lambda": 0.01,
  "depr_nu": 0.5,
  "depr_psi": 1.25,
  "eval_CSR_post": 0.0,
  "eval_dbar_post_mean": 0.5611143708229065,
  "eval_done_count": 100.0,
  "eval_episodes_per_env": 4.0,
  "eval_len_end_mean": 26.0,
  "eval_occupied_post_mean": 0.29999998211860657,
  "eval_return_end_mean": -23.818105697631836,
  "eval_t_eval": 104.0,
  "final_depr_F_post": 12.33018684387207,
  "final_energy_E_post": 0.4379529058933258,
  "final_episode_return_end_mean": -26.98777198791504,
  "final_funding_alpha_eff": 1.640036906280784e-08,
  "final_funding_g": 0.09644905477762222,
  "final_funding_g_raw": 0.09644905477762222,
  "final_update_counter": 2.0,
  "final_vartd_VarTD": 0.20346136391162872,
  "mechanism": "hardzero_plus_depr",
  "mechanism_tag": "hardzero_plus_depr__c0p58__z1p05__lam0p010__nu0p50__psi1p25",
  "runtime_sec": 10.704616422997788,
  "seed": 37,
  "z_cut": 1.05
}