{
  "alpha": 0.06,
  "c_upd": 0.54,
  "depr_lambda": 0.01,
  "depr_nu": 0.5,
  "depr_psi": 1.25,
  "eval_CSR_post": 0.0,
  "eval_dbar_post_mean": 0.5594487190246582,
  "eval_done_count": 100.0,
  "eval_episodes_per_env": 4.0,
  "eval_len_end_mean": 26.0,
  "eval_occupied_post_mean": 0.3199999928474426,
  "eval_return_end_mean": -24.29053497314453,
  "eval_t_eval": 104.0,
  "final_depr_F_post": 12.35518741607666,
  "final_energy_E_post": 0.3634061813354492,
  "final_episode_return_end_mean": -26.80388069152832,
  "final_funding_alpha_eff": 1.1921827081096126e-08,
  "final_funding_g": 0.10904732346534729,
  "final_funding_g_raw": 0.10904732346534729,
  "final_update_counter": 2.0,
  "final_vartd_VarTD": 0.12172640860080719,
  "mechanism": "hardzero_plus_depr",
  "mechanism_tag": "hardzero_plus_depr__c0p54__z1p05__lam0p010__nu0p50__psi1p25",
  "runtime_sec": 10.8128933510161,
  "seed": 33,
  "z_cut": 1.05
}