{
  "alpha": 0.04,
  "c_upd": 0.56,
  "depr_lambda": 0.01,
  "depr_nu": 0.5,
  "depr_psi": 1.25,
  "eval_CSR_post": 0.0,
  "eval_dbar_post_mean": 0.5933462381362915,
  "eval_done_count": 100.0,
  "eval_episodes_per_env": 4.0,
  "eval_len_end_mean": 26.0,
  "eval_occupied_post_mean": 0.19999998807907104,
  "eval_return_end_mean": -25.46412467956543,
  "eval_t_eval": 104.0,
  "final_depr_F_post": 12.285185813903809,
  "final_energy_E_post": 0.25039568543434143,
  "final_episode_return_end_mean": -26.82253646850586,
  "final_funding_alpha_eff": 8.674678753095577e-09,
  "final_funding_g": 0.09831947833299637,
  "final_funding_g_raw": 0.09831947833299637,
  "final_update_counter": 2.0,
  "final_vartd_VarTD": 0.20170557498931885,
  "mechanism": "hardzero_plus_depr",
  "mechanism_tag": "hardzero_plus_depr__c0p56__z1p10__lam0p010__nu0p50__psi1p25",
  "runtime_sec": 10.863036613096483,
  "seed": 37,
  "z_cut": 1.1
}