{
  "alpha": 0.12,
  "c_upd": 0.58,
  "depr_lambda": 0.02,
  "depr_nu": 0.5,
  "depr_psi": 0.75,
  "eval_CSR_post": 0.0,
  "eval_dbar_post_mean": 0.6746340990066528,
  "eval_done_count": 100.0,
  "eval_episodes_per_env": 4.0,
  "eval_len_end_mean": 26.0,
  "eval_occupied_post_mean": 0.28999999165534973,
  "eval_return_end_mean": -25.921730041503906,
  "eval_t_eval": 104.0,
  "final_depr_F_post": 23.455345153808594,
  "final_energy_E_post": 0.3001692295074463,
  "final_episode_return_end_mean": -27.67854881286621,
  "final_funding_alpha_eff": 2.7912643307814733e-09,
  "final_funding_g": 0.09377583861351013,
  "final_funding_g_raw": 0.09377583861351013,
  "final_update_counter": 3.0,
  "final_vartd_VarTD": 0.16089634597301483,
  "mechanism": "hardzero_plus_depr",
  "mechanism_tag": "hardzero_plus_depr__c0p58__z1p10__lam0p020__nu0p50__psi0p75",
  "runtime_sec": 10.750301218009554,
  "seed": 41,
  "z_cut": 1.1
}