{
  "alpha": 0.12,
  "c_upd": 0.56,
  "depr_lambda": 0.01,
  "depr_nu": 0.5,
  "depr_psi": 1.0,
  "eval_CSR_post": 0.0,
  "eval_dbar_post_mean": 0.6224716305732727,
  "eval_done_count": 100.0,
  "eval_episodes_per_env": 4.0,
  "eval_len_end_mean": 26.0,
  "eval_occupied_post_mean": 0.25,
  "eval_return_end_mean": -24.86422348022461,
  "eval_t_eval": 104.0,
  "final_depr_F_post": 10.822652816772461,
  "final_energy_E_post": 0.4102402627468109,
  "final_episode_return_end_mean": -25.928916931152344,
  "final_funding_alpha_eff": 2.4171627046598587e-06,
  "final_funding_g": 0.10311821848154068,
  "final_funding_g_raw": 0.10311821848154068,
  "final_update_counter": 4.0,
  "final_vartd_VarTD": 0.11789083480834961,
  "mechanism": "hardzero_plus_depr",
  "mechanism_tag": "hardzero_plus_depr__c0p56__z1p05__lam0p010__nu0p50__psi1p00",
  "runtime_sec": 10.64703139604535,
  "seed": 34,
  "z_cut": 1.05
}