{
  "alpha": 0.03,
  "c_upd": 0.52,
  "depr_lambda": 0.03,
  "depr_nu": 0.5,
  "depr_psi": 1.0,
  "eval_CSR_post": 0.0,
  "eval_dbar_post_mean": 0.5554839968681335,
  "eval_done_count": 100.0,
  "eval_episodes_per_env": 4.0,
  "eval_len_end_mean": 26.0,
  "eval_occupied_post_mean": 0.3199999928474426,
  "eval_return_end_mean": -24.7578067779541,
  "eval_t_eval": 104.0,
  "final_depr_F_post": 37.06511306762695,
  "final_energy_E_post": 0.06610056757926941,
  "final_episode_return_end_mean": -26.85478973388672,
  "final_funding_alpha_eff": 2.471584651035476e-18,
  "final_funding_g": 0.0984111949801445,
  "final_funding_g_raw": 0.0984111949801445,
  "final_update_counter": 2.0,
  "final_vartd_VarTD": 0.2018871158361435,
  "mechanism": "hardzero_plus_depr",
  "mechanism_tag": "hardzero_plus_depr__c0p52__z1p05__lam0p030__nu0p50__psi1p00",
  "runtime_sec": 10.867237460974138,
  "seed": 37,
  "z_cut": 1.05
}