{
  "alpha": 0.08,
  "c_upd": 0.6,
  "depr_lambda": 0.01,
  "depr_nu": 0.5,
  "depr_psi": 1.25,
  "eval_CSR_post": 0.0,
  "eval_dbar_post_mean": 0.545543909072876,
  "eval_done_count": 100.0,
  "eval_episodes_per_env": 4.0,
  "eval_len_end_mean": 26.0,
  "eval_occupied_post_mean": 0.3100000023841858,
  "eval_return_end_mean": -24.160104751586914,
  "eval_t_eval": 104.0,
  "final_depr_F_post": 12.285185813903809,
  "final_energy_E_post": 0.4685917794704437,
  "final_episode_return_end_mean": -27.548864364624023,
  "final_funding_alpha_eff": 1.7349357506191154e-08,
  "final_funding_g": 0.10115274041891098,
  "final_funding_g_raw": 0.10115274041891098,
  "final_update_counter": 2.0,
  "final_vartd_VarTD": 0.14893031120300293,
  "mechanism": "hardzero_plus_depr",
  "mechanism_tag": "hardzero_plus_depr__c0p60__z1p05__lam0p010__nu0p50__psi1p25",
  "runtime_sec": 10.801405453006737,
  "seed": 35,
  "z_cut": 1.05
}