{
  "alpha": 0.029,
  "c_upd": 0.58,
  "depr_lambda": 0.0,
  "depr_nu": 0.5,
  "depr_psi": 0.0,
  "eval_CSR_post": 0.0,
  "eval_dbar_post_mean": 0.555730938911438,
  "eval_done_count": 100.0,
  "eval_episodes_per_env": 4.0,
  "eval_len_end_mean": 26.0,
  "eval_occupied_post_mean": 0.3999999761581421,
  "eval_return_end_mean": -24.36368751525879,
  "eval_t_eval": 104.0,
  "final_depr_F_post": 0.0,
  "final_energy_E_post": 0.5079741477966309,
  "final_episode_return_end_mean": -27.07505989074707,
  "final_funding_alpha_eff": 0.028999999165534973,
  "final_funding_g": 0.10515056550502777,
  "final_funding_g_raw": 0.10515056550502777,
  "final_update_counter": 4.0,
  "final_vartd_VarTD": 0.15182256698608398,
  "mechanism": "hardzero_only",
  "mechanism_tag": "hardzero_only__c0p58__z1p00__lam0p000__nu0p50__psi0p00",
  "runtime_sec": 9.477701072930358,
  "seed": 40,
  "z_cut": 1.0
}