{
  "alpha": 0.1,
  "c_upd": 0.6,
  "depr_lambda": 0.01,
  "depr_nu": 0.5,
  "depr_psi": 0.75,
  "eval_CSR_post": 0.0,
  "eval_dbar_post_mean": 0.5528609752655029,
  "eval_done_count": 100.0,
  "eval_episodes_per_env": 4.0,
  "eval_len_end_mean": 26.0,
  "eval_occupied_post_mean": 0.28999999165534973,
  "eval_return_end_mean": -25.1373233795166,
  "eval_t_eval": 104.0,
  "final_depr_F_post": 9.436995506286621,
  "final_energy_E_post": 0.46741876006126404,
  "final_episode_return_end_mean": -25.975963592529297,
  "final_funding_alpha_eff": 8.500234253006056e-05,
  "final_funding_g": 0.12485125660896301,
  "final_funding_g_raw": 0.12485125660896301,
  "final_update_counter": 5.0,
  "final_vartd_VarTD": 0.11252037435770035,
  "mechanism": "hardzero_plus_depr",
  "mechanism_tag": "hardzero_plus_depr__c0p60__z1p10__lam0p010__nu0p50__psi0p75",
  "runtime_sec": 10.909571265103295,
  "seed": 33,
  "z_cut": 1.1
}