{
  "alpha": 0.06,
  "c_upd": 0.58,
  "depr_lambda": 0.02,
  "depr_nu": 0.5,
  "depr_psi": 0.75,
  "eval_CSR_post": 0.0,
  "eval_dbar_post_mean": 0.6106657981872559,
  "eval_done_count": 100.0,
  "eval_episodes_per_env": 4.0,
  "eval_len_end_mean": 26.0,
  "eval_occupied_post_mean": 0.22999998927116394,
  "eval_return_end_mean": -25.276214599609375,
  "eval_t_eval": 104.0,
  "final_depr_F_post": 23.770353317260742,
  "final_energy_E_post": 0.12788376212120056,
  "final_episode_return_end_mean": -29.098108291625977,
  "final_funding_alpha_eff": 1.1019594126082666e-09,
  "final_funding_g": 0.0,
  "final_funding_g_raw": 0.07176686078310013,
  "final_update_counter": 2.0,
  "final_vartd_VarTD": 0.17956288158893585,
  "mechanism": "hardzero_plus_depr",
  "mechanism_tag": "hardzero_plus_depr__c0p58__z1p05__lam0p020__nu0p50__psi0p75",
  "runtime_sec": 10.909093494003173,
  "seed": 36,
  "z_cut": 1.05
}