{
  "I_R_full_anchor_compat": 1.4452146206285468,
  "above_R_THRESH_FULL_anchor": 1.0,
  "alpha": 1.0,
  "borrow_interest": 0.02,
  "borrow_limit": 0.6,
  "c_upd": 0.9,
  "condition": "enabled_full__borrow__t4m__a1p00__c0p90",
  "eval_CSR_post": 0.0,
  "eval_CSR_pre": 0.0,
  "eval_dbar_post_mean": 0.6871297359466553,
  "eval_dbar_pre_mean": 0.6662635207176208,
  "eval_done_count": 100.0,
  "eval_done_per_env_max": 4.0,
  "eval_done_per_env_min": 4.0,
  "eval_episodes_per_env": 4.0,
  "eval_len_end_mean": 26.0,
  "eval_max_tilde_post_mean": 0.9415269494056702,
  "eval_max_tilde_pre_mean": 0.9123691916465759,
  "eval_occupied_post_mean": 0.17000000178813934,
  "eval_occupied_pre_mean": 0.17000000178813934,
  "eval_return_end_mean": -23.676820755004883,
  "eval_t_eval": 104.0,
  "family": "borrow",
  "final_energy": 0.0992753878235817,
  "final_executed_updates": 221.0,
  "final_vartd": 2.9019317626953125,
  "max_debt_level": 0.47198647260665894,
  "mean_update_fraction": 0.17679999768733978,
  "metric_horizon": "long4m",
  "phase": "extension_full",
  "runtime_sec": 12.202617483000722,
  "seed": 47,
  "support_mode": "none",
  "support_total": 0.0,
  "total_debt_charge": 2.764892578125,
  "total_support_injected": 0.0,
  "total_timesteps": 4000000,
  "train_final_return_end_mean": -23.567075729370117
}