{
  "alpha": 0.1,
  "c_upd": 0.52,
  "depr_lambda": 0.01,
  "depr_nu": 0.5,
  "depr_psi": 1.0,
  "eval_CSR_post": 0.0,
  "eval_dbar_post_mean": 0.5205936431884766,
  "eval_done_count": 100.0,
  "eval_episodes_per_env": 4.0,
  "eval_len_end_mean": 26.0,
  "eval_occupied_post_mean": 0.3700000047683716,
  "eval_return_end_mean": -24.59266471862793,
  "eval_t_eval": 104.0,
  "final_depr_F_post": 11.17765998840332,
  "final_energy_E_post": 0.5050896406173706,
  "final_episode_return_end_mean": -26.26708221435547,
  "final_funding_alpha_eff": 1.4123651226327638e-06,
  "final_funding_g": 0.10919189453125,
  "final_funding_g_raw": 0.10919189453125,
  "final_update_counter": 4.0,
  "final_vartd_VarTD": 0.18462949991226196,
  "mechanism": "hardzero_plus_depr",
  "mechanism_tag": "hardzero_plus_depr__c0p52__z1p05__lam0p010__nu0p50__psi1p00",
  "runtime_sec": 10.840546188002918,
  "seed": 37,
  "z_cut": 1.05
}