{
  "alpha": 0.04,
  "c_upd": 0.56,
  "depr_lambda": 0.0,
  "depr_nu": 0.5,
  "depr_psi": 0.0,
  "eval_CSR_post": 0.009999999776482582,
  "eval_dbar_post_mean": 0.6646825075149536,
  "eval_done_count": 100.0,
  "eval_episodes_per_env": 4.0,
  "eval_len_end_mean": 26.0,
  "eval_occupied_post_mean": 0.26999998092651367,
  "eval_return_end_mean": -27.247549057006836,
  "eval_t_eval": 104.0,
  "final_depr_F_post": 0.0,
  "final_energy_E_post": 0.5390188694000244,
  "final_episode_return_end_mean": -25.816390991210938,
  "final_funding_alpha_eff": 0.03999999910593033,
  "final_funding_g": 0.111887127161026,
  "final_funding_g_raw": 0.111887127161026,
  "final_update_counter": 10.0,
  "final_vartd_VarTD": 0.16336001455783844,
  "mechanism": "hardzero_only",
  "mechanism_tag": "hardzero_only__c0p56__z1p10__lam0p000__nu0p50__psi0p00",
  "runtime_sec": 9.797476966981776,
  "seed": 39,
  "z_cut": 1.1
}