{
  "alpha": 0.065,
  "c_upd": 0.58,
  "depr_lambda": 0.0,
  "depr_nu": 0.5,
  "depr_psi": 0.0,
  "eval_CSR_post": 0.0,
  "eval_dbar_post_mean": 0.5384125709533691,
  "eval_done_count": 100.0,
  "eval_episodes_per_env": 4.0,
  "eval_len_end_mean": 26.0,
  "eval_occupied_post_mean": 0.3199999928474426,
  "eval_return_end_mean": -23.809661865234375,
  "eval_t_eval": 104.0,
  "final_depr_F_post": 0.0,
  "final_energy_E_post": 0.187486469745636,
  "final_episode_return_end_mean": -25.814123153686523,
  "final_funding_alpha_eff": 0.06499999761581421,
  "final_funding_g": 0.13652732968330383,
  "final_funding_g_raw": 0.13652732968330383,
  "final_update_counter": 12.0,
  "final_vartd_VarTD": 0.17221151292324066,
  "mechanism": "hardzero_only",
  "mechanism_tag": "hardzero_only__c0p58__z1p00__lam0p000__nu0p50__psi0p00",
  "runtime_sec": 9.485329224960878,
  "seed": 42,
  "z_cut": 1.0
}