{
  "alpha": 0.05,
  "c_upd": 0.58,
  "depr_lambda": 0.02,
  "depr_nu": 0.5,
  "depr_psi": 1.0,
  "eval_CSR_post": 0.0,
  "eval_dbar_post_mean": 0.5734055042266846,
  "eval_done_count": 100.0,
  "eval_episodes_per_env": 4.0,
  "eval_len_end_mean": 26.0,
  "eval_occupied_post_mean": 0.28999999165534973,
  "eval_return_end_mean": -24.0349063873291,
  "eval_t_eval": 104.0,
  "final_depr_F_post": 23.540348052978516,
  "final_energy_E_post": 0.05605490505695343,
  "final_episode_return_end_mean": -26.61277961730957,
  "final_funding_alpha_eff": 3.0493888664162583e-12,
  "final_funding_g": 0.11082053929567337,
  "final_funding_g_raw": 0.11082053929567337,
  "final_update_counter": 2.0,
  "final_vartd_VarTD": 0.12026210129261017,
  "mechanism": "hardzero_plus_depr",
  "mechanism_tag": "hardzero_plus_depr__c0p58__z1p05__lam0p020__nu0p50__psi1p00",
  "runtime_sec": 10.677545002021361,
  "seed": 33,
  "z_cut": 1.05
}