{
  "alpha": 0.1,
  "c_upd": 0.52,
  "depr_lambda": 0.0,
  "depr_nu": 0.5,
  "depr_psi": 0.0,
  "eval_CSR_post": 0.019999999552965164,
  "eval_dbar_post_mean": 0.469297856092453,
  "eval_done_count": 100.0,
  "eval_episodes_per_env": 4.0,
  "eval_len_end_mean": 26.0,
  "eval_occupied_post_mean": 0.5,
  "eval_return_end_mean": -21.951013565063477,
  "eval_t_eval": 104.0,
  "final_depr_F_post": 0.0,
  "final_energy_E_post": 0.13194993138313293,
  "final_episode_return_end_mean": -23.007570266723633,
  "final_funding_alpha_eff": 0.10000000149011612,
  "final_funding_g": 0.17852731049060822,
  "final_funding_g_raw": 0.17852731049060822,
  "final_update_counter": 37.0,
  "final_vartd_VarTD": 3.2004425525665283,
  "mechanism": "hardzero_only",
  "mechanism_tag": "hardzero_only__c0p52__z1p05__lam0p000__nu0p50__psi0p00",
  "runtime_sec": 20.1527369460091,
  "seed": 30,
  "z_cut": 1.05
}