{
  "alpha": 0.12,
  "c_upd": 0.5,
  "depr_lambda": 0.02,
  "depr_nu": 0.5,
  "depr_psi": 1.0,
  "eval_CSR_post": 0.009999999776482582,
  "eval_dbar_post_mean": 0.5433965921401978,
  "eval_done_count": 100.0,
  "eval_episodes_per_env": 4.0,
  "eval_len_end_mean": 26.0,
  "eval_occupied_post_mean": 0.3999999761581421,
  "eval_return_end_mean": -22.790889739990234,
  "eval_t_eval": 104.0,
  "final_depr_F_post": 23.760353088378906,
  "final_energy_E_post": 0.1694696843624115,
  "final_episode_return_end_mean": -26.67546272277832,
  "final_funding_alpha_eff": 5.873230721209488e-12,
  "final_funding_g": 0.09695098549127579,
  "final_funding_g_raw": 0.09695098549127579,
  "final_update_counter": 3.0,
  "final_vartd_VarTD": 0.14216043055057526,
  "mechanism": "hardzero_plus_depr",
  "mechanism_tag": "hardzero_plus_depr__c0p50__z1p05__lam0p020__nu0p50__psi1p00",
  "runtime_sec": 10.751946107018739,
  "seed": 39,
  "z_cut": 1.05
}