{
  "alpha": 0.028,
  "c_upd": 0.58,
  "depr_lambda": 0.0,
  "depr_nu": 0.5,
  "depr_psi": 0.0,
  "eval_CSR_post": 0.0,
  "eval_dbar_post_mean": 0.6051836013793945,
  "eval_done_count": 100.0,
  "eval_episodes_per_env": 4.0,
  "eval_len_end_mean": 26.0,
  "eval_occupied_post_mean": 0.23999999463558197,
  "eval_return_end_mean": -23.697187423706055,
  "eval_t_eval": 104.0,
  "final_depr_F_post": 0.0,
  "final_energy_E_post": 0.06185736507177353,
  "final_episode_return_end_mean": -27.13868522644043,
  "final_funding_alpha_eff": 0.02800000086426735,
  "final_funding_g": 0.10698208957910538,
  "final_funding_g_raw": 0.10698208957910538,
  "final_update_counter": 6.0,
  "final_vartd_VarTD": 0.1444655805826187,
  "mechanism": "hardzero_only",
  "mechanism_tag": "hardzero_only__c0p58__z1p00__lam0p000__nu0p50__psi0p00",
  "runtime_sec": 9.467636593035422,
  "seed": 53,
  "z_cut": 1.0
}