{
  "alpha": 0.12,
  "c_upd": 0.6,
  "depr_lambda": 0.02,
  "depr_nu": 0.5,
  "depr_psi": 1.0,
  "eval_CSR_post": 0.0,
  "eval_dbar_post_mean": 0.629564642906189,
  "eval_done_count": 100.0,
  "eval_episodes_per_env": 4.0,
  "eval_len_end_mean": 26.0,
  "eval_occupied_post_mean": 0.14999999105930328,
  "eval_return_end_mean": -24.848976135253906,
  "eval_t_eval": 104.0,
  "final_depr_F_post": 24.680374145507812,
  "final_energy_E_post": 0.356799840927124,
  "final_episode_return_end_mean": -26.697134017944336,
  "final_funding_alpha_eff": 2.3405452923008774e-12,
  "final_funding_g": 0.0956791564822197,
  "final_funding_g_raw": 0.0956791564822197,
  "final_update_counter": 2.0,
  "final_vartd_VarTD": 0.14678987860679626,
  "mechanism": "hardzero_plus_depr",
  "mechanism_tag": "hardzero_plus_depr__c0p60__z1p05__lam0p020__nu0p50__psi1p00",
  "runtime_sec": 10.746824534027837,
  "seed": 39,
  "z_cut": 1.05
}