{
  "alpha": 0.08,
  "c_upd": 0.6,
  "depr_lambda": 0.02,
  "depr_nu": 0.5,
  "depr_psi": 1.0,
  "eval_CSR_post": 0.0,
  "eval_dbar_post_mean": 0.5641108155250549,
  "eval_done_count": 100.0,
  "eval_episodes_per_env": 4.0,
  "eval_len_end_mean": 26.0,
  "eval_occupied_post_mean": 0.2800000011920929,
  "eval_return_end_mean": -23.622821807861328,
  "eval_t_eval": 104.0,
  "final_depr_F_post": 24.59037208557129,
  "final_energy_E_post": 0.2705098092556,
  "final_episode_return_end_mean": -28.134431838989258,
  "final_funding_alpha_eff": 1.7073131103328976e-12,
  "final_funding_g": 0.08760201185941696,
  "final_funding_g_raw": 0.08760201185941696,
  "final_update_counter": 2.0,
  "final_vartd_VarTD": 0.18040584027767181,
  "mechanism": "hardzero_plus_depr",
  "mechanism_tag": "hardzero_plus_depr__c0p60__z1p10__lam0p020__nu0p50__psi1p00",
  "runtime_sec": 10.872867363970727,
  "seed": 40,
  "z_cut": 1.1
}