{
  "alpha": 0.04,
  "c_upd": 0.5,
  "depr_lambda": 0.01,
  "depr_nu": 0.5,
  "depr_psi": 0.75,
  "eval_CSR_post": 0.0,
  "eval_dbar_post_mean": 0.534670352935791,
  "eval_done_count": 100.0,
  "eval_episodes_per_env": 4.0,
  "eval_len_end_mean": 26.0,
  "eval_occupied_post_mean": 0.3499999940395355,
  "eval_return_end_mean": -24.758182525634766,
  "eval_t_eval": 104.0,
  "final_depr_F_post": 10.850152969360352,
  "final_energy_E_post": 0.17114683985710144,
  "final_episode_return_end_mean": -25.998409271240234,
  "final_funding_alpha_eff": 1.178137790702749e-05,
  "final_funding_g": 0.12285614013671875,
  "final_funding_g_raw": 0.12285614013671875,
  "final_update_counter": 3.0,
  "final_vartd_VarTD": 0.10903599113225937,
  "mechanism": "hardzero_plus_depr",
  "mechanism_tag": "hardzero_plus_depr__c0p50__z1p10__lam0p010__nu0p50__psi0p75",
  "runtime_sec": 10.751342433970422,
  "seed": 33,
  "z_cut": 1.1
}