{
  "alpha": 0.073,
  "c_upd": 0.58,
  "depr_lambda": 0.0,
  "depr_nu": 0.5,
  "depr_psi": 0.0,
  "eval_CSR_post": 0.0,
  "eval_dbar_post_mean": 0.5357539653778076,
  "eval_done_count": 100.0,
  "eval_episodes_per_env": 4.0,
  "eval_len_end_mean": 26.0,
  "eval_occupied_post_mean": 0.28999999165534973,
  "eval_return_end_mean": -24.48019790649414,
  "eval_t_eval": 104.0,
  "final_depr_F_post": 0.0,
  "final_energy_E_post": 0.4652811884880066,
  "final_episode_return_end_mean": -24.704240798950195,
  "final_funding_alpha_eff": 0.0729999989271164,
  "final_funding_g": 0.13421110808849335,
  "final_funding_g_raw": 0.13421110808849335,
  "final_update_counter": 13.0,
  "final_vartd_VarTD": 0.22516700625419617,
  "mechanism": "hardzero_only",
  "mechanism_tag": "hardzero_only__c0p58__z1p00__lam0p000__nu0p50__psi0p00",
  "runtime_sec": 9.490310840075836,
  "seed": 39,
  "z_cut": 1.0
}