{
  "alpha": 0.037,
  "c_upd": 0.58,
  "depr_lambda": 0.005,
  "depr_nu": 1.0,
  "depr_psi": 0.5,
  "eval_CSR_post": 0.0,
  "eval_dbar_post_mean": 0.48372218012809753,
  "eval_done_count": 100.0,
  "eval_episodes_per_env": 4.0,
  "eval_len_end_mean": 26.0,
  "eval_occupied_post_mean": 0.4599999785423279,
  "eval_return_end_mean": -23.55615997314453,
  "eval_t_eval": 104.0,
  "final_depr_F_post": 1.0249992609024048,
  "final_energy_E_post": 0.4647860825061798,
  "final_episode_return_end_mean": -26.7847843170166,
  "final_funding_alpha_eff": 0.02221834473311901,
  "final_funding_g": 0.11115297675132751,
  "final_funding_g_raw": 0.11115297675132751,
  "final_update_counter": 3.0,
  "final_vartd_VarTD": 0.14110572636127472,
  "mechanism": "hardzero_plus_depr",
  "mechanism_tag": "hardzero_plus_depr__c0p58__z1p00__lam0p005__nu1p00__psi0p50",
  "runtime_sec": 9.45736755291,
  "seed": 52,
  "z_cut": 1.0
}