{
  "alpha": 0.04,
  "c_upd": 0.54,
  "depr_lambda": 0.01,
  "depr_nu": 0.5,
  "depr_psi": 0.75,
  "eval_CSR_post": 0.0,
  "eval_dbar_post_mean": 0.6447626948356628,
  "eval_done_count": 100.0,
  "eval_episodes_per_env": 4.0,
  "eval_len_end_mean": 26.0,
  "eval_occupied_post_mean": 0.28999999165534973,
  "eval_return_end_mean": -26.245540618896484,
  "eval_t_eval": 104.0,
  "final_depr_F_post": 12.370187759399414,
  "final_energy_E_post": 0.4895476698875427,
  "final_episode_return_end_mean": -26.79650115966797,
  "final_funding_alpha_eff": 3.7678103126381757e-06,
  "final_funding_g": 0.09916602075099945,
  "final_funding_g_raw": 0.09916602075099945,
  "final_update_counter": 2.0,
  "final_vartd_VarTD": 0.19093503057956696,
  "mechanism": "hardzero_plus_depr",
  "mechanism_tag": "hardzero_plus_depr__c0p54__z1p10__lam0p010__nu0p50__psi0p75",
  "runtime_sec": 10.670726408949122,
  "seed": 37,
  "z_cut": 1.1
}