{
  "alpha": 0.06,
  "c_upd": 0.58,
  "depr_lambda": 0.02,
  "depr_nu": 0.5,
  "depr_psi": 1.0,
  "eval_CSR_post": 0.0,
  "eval_dbar_post_mean": 0.5552684664726257,
  "eval_done_count": 100.0,
  "eval_episodes_per_env": 4.0,
  "eval_len_end_mean": 26.0,
  "eval_occupied_post_mean": 0.35999998450279236,
  "eval_return_end_mean": -23.607582092285156,
  "eval_t_eval": 104.0,
  "final_depr_F_post": 24.54037094116211,
  "final_energy_E_post": 0.1874435842037201,
  "final_episode_return_end_mean": -28.06129264831543,
  "final_funding_alpha_eff": 1.346138261623664e-12,
  "final_funding_g": 0.08839313685894012,
  "final_funding_g_raw": 0.08839313685894012,
  "final_update_counter": 2.0,
  "final_vartd_VarTD": 0.18162287771701813,
  "mechanism": "hardzero_plus_depr",
  "mechanism_tag": "hardzero_plus_depr__c0p58__z1p10__lam0p020__nu0p50__psi1p00",
  "runtime_sec": 10.696373346960172,
  "seed": 40,
  "z_cut": 1.1
}