{
  "alpha": 0.12,
  "c_upd": 0.52,
  "depr_lambda": 0.01,
  "depr_nu": 0.5,
  "depr_psi": 1.25,
  "eval_CSR_post": 0.0,
  "eval_dbar_post_mean": 0.5797446966171265,
  "eval_done_count": 100.0,
  "eval_episodes_per_env": 4.0,
  "eval_len_end_mean": 26.0,
  "eval_occupied_post_mean": 0.3400000035762787,
  "eval_return_end_mean": -24.07522964477539,
  "eval_t_eval": 104.0,
  "final_depr_F_post": 10.965155601501465,
  "final_energy_E_post": 0.2572959363460541,
  "final_episode_return_end_mean": -26.993804931640625,
  "final_funding_alpha_eff": 1.3551174049553083e-07,
  "final_funding_g": 0.10974232107400894,
  "final_funding_g_raw": 0.10974232107400894,
  "final_update_counter": 4.0,
  "final_vartd_VarTD": 0.14661085605621338,
  "mechanism": "hardzero_plus_depr",
  "mechanism_tag": "hardzero_plus_depr__c0p52__z1p05__lam0p010__nu0p50__psi1p25",
  "runtime_sec": 10.799590143025853,
  "seed": 35,
  "z_cut": 1.05
}