{
  "alpha": 0.1,
  "c_upd": 0.54,
  "depr_lambda": 0.01,
  "depr_nu": 0.5,
  "depr_psi": 0.75,
  "eval_CSR_post": 0.0,
  "eval_dbar_post_mean": 0.5282531380653381,
  "eval_done_count": 100.0,
  "eval_episodes_per_env": 4.0,
  "eval_len_end_mean": 26.0,
  "eval_occupied_post_mean": 0.3400000035762787,
  "eval_return_end_mean": -24.258275985717773,
  "eval_t_eval": 104.0,
  "final_depr_F_post": 8.561662673950195,
  "final_energy_E_post": 0.5011498928070068,
  "final_episode_return_end_mean": -26.37718963623047,
  "final_funding_alpha_eff": 0.00016388724907301366,
  "final_funding_g": 0.11572910100221634,
  "final_funding_g_raw": 0.11572910100221634,
  "final_update_counter": 6.0,
  "final_vartd_VarTD": 0.14812584221363068,
  "mechanism": "hardzero_plus_depr",
  "mechanism_tag": "hardzero_plus_depr__c0p54__z1p05__lam0p010__nu0p50__psi0p75",
  "runtime_sec": 10.887854529020842,
  "seed": 40,
  "z_cut": 1.05
}