{
  "alpha": 0.12,
  "c_upd": 0.54,
  "depr_lambda": 0.02,
  "depr_nu": 0.5,
  "depr_psi": 1.0,
  "eval_CSR_post": 0.0,
  "eval_dbar_post_mean": 0.6155282258987427,
  "eval_done_count": 100.0,
  "eval_episodes_per_env": 4.0,
  "eval_len_end_mean": 26.0,
  "eval_occupied_post_mean": 0.20999999344348907,
  "eval_return_end_mean": -24.392045974731445,
  "eval_t_eval": 104.0,
  "final_depr_F_post": 23.670351028442383,
  "final_energy_E_post": 0.03749470040202141,
  "final_episode_return_end_mean": -26.577470779418945,
  "final_funding_alpha_eff": 6.426351204652514e-12,
  "final_funding_g": 0.0,
  "final_funding_g_raw": 0.09299151599407196,
  "final_update_counter": 2.0,
  "final_vartd_VarTD": 0.12386294454336166,
  "mechanism": "hardzero_plus_depr",
  "mechanism_tag": "hardzero_plus_depr__c0p54__z1p00__lam0p020__nu0p50__psi1p00",
  "runtime_sec": 10.626156269980129,
  "seed": 34,
  "z_cut": 1.0
}