{
  "alpha": 0.1,
  "c_upd": 0.56,
  "depr_lambda": 0.02,
  "depr_nu": 0.5,
  "depr_psi": 1.25,
  "eval_CSR_post": 0.0,
  "eval_dbar_post_mean": 0.6340503096580505,
  "eval_done_count": 100.0,
  "eval_episodes_per_env": 4.0,
  "eval_len_end_mean": 26.0,
  "eval_occupied_post_mean": 0.20999999344348907,
  "eval_return_end_mean": -25.1478214263916,
  "eval_t_eval": 104.0,
  "final_depr_F_post": 24.800376892089844,
  "final_energy_E_post": 0.3204953670501709,
  "final_episode_return_end_mean": -26.416831970214844,
  "final_funding_alpha_eff": 3.527960411466415e-15,
  "final_funding_g": 0.09492398798465729,
  "final_funding_g_raw": 0.09492398798465729,
  "final_update_counter": 2.0,
  "final_vartd_VarTD": 0.12298054993152618,
  "mechanism": "hardzero_plus_depr",
  "mechanism_tag": "hardzero_plus_depr__c0p56__z1p10__lam0p020__nu0p50__psi1p25",
  "runtime_sec": 10.888664772035554,
  "seed": 34,
  "z_cut": 1.1
}