{
  "I_R_full_anchor_compat": 0.43611831657400274,
  "above_R_THRESH_FULL_anchor": 0.0,
  "alpha": 0.1,
  "borrow_interest": 0.02,
  "borrow_limit": 0.6,
  "c_upd": 1.0,
  "condition": "edge_full__borrow__t4m__a0p10__c1p00",
  "eval_CSR_post": 0.0,
  "eval_CSR_pre": 0.0,
  "eval_dbar_post_mean": 0.6609190106391907,
  "eval_dbar_pre_mean": 0.6519451141357422,
  "eval_done_count": 100.0,
  "eval_done_per_env_max": 4.0,
  "eval_done_per_env_min": 4.0,
  "eval_episodes_per_env": 4.0,
  "eval_len_end_mean": 26.0,
  "eval_max_tilde_post_mean": 0.98636794090271,
  "eval_max_tilde_pre_mean": 0.9940611720085144,
  "eval_occupied_post_mean": 0.19999998807907104,
  "eval_occupied_pre_mean": 0.23999999463558197,
  "eval_return_end_mean": -26.17630386352539,
  "eval_t_eval": 104.0,
  "family": "borrow",
  "final_energy": -0.6000000238418579,
  "final_executed_updates": 2.0,
  "final_vartd": 0.16597145795822144,
  "max_debt_level": 0.6000000238418579,
  "mean_update_fraction": 0.0015999999595806003,
  "metric_horizon": "long4m",
  "phase": "extension_full",
  "runtime_sec": 11.13610136600073,
  "seed": 46,
  "support_mode": "none",
  "support_total": 0.0,
  "total_debt_charge": 14.471278190612793,
  "total_support_injected": 0.0,
  "total_timesteps": 4000000,
  "train_final_return_end_mean": -27.362834930419922
}