{
  "I_R_full": 0.43568786500056,
  "alpha": 0.0,
  "borrow_interest": 0.0,
  "borrow_limit": 0.0,
  "c_upd": 0.58,
  "condition": "fragile_full__base__t1m__a0p00__c0p58",
  "eval_CSR_post": 0.0,
  "eval_CSR_pre": 0.0,
  "eval_dbar_post_mean": 0.7028269171714783,
  "eval_dbar_pre_mean": 0.7032806277275085,
  "eval_done_count": 100.0,
  "eval_done_per_env_max": 4.0,
  "eval_done_per_env_min": 4.0,
  "eval_episodes_per_env": 4.0,
  "eval_len_end_mean": 26.0,
  "eval_max_tilde_post_mean": 1.0267068147659302,
  "eval_max_tilde_pre_mean": 1.0319371223449707,
  "eval_occupied_post_mean": 0.19999998807907104,
  "eval_occupied_pre_mean": 0.2199999988079071,
  "eval_return_end_mean": -26.177370071411133,
  "eval_t_eval": 104.0,
  "family": "base",
  "final_energy": 0.42000001668930054,
  "final_executed_updates": 1.0,
  "final_vartd": 0.1281299740076065,
  "learned_R_full_0p5": 0.0,
  "max_debt_level": 0.0,
  "mean_update_fraction": 0.0032051282469183207,
  "metric_horizon": "full",
  "phase": "extension_full",
  "runtime_sec": 2.697029617998851,
  "seed": 40,
  "support_mode": "none",
  "support_total": 0.0,
  "total_debt_charge": 0.0,
  "total_support_injected": 0.0,
  "total_timesteps": 1000000,
  "train_final_return_end_mean": -27.091800689697266
}