{
  "alpha": 0.05,
  "c_upd": 0.6,
  "depr_lambda": 0.01,
  "depr_nu": 0.5,
  "depr_psi": 1.0,
  "eval_CSR_post": 0.0,
  "eval_dbar_post_mean": 0.7416640520095825,
  "eval_done_count": 100.0,
  "eval_episodes_per_env": 4.0,
  "eval_len_end_mean": 26.0,
  "eval_occupied_post_mean": 0.2199999988079071,
  "eval_return_end_mean": -25.098764419555664,
  "eval_t_eval": 104.0,
  "final_depr_F_post": 11.735173225402832,
  "final_energy_E_post": 0.15545326471328735,
  "final_episode_return_end_mean": -28.149211883544922,
  "final_funding_alpha_eff": 4.0438226278638467e-07,
  "final_funding_g": 0.0,
  "final_funding_g_raw": 0.0872451514005661,
  "final_update_counter": 2.0,
  "final_vartd_VarTD": 0.21648752689361572,
  "mechanism": "hardzero_plus_depr",
  "mechanism_tag": "hardzero_plus_depr__c0p60__z1p05__lam0p010__nu0p50__psi1p00",
  "runtime_sec": 10.850926026992965,
  "seed": 38,
  "z_cut": 1.05
}