{
  "alpha": 0.08,
  "c_upd": 0.6,
  "depr_lambda": 0.01,
  "depr_nu": 0.5,
  "depr_psi": 1.25,
  "eval_CSR_post": 0.0,
  "eval_dbar_post_mean": 0.6442928314208984,
  "eval_done_count": 100.0,
  "eval_episodes_per_env": 4.0,
  "eval_len_end_mean": 26.0,
  "eval_occupied_post_mean": 0.3199999928474426,
  "eval_return_end_mean": -24.33685302734375,
  "eval_t_eval": 104.0,
  "final_depr_F_post": 12.215184211730957,
  "final_energy_E_post": 0.35191044211387634,
  "final_episode_return_end_mean": -27.597684860229492,
  "final_funding_alpha_eff": 1.8935850221168948e-08,
  "final_funding_g": 0.0,
  "final_funding_g_raw": 0.08865805715322495,
  "final_update_counter": 2.0,
  "final_vartd_VarTD": 0.1920044720172882,
  "mechanism": "hardzero_plus_depr",
  "mechanism_tag": "hardzero_plus_depr__c0p60__z1p05__lam0p010__nu0p50__psi1p25",
  "runtime_sec": 23.839468087011483,
  "seed": 30,
  "z_cut": 1.05
}