{
  "alpha": 0.05,
  "c_upd": 0.56,
  "depr_lambda": 0.01,
  "depr_nu": 0.5,
  "depr_psi": 1.0,
  "eval_CSR_post": 0.0,
  "eval_dbar_post_mean": 0.5437086820602417,
  "eval_done_count": 100.0,
  "eval_episodes_per_env": 4.0,
  "eval_len_end_mean": 26.0,
  "eval_occupied_post_mean": 0.44999998807907104,
  "eval_return_end_mean": -23.832929611206055,
  "eval_t_eval": 104.0,
  "final_depr_F_post": 12.300186157226562,
  "final_energy_E_post": 0.40356603264808655,
  "final_episode_return_end_mean": -27.526123046875,
  "final_funding_alpha_eff": 2.2983179803759413e-07,
  "final_funding_g": 0.1023947149515152,
  "final_funding_g_raw": 0.1023947149515152,
  "final_update_counter": 2.0,
  "final_vartd_VarTD": 0.14532998204231262,
  "mechanism": "hardzero_plus_depr",
  "mechanism_tag": "hardzero_plus_depr__c0p56__z1p05__lam0p010__nu0p50__psi1p00",
  "runtime_sec": 10.69829078996554,
  "seed": 35,
  "z_cut": 1.05
}