{
  "alpha": 0.067,
  "c_upd": 0.58,
  "depr_lambda": 0.005,
  "depr_nu": 1.0,
  "depr_psi": 0.5,
  "eval_CSR_post": 0.0,
  "eval_dbar_post_mean": 0.6083391904830933,
  "eval_done_count": 100.0,
  "eval_episodes_per_env": 4.0,
  "eval_len_end_mean": 26.0,
  "eval_occupied_post_mean": 0.28999999165534973,
  "eval_return_end_mean": -24.025663375854492,
  "eval_t_eval": 104.0,
  "final_depr_F_post": 3.8950417041778564,
  "final_energy_E_post": 0.4052587151527405,
  "final_episode_return_end_mean": -29.057762145996094,
  "final_funding_alpha_eff": 0.009579945355653763,
  "final_funding_g": 0.0,
  "final_funding_g_raw": 0.07352808862924576,
  "final_update_counter": 2.0,
  "final_vartd_VarTD": 0.17890124022960663,
  "mechanism": "hardzero_plus_depr",
  "mechanism_tag": "hardzero_plus_depr__c0p58__z1p00__lam0p005__nu1p00__psi0p50",
  "runtime_sec": 9.458552442025393,
  "seed": 36,
  "z_cut": 1.0
}