{
  "alpha": 0.088,
  "c_upd": 0.58,
  "depr_lambda": 0.005,
  "depr_nu": 1.0,
  "depr_psi": 0.5,
  "eval_CSR_post": 0.0,
  "eval_dbar_post_mean": 0.4865894317626953,
  "eval_done_count": 100.0,
  "eval_episodes_per_env": 4.0,
  "eval_len_end_mean": 26.0,
  "eval_occupied_post_mean": 0.41999998688697815,
  "eval_return_end_mean": -21.48169708251953,
  "eval_t_eval": 104.0,
  "final_depr_F_post": 0.22499991953372955,
  "final_energy_E_post": 0.5290769934654236,
  "final_episode_return_end_mean": -25.657236099243164,
  "final_funding_alpha_eff": 0.07883340865373611,
  "final_funding_g": 0.13337720930576324,
  "final_funding_g_raw": 0.13337720930576324,
  "final_update_counter": 15.0,
  "final_vartd_VarTD": 0.26741018891334534,
  "mechanism": "hardzero_plus_depr",
  "mechanism_tag": "hardzero_plus_depr__c0p58__z1p00__lam0p005__nu1p00__psi0p50",
  "runtime_sec": 9.485611799987964,
  "seed": 42,
  "z_cut": 1.0
}