{
  "alpha": 0.1,
  "c_upd": 0.52,
  "depr_lambda": 0.01,
  "depr_nu": 0.5,
  "depr_psi": 1.0,
  "eval_CSR_post": 0.0,
  "eval_dbar_post_mean": 0.5473001003265381,
  "eval_done_count": 100.0,
  "eval_episodes_per_env": 4.0,
  "eval_len_end_mean": 26.0,
  "eval_occupied_post_mean": 0.28999999165534973,
  "eval_return_end_mean": -24.667343139648438,
  "eval_t_eval": 104.0,
  "final_depr_F_post": 11.12765884399414,
  "final_energy_E_post": 0.4322899281978607,
  "final_episode_return_end_mean": -27.49053382873535,
  "final_funding_alpha_eff": 1.4847803413431393e-06,
  "final_funding_g": 0.10395966470241547,
  "final_funding_g_raw": 0.10395966470241547,
  "final_update_counter": 4.0,
  "final_vartd_VarTD": 0.11697731167078018,
  "mechanism": "hardzero_plus_depr",
  "mechanism_tag": "hardzero_plus_depr__c0p52__z1p10__lam0p010__nu0p50__psi1p00",
  "runtime_sec": 10.571510238049086,
  "seed": 31,
  "z_cut": 1.1
}