{
  "alpha": 0.079,
  "c_upd": 0.58,
  "depr_lambda": 0.005,
  "depr_nu": 1.0,
  "depr_psi": 0.5,
  "eval_CSR_post": 0.0,
  "eval_dbar_post_mean": 0.4952947497367859,
  "eval_done_count": 100.0,
  "eval_episodes_per_env": 4.0,
  "eval_len_end_mean": 26.0,
  "eval_occupied_post_mean": 0.47999998927116394,
  "eval_return_end_mean": -24.142324447631836,
  "eval_t_eval": 104.0,
  "final_depr_F_post": 0.24499990046024323,
  "final_energy_E_post": 0.5109521150588989,
  "final_episode_return_end_mean": -25.91266441345215,
  "final_funding_alpha_eff": 0.07006672024726868,
  "final_funding_g": 0.12567801773548126,
  "final_funding_g_raw": 0.12567801773548126,
  "final_update_counter": 13.0,
  "final_vartd_VarTD": 0.19217443466186523,
  "mechanism": "hardzero_plus_depr",
  "mechanism_tag": "hardzero_plus_depr__c0p58__z1p00__lam0p005__nu1p00__psi0p50",
  "runtime_sec": 9.491171999950893,
  "seed": 56,
  "z_cut": 1.0
}