{
  "alpha": 0.12,
  "c_upd": 0.5,
  "depr_lambda": 0.01,
  "depr_nu": 0.5,
  "depr_psi": 0.75,
  "eval_CSR_post": 0.0,
  "eval_dbar_post_mean": 0.4964425265789032,
  "eval_done_count": 100.0,
  "eval_episodes_per_env": 4.0,
  "eval_len_end_mean": 26.0,
  "eval_occupied_post_mean": 0.38999998569488525,
  "eval_return_end_mean": -24.1252384185791,
  "eval_t_eval": 104.0,
  "final_depr_F_post": 0.5925650596618652,
  "final_energy_E_post": 0.41595929861068726,
  "final_episode_return_end_mean": -23.094955444335938,
  "final_funding_alpha_eff": 0.07752247899770737,
  "final_funding_g": 0.1858488768339157,
  "final_funding_g_raw": 0.1858488768339157,
  "final_update_counter": 27.0,
  "final_vartd_VarTD": 1.4740675687789917,
  "mechanism": "hardzero_plus_depr",
  "mechanism_tag": "hardzero_plus_depr__c0p50__z1p10__lam0p010__nu0p50__psi0p75",
  "runtime_sec": 10.7048153289943,
  "seed": 33,
  "z_cut": 1.1
}