{
  "alpha": 0.08,
  "c_upd": 0.56,
  "depr_lambda": 0.01,
  "depr_nu": 0.5,
  "depr_psi": 1.0,
  "eval_CSR_post": 0.0,
  "eval_dbar_post_mean": 0.5607298016548157,
  "eval_done_count": 100.0,
  "eval_episodes_per_env": 4.0,
  "eval_len_end_mean": 26.0,
  "eval_occupied_post_mean": 0.22999998927116394,
  "eval_return_end_mean": -24.13564109802246,
  "eval_t_eval": 104.0,
  "final_depr_F_post": 10.985156059265137,
  "final_energy_E_post": 0.19340220093727112,
  "final_episode_return_end_mean": -26.272741317749023,
  "final_funding_alpha_eff": 1.3697469967155484e-06,
  "final_funding_g": 0.10060154646635056,
  "final_funding_g_raw": 0.10060154646635056,
  "final_update_counter": 3.0,
  "final_vartd_VarTD": 0.14058610796928406,
  "mechanism": "hardzero_plus_depr",
  "mechanism_tag": "hardzero_plus_depr__c0p56__z1p05__lam0p010__nu0p50__psi1p00",
  "runtime_sec": 10.858895212004427,
  "seed": 39,
  "z_cut": 1.05
}