{
  "alpha": 0.18,
  "borrow_interest": 0.02,
  "borrow_limit": 0.3,
  "c_upd": 0.58,
  "depr_lambda": 0.0,
  "depr_nu": 0.5,
  "depr_psi": 0.0,
  "eval_CSR_post": 0.009999999776482582,
  "eval_dbar_post_mean": 0.49262893199920654,
  "eval_done_count": 100.0,
  "eval_episodes_per_env": 4.0,
  "eval_len_end_mean": 26.0,
  "eval_occupied_post_mean": 0.5099999904632568,
  "eval_return_end_mean": -24.47744369506836,
  "eval_t_eval": 104.0,
  "family": "borrow",
  "final_depr_F_post": 0.0,
  "final_energy_E_post": 0.18988828361034393,
  "final_update_counter": 49.0,
  "final_vartd_VarTD": 4.884340763092041,
  "max_debt_level_post": 0.29081782698631287,
  "mean_update_fraction": 0.03920000046491623,
  "mechanism": "hardzero_only",
  "mechanism_tag": "hardzero_only__c0p58__z1p00__lam0p000__nu0p50__psi0p00",
  "runtime_sec": 10.666652476997115,
  "seed": 36,
  "support_mode": "none",
  "support_total": 0.0,
  "total_debt_charge": 1.8343831300735474,
  "total_support_s": 0.0,
  "z_cut": 1.0
}