{
  "alpha": 0.04,
  "c_upd": 0.56,
  "depr_lambda": 0.01,
  "depr_nu": 0.5,
  "depr_psi": 1.0,
  "eval_CSR_post": 0.0,
  "eval_dbar_post_mean": 0.5674317479133606,
  "eval_done_count": 100.0,
  "eval_episodes_per_env": 4.0,
  "eval_len_end_mean": 26.0,
  "eval_occupied_post_mean": 0.23999999463558197,
  "eval_return_end_mean": -23.430816650390625,
  "eval_t_eval": 104.0,
  "final_depr_F_post": 12.290185928344727,
  "final_energy_E_post": 0.3343912959098816,
  "final_episode_return_end_mean": -26.82021141052246,
  "final_funding_alpha_eff": 1.8571331850125716e-07,
  "final_funding_g": 0.10768153518438339,
  "final_funding_g_raw": 0.10768153518438339,
  "final_update_counter": 2.0,
  "final_vartd_VarTD": 0.12119881063699722,
  "mechanism": "hardzero_plus_depr",
  "mechanism_tag": "hardzero_plus_depr__c0p56__z1p10__lam0p010__nu0p50__psi1p00",
  "runtime_sec": 10.747391712036915,
  "seed": 33,
  "z_cut": 1.1
}