{
  "alpha": 0.067,
  "c_upd": 0.58,
  "depr_lambda": 0.005,
  "depr_nu": 1.0,
  "depr_psi": 0.5,
  "eval_CSR_post": 0.0,
  "eval_dbar_post_mean": 0.4752826690673828,
  "eval_done_count": 100.0,
  "eval_episodes_per_env": 4.0,
  "eval_len_end_mean": 26.0,
  "eval_occupied_post_mean": 0.4099999964237213,
  "eval_return_end_mean": -23.907861709594727,
  "eval_t_eval": 104.0,
  "final_depr_F_post": 0.21999992430210114,
  "final_energy_E_post": 0.43314114212989807,
  "final_episode_return_end_mean": -25.226343154907227,
  "final_funding_alpha_eff": 0.060171131044626236,
  "final_funding_g": 0.14197823405265808,
  "final_funding_g_raw": 0.14197823405265808,
  "final_update_counter": 14.0,
  "final_vartd_VarTD": 0.21896494925022125,
  "mechanism": "hardzero_plus_depr",
  "mechanism_tag": "hardzero_plus_depr__c0p58__z1p00__lam0p005__nu1p00__psi0p50",
  "runtime_sec": 9.497072374913841,
  "seed": 55,
  "z_cut": 1.0
}