{
  "alpha": 0.04,
  "c_upd": 0.54,
  "depr_lambda": 0.03,
  "depr_nu": 0.5,
  "depr_psi": 1.0,
  "eval_CSR_post": 0.0,
  "eval_dbar_post_mean": 0.5834661722183228,
  "eval_done_count": 100.0,
  "eval_episodes_per_env": 4.0,
  "eval_len_end_mean": 26.0,
  "eval_occupied_post_mean": 0.25,
  "eval_return_end_mean": -23.282060623168945,
  "eval_t_eval": 104.0,
  "final_depr_F_post": 36.330142974853516,
  "final_energy_E_post": 0.041161905974149704,
  "final_episode_return_end_mean": -27.41292381286621,
  "final_funding_alpha_eff": 6.8723877554773524e-18,
  "final_funding_g": 0.09229566156864166,
  "final_funding_g_raw": 0.09229566156864166,
  "final_update_counter": 2.0,
  "final_vartd_VarTD": 0.19425781071186066,
  "mechanism": "hardzero_plus_depr",
  "mechanism_tag": "hardzero_plus_depr__c0p54__z1p05__lam0p030__nu0p50__psi1p00",
  "runtime_sec": 23.643403919006232,
  "seed": 30,
  "z_cut": 1.05
}