{
  "alpha": 0.02,
  "c_upd": 0.52,
  "depr_lambda": 0.01,
  "depr_nu": 0.5,
  "depr_psi": 0.75,
  "eval_CSR_post": 0.0,
  "eval_dbar_post_mean": 0.6115204095840454,
  "eval_done_count": 100.0,
  "eval_episodes_per_env": 4.0,
  "eval_len_end_mean": 26.0,
  "eval_occupied_post_mean": 0.25999999046325684,
  "eval_return_end_mean": -23.36998176574707,
  "eval_t_eval": 104.0,
  "final_depr_F_post": 12.235184669494629,
  "final_energy_E_post": 0.16702108085155487,
  "final_episode_return_end_mean": -28.056150436401367,
  "final_funding_alpha_eff": 2.084646666844492e-06,
  "final_funding_g": 0.08927307277917862,
  "final_funding_g_raw": 0.08927307277917862,
  "final_update_counter": 2.0,
  "final_vartd_VarTD": 0.21705035865306854,
  "mechanism": "hardzero_plus_depr",
  "mechanism_tag": "hardzero_plus_depr__c0p52__z1p05__lam0p010__nu0p50__psi0p75",
  "runtime_sec": 10.798008441983256,
  "seed": 38,
  "z_cut": 1.05
}