{
  "alpha": 0.12,
  "c_upd": 0.52,
  "depr_lambda": 0.03,
  "depr_nu": 0.5,
  "depr_psi": 0.75,
  "eval_CSR_post": 0.0,
  "eval_dbar_post_mean": 0.6290087103843689,
  "eval_done_count": 100.0,
  "eval_episodes_per_env": 4.0,
  "eval_len_end_mean": 26.0,
  "eval_occupied_post_mean": 0.20999999344348907,
  "eval_return_end_mean": -25.083419799804688,
  "eval_t_eval": 104.0,
  "final_depr_F_post": 37.39509963989258,
  "final_energy_E_post": 0.5136208534240723,
  "final_episode_return_end_mean": -26.428707122802734,
  "final_funding_alpha_eff": 8.101920962464218e-14,
  "final_funding_g": 0.09447286278009415,
  "final_funding_g_raw": 0.09447286278009415,
  "final_update_counter": 2.0,
  "final_vartd_VarTD": 0.12280294299125671,
  "mechanism": "hardzero_plus_depr",
  "mechanism_tag": "hardzero_plus_depr__c0p52__z1p10__lam0p030__nu0p50__psi0p75",
  "runtime_sec": 10.59223931300221,
  "seed": 34,
  "z_cut": 1.1
}