{
  "alpha": 0.04,
  "c_upd": 0.58,
  "depr_lambda": 0.0,
  "depr_nu": 0.5,
  "depr_psi": 0.0,
  "eval_CSR_post": 0.0,
  "eval_dbar_post_mean": 0.6617035865783691,
  "eval_done_count": 100.0,
  "eval_episodes_per_env": 4.0,
  "eval_len_end_mean": 26.0,
  "eval_occupied_post_mean": 0.23999999463558197,
  "eval_return_end_mean": -24.182058334350586,
  "eval_t_eval": 104.0,
  "final_depr_F_post": 0.0,
  "final_energy_E_post": 0.08191105723381042,
  "final_episode_return_end_mean": -27.510726928710938,
  "final_funding_alpha_eff": 0.03999999910593033,
  "final_funding_g": 0.0,
  "final_funding_g_raw": 0.09561669826507568,
  "final_update_counter": 5.0,
  "final_vartd_VarTD": 0.19526411592960358,
  "mechanism": "hardzero_only",
  "mechanism_tag": "hardzero_only__c0p58__z1p00__lam0p000__nu0p50__psi0p00",
  "runtime_sec": 21.576695349998772,
  "seed": 30,
  "z_cut": 1.0
}