{
  "alpha": 0.07,
  "c_upd": 0.58,
  "depr_lambda": 0.005,
  "depr_nu": 1.0,
  "depr_psi": 0.5,
  "eval_CSR_post": 0.0,
  "eval_dbar_post_mean": 0.5472030639648438,
  "eval_done_count": 100.0,
  "eval_episodes_per_env": 4.0,
  "eval_len_end_mean": 26.0,
  "eval_occupied_post_mean": 0.26999998092651367,
  "eval_return_end_mean": -24.030054092407227,
  "eval_t_eval": 104.0,
  "final_depr_F_post": 0.10000000894069672,
  "final_energy_E_post": 0.2067783772945404,
  "final_episode_return_end_mean": -25.030031204223633,
  "final_funding_alpha_eff": 0.06675273180007935,
  "final_funding_g": 0.14049044251441956,
  "final_funding_g_raw": 0.14049044251441956,
  "final_update_counter": 12.0,
  "final_vartd_VarTD": 0.2000383585691452,
  "mechanism": "hardzero_plus_depr",
  "mechanism_tag": "hardzero_plus_depr__c0p58__z1p00__lam0p005__nu1p00__psi0p50",
  "runtime_sec": 9.484411300974898,
  "seed": 59,
  "z_cut": 1.0
}