{
  "alpha": 0.073,
  "c_upd": 0.58,
  "depr_lambda": 0.005,
  "depr_nu": 1.0,
  "depr_psi": 0.5,
  "eval_CSR_post": 0.009999999776482582,
  "eval_dbar_post_mean": 0.4982721507549286,
  "eval_done_count": 100.0,
  "eval_episodes_per_env": 4.0,
  "eval_len_end_mean": 26.0,
  "eval_occupied_post_mean": 0.41999998688697815,
  "eval_return_end_mean": -24.669124603271484,
  "eval_t_eval": 104.0,
  "final_depr_F_post": 0.11500001698732376,
  "final_energy_E_post": 0.20469480752944946,
  "final_episode_return_end_mean": -26.7026309967041,
  "final_funding_alpha_eff": 0.06909341365098953,
  "final_funding_g": 0.1145404577255249,
  "final_funding_g_raw": 0.1145404577255249,
  "final_update_counter": 8.0,
  "final_vartd_VarTD": 0.1562555432319641,
  "mechanism": "hardzero_plus_depr",
  "mechanism_tag": "hardzero_plus_depr__c0p58__z1p00__lam0p005__nu1p00__psi0p50",
  "runtime_sec": 9.473314178991131,
  "seed": 51,
  "z_cut": 1.0
}