{
  "alpha": 0.06,
  "c_upd": 0.58,
  "depr_lambda": 0.0,
  "depr_nu": 0.5,
  "depr_psi": 0.0,
  "eval_CSR_post": 0.0,
  "eval_dbar_post_mean": 0.5055215358734131,
  "eval_done_count": 100.0,
  "eval_episodes_per_env": 4.0,
  "eval_len_end_mean": 26.0,
  "eval_occupied_post_mean": 0.3799999952316284,
  "eval_return_end_mean": -24.220293045043945,
  "eval_t_eval": 104.0,
  "final_depr_F_post": 0.0,
  "final_energy_E_post": 0.2698671817779541,
  "final_episode_return_end_mean": -23.956748962402344,
  "final_funding_alpha_eff": 0.05999999865889549,
  "final_funding_g": 0.15595799684524536,
  "final_funding_g_raw": 0.15595799684524536,
  "final_update_counter": 17.0,
  "final_vartd_VarTD": 0.3537839353084564,
  "mechanism": "hardzero_only",
  "mechanism_tag": "hardzero_only__c0p58__z1p05__lam0p000__nu0p50__psi0p00",
  "runtime_sec": 9.675403215980623,
  "seed": 32,
  "z_cut": 1.05
}