{
  "alpha": 0.06,
  "c_upd": 0.56,
  "depr_lambda": 0.0,
  "depr_nu": 0.5,
  "depr_psi": 0.0,
  "eval_CSR_post": 0.009999999776482582,
  "eval_dbar_post_mean": 0.48555415868759155,
  "eval_done_count": 100.0,
  "eval_episodes_per_env": 4.0,
  "eval_len_end_mean": 26.0,
  "eval_occupied_post_mean": 0.429999977350235,
  "eval_return_end_mean": -23.94829559326172,
  "eval_t_eval": 104.0,
  "final_depr_F_post": 0.0,
  "final_energy_E_post": 0.17689745128154755,
  "final_episode_return_end_mean": -24.647132873535156,
  "final_funding_alpha_eff": 0.05999999865889549,
  "final_funding_g": 0.1598178744316101,
  "final_funding_g_raw": 0.1598178744316101,
  "final_update_counter": 18.0,
  "final_vartd_VarTD": 0.5057267546653748,
  "mechanism": "hardzero_only",
  "mechanism_tag": "hardzero_only__c0p56__z1p10__lam0p000__nu0p50__psi0p00",
  "runtime_sec": 9.855738489015494,
  "seed": 38,
  "z_cut": 1.1
}