{
  "alpha": 0.04,
  "c_upd": 0.52,
  "depr_lambda": 0.02,
  "depr_nu": 0.5,
  "depr_psi": 1.0,
  "eval_CSR_post": 0.0,
  "eval_dbar_post_mean": 0.5195467472076416,
  "eval_done_count": 100.0,
  "eval_episodes_per_env": 4.0,
  "eval_len_end_mean": 26.0,
  "eval_occupied_post_mean": 0.3999999761581421,
  "eval_return_end_mean": -23.91565704345703,
  "eval_t_eval": 104.0,
  "final_depr_F_post": 24.820377349853516,
  "final_energy_E_post": 0.1765095740556717,
  "final_episode_return_end_mean": -26.24327850341797,
  "final_funding_alpha_eff": 6.782551950634819e-13,
  "final_funding_g": 0.098875030875206,
  "final_funding_g_raw": 0.098875030875206,
  "final_update_counter": 2.0,
  "final_vartd_VarTD": 0.13056714832782745,
  "mechanism": "hardzero_plus_depr",
  "mechanism_tag": "hardzero_plus_depr__c0p52__z1p10__lam0p020__nu0p50__psi1p00",
  "runtime_sec": 10.56552638800349,
  "seed": 32,
  "z_cut": 1.1
}