{
  "alpha": 0.0,
  "c_upd": 0.6,
  "depr_lambda": 0.01,
  "depr_nu": 0.5,
  "depr_psi": 0.75,
  "eval_CSR_post": 0.0,
  "eval_dbar_post_mean": 0.6845898628234863,
  "eval_done_count": 100.0,
  "eval_episodes_per_env": 4.0,
  "eval_len_end_mean": 26.0,
  "eval_occupied_post_mean": 0.1899999976158142,
  "eval_return_end_mean": -24.877288818359375,
  "eval_t_eval": 104.0,
  "final_depr_F_post": 12.490190505981445,
  "final_energy_E_post": 0.3999999761581421,
  "final_episode_return_end_mean": -28.268869400024414,
  "final_funding_alpha_eff": 0.0,
  "final_funding_g": 0.08699900656938553,
  "final_funding_g_raw": 0.08699900656938553,
  "final_update_counter": 1.0,
  "final_vartd_VarTD": 0.22033630311489105,
  "mechanism": "hardzero_plus_depr",
  "mechanism_tag": "hardzero_plus_depr__c0p60__z1p10__lam0p010__nu0p50__psi0p75",
  "runtime_sec": 10.716308392002247,
  "seed": 38,
  "z_cut": 1.1
}