{
  "alpha": 0.067,
  "c_upd": 0.58,
  "depr_lambda": 0.005,
  "depr_nu": 1.0,
  "depr_psi": 0.5,
  "eval_CSR_post": 0.0,
  "eval_dbar_post_mean": 0.5224502086639404,
  "eval_done_count": 100.0,
  "eval_episodes_per_env": 4.0,
  "eval_len_end_mean": 26.0,
  "eval_occupied_post_mean": 0.26999998092651367,
  "eval_return_end_mean": -23.188690185546875,
  "eval_t_eval": 104.0,
  "final_depr_F_post": 0.05499999225139618,
  "final_energy_E_post": 0.10943245887756348,
  "final_episode_return_end_mean": -24.820598602294922,
  "final_funding_alpha_eff": 0.06534576416015625,
  "final_funding_g": 0.13765956461429596,
  "final_funding_g_raw": 0.13765956461429596,
  "final_update_counter": 11.0,
  "final_vartd_VarTD": 0.17047308385372162,
  "mechanism": "hardzero_plus_depr",
  "mechanism_tag": "hardzero_plus_depr__c0p58__z1p00__lam0p005__nu1p00__psi0p50",
  "runtime_sec": 9.47732523898594,
  "seed": 43,
  "z_cut": 1.0
}