{
  "I_R_full_anchor_compat": 1.8094259342310677,
  "above_R_THRESH_FULL_anchor": 1.0,
  "alpha": 1.0,
  "borrow_interest": 0.0,
  "borrow_limit": 0.0,
  "c_upd": 0.9,
  "condition": "enabled_full__base__t4m__a1p00__c0p90",
  "eval_CSR_post": 0.0,
  "eval_CSR_pre": 0.009999999776482582,
  "eval_dbar_post_mean": 0.5734413862228394,
  "eval_dbar_pre_mean": 0.5729159712791443,
  "eval_done_count": 100.0,
  "eval_done_per_env_max": 4.0,
  "eval_done_per_env_min": 4.0,
  "eval_episodes_per_env": 4.0,
  "eval_len_end_mean": 26.0,
  "eval_max_tilde_post_mean": 0.8509685397148132,
  "eval_max_tilde_pre_mean": 0.8507978916168213,
  "eval_occupied_post_mean": 0.3799999952316284,
  "eval_occupied_pre_mean": 0.35999998450279236,
  "eval_return_end_mean": -22.774686813354492,
  "eval_t_eval": 104.0,
  "family": "base",
  "final_energy": 0.24524088203907013,
  "final_executed_updates": 204.0,
  "final_vartd": 3.1863112449645996,
  "max_debt_level": 0.0,
  "mean_update_fraction": 0.1632000058889389,
  "metric_horizon": "long4m",
  "phase": "extension_full",
  "runtime_sec": 11.717533753999305,
  "seed": 47,
  "support_mode": "none",
  "support_total": 0.0,
  "total_debt_charge": 0.0,
  "total_support_injected": 0.0,
  "total_timesteps": 4000000,
  "train_final_return_end_mean": -24.47763442993164
}