{
  "alpha": 0.12,
  "c_upd": 0.5,
  "depr_lambda": 0.01,
  "depr_nu": 0.5,
  "depr_psi": 0.75,
  "eval_CSR_post": 0.0,
  "eval_dbar_post_mean": 0.5271150469779968,
  "eval_done_count": 100.0,
  "eval_episodes_per_env": 4.0,
  "eval_len_end_mean": 26.0,
  "eval_occupied_post_mean": 0.3700000047683716,
  "eval_return_end_mean": -24.31861686706543,
  "eval_t_eval": 104.0,
  "final_depr_F_post": 5.691603660583496,
  "final_energy_E_post": 0.30694663524627686,
  "final_episode_return_end_mean": -25.203598022460938,
  "final_funding_alpha_eff": 0.001692639198154211,
  "final_funding_g": 0.12038011103868484,
  "final_funding_g_raw": 0.12038011103868484,
  "final_update_counter": 7.0,
  "final_vartd_VarTD": 0.11837746948003769,
  "mechanism": "hardzero_plus_depr",
  "mechanism_tag": "hardzero_plus_depr__c0p50__z1p00__lam0p010__nu0p50__psi0p75",
  "runtime_sec": 9.96463587199105,
  "seed": 34,
  "z_cut": 1.0
}