{
  "alpha": 0.12,
  "c_upd": 0.6,
  "depr_lambda": 0.02,
  "depr_nu": 0.5,
  "depr_psi": 1.25,
  "eval_CSR_post": 0.0,
  "eval_dbar_post_mean": 0.5852338075637817,
  "eval_done_count": 100.0,
  "eval_episodes_per_env": 4.0,
  "eval_len_end_mean": 26.0,
  "eval_occupied_post_mean": 0.26999998092651367,
  "eval_return_end_mean": -24.249094009399414,
  "eval_t_eval": 104.0,
  "final_depr_F_post": 24.69037437438965,
  "final_energy_E_post": 0.30402836203575134,
  "final_episode_return_end_mean": -27.97829818725586,
  "final_funding_alpha_eff": 4.857607321077798e-15,
  "final_funding_g": 0.0,
  "final_funding_g_raw": 0.08840950578451157,
  "final_update_counter": 2.0,
  "final_vartd_VarTD": 0.17633329331874847,
  "mechanism": "hardzero_plus_depr",
  "mechanism_tag": "hardzero_plus_depr__c0p60__z1p05__lam0p020__nu0p50__psi1p25",
  "runtime_sec": 10.877888843999244,
  "seed": 40,
  "z_cut": 1.05
}