{
  "alpha": 0.03,
  "c_upd": 0.54,
  "depr_lambda": 0.03,
  "depr_nu": 0.5,
  "depr_psi": 1.0,
  "eval_CSR_post": 0.0,
  "eval_dbar_post_mean": 0.5840878486633301,
  "eval_done_count": 100.0,
  "eval_episodes_per_env": 4.0,
  "eval_len_end_mean": 26.0,
  "eval_occupied_post_mean": 0.2800000011920929,
  "eval_return_end_mean": -23.919281005859375,
  "eval_t_eval": 104.0,
  "final_depr_F_post": 36.46513748168945,
  "final_energy_E_post": 0.03820281848311424,
  "final_episode_return_end_mean": -28.00621223449707,
  "final_funding_alpha_eff": 4.503410723526017e-18,
  "final_funding_g": 0.08909399062395096,
  "final_funding_g_raw": 0.08909399062395096,
  "final_update_counter": 2.0,
  "final_vartd_VarTD": 0.1780300736427307,
  "mechanism": "hardzero_plus_depr",
  "mechanism_tag": "hardzero_plus_depr__c0p54__z1p10__lam0p030__nu0p50__psi1p00",
  "runtime_sec": 10.658453329000622,
  "seed": 40,
  "z_cut": 1.1
}