{
  "alpha": 0.12,
  "c_upd": 0.6,
  "depr_lambda": 0.0,
  "depr_nu": 0.5,
  "depr_psi": 0.0,
  "eval_CSR_post": 0.009999999776482582,
  "eval_dbar_post_mean": 0.5252623558044434,
  "eval_done_count": 100.0,
  "eval_episodes_per_env": 4.0,
  "eval_len_end_mean": 26.0,
  "eval_occupied_post_mean": 0.3199999928474426,
  "eval_return_end_mean": -24.45142364501953,
  "eval_t_eval": 104.0,
  "final_depr_F_post": 0.0,
  "final_energy_E_post": 0.14586706459522247,
  "final_episode_return_end_mean": -24.30307388305664,
  "final_funding_alpha_eff": 0.11999999731779099,
  "final_funding_g": 0.1575460284948349,
  "final_funding_g_raw": 0.1575460284948349,
  "final_update_counter": 26.0,
  "final_vartd_VarTD": 1.2693721055984497,
  "mechanism": "hardzero_only",
  "mechanism_tag": "hardzero_only__c0p60__z1p00__lam0p000__nu0p50__psi0p00",
  "runtime_sec": 10.011702762974892,
  "seed": 36,
  "z_cut": 1.0
}