{
  "alpha": 0.08,
  "c_upd": 0.56,
  "depr_lambda": 0.0,
  "depr_nu": 0.5,
  "depr_psi": 0.0,
  "eval_CSR_post": 0.0,
  "eval_dbar_post_mean": 0.4714103937149048,
  "eval_done_count": 100.0,
  "eval_episodes_per_env": 4.0,
  "eval_len_end_mean": 26.0,
  "eval_occupied_post_mean": 0.429999977350235,
  "eval_return_end_mean": -22.424728393554688,
  "eval_t_eval": 104.0,
  "final_depr_F_post": 0.0,
  "final_energy_E_post": 0.26658862829208374,
  "final_episode_return_end_mean": -24.163137435913086,
  "final_funding_alpha_eff": 0.07999999821186066,
  "final_funding_g": 0.17320114374160767,
  "final_funding_g_raw": 0.17320114374160767,
  "final_update_counter": 26.0,
  "final_vartd_VarTD": 1.4134095907211304,
  "mechanism": "hardzero_only",
  "mechanism_tag": "hardzero_only__c0p56__z1p10__lam0p000__nu0p50__psi0p00",
  "runtime_sec": 10.014982461987529,
  "seed": 38,
  "z_cut": 1.1
}