{
  "I_R_full": 1.6429358900556492,
  "alpha": 1.0,
  "borrow_interest": 0.02,
  "borrow_limit": 0.6,
  "c_upd": 0.9,
  "condition": "enabled_full__borrow__t1m__a1p00__c0p90",
  "eval_CSR_post": 0.0,
  "eval_CSR_pre": 0.0,
  "eval_dbar_post_mean": 0.5028321743011475,
  "eval_dbar_pre_mean": 0.4928743839263916,
  "eval_done_count": 100.0,
  "eval_done_per_env_max": 4.0,
  "eval_done_per_env_min": 4.0,
  "eval_episodes_per_env": 4.0,
  "eval_len_end_mean": 26.0,
  "eval_max_tilde_post_mean": 0.714749276638031,
  "eval_max_tilde_pre_mean": 0.7195385694503784,
  "eval_occupied_post_mean": 0.41999998688697815,
  "eval_occupied_pre_mean": 0.4099999964237213,
  "eval_return_end_mean": -23.187074661254883,
  "eval_t_eval": 104.0,
  "family": "borrow",
  "final_energy": 0.020239900797605515,
  "final_executed_updates": 53.0,
  "final_vartd": 5.436603546142578,
  "learned_R_full_0p5": 1.0,
  "max_debt_level": 0.48141705989837646,
  "mean_update_fraction": 0.16987179219722748,
  "metric_horizon": "full",
  "phase": "extension_full",
  "runtime_sec": 2.8089018169994233,
  "seed": 31,
  "support_mode": "none",
  "support_total": 0.0,
  "total_debt_charge": 0.7069111466407776,
  "total_support_injected": 0.0,
  "total_timesteps": 1000000,
  "train_final_return_end_mean": -22.299415588378906
}