{
  "alpha": 0.052,
  "c_upd": 0.58,
  "depr_lambda": 0.0,
  "depr_nu": 0.5,
  "depr_psi": 0.0,
  "eval_CSR_post": 0.0,
  "eval_dbar_post_mean": 0.5595797300338745,
  "eval_done_count": 100.0,
  "eval_episodes_per_env": 4.0,
  "eval_len_end_mean": 26.0,
  "eval_occupied_post_mean": 0.1899999976158142,
  "eval_return_end_mean": -24.086339950561523,
  "eval_t_eval": 104.0,
  "final_depr_F_post": 0.0,
  "final_energy_E_post": 0.4209149479866028,
  "final_episode_return_end_mean": -26.231224060058594,
  "final_funding_alpha_eff": 0.052000001072883606,
  "final_funding_g": 0.12397121638059616,
  "final_funding_g_raw": 0.12397121638059616,
  "final_update_counter": 12.0,
  "final_vartd_VarTD": 0.1945083737373352,
  "mechanism": "hardzero_only",
  "mechanism_tag": "hardzero_only__c0p58__z1p00__lam0p000__nu0p50__psi0p00",
  "runtime_sec": 9.488951646955684,
  "seed": 53,
  "z_cut": 1.0
}