{
  "alpha": 0.12,
  "c_upd": 0.5,
  "depr_lambda": 0.01,
  "depr_nu": 0.5,
  "depr_psi": 0.75,
  "eval_CSR_post": 0.009999999776482582,
  "eval_dbar_post_mean": 0.4955710172653198,
  "eval_done_count": 100.0,
  "eval_episodes_per_env": 4.0,
  "eval_len_end_mean": 26.0,
  "eval_occupied_post_mean": 0.3799999952316284,
  "eval_return_end_mean": -22.64678192138672,
  "eval_t_eval": 104.0,
  "final_depr_F_post": 0.8948808312416077,
  "final_energy_E_post": 0.44647565484046936,
  "final_episode_return_end_mean": -24.041013717651367,
  "final_funding_alpha_eff": 0.06179553270339966,
  "final_funding_g": 0.15272437036037445,
  "final_funding_g_raw": 0.15272437036037445,
  "final_update_counter": 21.0,
  "final_vartd_VarTD": 0.7241546511650085,
  "mechanism": "hardzero_plus_depr",
  "mechanism_tag": "hardzero_plus_depr__c0p50__z1p05__lam0p010__nu0p50__psi0p75",
  "runtime_sec": 10.638147518970072,
  "seed": 32,
  "z_cut": 1.05
}