{
  "alpha": 0.05,
  "c_upd": 0.5,
  "depr_lambda": 0.0,
  "depr_nu": 0.5,
  "depr_psi": 0.0,
  "eval_CSR_post": 0.0,
  "eval_dbar_post_mean": 0.4954136312007904,
  "eval_done_count": 100.0,
  "eval_episodes_per_env": 4.0,
  "eval_len_end_mean": 26.0,
  "eval_occupied_post_mean": 0.4399999976158142,
  "eval_return_end_mean": -23.733009338378906,
  "eval_t_eval": 104.0,
  "final_depr_F_post": 0.0,
  "final_energy_E_post": 0.14736226201057434,
  "final_episode_return_end_mean": -23.873611450195312,
  "final_funding_alpha_eff": 0.05000000074505806,
  "final_funding_g": 0.15962353348731995,
  "final_funding_g_raw": 0.15962353348731995,
  "final_update_counter": 16.0,
  "final_vartd_VarTD": 0.3147580921649933,
  "mechanism": "hardzero_only",
  "mechanism_tag": "hardzero_only__c0p50__z1p00__lam0p000__nu0p50__psi0p00",
  "runtime_sec": 9.798110536008608,
  "seed": 32,
  "z_cut": 1.0
}