{
  "alpha": 0.12,
  "c_upd": 0.6,
  "depr_lambda": 0.01,
  "depr_nu": 0.5,
  "depr_psi": 1.0,
  "eval_CSR_post": 0.0,
  "eval_dbar_post_mean": 0.5605325698852539,
  "eval_done_count": 100.0,
  "eval_episodes_per_env": 4.0,
  "eval_len_end_mean": 26.0,
  "eval_occupied_post_mean": 0.29999998211860657,
  "eval_return_end_mean": -23.95357894897461,
  "eval_t_eval": 104.0,
  "final_depr_F_post": 11.555169105529785,
  "final_energy_E_post": 0.24778540432453156,
  "final_episode_return_end_mean": -27.182998657226562,
  "final_funding_alpha_eff": 1.1619249562500045e-06,
  "final_funding_g": 0.10688306391239166,
  "final_funding_g_raw": 0.10688306391239166,
  "final_update_counter": 2.0,
  "final_vartd_VarTD": 0.13926191627979279,
  "mechanism": "hardzero_plus_depr",
  "mechanism_tag": "hardzero_plus_depr__c0p60__z1p00__lam0p010__nu0p50__psi1p00",
  "runtime_sec": 10.60285439400468,
  "seed": 35,
  "z_cut": 1.0
}