{
  "alpha": 0.05,
  "c_upd": 0.52,
  "depr_lambda": 0.01,
  "depr_nu": 0.5,
  "depr_psi": 1.25,
  "eval_CSR_post": 0.009999999776482582,
  "eval_dbar_post_mean": 0.5747932195663452,
  "eval_done_count": 100.0,
  "eval_episodes_per_env": 4.0,
  "eval_len_end_mean": 26.0,
  "eval_occupied_post_mean": 0.29999998211860657,
  "eval_return_end_mean": -24.20931625366211,
  "eval_t_eval": 104.0,
  "final_depr_F_post": 12.440189361572266,
  "final_energy_E_post": 0.3903490900993347,
  "final_episode_return_end_mean": -27.44534683227539,
  "final_funding_alpha_eff": 8.933397133148446e-09,
  "final_funding_g": 0.10243666917085648,
  "final_funding_g_raw": 0.10243666917085648,
  "final_update_counter": 2.0,
  "final_vartd_VarTD": 0.1462104469537735,
  "mechanism": "hardzero_plus_depr",
  "mechanism_tag": "hardzero_plus_depr__c0p52__z1p10__lam0p010__nu0p50__psi1p25",
  "runtime_sec": 10.68295731197577,
  "seed": 35,
  "z_cut": 1.1
}