{
  "alpha": 0.06,
  "c_upd": 0.5,
  "depr_lambda": 0.01,
  "depr_nu": 0.5,
  "depr_psi": 1.0,
  "eval_CSR_post": 0.0,
  "eval_dbar_post_mean": 0.6183021068572998,
  "eval_done_count": 100.0,
  "eval_episodes_per_env": 4.0,
  "eval_len_end_mean": 26.0,
  "eval_occupied_post_mean": 0.2800000011920929,
  "eval_return_end_mean": -24.169939041137695,
  "eval_t_eval": 104.0,
  "final_depr_F_post": 10.850152969360352,
  "final_energy_E_post": 0.109703928232193,
  "final_episode_return_end_mean": -27.19283676147461,
  "final_funding_alpha_eff": 1.1757980473703356e-06,
  "final_funding_g": 0.09663376957178116,
  "final_funding_g_raw": 0.09663376957178116,
  "final_update_counter": 3.0,
  "final_vartd_VarTD": 0.18603220582008362,
  "mechanism": "hardzero_plus_depr",
  "mechanism_tag": "hardzero_plus_depr__c0p50__z1p05__lam0p010__nu0p50__psi1p00",
  "runtime_sec": 23.340321363008115,
  "seed": 30,
  "z_cut": 1.05
}