{
  "alpha": 0.06,
  "c_upd": 0.54,
  "depr_lambda": 0.02,
  "depr_nu": 0.5,
  "depr_psi": 0.75,
  "eval_CSR_post": 0.0,
  "eval_dbar_post_mean": 0.7214826345443726,
  "eval_done_count": 100.0,
  "eval_episodes_per_env": 4.0,
  "eval_len_end_mean": 26.0,
  "eval_occupied_post_mean": 0.14999999105930328,
  "eval_return_end_mean": -26.57033920288086,
  "eval_t_eval": 104.0,
  "final_depr_F_post": 24.700374603271484,
  "final_energy_E_post": 0.22098703682422638,
  "final_episode_return_end_mean": -28.32231330871582,
  "final_funding_alpha_eff": 5.485781828795666e-10,
  "final_funding_g": 0.0,
  "final_funding_g_raw": 0.08529961854219437,
  "final_update_counter": 2.0,
  "final_vartd_VarTD": 0.12470802664756775,
  "mechanism": "hardzero_plus_depr",
  "mechanism_tag": "hardzero_plus_depr__c0p54__z1p05__lam0p020__nu0p50__psi0p75",
  "runtime_sec": 10.626869721978437,
  "seed": 31,
  "z_cut": 1.05
}