{
  "I_R_full_anchor_compat": 1.2900202725726844,
  "above_R_THRESH_FULL_anchor": 1.0,
  "alpha": 0.1,
  "borrow_interest": 0.0,
  "borrow_limit": 0.0,
  "c_upd": 1.0,
  "condition": "edge_full__base__t4m__a0p10__c1p00",
  "eval_CSR_post": 0.0,
  "eval_CSR_pre": 0.009999999776482582,
  "eval_dbar_post_mean": 0.480011910200119,
  "eval_dbar_pre_mean": 0.483628511428833,
  "eval_done_count": 100.0,
  "eval_done_per_env_max": 4.0,
  "eval_done_per_env_min": 4.0,
  "eval_episodes_per_env": 4.0,
  "eval_len_end_mean": 26.0,
  "eval_max_tilde_post_mean": 0.6936547756195068,
  "eval_max_tilde_pre_mean": 0.7043556571006775,
  "eval_occupied_post_mean": 0.3499999940395355,
  "eval_occupied_pre_mean": 0.4699999988079071,
  "eval_return_end_mean": -24.061229705810547,
  "eval_t_eval": 104.0,
  "family": "base",
  "final_energy": 0.12790320813655853,
  "final_executed_updates": 16.0,
  "final_vartd": 0.33662861585617065,
  "max_debt_level": 0.0,
  "mean_update_fraction": 0.012799999676644802,
  "metric_horizon": "long4m",
  "phase": "extension_full",
  "runtime_sec": 11.111644559001434,
  "seed": 55,
  "support_mode": "none",
  "support_total": 0.0,
  "total_debt_charge": 0.0,
  "total_support_injected": 0.0,
  "total_timesteps": 4000000,
  "train_final_return_end_mean": -24.9987735748291
}