{
  "alpha": 0.04,
  "c_upd": 0.54,
  "depr_lambda": 0.0,
  "depr_nu": 0.5,
  "depr_psi": 0.0,
  "eval_CSR_post": 0.0,
  "eval_dbar_post_mean": 0.5113956928253174,
  "eval_done_count": 100.0,
  "eval_episodes_per_env": 4.0,
  "eval_len_end_mean": 26.0,
  "eval_occupied_post_mean": 0.38999998569488525,
  "eval_return_end_mean": -25.345619201660156,
  "eval_t_eval": 104.0,
  "final_depr_F_post": 0.0,
  "final_energy_E_post": 0.24799582362174988,
  "final_episode_return_end_mean": -24.862337112426758,
  "final_funding_alpha_eff": 0.03999999910593033,
  "final_funding_g": 0.13176314532756805,
  "final_funding_g_raw": 0.13176314532756805,
  "final_update_counter": 12.0,
  "final_vartd_VarTD": 0.19291365146636963,
  "mechanism": "hardzero_only",
  "mechanism_tag": "hardzero_only__c0p54__z1p05__lam0p000__nu0p50__psi0p00",
  "runtime_sec": 9.751457403006498,
  "seed": 34,
  "z_cut": 1.05
}