{
  "alpha": 0.12,
  "c_upd": 0.54,
  "depr_lambda": 0.01,
  "depr_nu": 0.5,
  "depr_psi": 1.0,
  "eval_CSR_post": 0.0,
  "eval_dbar_post_mean": 0.5438761115074158,
  "eval_done_count": 100.0,
  "eval_episodes_per_env": 4.0,
  "eval_len_end_mean": 26.0,
  "eval_occupied_post_mean": 0.32999998331069946,
  "eval_return_end_mean": -23.326459884643555,
  "eval_t_eval": 104.0,
  "final_depr_F_post": 10.119510650634766,
  "final_energy_E_post": 0.4038805663585663,
  "final_episode_return_end_mean": -26.648845672607422,
  "final_funding_alpha_eff": 4.882886969426181e-06,
  "final_funding_g": 0.11188115179538727,
  "final_funding_g_raw": 0.11188115179538727,
  "final_update_counter": 5.0,
  "final_vartd_VarTD": 0.15045906603336334,
  "mechanism": "hardzero_plus_depr",
  "mechanism_tag": "hardzero_plus_depr__c0p54__z1p05__lam0p010__nu0p50__psi1p00",
  "runtime_sec": 10.738802761945408,
  "seed": 40,
  "z_cut": 1.05
}