{
  "alpha": 0.05,
  "c_upd": 0.6,
  "depr_lambda": 0.0,
  "depr_nu": 0.5,
  "depr_psi": 0.0,
  "eval_CSR_post": 0.009999999776482582,
  "eval_dbar_post_mean": 0.49737459421157837,
  "eval_done_count": 100.0,
  "eval_episodes_per_env": 4.0,
  "eval_len_end_mean": 26.0,
  "eval_occupied_post_mean": 0.4099999964237213,
  "eval_return_end_mean": -23.917150497436523,
  "eval_t_eval": 104.0,
  "final_depr_F_post": 0.0,
  "final_energy_E_post": 0.3114696741104126,
  "final_episode_return_end_mean": -24.360965728759766,
  "final_funding_alpha_eff": 0.05000000074505806,
  "final_funding_g": 0.1502930223941803,
  "final_funding_g_raw": 0.1502930223941803,
  "final_update_counter": 14.0,
  "final_vartd_VarTD": 0.24655106663703918,
  "mechanism": "hardzero_only",
  "mechanism_tag": "hardzero_only__c0p60__z1p10__lam0p000__nu0p50__psi0p00",
  "runtime_sec": 9.80164858797798,
  "seed": 32,
  "z_cut": 1.1
}