{
  "alpha": 0.082,
  "c_upd": 0.58,
  "depr_lambda": 0.005,
  "depr_nu": 1.0,
  "depr_psi": 0.5,
  "eval_CSR_post": 0.009999999776482582,
  "eval_dbar_post_mean": 0.5089995265007019,
  "eval_done_count": 100.0,
  "eval_episodes_per_env": 4.0,
  "eval_len_end_mean": 26.0,
  "eval_occupied_post_mean": 0.3100000023841858,
  "eval_return_end_mean": -23.58790397644043,
  "eval_t_eval": 104.0,
  "final_depr_F_post": 0.11500001698732376,
  "final_energy_E_post": 0.2394820600748062,
  "final_episode_return_end_mean": -26.50141716003418,
  "final_funding_alpha_eff": 0.0776117816567421,
  "final_funding_g": 0.12083760648965836,
  "final_funding_g_raw": 0.12083760648965836,
  "final_update_counter": 15.0,
  "final_vartd_VarTD": 0.2986551523208618,
  "mechanism": "hardzero_plus_depr",
  "mechanism_tag": "hardzero_plus_depr__c0p58__z1p00__lam0p005__nu1p00__psi0p50",
  "runtime_sec": 9.497409382951446,
  "seed": 51,
  "z_cut": 1.0
}