{
  "alpha": 0.01,
  "c_upd": 0.52,
  "depr_lambda": 0.0,
  "depr_nu": 0.5,
  "depr_psi": 0.0,
  "eval_CSR_post": 0.0,
  "eval_dbar_post_mean": 0.6851532459259033,
  "eval_done_count": 100.0,
  "eval_episodes_per_env": 4.0,
  "eval_len_end_mean": 26.0,
  "eval_occupied_post_mean": 0.20999999344348907,
  "eval_return_end_mean": -25.465106964111328,
  "eval_t_eval": 104.0,
  "final_depr_F_post": 0.0,
  "final_energy_E_post": 0.40370216965675354,
  "final_episode_return_end_mean": -26.462535858154297,
  "final_funding_alpha_eff": 0.009999999776482582,
  "final_funding_g": 0.0,
  "final_funding_g_raw": 0.09477195143699646,
  "final_update_counter": 2.0,
  "final_vartd_VarTD": 0.12386564910411835,
  "mechanism": "hardzero_only",
  "mechanism_tag": "hardzero_only__c0p52__z1p00__lam0p000__nu0p50__psi0p00",
  "runtime_sec": 9.697251882986166,
  "seed": 34,
  "z_cut": 1.0
}