{
  "alpha": 0.12,
  "c_upd": 0.52,
  "depr_lambda": 0.02,
  "depr_nu": 0.5,
  "depr_psi": 1.0,
  "eval_CSR_post": 0.0,
  "eval_dbar_post_mean": 0.6020786762237549,
  "eval_done_count": 100.0,
  "eval_episodes_per_env": 4.0,
  "eval_len_end_mean": 26.0,
  "eval_occupied_post_mean": 0.2800000011920929,
  "eval_return_end_mean": -24.123565673828125,
  "eval_t_eval": 104.0,
  "final_depr_F_post": 23.06033706665039,
  "final_energy_E_post": 0.08913790434598923,
  "final_episode_return_end_mean": -27.447254180908203,
  "final_funding_alpha_eff": 1.1827424456489766e-11,
  "final_funding_g": 0.1033838614821434,
  "final_funding_g_raw": 0.1033838614821434,
  "final_update_counter": 3.0,
  "final_vartd_VarTD": 0.14484672248363495,
  "mechanism": "hardzero_plus_depr",
  "mechanism_tag": "hardzero_plus_depr__c0p52__z1p05__lam0p020__nu0p50__psi1p00",
  "runtime_sec": 10.796361464017536,
  "seed": 35,
  "z_cut": 1.05
}