{
  "alpha": 0.1,
  "c_upd": 0.52,
  "depr_lambda": 0.01,
  "depr_nu": 0.5,
  "depr_psi": 1.25,
  "eval_CSR_post": 0.0,
  "eval_dbar_post_mean": 0.5179736614227295,
  "eval_done_count": 100.0,
  "eval_episodes_per_env": 4.0,
  "eval_len_end_mean": 26.0,
  "eval_occupied_post_mean": 0.41999998688697815,
  "eval_return_end_mean": -23.94753646850586,
  "eval_t_eval": 104.0,
  "final_depr_F_post": 12.015179634094238,
  "final_energy_E_post": 0.4767289459705353,
  "final_episode_return_end_mean": -27.220949172973633,
  "final_funding_alpha_eff": 3.0392815375535065e-08,
  "final_funding_g": 0.09624362736940384,
  "final_funding_g_raw": 0.09624362736940384,
  "final_update_counter": 3.0,
  "final_vartd_VarTD": 0.18014368414878845,
  "mechanism": "hardzero_plus_depr",
  "mechanism_tag": "hardzero_plus_depr__c0p52__z1p10__lam0p010__nu0p50__psi1p25",
  "runtime_sec": 23.843728949024808,
  "seed": 30,
  "z_cut": 1.1
}