{
  "alpha": 0.12,
  "c_upd": 0.5,
  "depr_lambda": 0.01,
  "depr_nu": 0.5,
  "depr_psi": 0.75,
  "eval_CSR_post": 0.0,
  "eval_dbar_post_mean": 0.47797030210494995,
  "eval_done_count": 100.0,
  "eval_episodes_per_env": 4.0,
  "eval_len_end_mean": 26.0,
  "eval_occupied_post_mean": 0.429999977350235,
  "eval_return_end_mean": -23.131059646606445,
  "eval_t_eval": 104.0,
  "final_depr_F_post": 1.1812657117843628,
  "final_energy_E_post": 0.4439202547073364,
  "final_episode_return_end_mean": -24.53622055053711,
  "final_funding_alpha_eff": 0.049851194024086,
  "final_funding_g": 0.1517554670572281,
  "final_funding_g_raw": 0.1517554670572281,
  "final_update_counter": 18.0,
  "final_vartd_VarTD": 0.45004045963287354,
  "mechanism": "hardzero_plus_depr",
  "mechanism_tag": "hardzero_plus_depr__c0p50__z1p05__lam0p010__nu0p50__psi0p75",
  "runtime_sec": 10.60595000302419,
  "seed": 33,
  "z_cut": 1.05
}