{
  "alpha": 0.06,
  "c_upd": 0.6,
  "depr_lambda": 0.02,
  "depr_nu": 0.5,
  "depr_psi": 1.0,
  "eval_CSR_post": 0.0,
  "eval_dbar_post_mean": 0.8677234053611755,
  "eval_done_count": 100.0,
  "eval_episodes_per_env": 4.0,
  "eval_len_end_mean": 26.0,
  "eval_occupied_post_mean": 0.17000000178813934,
  "eval_return_end_mean": -28.020721435546875,
  "eval_t_eval": 104.0,
  "final_depr_F_post": 23.860355377197266,
  "final_energy_E_post": 0.08444589376449585,
  "final_episode_return_end_mean": -28.024002075195312,
  "final_funding_alpha_eff": 2.6571535770292254e-12,
  "final_funding_g": 0.0,
  "final_funding_g_raw": 0.08698728680610657,
  "final_update_counter": 2.0,
  "final_vartd_VarTD": 0.1803339123725891,
  "mechanism": "hardzero_plus_depr",
  "mechanism_tag": "hardzero_plus_depr__c0p60__z1p05__lam0p020__nu0p50__psi1p00",
  "runtime_sec": 10.702455546997953,
  "seed": 40,
  "z_cut": 1.05
}