{
  "alpha": 0.08,
  "c_upd": 0.5,
  "depr_lambda": 0.01,
  "depr_nu": 0.5,
  "depr_psi": 0.75,
  "eval_CSR_post": 0.0,
  "eval_dbar_post_mean": 0.5005512237548828,
  "eval_done_count": 100.0,
  "eval_episodes_per_env": 4.0,
  "eval_len_end_mean": 26.0,
  "eval_occupied_post_mean": 0.4399999976158142,
  "eval_return_end_mean": -23.722177505493164,
  "eval_t_eval": 104.0,
  "final_depr_F_post": 9.865130424499512,
  "final_energy_E_post": 0.43179741501808167,
  "final_episode_return_end_mean": -25.725868225097656,
  "final_funding_alpha_eff": 4.932514639222063e-05,
  "final_funding_g": 0.12820923328399658,
  "final_funding_g_raw": 0.12820923328399658,
  "final_update_counter": 5.0,
  "final_vartd_VarTD": 0.10886571556329727,
  "mechanism": "hardzero_plus_depr",
  "mechanism_tag": "hardzero_plus_depr__c0p50__z1p10__lam0p010__nu0p50__psi0p75",
  "runtime_sec": 10.846811236988287,
  "seed": 33,
  "z_cut": 1.1
}