{
  "alpha": 0.04,
  "c_upd": 0.6,
  "depr_lambda": 0.01,
  "depr_nu": 0.5,
  "depr_psi": 1.25,
  "eval_CSR_post": 0.0,
  "eval_dbar_post_mean": 0.5378178954124451,
  "eval_done_count": 100.0,
  "eval_episodes_per_env": 4.0,
  "eval_len_end_mean": 26.0,
  "eval_occupied_post_mean": 0.32999998331069946,
  "eval_return_end_mean": -23.529714584350586,
  "eval_t_eval": 104.0,
  "final_depr_F_post": 11.970178604125977,
  "final_energy_E_post": 0.16250357031822205,
  "final_episode_return_end_mean": -29.15184211730957,
  "final_funding_alpha_eff": 1.2860583709084494e-08,
  "final_funding_g": 0.0,
  "final_funding_g_raw": 0.07274963706731796,
  "final_update_counter": 2.0,
  "final_vartd_VarTD": 0.18183976411819458,
  "mechanism": "hardzero_plus_depr",
  "mechanism_tag": "hardzero_plus_depr__c0p60__z1p10__lam0p010__nu0p50__psi1p25",
  "runtime_sec": 10.702457138104364,
  "seed": 36,
  "z_cut": 1.1
}