{
  "alpha": 0.088,
  "c_upd": 0.58,
  "depr_lambda": 0.005,
  "depr_nu": 1.0,
  "depr_psi": 0.5,
  "eval_CSR_post": 0.0,
  "eval_dbar_post_mean": 0.5008169412612915,
  "eval_done_count": 100.0,
  "eval_episodes_per_env": 4.0,
  "eval_len_end_mean": 26.0,
  "eval_occupied_post_mean": 0.47999998927116394,
  "eval_return_end_mean": -23.60470199584961,
  "eval_t_eval": 104.0,
  "final_depr_F_post": 0.059999991208314896,
  "final_energy_E_post": 0.1757708191871643,
  "final_episode_return_end_mean": -24.778566360473633,
  "final_funding_alpha_eff": 0.08561296761035919,
  "final_funding_g": 0.1516130268573761,
  "final_funding_g_raw": 0.1516130268573761,
  "final_update_counter": 18.0,
  "final_vartd_VarTD": 0.4433012008666992,
  "mechanism": "hardzero_plus_depr",
  "mechanism_tag": "hardzero_plus_depr__c0p58__z1p00__lam0p005__nu1p00__psi0p50",
  "runtime_sec": 9.49852290994022,
  "seed": 56,
  "z_cut": 1.0
}