{
  "alpha": 0.1,
  "c_upd": 0.52,
  "depr_lambda": 0.03,
  "depr_nu": 0.5,
  "depr_psi": 0.75,
  "eval_CSR_post": 0.0,
  "eval_dbar_post_mean": 0.6725907325744629,
  "eval_done_count": 100.0,
  "eval_episodes_per_env": 4.0,
  "eval_len_end_mean": 26.0,
  "eval_occupied_post_mean": 0.2800000011920929,
  "eval_return_end_mean": -26.687335968017578,
  "eval_t_eval": 104.0,
  "final_depr_F_post": 36.210147857666016,
  "final_energy_E_post": 0.051790751516819,
  "final_episode_return_end_mean": -27.806774139404297,
  "final_funding_alpha_eff": 1.6419890891839622e-13,
  "final_funding_g": 0.0,
  "final_funding_g_raw": 0.09582183510065079,
  "final_update_counter": 2.0,
  "final_vartd_VarTD": 0.16422513127326965,
  "mechanism": "hardzero_plus_depr",
  "mechanism_tag": "hardzero_plus_depr__c0p52__z1p00__lam0p030__nu0p50__psi0p75",
  "runtime_sec": 10.553201930015348,
  "seed": 41,
  "z_cut": 1.0
}