{
  "alpha": 0.05,
  "c_upd": 0.52,
  "depr_lambda": 0.01,
  "depr_nu": 0.5,
  "depr_psi": 0.75,
  "eval_CSR_post": 0.0,
  "eval_dbar_post_mean": 0.5098918080329895,
  "eval_done_count": 100.0,
  "eval_episodes_per_env": 4.0,
  "eval_len_end_mean": 26.0,
  "eval_occupied_post_mean": 0.3700000047683716,
  "eval_return_end_mean": -23.317636489868164,
  "eval_t_eval": 104.0,
  "final_depr_F_post": 11.337663650512695,
  "final_energy_E_post": 0.3183102607727051,
  "final_episode_return_end_mean": -25.94947052001953,
  "final_funding_alpha_eff": 1.021677326207282e-05,
  "final_funding_g": 0.10420063883066177,
  "final_funding_g_raw": 0.10420063883066177,
  "final_update_counter": 3.0,
  "final_vartd_VarTD": 0.12686024606227875,
  "mechanism": "hardzero_plus_depr",
  "mechanism_tag": "hardzero_plus_depr__c0p52__z1p10__lam0p010__nu0p50__psi0p75",
  "runtime_sec": 10.786012911004946,
  "seed": 32,
  "z_cut": 1.1
}