{
  "alpha": 0.08,
  "c_upd": 0.58,
  "depr_lambda": 0.01,
  "depr_nu": 0.5,
  "depr_psi": 0.75,
  "eval_CSR_post": 0.0,
  "eval_dbar_post_mean": 0.924262285232544,
  "eval_done_count": 100.0,
  "eval_episodes_per_env": 4.0,
  "eval_len_end_mean": 26.0,
  "eval_occupied_post_mean": 0.08999999612569809,
  "eval_return_end_mean": -28.005592346191406,
  "eval_t_eval": 104.0,
  "final_depr_F_post": 11.577669143676758,
  "final_energy_E_post": 0.5698387026786804,
  "final_episode_return_end_mean": -28.92177963256836,
  "final_funding_alpha_eff": 1.3653967471327633e-05,
  "final_funding_g": 0.0,
  "final_funding_g_raw": 0.07648004591464996,
  "final_update_counter": 3.0,
  "final_vartd_VarTD": 0.17250268161296844,
  "mechanism": "hardzero_plus_depr",
  "mechanism_tag": "hardzero_plus_depr__c0p58__z1p10__lam0p010__nu0p50__psi0p75",
  "runtime_sec": 10.799114055931568,
  "seed": 36,
  "z_cut": 1.1
}