{
  "alpha": 0.08,
  "c_upd": 0.6,
  "depr_lambda": 0.0,
  "depr_nu": 0.5,
  "depr_psi": 0.0,
  "eval_CSR_post": 0.0,
  "eval_dbar_post_mean": 0.48507601022720337,
  "eval_done_count": 100.0,
  "eval_episodes_per_env": 4.0,
  "eval_len_end_mean": 26.0,
  "eval_occupied_post_mean": 0.3499999940395355,
  "eval_return_end_mean": -23.478300094604492,
  "eval_t_eval": 104.0,
  "final_depr_F_post": 0.0,
  "final_energy_E_post": 0.03266485035419464,
  "final_episode_return_end_mean": -25.178255081176758,
  "final_funding_alpha_eff": 0.07999999821186066,
  "final_funding_g": 0.15267013013362885,
  "final_funding_g_raw": 0.15267013013362885,
  "final_update_counter": 22.0,
  "final_vartd_VarTD": 0.8268682956695557,
  "mechanism": "hardzero_only",
  "mechanism_tag": "hardzero_only__c0p60__z1p05__lam0p000__nu0p50__psi0p00",
  "runtime_sec": 9.768698245985433,
  "seed": 31,
  "z_cut": 1.05
}