{
  "alpha": 0.064,
  "c_upd": 0.58,
  "depr_lambda": 0.0,
  "depr_nu": 0.5,
  "depr_psi": 0.0,
  "eval_CSR_post": 0.0,
  "eval_dbar_post_mean": 0.5509030818939209,
  "eval_done_count": 100.0,
  "eval_episodes_per_env": 4.0,
  "eval_len_end_mean": 26.0,
  "eval_occupied_post_mean": 0.3100000023841858,
  "eval_return_end_mean": -24.548452377319336,
  "eval_t_eval": 104.0,
  "final_depr_F_post": 0.0,
  "final_energy_E_post": 0.2454054057598114,
  "final_episode_return_end_mean": -26.174827575683594,
  "final_funding_alpha_eff": 0.06400000303983688,
  "final_funding_g": 0.11278703808784485,
  "final_funding_g_raw": 0.11278703808784485,
  "final_update_counter": 8.0,
  "final_vartd_VarTD": 0.16186457872390747,
  "mechanism": "hardzero_only",
  "mechanism_tag": "hardzero_only__c0p58__z1p00__lam0p000__nu0p50__psi0p00",
  "runtime_sec": 9.47269184095785,
  "seed": 48,
  "z_cut": 1.0
}