{
  "alpha": 0.08,
  "c_upd": 0.52,
  "depr_lambda": 0.02,
  "depr_nu": 0.5,
  "depr_psi": 1.25,
  "eval_CSR_post": 0.0,
  "eval_dbar_post_mean": 0.6845898628234863,
  "eval_done_count": 100.0,
  "eval_episodes_per_env": 4.0,
  "eval_len_end_mean": 26.0,
  "eval_occupied_post_mean": 0.1899999976158142,
  "eval_return_end_mean": -24.877288818359375,
  "eval_t_eval": 104.0,
  "final_depr_F_post": 24.98038101196289,
  "final_energy_E_post": 0.4955568313598633,
  "final_episode_return_end_mean": -28.268869400024414,
  "final_funding_alpha_eff": 2.253697174627728e-15,
  "final_funding_g": 0.0,
  "final_funding_g_raw": 0.08699900656938553,
  "final_update_counter": 1.0,
  "final_vartd_VarTD": 0.22033630311489105,
  "mechanism": "hardzero_plus_depr",
  "mechanism_tag": "hardzero_plus_depr__c0p52__z1p00__lam0p020__nu0p50__psi1p25",
  "runtime_sec": 10.682472011016216,
  "seed": 38,
  "z_cut": 1.0
}