{
  "alpha": 0.12,
  "c_upd": 0.54,
  "depr_lambda": 0.02,
  "depr_nu": 0.5,
  "depr_psi": 1.0,
  "eval_CSR_post": 0.0,
  "eval_dbar_post_mean": 0.589972198009491,
  "eval_done_count": 100.0,
  "eval_episodes_per_env": 4.0,
  "eval_len_end_mean": 26.0,
  "eval_occupied_post_mean": 0.38999998569488525,
  "eval_return_end_mean": -24.667787551879883,
  "eval_t_eval": 104.0,
  "final_depr_F_post": 23.135337829589844,
  "final_energy_E_post": 0.11086928099393845,
  "final_episode_return_end_mean": -27.633085250854492,
  "final_funding_alpha_eff": 1.0972808599241102e-11,
  "final_funding_g": 0.09500835090875626,
  "final_funding_g_raw": 0.09500835090875626,
  "final_update_counter": 3.0,
  "final_vartd_VarTD": 0.16786867380142212,
  "mechanism": "hardzero_plus_depr",
  "mechanism_tag": "hardzero_plus_depr__c0p54__z1p10__lam0p020__nu0p50__psi1p00",
  "runtime_sec": 10.683187572984025,
  "seed": 40,
  "z_cut": 1.1
}