{
  "I_R_full_anchor_compat": 1.3510827929141225,
  "above_R_THRESH_FULL_anchor": 1.0,
  "alpha": 0.0,
  "borrow_interest": 0.02,
  "borrow_limit": 0.6,
  "c_upd": 0.58,
  "condition": "fragile_full__borrow__t4m__a0p00__c0p58",
  "eval_CSR_post": 0.0,
  "eval_CSR_pre": 0.0,
  "eval_dbar_post_mean": 0.5585325956344604,
  "eval_dbar_pre_mean": 0.5594497919082642,
  "eval_done_count": 100.0,
  "eval_done_per_env_max": 4.0,
  "eval_done_per_env_min": 4.0,
  "eval_episodes_per_env": 4.0,
  "eval_len_end_mean": 26.0,
  "eval_max_tilde_post_mean": 0.8136546015739441,
  "eval_max_tilde_pre_mean": 0.8123589754104614,
  "eval_occupied_post_mean": 0.3100000023841858,
  "eval_occupied_pre_mean": 0.3199999928474426,
  "eval_return_end_mean": -23.90998077392578,
  "eval_t_eval": 104.0,
  "family": "borrow",
  "final_energy": -0.6000000238418579,
  "final_executed_updates": 2.0,
  "final_vartd": 0.15177811682224274,
  "max_debt_level": 0.6000000238418579,
  "mean_update_fraction": 0.0015999999595806003,
  "metric_horizon": "long4m",
  "phase": "extension_full",
  "runtime_sec": 11.23102476799977,
  "seed": 51,
  "support_mode": "none",
  "support_total": 0.0,
  "total_debt_charge": 14.615020751953125,
  "total_support_injected": 0.0,
  "total_timesteps": 4000000,
  "train_final_return_end_mean": -27.68776512145996
}