{
  "alpha": 0.02,
  "c_upd": 0.58,
  "depr_lambda": 0.01,
  "depr_nu": 0.5,
  "depr_psi": 1.0,
  "eval_CSR_post": 0.0,
  "eval_dbar_post_mean": 0.7020554542541504,
  "eval_done_count": 100.0,
  "eval_episodes_per_env": 4.0,
  "eval_len_end_mean": 26.0,
  "eval_occupied_post_mean": 0.14000000059604645,
  "eval_return_end_mean": -26.53416633605957,
  "eval_t_eval": 104.0,
  "final_depr_F_post": 11.435166358947754,
  "final_energy_E_post": 0.06565084308385849,
  "final_episode_return_end_mean": -28.18476104736328,
  "final_funding_alpha_eff": 2.1834506469531334e-07,
  "final_funding_g": 0.08896822482347488,
  "final_funding_g_raw": 0.08896822482347488,
  "final_update_counter": 2.0,
  "final_vartd_VarTD": 0.12032605707645416,
  "mechanism": "hardzero_plus_depr",
  "mechanism_tag": "hardzero_plus_depr__c0p58__z1p10__lam0p010__nu0p50__psi1p00",
  "runtime_sec": 10.874440853018314,
  "seed": 31,
  "z_cut": 1.1
}