{
  "alpha": 0.034,
  "c_upd": 0.58,
  "depr_lambda": 0.0,
  "depr_nu": 0.5,
  "depr_psi": 0.0,
  "eval_CSR_post": 0.0,
  "eval_dbar_post_mean": 0.7522612810134888,
  "eval_done_count": 100.0,
  "eval_episodes_per_env": 4.0,
  "eval_len_end_mean": 26.0,
  "eval_occupied_post_mean": 0.17999999225139618,
  "eval_return_end_mean": -26.64159393310547,
  "eval_t_eval": 104.0,
  "final_depr_F_post": 0.0,
  "final_energy_E_post": 0.05040944740176201,
  "final_episode_return_end_mean": -26.175067901611328,
  "final_funding_alpha_eff": 0.03400000184774399,
  "final_funding_g": 0.10829189419746399,
  "final_funding_g_raw": 0.10829189419746399,
  "final_update_counter": 4.0,
  "final_vartd_VarTD": 0.13626350462436676,
  "mechanism": "hardzero_only",
  "mechanism_tag": "hardzero_only__c0p58__z1p00__lam0p000__nu0p50__psi0p00",
  "runtime_sec": 10.833808745956048,
  "seed": 43,
  "z_cut": 1.0
}