{
  "alpha": 0.08,
  "c_upd": 0.6,
  "depr_lambda": 0.03,
  "depr_nu": 0.5,
  "depr_psi": 1.0,
  "eval_CSR_post": 0.0,
  "eval_dbar_post_mean": 0.6370506882667542,
  "eval_done_count": 100.0,
  "eval_episodes_per_env": 4.0,
  "eval_len_end_mean": 26.0,
  "eval_occupied_post_mean": 0.17999999225139618,
  "eval_return_end_mean": -24.763269424438477,
  "eval_t_eval": 104.0,
  "final_depr_F_post": 36.690128326416016,
  "final_energy_E_post": 0.12619346380233765,
  "final_episode_return_end_mean": -26.51923942565918,
  "final_funding_alpha_eff": 9.589545373177265e-18,
  "final_funding_g": 0.09896290302276611,
  "final_funding_g_raw": 0.09896290302276611,
  "final_update_counter": 2.0,
  "final_vartd_VarTD": 0.14209957420825958,
  "mechanism": "hardzero_plus_depr",
  "mechanism_tag": "hardzero_plus_depr__c0p60__z1p10__lam0p030__nu0p50__psi1p00",
  "runtime_sec": 10.824697775067762,
  "seed": 39,
  "z_cut": 1.1
}