{
  "alpha": 0.096,
  "borrow_interest": 0.01,
  "borrow_limit": 0.6,
  "c_upd": 0.58,
  "depr_lambda": 0.0,
  "depr_nu": 0.5,
  "depr_psi": 0.0,
  "eval_CSR_post": 0.0,
  "eval_dbar_post_mean": 0.5095032453536987,
  "eval_done_count": 100.0,
  "eval_episodes_per_env": 4.0,
  "eval_len_end_mean": 26.0,
  "eval_occupied_post_mean": 0.28999999165534973,
  "eval_return_end_mean": -24.3721866607666,
  "eval_t_eval": 104.0,
  "family": "borrow",
  "final_depr_F_post": 0.0,
  "final_energy_E_post": -0.3353689908981323,
  "final_update_counter": 19.0,
  "final_vartd_VarTD": 0.5904239416122437,
  "max_debt_level_post": 0.5993227958679199,
  "mean_update_fraction": 0.015200000256299973,
  "mechanism": "hardzero_only",
  "mechanism_tag": "hardzero_only__c0p58__z1p00__lam0p000__nu0p50__psi0p00",
  "runtime_sec": 10.620110318996012,
  "seed": 44,
  "support_mode": "none",
  "support_total": 0.0,
  "total_debt_charge": 4.137015342712402,
  "total_support_s": 0.0,
  "z_cut": 1.0
}