{
  "alpha": 0.088,
  "c_upd": 0.58,
  "depr_lambda": 0.0,
  "depr_nu": 0.5,
  "depr_psi": 0.0,
  "eval_CSR_post": 0.0,
  "eval_dbar_post_mean": 0.4912836253643036,
  "eval_done_count": 100.0,
  "eval_episodes_per_env": 4.0,
  "eval_len_end_mean": 26.0,
  "eval_occupied_post_mean": 0.35999998450279236,
  "eval_return_end_mean": -23.871334075927734,
  "eval_t_eval": 104.0,
  "final_depr_F_post": 0.0,
  "final_energy_E_post": 0.21872207522392273,
  "final_episode_return_end_mean": -24.21427345275879,
  "final_funding_alpha_eff": 0.08799999952316284,
  "final_funding_g": 0.14910194277763367,
  "final_funding_g_raw": 0.14910194277763367,
  "final_update_counter": 18.0,
  "final_vartd_VarTD": 0.5106992721557617,
  "mechanism": "hardzero_only",
  "mechanism_tag": "hardzero_only__c0p58__z1p00__lam0p000__nu0p50__psi0p00",
  "runtime_sec": 9.504723581951112,
  "seed": 39,
  "z_cut": 1.0
}