{
  "I_R_full": 1.5387981808648112,
  "alpha": 1.0,
  "borrow_interest": 0.02,
  "borrow_limit": 0.6,
  "c_upd": 0.9,
  "condition": "enabled_full__borrow__t1m__a1p00__c0p90",
  "eval_CSR_post": 0.009999999776482582,
  "eval_CSR_pre": 0.009999999776482582,
  "eval_dbar_post_mean": 0.46071574091911316,
  "eval_dbar_pre_mean": 0.46192729473114014,
  "eval_done_count": 100.0,
  "eval_done_per_env_max": 4.0,
  "eval_done_per_env_min": 4.0,
  "eval_episodes_per_env": 4.0,
  "eval_len_end_mean": 26.0,
  "eval_max_tilde_post_mean": 0.6981096267700195,
  "eval_max_tilde_pre_mean": 0.698034942150116,
  "eval_occupied_post_mean": 0.4599999785423279,
  "eval_occupied_pre_mean": 0.5199999809265137,
  "eval_return_end_mean": -23.445018768310547,
  "eval_t_eval": 104.0,
  "family": "borrow",
  "final_energy": 0.017346996814012527,
  "final_executed_updates": 55.0,
  "final_vartd": 5.29131555557251,
  "learned_R_full_0p5": 1.0,
  "max_debt_level": 0.5122848749160767,
  "mean_update_fraction": 0.17628204822540283,
  "metric_horizon": "full",
  "phase": "extension_full",
  "runtime_sec": 2.9437573709983553,
  "seed": 45,
  "support_mode": "none",
  "support_total": 0.0,
  "total_debt_charge": 0.6841301918029785,
  "total_support_injected": 0.0,
  "total_timesteps": 1000000,
  "train_final_return_end_mean": -23.391719818115234
}