{
  "alpha": 0.052,
  "c_upd": 0.58,
  "depr_lambda": 0.005,
  "depr_nu": 1.0,
  "depr_psi": 0.5,
  "eval_CSR_post": 0.0,
  "eval_dbar_post_mean": 0.5304332375526428,
  "eval_done_count": 100.0,
  "eval_episodes_per_env": 4.0,
  "eval_len_end_mean": 26.0,
  "eval_occupied_post_mean": 0.38999998569488525,
  "eval_return_end_mean": -23.30828094482422,
  "eval_t_eval": 104.0,
  "final_depr_F_post": 1.7849985361099243,
  "final_energy_E_post": 0.2796832323074341,
  "final_episode_return_end_mean": -29.0540714263916,
  "final_funding_alpha_eff": 0.02135411649942398,
  "final_funding_g": 0.0,
  "final_funding_g_raw": 0.07459370791912079,
  "final_update_counter": 2.0,
  "final_vartd_VarTD": 0.17915832996368408,
  "mechanism": "hardzero_plus_depr",
  "mechanism_tag": "hardzero_plus_depr__c0p58__z1p00__lam0p005__nu1p00__psi0p50",
  "runtime_sec": 9.469393797917292,
  "seed": 36,
  "z_cut": 1.0
}