{
  "alpha": 0.08,
  "c_upd": 0.54,
  "depr_lambda": 0.01,
  "depr_nu": 0.5,
  "depr_psi": 0.75,
  "eval_CSR_post": 0.0,
  "eval_dbar_post_mean": 0.7010105848312378,
  "eval_done_count": 100.0,
  "eval_episodes_per_env": 4.0,
  "eval_len_end_mean": 26.0,
  "eval_occupied_post_mean": 0.25999999046325684,
  "eval_return_end_mean": -26.077117919921875,
  "eval_t_eval": 104.0,
  "final_depr_F_post": 10.593896865844727,
  "final_energy_E_post": 0.4255358874797821,
  "final_episode_return_end_mean": -26.076587677001953,
  "final_funding_alpha_eff": 2.8555781682371162e-05,
  "final_funding_g": 0.10264848917722702,
  "final_funding_g_raw": 0.10264848917722702,
  "final_update_counter": 4.0,
  "final_vartd_VarTD": 0.12432670593261719,
  "mechanism": "hardzero_plus_depr",
  "mechanism_tag": "hardzero_plus_depr__c0p54__z1p10__lam0p010__nu0p50__psi0p75",
  "runtime_sec": 10.693548753042705,
  "seed": 34,
  "z_cut": 1.1
}