{
  "alpha": 0.043,
  "c_upd": 0.58,
  "depr_lambda": 0.005,
  "depr_nu": 1.0,
  "depr_psi": 0.5,
  "eval_CSR_post": 0.0,
  "eval_dbar_post_mean": 0.5325842499732971,
  "eval_done_count": 100.0,
  "eval_episodes_per_env": 4.0,
  "eval_len_end_mean": 26.0,
  "eval_occupied_post_mean": 0.2800000011920929,
  "eval_return_end_mean": -24.798315048217773,
  "eval_t_eval": 104.0,
  "final_depr_F_post": 0.4099997580051422,
  "final_energy_E_post": 0.38128843903541565,
  "final_episode_return_end_mean": -27.091543197631836,
  "final_funding_alpha_eff": 0.03511752188205719,
  "final_funding_g": 0.11092688143253326,
  "final_funding_g_raw": 0.11092688143253326,
  "final_update_counter": 7.0,
  "final_vartd_VarTD": 0.15728135406970978,
  "mechanism": "hardzero_plus_depr",
  "mechanism_tag": "hardzero_plus_depr__c0p58__z1p00__lam0p005__nu1p00__psi0p50",
  "runtime_sec": 9.46903018199373,
  "seed": 53,
  "z_cut": 1.0
}