{
  "alpha": 0.08,
  "c_upd": 0.6,
  "depr_lambda": 0.01,
  "depr_nu": 0.5,
  "depr_psi": 0.75,
  "eval_CSR_post": 0.0,
  "eval_dbar_post_mean": 0.5186249017715454,
  "eval_done_count": 100.0,
  "eval_episodes_per_env": 4.0,
  "eval_len_end_mean": 26.0,
  "eval_occupied_post_mean": 0.35999998450279236,
  "eval_return_end_mean": -21.65572166442871,
  "eval_t_eval": 104.0,
  "final_depr_F_post": 11.49516773223877,
  "final_energy_E_post": 0.5838611125946045,
  "final_episode_return_end_mean": -27.629989624023438,
  "final_funding_alpha_eff": 1.4525511687679682e-05,
  "final_funding_g": 0.09546658396720886,
  "final_funding_g_raw": 0.09546658396720886,
  "final_update_counter": 3.0,
  "final_vartd_VarTD": 0.2128583788871765,
  "mechanism": "hardzero_plus_depr",
  "mechanism_tag": "hardzero_plus_depr__c0p60__z1p10__lam0p010__nu0p50__psi0p75",
  "runtime_sec": 10.672032271977514,
  "seed": 38,
  "z_cut": 1.1
}