{
  "alpha": 0.02,
  "c_upd": 0.54,
  "depr_lambda": 0.0,
  "depr_nu": 0.5,
  "depr_psi": 0.0,
  "eval_CSR_post": 0.0,
  "eval_dbar_post_mean": 0.5224281549453735,
  "eval_done_count": 100.0,
  "eval_episodes_per_env": 4.0,
  "eval_len_end_mean": 26.0,
  "eval_occupied_post_mean": 0.3499999940395355,
  "eval_return_end_mean": -23.858306884765625,
  "eval_t_eval": 104.0,
  "final_depr_F_post": 0.0,
  "final_energy_E_post": 0.25411832332611084,
  "final_episode_return_end_mean": -25.73299789428711,
  "final_funding_alpha_eff": 0.019999999552965164,
  "final_funding_g": 0.12858261168003082,
  "final_funding_g_raw": 0.12858261168003082,
  "final_update_counter": 6.0,
  "final_vartd_VarTD": 0.12224708497524261,
  "mechanism": "hardzero_only",
  "mechanism_tag": "hardzero_only__c0p54__z1p05__lam0p000__nu0p50__psi0p00",
  "runtime_sec": 9.8732405139599,
  "seed": 33,
  "z_cut": 1.05
}