{
  "alpha": 0.05,
  "c_upd": 0.58,
  "depr_lambda": 0.01,
  "depr_nu": 0.5,
  "depr_psi": 0.75,
  "eval_CSR_post": 0.0,
  "eval_dbar_post_mean": 0.767947793006897,
  "eval_done_count": 100.0,
  "eval_episodes_per_env": 4.0,
  "eval_len_end_mean": 26.0,
  "eval_occupied_post_mean": 0.14000000059604645,
  "eval_return_end_mean": -25.99431037902832,
  "eval_t_eval": 104.0,
  "final_depr_F_post": 12.16018295288086,
  "final_energy_E_post": 0.32963326573371887,
  "final_episode_return_end_mean": -26.8707332611084,
  "final_funding_alpha_eff": 5.513180894922698e-06,
  "final_funding_g": 0.09132757782936096,
  "final_funding_g_raw": 0.09132757782936096,
  "final_update_counter": 2.0,
  "final_vartd_VarTD": 0.1468365490436554,
  "mechanism": "hardzero_plus_depr",
  "mechanism_tag": "hardzero_plus_depr__c0p58__z1p05__lam0p010__nu0p50__psi0p75",
  "runtime_sec": 10.629424909013323,
  "seed": 39,
  "z_cut": 1.05
}