{
  "alpha": 0.06,
  "c_upd": 0.6,
  "depr_lambda": 0.0,
  "depr_nu": 0.5,
  "depr_psi": 0.0,
  "eval_CSR_post": 0.0,
  "eval_dbar_post_mean": 0.48428964614868164,
  "eval_done_count": 100.0,
  "eval_episodes_per_env": 4.0,
  "eval_len_end_mean": 26.0,
  "eval_occupied_post_mean": 0.3400000035762787,
  "eval_return_end_mean": -23.71767807006836,
  "eval_t_eval": 104.0,
  "final_depr_F_post": 0.0,
  "final_energy_E_post": 0.40294763445854187,
  "final_episode_return_end_mean": -24.57345199584961,
  "final_funding_alpha_eff": 0.05999999865889549,
  "final_funding_g": 0.1353655606508255,
  "final_funding_g_raw": 0.1353655606508255,
  "final_update_counter": 12.0,
  "final_vartd_VarTD": 0.17422431707382202,
  "mechanism": "hardzero_only",
  "mechanism_tag": "hardzero_only__c0p60__z1p00__lam0p000__nu0p50__psi0p00",
  "runtime_sec": 9.82062842999585,
  "seed": 34,
  "z_cut": 1.0
}