{
  "alpha": 0.066,
  "c_upd": 0.58,
  "depr_lambda": 0.0,
  "depr_nu": 0.5,
  "depr_psi": 0.0,
  "eval_CSR_post": 0.009999999776482582,
  "eval_dbar_post_mean": 0.48215967416763306,
  "eval_done_count": 100.0,
  "eval_episodes_per_env": 4.0,
  "eval_len_end_mean": 26.0,
  "eval_occupied_post_mean": 0.4099999964237213,
  "eval_return_end_mean": -23.124216079711914,
  "eval_t_eval": 104.0,
  "final_depr_F_post": 0.0,
  "final_energy_E_post": 0.29778775572776794,
  "final_episode_return_end_mean": -26.328044891357422,
  "final_funding_alpha_eff": 0.06599999964237213,
  "final_funding_g": 0.12744568288326263,
  "final_funding_g_raw": 0.12744568288326263,
  "final_update_counter": 10.0,
  "final_vartd_VarTD": 0.1753082573413849,
  "mechanism": "hardzero_only",
  "mechanism_tag": "hardzero_only__c0p58__z1p00__lam0p000__nu0p50__psi0p00",
  "runtime_sec": 10.868501635966823,
  "seed": 47,
  "z_cut": 1.0
}