{
  "alpha": 0.05,
  "c_upd": 0.54,
  "depr_lambda": 0.01,
  "depr_nu": 0.5,
  "depr_psi": 0.75,
  "eval_CSR_post": 0.0,
  "eval_dbar_post_mean": 0.6461522579193115,
  "eval_done_count": 100.0,
  "eval_episodes_per_env": 4.0,
  "eval_len_end_mean": 26.0,
  "eval_occupied_post_mean": 0.25999999046325684,
  "eval_return_end_mean": -25.249242782592773,
  "eval_t_eval": 104.0,
  "final_depr_F_post": 10.787651062011719,
  "final_energy_E_post": 0.20068079233169556,
  "final_episode_return_end_mean": -26.432083129882812,
  "final_funding_alpha_eff": 1.543348844279535e-05,
  "final_funding_g": 0.0992947518825531,
  "final_funding_g_raw": 0.0992947518825531,
  "final_update_counter": 3.0,
  "final_vartd_VarTD": 0.14323244988918304,
  "mechanism": "hardzero_plus_depr",
  "mechanism_tag": "hardzero_plus_depr__c0p54__z1p10__lam0p010__nu0p50__psi0p75",
  "runtime_sec": 10.772708533913828,
  "seed": 39,
  "z_cut": 1.1
}