{
  "alpha": 0.08,
  "c_upd": 0.58,
  "depr_lambda": 0.0,
  "depr_nu": 0.5,
  "depr_psi": 0.0,
  "eval_CSR_post": 0.0,
  "eval_dbar_post_mean": 0.491593599319458,
  "eval_done_count": 100.0,
  "eval_episodes_per_env": 4.0,
  "eval_len_end_mean": 26.0,
  "eval_occupied_post_mean": 0.47999998927116394,
  "eval_return_end_mean": -24.578210830688477,
  "eval_t_eval": 104.0,
  "final_depr_F_post": 0.0,
  "final_energy_E_post": 0.24627861380577087,
  "final_episode_return_end_mean": -25.17680549621582,
  "final_funding_alpha_eff": 0.07999999821186066,
  "final_funding_g": 0.1483146697282791,
  "final_funding_g_raw": 0.1483146697282791,
  "final_update_counter": 15.0,
  "final_vartd_VarTD": 0.2883608937263489,
  "mechanism": "hardzero_only",
  "mechanism_tag": "hardzero_only__c0p58__z1p00__lam0p000__nu0p50__psi0p00",
  "runtime_sec": 9.488896358991042,
  "seed": 50,
  "z_cut": 1.0
}