{
  "alpha": 0.05,
  "c_upd": 0.58,
  "depr_lambda": 0.03,
  "depr_nu": 0.5,
  "depr_psi": 0.75,
  "eval_CSR_post": 0.0,
  "eval_dbar_post_mean": 0.6581092476844788,
  "eval_done_count": 100.0,
  "eval_episodes_per_env": 4.0,
  "eval_len_end_mean": 26.0,
  "eval_occupied_post_mean": 0.2199999988079071,
  "eval_return_end_mean": -25.841754913330078,
  "eval_t_eval": 104.0,
  "final_depr_F_post": 36.49513626098633,
  "final_energy_E_post": 0.10847704857587814,
  "final_episode_return_end_mean": -27.928131103515625,
  "final_funding_alpha_eff": 6.630001316834319e-14,
  "final_funding_g": 0.09191006422042847,
  "final_funding_g_raw": 0.09191006422042847,
  "final_update_counter": 2.0,
  "final_vartd_VarTD": 0.12217012047767639,
  "mechanism": "hardzero_plus_depr",
  "mechanism_tag": "hardzero_plus_depr__c0p58__z1p10__lam0p030__nu0p50__psi0p75",
  "runtime_sec": 10.863257974968292,
  "seed": 31,
  "z_cut": 1.1
}