{
  "alpha": 0.1,
  "c_upd": 0.58,
  "depr_lambda": 0.01,
  "depr_nu": 0.5,
  "depr_psi": 1.25,
  "eval_CSR_post": 0.0,
  "eval_dbar_post_mean": 0.6677660346031189,
  "eval_done_count": 100.0,
  "eval_episodes_per_env": 4.0,
  "eval_len_end_mean": 26.0,
  "eval_occupied_post_mean": 0.28999999165534973,
  "eval_return_end_mean": -25.78764533996582,
  "eval_t_eval": 104.0,
  "final_depr_F_post": 12.33018684387207,
  "final_energy_E_post": 0.540816068649292,
  "final_episode_return_end_mean": -28.131113052368164,
  "final_funding_alpha_eff": 2.050046354895585e-08,
  "final_funding_g": 0.0900215208530426,
  "final_funding_g_raw": 0.0900215208530426,
  "final_update_counter": 2.0,
  "final_vartd_VarTD": 0.12416806817054749,
  "mechanism": "hardzero_plus_depr",
  "mechanism_tag": "hardzero_plus_depr__c0p58__z1p05__lam0p010__nu0p50__psi1p25",
  "runtime_sec": 10.816012586001307,
  "seed": 31,
  "z_cut": 1.05
}