{
  "alpha": 0.12,
  "c_upd": 0.52,
  "depr_lambda": 0.03,
  "depr_nu": 0.5,
  "depr_psi": 1.0,
  "eval_CSR_post": 0.0,
  "eval_dbar_post_mean": 0.719440221786499,
  "eval_done_count": 100.0,
  "eval_episodes_per_env": 4.0,
  "eval_len_end_mean": 26.0,
  "eval_occupied_post_mean": 0.20999999344348907,
  "eval_return_end_mean": -25.58549690246582,
  "eval_t_eval": 104.0,
  "final_depr_F_post": 37.39509963989258,
  "final_energy_E_post": 0.38849225640296936,
  "final_episode_return_end_mean": -26.626079559326172,
  "final_funding_alpha_eff": 7.107618069352732e-18,
  "final_funding_g": 0.09595181047916412,
  "final_funding_g_raw": 0.09595181047916412,
  "final_update_counter": 2.0,
  "final_vartd_VarTD": 0.14623335003852844,
  "mechanism": "hardzero_plus_depr",
  "mechanism_tag": "hardzero_plus_depr__c0p52__z1p10__lam0p030__nu0p50__psi1p00",
  "runtime_sec": 10.580532857973594,
  "seed": 39,
  "z_cut": 1.1
}