{
  "alpha": 0.08,
  "c_upd": 0.58,
  "depr_lambda": 0.01,
  "depr_nu": 0.5,
  "depr_psi": 0.75,
  "eval_CSR_post": 0.0,
  "eval_dbar_post_mean": 0.498066782951355,
  "eval_done_count": 100.0,
  "eval_episodes_per_env": 4.0,
  "eval_len_end_mean": 26.0,
  "eval_occupied_post_mean": 0.4399999976158142,
  "eval_return_end_mean": -23.667238235473633,
  "eval_t_eval": 104.0,
  "final_depr_F_post": 9.956382751464844,
  "final_energy_E_post": 0.32130277156829834,
  "final_episode_return_end_mean": -25.89790916442871,
  "final_funding_alpha_eff": 4.60623086837586e-05,
  "final_funding_g": 0.1050281673669815,
  "final_funding_g_raw": 0.1050281673669815,
  "final_update_counter": 4.0,
  "final_vartd_VarTD": 0.1330714374780655,
  "mechanism": "hardzero_plus_depr",
  "mechanism_tag": "hardzero_plus_depr__c0p58__z1p10__lam0p010__nu0p50__psi0p75",
  "runtime_sec": 10.792671227012761,
  "seed": 32,
  "z_cut": 1.1
}