{
  "alpha": 0.052,
  "c_upd": 0.58,
  "depr_lambda": 0.005,
  "depr_nu": 1.0,
  "depr_psi": 0.5,
  "eval_CSR_post": 0.009999999776482582,
  "eval_dbar_post_mean": 0.49625298380851746,
  "eval_done_count": 100.0,
  "eval_episodes_per_env": 4.0,
  "eval_len_end_mean": 26.0,
  "eval_occupied_post_mean": 0.4099999964237213,
  "eval_return_end_mean": -24.529029846191406,
  "eval_t_eval": 104.0,
  "final_depr_F_post": 0.4349997341632843,
  "final_energy_E_post": 0.5349940657615662,
  "final_episode_return_end_mean": -26.12883758544922,
  "final_funding_alpha_eff": 0.04194016382098198,
  "final_funding_g": 0.12206511199474335,
  "final_funding_g_raw": 0.12206511199474335,
  "final_update_counter": 9.0,
  "final_vartd_VarTD": 0.12684541940689087,
  "mechanism": "hardzero_plus_depr",
  "mechanism_tag": "hardzero_plus_depr__c0p58__z1p00__lam0p005__nu1p00__psi0p50",
  "runtime_sec": 9.483207896002568,
  "seed": 55,
  "z_cut": 1.0
}