{
  "alpha": 0.105,
  "borrow_interest": 0.02,
  "borrow_limit": 0.3,
  "c_upd": 0.58,
  "depr_lambda": 0.0,
  "depr_nu": 0.5,
  "depr_psi": 0.0,
  "eval_CSR_post": 0.009999999776482582,
  "eval_dbar_post_mean": 0.5198796987533569,
  "eval_done_count": 100.0,
  "eval_episodes_per_env": 4.0,
  "eval_len_end_mean": 26.0,
  "eval_occupied_post_mean": 0.3700000047683716,
  "eval_return_end_mean": -24.5301456451416,
  "eval_t_eval": 104.0,
  "family": "borrow",
  "final_depr_F_post": 0.0,
  "final_energy_E_post": 0.13239745795726776,
  "final_update_counter": 27.0,
  "final_vartd_VarTD": 1.3977404832839966,
  "max_debt_level_post": 0.2983892261981964,
  "mean_update_fraction": 0.02160000056028366,
  "mechanism": "hardzero_only",
  "mechanism_tag": "hardzero_only__c0p58__z1p00__lam0p000__nu0p50__psi0p00",
  "runtime_sec": 10.597204224090092,
  "seed": 34,
  "support_mode": "none",
  "support_total": 0.0,
  "total_debt_charge": 2.109067916870117,
  "total_support_s": 0.0,
  "z_cut": 1.0
}