{
  "alpha": 0.12,
  "c_upd": 0.56,
  "depr_lambda": 0.02,
  "depr_nu": 0.5,
  "depr_psi": 0.75,
  "eval_CSR_post": 0.0,
  "eval_dbar_post_mean": 0.6386226415634155,
  "eval_done_count": 100.0,
  "eval_episodes_per_env": 4.0,
  "eval_len_end_mean": 26.0,
  "eval_occupied_post_mean": 0.19999998807907104,
  "eval_return_end_mean": -24.68938636779785,
  "eval_t_eval": 104.0,
  "final_depr_F_post": 23.575347900390625,
  "final_energy_E_post": 0.3063308000564575,
  "final_episode_return_end_mean": -28.862735748291016,
  "final_funding_alpha_eff": 2.551013622564824e-09,
  "final_funding_g": 0.0,
  "final_funding_g_raw": 0.07690531015396118,
  "final_update_counter": 3.0,
  "final_vartd_VarTD": 0.1766139715909958,
  "mechanism": "hardzero_plus_depr",
  "mechanism_tag": "hardzero_plus_depr__c0p56__z1p10__lam0p020__nu0p50__psi0p75",
  "runtime_sec": 10.83288054401055,
  "seed": 36,
  "z_cut": 1.1
}