{
  "alpha": 0.276,
  "borrow_interest": 0.02,
  "borrow_limit": 0.6,
  "c_upd": 0.58,
  "depr_lambda": 0.0,
  "depr_nu": 0.5,
  "depr_psi": 0.0,
  "eval_CSR_post": 0.0,
  "eval_dbar_post_mean": 0.6111408472061157,
  "eval_done_count": 100.0,
  "eval_episodes_per_env": 4.0,
  "eval_len_end_mean": 26.0,
  "eval_occupied_post_mean": 0.25999999046325684,
  "eval_return_end_mean": -24.75560188293457,
  "eval_t_eval": 104.0,
  "family": "borrow",
  "final_depr_F_post": 0.0,
  "final_energy_E_post": -0.23614515364170074,
  "final_update_counter": 75.0,
  "final_vartd_VarTD": 5.253115177154541,
  "max_debt_level_post": 0.5895926356315613,
  "mean_update_fraction": 0.05999999865889549,
  "mechanism": "hardzero_only",
  "mechanism_tag": "hardzero_only__c0p58__z1p00__lam0p000__nu0p50__psi0p00",
  "runtime_sec": 10.745872772997245,
  "seed": 48,
  "support_mode": "none",
  "support_total": 0.0,
  "total_debt_charge": 7.0241851806640625,
  "total_support_s": 0.0,
  "z_cut": 1.0
}