{
  "alpha": 0.162,
  "borrow_interest": 0.01,
  "borrow_limit": 0.6,
  "c_upd": 0.58,
  "depr_lambda": 0.0,
  "depr_nu": 0.5,
  "depr_psi": 0.0,
  "eval_CSR_post": 0.0,
  "eval_dbar_post_mean": 0.48224371671676636,
  "eval_done_count": 100.0,
  "eval_episodes_per_env": 4.0,
  "eval_len_end_mean": 26.0,
  "eval_occupied_post_mean": 0.3999999761581421,
  "eval_return_end_mean": -22.937162399291992,
  "eval_t_eval": 104.0,
  "family": "borrow",
  "final_depr_F_post": 0.0,
  "final_energy_E_post": -0.0042276629246771336,
  "final_update_counter": 39.0,
  "final_vartd_VarTD": 3.415395498275757,
  "max_debt_level_post": 0.599265992641449,
  "mean_update_fraction": 0.031199999153614044,
  "mechanism": "hardzero_only",
  "mechanism_tag": "hardzero_only__c0p58__z1p00__lam0p000__nu0p50__psi0p00",
  "runtime_sec": 10.643560701981187,
  "seed": 51,
  "support_mode": "none",
  "support_total": 0.0,
  "total_debt_charge": 3.753793716430664,
  "total_support_s": 0.0,
  "z_cut": 1.0
}