{
  "alpha": 0.088,
  "c_upd": 0.58,
  "depr_lambda": 0.005,
  "depr_nu": 1.0,
  "depr_psi": 0.5,
  "eval_CSR_post": 0.0,
  "eval_dbar_post_mean": 0.7844512462615967,
  "eval_done_count": 100.0,
  "eval_episodes_per_env": 4.0,
  "eval_len_end_mean": 26.0,
  "eval_occupied_post_mean": 0.1599999964237213,
  "eval_return_end_mean": -26.13252830505371,
  "eval_t_eval": 104.0,
  "final_depr_F_post": 1.6649986505508423,
  "final_energy_E_post": 0.4125145971775055,
  "final_episode_return_end_mean": -28.130290985107422,
  "final_funding_alpha_eff": 0.03837236389517784,
  "final_funding_g": 0.0,
  "final_funding_g_raw": 0.0897148996591568,
  "final_update_counter": 3.0,
  "final_vartd_VarTD": 0.21307387948036194,
  "mechanism": "hardzero_plus_depr",
  "mechanism_tag": "hardzero_plus_depr__c0p58__z1p00__lam0p005__nu1p00__psi0p50",
  "runtime_sec": 9.474687326932326,
  "seed": 38,
  "z_cut": 1.0
}