{
  "alpha": 0.06,
  "c_upd": 0.58,
  "depr_lambda": 0.01,
  "depr_nu": 0.5,
  "depr_psi": 1.25,
  "eval_CSR_post": 0.0,
  "eval_dbar_post_mean": 0.7120842337608337,
  "eval_done_count": 100.0,
  "eval_episodes_per_env": 4.0,
  "eval_len_end_mean": 26.0,
  "eval_occupied_post_mean": 0.20999999344348907,
  "eval_return_end_mean": -26.59054946899414,
  "eval_t_eval": 104.0,
  "final_depr_F_post": 12.295186042785645,
  "final_energy_E_post": 0.3704114258289337,
  "final_episode_return_end_mean": -27.832632064819336,
  "final_funding_alpha_eff": 1.2850370545436363e-08,
  "final_funding_g": 0.09512414783239365,
  "final_funding_g_raw": 0.09512414783239365,
  "final_update_counter": 2.0,
  "final_vartd_VarTD": 0.1625874787569046,
  "mechanism": "hardzero_plus_depr",
  "mechanism_tag": "hardzero_plus_depr__c0p58__z1p10__lam0p010__nu0p50__psi1p25",
  "runtime_sec": 10.790780331939459,
  "seed": 41,
  "z_cut": 1.1
}