{
  "alpha": 0.12,
  "c_upd": 0.52,
  "depr_lambda": 0.01,
  "depr_nu": 0.5,
  "depr_psi": 0.75,
  "eval_CSR_post": 0.0,
  "eval_dbar_post_mean": 0.49803823232650757,
  "eval_done_count": 100.0,
  "eval_episodes_per_env": 4.0,
  "eval_len_end_mean": 26.0,
  "eval_occupied_post_mean": 0.3700000047683716,
  "eval_return_end_mean": -24.97820472717285,
  "eval_t_eval": 104.0,
  "final_depr_F_post": 0.5382844805717468,
  "final_energy_E_post": 0.02824721857905388,
  "final_episode_return_end_mean": -23.73964500427246,
  "final_funding_alpha_eff": 0.08074357360601425,
  "final_funding_g": 0.16733765602111816,
  "final_funding_g_raw": 0.16733765602111816,
  "final_update_counter": 19.0,
  "final_vartd_VarTD": 0.5662771463394165,
  "mechanism": "hardzero_plus_depr",
  "mechanism_tag": "hardzero_plus_depr__c0p52__z1p10__lam0p010__nu0p50__psi0p75",
  "runtime_sec": 10.626104069990106,
  "seed": 34,
  "z_cut": 1.1
}