{
  "alpha": 0.073,
  "c_upd": 0.58,
  "depr_lambda": 0.005,
  "depr_nu": 1.0,
  "depr_psi": 0.5,
  "eval_CSR_post": 0.009999999776482582,
  "eval_dbar_post_mean": 0.5084290504455566,
  "eval_done_count": 100.0,
  "eval_episodes_per_env": 4.0,
  "eval_len_end_mean": 26.0,
  "eval_occupied_post_mean": 0.3400000035762787,
  "eval_return_end_mean": -23.843090057373047,
  "eval_t_eval": 104.0,
  "final_depr_F_post": 0.044999994337558746,
  "final_energy_E_post": 0.10664674639701843,
  "final_episode_return_end_mean": -25.517412185668945,
  "final_funding_alpha_eff": 0.0715545043349266,
  "final_funding_g": 0.13469117879867554,
  "final_funding_g_raw": 0.13469117879867554,
  "final_update_counter": 18.0,
  "final_vartd_VarTD": 0.4725797176361084,
  "mechanism": "hardzero_plus_depr",
  "mechanism_tag": "hardzero_plus_depr__c0p58__z1p00__lam0p005__nu1p00__psi0p50",
  "runtime_sec": 9.497543498058803,
  "seed": 53,
  "z_cut": 1.0
}