{
  "alpha": 0.12,
  "c_upd": 0.56,
  "depr_lambda": 0.01,
  "depr_nu": 0.5,
  "depr_psi": 1.0,
  "eval_CSR_post": 0.0,
  "eval_dbar_post_mean": 0.5346196889877319,
  "eval_done_count": 100.0,
  "eval_episodes_per_env": 4.0,
  "eval_len_end_mean": 26.0,
  "eval_occupied_post_mean": 0.3100000023841858,
  "eval_return_end_mean": -23.952953338623047,
  "eval_t_eval": 104.0,
  "final_depr_F_post": 11.051407814025879,
  "final_energy_E_post": 0.5573782324790955,
  "final_episode_return_end_mean": -25.875089645385742,
  "final_funding_alpha_eff": 1.922909632412484e-06,
  "final_funding_g": 0.12484271824359894,
  "final_funding_g_raw": 0.12484271824359894,
  "final_update_counter": 4.0,
  "final_vartd_VarTD": 0.11714626848697662,
  "mechanism": "hardzero_plus_depr",
  "mechanism_tag": "hardzero_plus_depr__c0p56__z1p05__lam0p010__nu0p50__psi1p00",
  "runtime_sec": 10.601434484007768,
  "seed": 33,
  "z_cut": 1.05
}