{
  "alpha": 0.02,
  "c_upd": 0.58,
  "depr_lambda": 0.01,
  "depr_nu": 0.5,
  "depr_psi": 1.0,
  "eval_CSR_post": 0.0,
  "eval_dbar_post_mean": 1.0486117601394653,
  "eval_done_count": 100.0,
  "eval_episodes_per_env": 4.0,
  "eval_len_end_mean": 26.0,
  "eval_occupied_post_mean": 0.11999999731779099,
  "eval_return_end_mean": -30.65415382385254,
  "eval_t_eval": 104.0,
  "final_depr_F_post": 11.290163040161133,
  "final_energy_E_post": 0.054905958473682404,
  "final_episode_return_end_mean": -28.99991798400879,
  "final_funding_alpha_eff": 2.524163846828742e-07,
  "final_funding_g": 0.0,
  "final_funding_g_raw": 0.07482974231243134,
  "final_update_counter": 2.0,
  "final_vartd_VarTD": 0.17960701882839203,
  "mechanism": "hardzero_plus_depr",
  "mechanism_tag": "hardzero_plus_depr__c0p58__z1p10__lam0p010__nu0p50__psi1p00",
  "runtime_sec": 10.87199400505051,
  "seed": 36,
  "z_cut": 1.1
}