{
  "alpha": 0.037,
  "c_upd": 0.58,
  "depr_lambda": 0.0,
  "depr_nu": 0.5,
  "depr_psi": 0.0,
  "eval_CSR_post": 0.0,
  "eval_dbar_post_mean": 0.5330356955528259,
  "eval_done_count": 100.0,
  "eval_episodes_per_env": 4.0,
  "eval_len_end_mean": 26.0,
  "eval_occupied_post_mean": 0.2800000011920929,
  "eval_return_end_mean": -24.441696166992188,
  "eval_t_eval": 104.0,
  "final_depr_F_post": 0.0,
  "final_energy_E_post": 0.5709143877029419,
  "final_episode_return_end_mean": -27.12590980529785,
  "final_funding_alpha_eff": 0.03700000047683716,
  "final_funding_g": 0.10880338400602341,
  "final_funding_g_raw": 0.10880338400602341,
  "final_update_counter": 5.0,
  "final_vartd_VarTD": 0.15862667560577393,
  "mechanism": "hardzero_only",
  "mechanism_tag": "hardzero_only__c0p58__z1p00__lam0p000__nu0p50__psi0p00",
  "runtime_sec": 9.459206189028919,
  "seed": 51,
  "z_cut": 1.0
}