{
  "alpha": 0.03,
  "c_upd": 0.56,
  "depr_lambda": 0.01,
  "depr_nu": 0.5,
  "depr_psi": 1.0,
  "eval_CSR_post": 0.0,
  "eval_dbar_post_mean": 0.6175047755241394,
  "eval_done_count": 100.0,
  "eval_episodes_per_env": 4.0,
  "eval_len_end_mean": 26.0,
  "eval_occupied_post_mean": 0.23999999463558197,
  "eval_return_end_mean": -24.81192970275879,
  "eval_t_eval": 104.0,
  "final_depr_F_post": 12.215184211730957,
  "final_energy_E_post": 0.22341638803482056,
  "final_episode_return_end_mean": -26.752782821655273,
  "final_funding_alpha_eff": 1.5013334575542103e-07,
  "final_funding_g": 0.09946294873952866,
  "final_funding_g_raw": 0.09946294873952866,
  "final_update_counter": 2.0,
  "final_vartd_VarTD": 0.19965443015098572,
  "mechanism": "hardzero_plus_depr",
  "mechanism_tag": "hardzero_plus_depr__c0p56__z1p10__lam0p010__nu0p50__psi1p00",
  "runtime_sec": 10.66673387796618,
  "seed": 37,
  "z_cut": 1.1
}