{
  "I_R_full": 1.107485704275167,
  "alpha": 0.0,
  "borrow_interest": 0.0,
  "borrow_limit": 0.0,
  "c_upd": 0.58,
  "condition": "fragile_full__support__t1m__a0p00__c0p58",
  "eval_CSR_post": 0.0,
  "eval_CSR_pre": 0.0,
  "eval_dbar_post_mean": 0.6409173607826233,
  "eval_dbar_pre_mean": 0.6348793506622314,
  "eval_done_count": 100.0,
  "eval_done_per_env_max": 4.0,
  "eval_done_per_env_min": 4.0,
  "eval_episodes_per_env": 4.0,
  "eval_len_end_mean": 26.0,
  "eval_max_tilde_post_mean": 0.9304666519165039,
  "eval_max_tilde_pre_mean": 0.9134477972984314,
  "eval_occupied_post_mean": 0.26999998092651367,
  "eval_occupied_pre_mean": 0.20999999344348907,
  "eval_return_end_mean": -24.51335906982422,
  "eval_t_eval": 104.0,
  "family": "support",
  "final_energy": 0.440000057220459,
  "final_executed_updates": 2.0,
  "final_vartd": 0.12817710638046265,
  "learned_R_full_0p5": 1.0,
  "max_debt_level": 0.0,
  "mean_update_fraction": 0.006410256493836641,
  "metric_horizon": "full",
  "phase": "extension_full",
  "runtime_sec": 2.828661932000614,
  "seed": 39,
  "support_mode": "frontload",
  "support_total": 0.6,
  "total_debt_charge": 0.0,
  "total_support_injected": 0.6000000238418579,
  "total_timesteps": 1000000,
  "train_final_return_end_mean": -26.116178512573242
}