{
  "alpha": 0.05,
  "c_upd": 0.56,
  "depr_lambda": 0.02,
  "depr_nu": 0.5,
  "depr_psi": 1.0,
  "eval_CSR_post": 0.0,
  "eval_dbar_post_mean": 0.6667041182518005,
  "eval_done_count": 100.0,
  "eval_episodes_per_env": 4.0,
  "eval_len_end_mean": 26.0,
  "eval_occupied_post_mean": 0.2199999988079071,
  "eval_return_end_mean": -26.00384521484375,
  "eval_t_eval": 104.0,
  "final_depr_F_post": 24.580371856689453,
  "final_energy_E_post": 0.16866938769817352,
  "final_episode_return_end_mean": -28.02879524230957,
  "final_funding_alpha_eff": 1.0777951881674186e-12,
  "final_funding_g": 0.09215544164180756,
  "final_funding_g_raw": 0.09215544164180756,
  "final_update_counter": 2.0,
  "final_vartd_VarTD": 0.1681983768939972,
  "mechanism": "hardzero_plus_depr",
  "mechanism_tag": "hardzero_plus_depr__c0p56__z1p10__lam0p020__nu0p50__psi1p00",
  "runtime_sec": 10.758538870024495,
  "seed": 41,
  "z_cut": 1.1
}