{
  "alpha": 0.064,
  "c_upd": 0.58,
  "depr_lambda": 0.005,
  "depr_nu": 1.0,
  "depr_psi": 0.5,
  "eval_CSR_post": 0.009999999776482582,
  "eval_dbar_post_mean": 0.5077314376831055,
  "eval_done_count": 100.0,
  "eval_episodes_per_env": 4.0,
  "eval_len_end_mean": 26.0,
  "eval_occupied_post_mean": 0.3100000023841858,
  "eval_return_end_mean": -23.90532112121582,
  "eval_t_eval": 104.0,
  "final_depr_F_post": 0.0950000062584877,
  "final_energy_E_post": 0.1591908186674118,
  "final_episode_return_end_mean": -25.069215774536133,
  "final_funding_alpha_eff": 0.06118384376168251,
  "final_funding_g": 0.13449612259864807,
  "final_funding_g_raw": 0.13449612259864807,
  "final_update_counter": 12.0,
  "final_vartd_VarTD": 0.17977961897850037,
  "mechanism": "hardzero_plus_depr",
  "mechanism_tag": "hardzero_plus_depr__c0p58__z1p00__lam0p005__nu1p00__psi0p50",
  "runtime_sec": 9.483797414926812,
  "seed": 44,
  "z_cut": 1.0
}