{
  "alpha": 0.1,
  "c_upd": 0.6,
  "depr_lambda": 0.01,
  "depr_nu": 0.5,
  "depr_psi": 0.75,
  "eval_CSR_post": 0.009999999776482582,
  "eval_dbar_post_mean": 0.5141120553016663,
  "eval_done_count": 100.0,
  "eval_episodes_per_env": 4.0,
  "eval_len_end_mean": 26.0,
  "eval_occupied_post_mean": 0.429999977350235,
  "eval_return_end_mean": -22.61153221130371,
  "eval_t_eval": 104.0,
  "final_depr_F_post": 10.616397857666016,
  "final_energy_E_post": 0.5610474944114685,
  "final_episode_return_end_mean": -28.79729652404785,
  "final_funding_alpha_eff": 3.5097407817374915e-05,
  "final_funding_g": 0.0,
  "final_funding_g_raw": 0.07922026515007019,
  "final_update_counter": 4.0,
  "final_vartd_VarTD": 0.17842796444892883,
  "mechanism": "hardzero_plus_depr",
  "mechanism_tag": "hardzero_plus_depr__c0p60__z1p10__lam0p010__nu0p50__psi0p75",
  "runtime_sec": 10.96686331089586,
  "seed": 36,
  "z_cut": 1.1
}