{
  "alpha": 0.05,
  "c_upd": 0.56,
  "depr_lambda": 0.02,
  "depr_nu": 0.5,
  "depr_psi": 0.75,
  "eval_CSR_post": 0.009999999776482582,
  "eval_dbar_post_mean": 0.5043884515762329,
  "eval_done_count": 100.0,
  "eval_episodes_per_env": 4.0,
  "eval_len_end_mean": 26.0,
  "eval_occupied_post_mean": 0.3999999761581421,
  "eval_return_end_mean": -24.04258155822754,
  "eval_t_eval": 104.0,
  "final_depr_F_post": 24.620372772216797,
  "final_energy_E_post": 0.26412808895111084,
  "final_episode_return_end_mean": -26.173128128051758,
  "final_funding_alpha_eff": 4.854176505197927e-10,
  "final_funding_g": 0.10080571472644806,
  "final_funding_g_raw": 0.10080571472644806,
  "final_update_counter": 2.0,
  "final_vartd_VarTD": 0.13031896948814392,
  "mechanism": "hardzero_plus_depr",
  "mechanism_tag": "hardzero_plus_depr__c0p56__z1p10__lam0p020__nu0p50__psi0p75",
  "runtime_sec": 10.650454686954618,
  "seed": 32,
  "z_cut": 1.1
}