{
  "alpha": 0.1,
  "c_upd": 0.54,
  "depr_lambda": 0.01,
  "depr_nu": 0.5,
  "depr_psi": 1.25,
  "eval_CSR_post": 0.0,
  "eval_dbar_post_mean": 0.5128629803657532,
  "eval_done_count": 100.0,
  "eval_episodes_per_env": 4.0,
  "eval_len_end_mean": 26.0,
  "eval_occupied_post_mean": 0.3499999940395355,
  "eval_return_end_mean": -23.733516693115234,
  "eval_t_eval": 104.0,
  "final_depr_F_post": 11.757673263549805,
  "final_energy_E_post": 0.3635329008102417,
  "final_episode_return_end_mean": -26.415178298950195,
  "final_funding_alpha_eff": 4.193368496885341e-08,
  "final_funding_g": 0.11626864224672318,
  "final_funding_g_raw": 0.11626864224672318,
  "final_update_counter": 3.0,
  "final_vartd_VarTD": 0.11534548550844193,
  "mechanism": "hardzero_plus_depr",
  "mechanism_tag": "hardzero_plus_depr__c0p54__z1p05__lam0p010__nu0p50__psi1p25",
  "runtime_sec": 10.67007143900264,
  "seed": 33,
  "z_cut": 1.05
}