{
  "alpha": 0.08,
  "c_upd": 0.5,
  "depr_lambda": 0.01,
  "depr_nu": 0.5,
  "depr_psi": 0.75,
  "eval_CSR_post": 0.0,
  "eval_dbar_post_mean": 0.5493438839912415,
  "eval_done_count": 100.0,
  "eval_episodes_per_env": 4.0,
  "eval_len_end_mean": 26.0,
  "eval_occupied_post_mean": 0.32999998331069946,
  "eval_return_end_mean": -23.731979370117188,
  "eval_t_eval": 104.0,
  "final_depr_F_post": 8.001358032226562,
  "final_energy_E_post": 0.1381790041923523,
  "final_episode_return_end_mean": -26.3045711517334,
  "final_funding_alpha_eff": 0.00019958955817855895,
  "final_funding_g": 0.1156386062502861,
  "final_funding_g_raw": 0.1156386062502861,
  "final_update_counter": 5.0,
  "final_vartd_VarTD": 0.184566468000412,
  "mechanism": "hardzero_plus_depr",
  "mechanism_tag": "hardzero_plus_depr__c0p50__z1p05__lam0p010__nu0p50__psi0p75",
  "runtime_sec": 23.597490837972146,
  "seed": 30,
  "z_cut": 1.05
}