{
  "alpha": 0.067,
  "c_upd": 0.58,
  "depr_lambda": 0.005,
  "depr_nu": 1.0,
  "depr_psi": 0.5,
  "eval_CSR_post": 0.0,
  "eval_dbar_post_mean": 0.5155737400054932,
  "eval_done_count": 100.0,
  "eval_episodes_per_env": 4.0,
  "eval_len_end_mean": 26.0,
  "eval_occupied_post_mean": 0.38999998569488525,
  "eval_return_end_mean": -24.61644172668457,
  "eval_t_eval": 104.0,
  "final_depr_F_post": 0.059999991208314896,
  "final_energy_E_post": 0.10606752336025238,
  "final_episode_return_end_mean": -25.147899627685547,
  "final_funding_alpha_eff": 0.06518260389566422,
  "final_funding_g": 0.11975853890180588,
  "final_funding_g_raw": 0.11975853890180588,
  "final_update_counter": 7.0,
  "final_vartd_VarTD": 0.1309187412261963,
  "mechanism": "hardzero_plus_depr",
  "mechanism_tag": "hardzero_plus_depr__c0p58__z1p00__lam0p005__nu1p00__psi0p50",
  "runtime_sec": 9.472662216052413,
  "seed": 34,
  "z_cut": 1.0
}