{
  "alpha": 0.05,
  "c_upd": 0.58,
  "depr_lambda": 0.01,
  "depr_nu": 0.5,
  "depr_psi": 1.0,
  "eval_CSR_post": 0.0,
  "eval_dbar_post_mean": 0.6447312831878662,
  "eval_done_count": 100.0,
  "eval_episodes_per_env": 4.0,
  "eval_len_end_mean": 26.0,
  "eval_occupied_post_mean": 0.2800000011920929,
  "eval_return_end_mean": -25.411849975585938,
  "eval_t_eval": 104.0,
  "final_depr_F_post": 12.155182838439941,
  "final_energy_E_post": 0.3133598864078522,
  "final_episode_return_end_mean": -26.86928367614746,
  "final_funding_alpha_eff": 2.656955189195287e-07,
  "final_funding_g": 0.1035495400428772,
  "final_funding_g_raw": 0.1035495400428772,
  "final_update_counter": 2.0,
  "final_vartd_VarTD": 0.12282513082027435,
  "mechanism": "hardzero_plus_depr",
  "mechanism_tag": "hardzero_plus_depr__c0p58__z1p05__lam0p010__nu0p50__psi1p00",
  "runtime_sec": 10.644849250034895,
  "seed": 33,
  "z_cut": 1.05
}