{
  "alpha": 0.085,
  "c_upd": 0.58,
  "depr_lambda": 0.005,
  "depr_nu": 1.0,
  "depr_psi": 0.5,
  "eval_CSR_post": 0.0,
  "eval_dbar_post_mean": 0.4910580515861511,
  "eval_done_count": 100.0,
  "eval_episodes_per_env": 4.0,
  "eval_len_end_mean": 26.0,
  "eval_occupied_post_mean": 0.41999998688697815,
  "eval_return_end_mean": -24.33447265625,
  "eval_t_eval": 104.0,
  "final_depr_F_post": 0.14999999105930328,
  "final_energy_E_post": 0.37530800700187683,
  "final_episode_return_end_mean": -25.542478561401367,
  "final_funding_alpha_eff": 0.07905559241771698,
  "final_funding_g": 0.14090892672538757,
  "final_funding_g_raw": 0.14090892672538757,
  "final_update_counter": 16.0,
  "final_vartd_VarTD": 0.3007963001728058,
  "mechanism": "hardzero_plus_depr",
  "mechanism_tag": "hardzero_plus_depr__c0p58__z1p00__lam0p005__nu1p00__psi0p50",
  "runtime_sec": 9.489731237059459,
  "seed": 31,
  "z_cut": 1.0
}