{
  "alpha": 0.1,
  "c_upd": 0.54,
  "depr_lambda": 0.02,
  "depr_nu": 0.5,
  "depr_psi": 0.75,
  "eval_CSR_post": 0.009999999776482582,
  "eval_dbar_post_mean": 0.5586353540420532,
  "eval_done_count": 100.0,
  "eval_episodes_per_env": 4.0,
  "eval_len_end_mean": 26.0,
  "eval_occupied_post_mean": 0.3700000047683716,
  "eval_return_end_mean": -24.626245498657227,
  "eval_t_eval": 104.0,
  "final_depr_F_post": 21.8153076171875,
  "final_energy_E_post": 0.06824710220098495,
  "final_episode_return_end_mean": -27.251384735107422,
  "final_funding_alpha_eff": 7.95817367560403e-09,
  "final_funding_g": 0.1058262288570404,
  "final_funding_g_raw": 0.1058262288570404,
  "final_update_counter": 3.0,
  "final_vartd_VarTD": 0.1380266398191452,
  "mechanism": "hardzero_plus_depr",
  "mechanism_tag": "hardzero_plus_depr__c0p54__z1p05__lam0p020__nu0p50__psi0p75",
  "runtime_sec": 10.85214754199842,
  "seed": 35,
  "z_cut": 1.05
}