{
  "alpha": 0.1,
  "c_upd": 0.56,
  "depr_lambda": 0.01,
  "depr_nu": 0.5,
  "depr_psi": 1.0,
  "eval_CSR_post": 0.0,
  "eval_dbar_post_mean": 0.5528380870819092,
  "eval_done_count": 100.0,
  "eval_episodes_per_env": 4.0,
  "eval_len_end_mean": 26.0,
  "eval_occupied_post_mean": 0.25999999046325684,
  "eval_return_end_mean": -23.202096939086914,
  "eval_t_eval": 104.0,
  "final_depr_F_post": 10.806402206420898,
  "final_energy_E_post": 0.36566171050071716,
  "final_episode_return_end_mean": -25.97300910949707,
  "final_funding_alpha_eff": 2.0473032691370463e-06,
  "final_funding_g": 0.12784306704998016,
  "final_funding_g_raw": 0.12784306704998016,
  "final_update_counter": 4.0,
  "final_vartd_VarTD": 0.11476846039295197,
  "mechanism": "hardzero_plus_depr",
  "mechanism_tag": "hardzero_plus_depr__c0p56__z1p10__lam0p010__nu0p50__psi1p00",
  "runtime_sec": 10.882636068039574,
  "seed": 33,
  "z_cut": 1.1
}