{
  "alpha": 0.12,
  "c_upd": 0.5,
  "depr_lambda": 0.01,
  "depr_nu": 0.5,
  "depr_psi": 1.25,
  "eval_CSR_post": 0.0,
  "eval_dbar_post_mean": 0.5422934293746948,
  "eval_done_count": 100.0,
  "eval_episodes_per_env": 4.0,
  "eval_len_end_mean": 26.0,
  "eval_occupied_post_mean": 0.25,
  "eval_return_end_mean": -23.840185165405273,
  "eval_t_eval": 104.0,
  "final_depr_F_post": 11.530168533325195,
  "final_energy_E_post": 0.2501368522644043,
  "final_episode_return_end_mean": -26.129892349243164,
  "final_funding_alpha_eff": 6.687277220862597e-08,
  "final_funding_g": 0.12076421827077866,
  "final_funding_g_raw": 0.12076421827077866,
  "final_update_counter": 3.0,
  "final_vartd_VarTD": 0.11244402825832367,
  "mechanism": "hardzero_plus_depr",
  "mechanism_tag": "hardzero_plus_depr__c0p50__z1p00__lam0p010__nu0p50__psi1p25",
  "runtime_sec": 9.823832862952258,
  "seed": 33,
  "z_cut": 1.0
}