{
  "alpha": 0.057,
  "c_upd": 0.58,
  "depr_lambda": 0.0,
  "depr_nu": 0.5,
  "depr_psi": 0.0,
  "eval_CSR_post": 0.0,
  "eval_dbar_post_mean": 0.5174112915992737,
  "eval_done_count": 100.0,
  "eval_episodes_per_env": 4.0,
  "eval_len_end_mean": 26.0,
  "eval_occupied_post_mean": 0.29999998211860657,
  "eval_return_end_mean": -23.674449920654297,
  "eval_t_eval": 104.0,
  "final_depr_F_post": 0.0,
  "final_energy_E_post": 0.1941009759902954,
  "final_episode_return_end_mean": -28.018314361572266,
  "final_funding_alpha_eff": 0.05700000002980232,
  "final_funding_g": 0.0,
  "final_funding_g_raw": 0.09086988121271133,
  "final_update_counter": 5.0,
  "final_vartd_VarTD": 0.15800735354423523,
  "mechanism": "hardzero_only",
  "mechanism_tag": "hardzero_only__c0p58__z1p00__lam0p000__nu0p50__psi0p00",
  "runtime_sec": 9.474376394995488,
  "seed": 36,
  "z_cut": 1.0
}