{
  "alpha": 0.1,
  "c_upd": 0.58,
  "depr_lambda": 0.01,
  "depr_nu": 0.5,
  "depr_psi": 0.75,
  "eval_CSR_post": 0.0,
  "eval_dbar_post_mean": 0.5032969117164612,
  "eval_done_count": 100.0,
  "eval_episodes_per_env": 4.0,
  "eval_len_end_mean": 26.0,
  "eval_occupied_post_mean": 0.3999999761581421,
  "eval_return_end_mean": -24.73859977722168,
  "eval_t_eval": 104.0,
  "final_depr_F_post": 9.36324405670166,
  "final_energy_E_post": 0.4959120750427246,
  "final_episode_return_end_mean": -26.80951690673828,
  "final_funding_alpha_eff": 8.983663428807631e-05,
  "final_funding_g": 0.11011642962694168,
  "final_funding_g_raw": 0.11011642962694168,
  "final_update_counter": 5.0,
  "final_vartd_VarTD": 0.1443987786769867,
  "mechanism": "hardzero_plus_depr",
  "mechanism_tag": "hardzero_plus_depr__c0p58__z1p05__lam0p010__nu0p50__psi0p75",
  "runtime_sec": 10.690762206038926,
  "seed": 41,
  "z_cut": 1.05
}