{
  "alpha": 0.03,
  "c_upd": 0.56,
  "depr_lambda": 0.01,
  "depr_nu": 0.5,
  "depr_psi": 0.75,
  "eval_CSR_post": 0.009999999776482582,
  "eval_dbar_post_mean": 0.5244826078414917,
  "eval_done_count": 100.0,
  "eval_episodes_per_env": 4.0,
  "eval_len_end_mean": 26.0,
  "eval_occupied_post_mean": 0.4399999976158142,
  "eval_return_end_mean": -22.324474334716797,
  "eval_t_eval": 104.0,
  "final_depr_F_post": 12.070180892944336,
  "final_energy_E_post": 0.24583883583545685,
  "final_episode_return_end_mean": -27.414148330688477,
  "final_funding_alpha_eff": 3.5389043659961317e-06,
  "final_funding_g": 0.09274342656135559,
  "final_funding_g_raw": 0.09274342656135559,
  "final_update_counter": 2.0,
  "final_vartd_VarTD": 0.19081583619117737,
  "mechanism": "hardzero_plus_depr",
  "mechanism_tag": "hardzero_plus_depr__c0p56__z1p05__lam0p010__nu0p50__psi0p75",
  "runtime_sec": 23.435322340985294,
  "seed": 30,
  "z_cut": 1.05
}