{
  "alpha": 0.045,
  "c_upd": 0.58,
  "depr_lambda": 0.0,
  "depr_nu": 0.5,
  "depr_psi": 0.0,
  "eval_CSR_post": 0.0,
  "eval_dbar_post_mean": 0.5681196451187134,
  "eval_done_count": 100.0,
  "eval_episodes_per_env": 4.0,
  "eval_len_end_mean": 26.0,
  "eval_occupied_post_mean": 0.32999998331069946,
  "eval_return_end_mean": -24.40492820739746,
  "eval_t_eval": 104.0,
  "final_depr_F_post": 0.0,
  "final_energy_E_post": 0.3711044490337372,
  "final_episode_return_end_mean": -27.041696548461914,
  "final_funding_alpha_eff": 0.04500000178813934,
  "final_funding_g": 0.1033688485622406,
  "final_funding_g_raw": 0.1033688485622406,
  "final_update_counter": 5.0,
  "final_vartd_VarTD": 0.15213559567928314,
  "mechanism": "hardzero_only",
  "mechanism_tag": "hardzero_only__c0p58__z1p00__lam0p000__nu0p50__psi0p00",
  "runtime_sec": 10.84794614999555,
  "seed": 40,
  "z_cut": 1.0
}