{
  "I_R_full_anchor_compat": 1.4354751725052837,
  "above_R_THRESH_FULL_anchor": 1.0,
  "alpha": 1.0,
  "borrow_interest": 0.0,
  "borrow_limit": 0.0,
  "c_upd": 0.9,
  "condition": "enabled_full__support__t4m__a1p00__c0p90",
  "eval_CSR_post": 0.0,
  "eval_CSR_pre": 0.0,
  "eval_dbar_post_mean": 0.6008086204528809,
  "eval_dbar_pre_mean": 0.5979167819023132,
  "eval_done_count": 100.0,
  "eval_done_per_env_max": 4.0,
  "eval_done_per_env_min": 4.0,
  "eval_episodes_per_env": 4.0,
  "eval_len_end_mean": 26.0,
  "eval_max_tilde_post_mean": 0.8728498816490173,
  "eval_max_tilde_pre_mean": 0.8620190024375916,
  "eval_occupied_post_mean": 0.26999998092651367,
  "eval_occupied_pre_mean": 0.3100000023841858,
  "eval_return_end_mean": -23.700944900512695,
  "eval_t_eval": 104.0,
  "family": "support",
  "final_energy": 0.15932126343250275,
  "final_executed_updates": 201.0,
  "final_vartd": 2.967170476913452,
  "max_debt_level": 0.0,
  "mean_update_fraction": 0.1607999950647354,
  "metric_horizon": "long4m",
  "phase": "extension_full",
  "runtime_sec": 11.246035808999295,
  "seed": 49,
  "support_mode": "frontload",
  "support_total": 0.6,
  "total_debt_charge": 0.0,
  "total_support_injected": 0.5999999642372131,
  "total_timesteps": 4000000,
  "train_final_return_end_mean": -24.004728317260742
}