{
  "alpha": 0.052,
  "c_upd": 0.58,
  "depr_lambda": 0.005,
  "depr_nu": 1.0,
  "depr_psi": 0.5,
  "eval_CSR_post": 0.009999999776482582,
  "eval_dbar_post_mean": 0.5822185277938843,
  "eval_done_count": 100.0,
  "eval_episodes_per_env": 4.0,
  "eval_len_end_mean": 26.0,
  "eval_occupied_post_mean": 0.3400000035762787,
  "eval_return_end_mean": -23.80129623413086,
  "eval_t_eval": 104.0,
  "final_depr_F_post": 0.22999991476535797,
  "final_energy_E_post": 0.27122238278388977,
  "final_episode_return_end_mean": -25.84893226623535,
  "final_funding_alpha_eff": 0.04646706208586693,
  "final_funding_g": 0.12887848913669586,
  "final_funding_g_raw": 0.12887848913669586,
  "final_update_counter": 6.0,
  "final_vartd_VarTD": 0.16267797350883484,
  "mechanism": "hardzero_plus_depr",
  "mechanism_tag": "hardzero_plus_depr__c0p58__z1p00__lam0p005__nu1p00__psi0p50",
  "runtime_sec": 9.468526293989271,
  "seed": 54,
  "z_cut": 1.0
}