{
  "alpha": 0.04,
  "c_upd": 0.52,
  "depr_lambda": 0.01,
  "depr_nu": 0.5,
  "depr_psi": 0.75,
  "eval_CSR_post": 0.0,
  "eval_dbar_post_mean": 0.6083613634109497,
  "eval_done_count": 100.0,
  "eval_episodes_per_env": 4.0,
  "eval_len_end_mean": 26.0,
  "eval_occupied_post_mean": 0.2199999988079071,
  "eval_return_end_mean": -24.51313018798828,
  "eval_t_eval": 104.0,
  "final_depr_F_post": 12.005179405212402,
  "final_energy_E_post": 0.16405200958251953,
  "final_episode_return_end_mean": -26.40381622314453,
  "final_funding_alpha_eff": 4.954270934831584e-06,
  "final_funding_g": 0.0,
  "final_funding_g_raw": 0.09479139000177383,
  "final_update_counter": 2.0,
  "final_vartd_VarTD": 0.12182996422052383,
  "mechanism": "hardzero_plus_depr",
  "mechanism_tag": "hardzero_plus_depr__c0p52__z1p00__lam0p010__nu0p50__psi0p75",
  "runtime_sec": 10.852518559957389,
  "seed": 34,
  "z_cut": 1.0
}