{
  "alpha": 0.06,
  "c_upd": 0.52,
  "depr_lambda": 0.03,
  "depr_nu": 0.5,
  "depr_psi": 0.75,
  "eval_CSR_post": 0.0,
  "eval_dbar_post_mean": 0.623298168182373,
  "eval_done_count": 100.0,
  "eval_episodes_per_env": 4.0,
  "eval_len_end_mean": 26.0,
  "eval_occupied_post_mean": 0.25999999046325684,
  "eval_return_end_mean": -25.167924880981445,
  "eval_t_eval": 104.0,
  "final_depr_F_post": 37.33510208129883,
  "final_energy_E_post": 0.2574811279773712,
  "final_episode_return_end_mean": -27.531450271606445,
  "final_funding_alpha_eff": 4.2374097123949045e-14,
  "final_funding_g": 0.10237335413694382,
  "final_funding_g_raw": 0.10237335413694382,
  "final_update_counter": 2.0,
  "final_vartd_VarTD": 0.1460210233926773,
  "mechanism": "hardzero_plus_depr",
  "mechanism_tag": "hardzero_plus_depr__c0p52__z1p10__lam0p030__nu0p50__psi0p75",
  "runtime_sec": 10.610320258012507,
  "seed": 35,
  "z_cut": 1.1
}