{
  "alpha": 0.048,
  "c_upd": 0.58,
  "depr_lambda": 0.0,
  "depr_nu": 0.5,
  "depr_psi": 0.0,
  "eval_CSR_post": 0.0,
  "eval_dbar_post_mean": 0.9198817610740662,
  "eval_done_count": 100.0,
  "eval_episodes_per_env": 4.0,
  "eval_len_end_mean": 26.0,
  "eval_occupied_post_mean": 0.20999999344348907,
  "eval_return_end_mean": -29.1832218170166,
  "eval_t_eval": 104.0,
  "final_depr_F_post": 0.0,
  "final_energy_E_post": 0.5646346211433411,
  "final_episode_return_end_mean": -26.72950553894043,
  "final_funding_alpha_eff": 0.04800000041723251,
  "final_funding_g": 0.0,
  "final_funding_g_raw": 0.09534686803817749,
  "final_update_counter": 3.0,
  "final_vartd_VarTD": 0.1405247300863266,
  "mechanism": "hardzero_only",
  "mechanism_tag": "hardzero_only__c0p58__z1p00__lam0p000__nu0p50__psi0p00",
  "runtime_sec": 10.854398294002749,
  "seed": 43,
  "z_cut": 1.0
}