{
  "I_R_full": 1.655636136568693,
  "alpha": 1.0,
  "borrow_interest": 0.0,
  "borrow_limit": 0.0,
  "c_upd": 0.9,
  "condition": "enabled_full__support__t1m__a1p00__c0p90",
  "eval_CSR_post": 0.019999999552965164,
  "eval_CSR_pre": 0.019999999552965164,
  "eval_dbar_post_mean": 0.4769909381866455,
  "eval_dbar_pre_mean": 0.47845906019210815,
  "eval_done_count": 100.0,
  "eval_done_per_env_max": 4.0,
  "eval_done_per_env_min": 4.0,
  "eval_episodes_per_env": 4.0,
  "eval_len_end_mean": 26.0,
  "eval_max_tilde_post_mean": 0.6995825171470642,
  "eval_max_tilde_pre_mean": 0.6983119249343872,
  "eval_occupied_post_mean": 0.47999998927116394,
  "eval_occupied_pre_mean": 0.429999977350235,
  "eval_return_end_mean": -23.155616760253906,
  "eval_t_eval": 104.0,
  "family": "support",
  "final_energy": 1.0,
  "final_executed_updates": 51.0,
  "final_vartd": 5.258232593536377,
  "learned_R_full_0p5": 1.0,
  "max_debt_level": 0.0,
  "mean_update_fraction": 0.16346153616905212,
  "metric_horizon": "full",
  "phase": "extension_full",
  "runtime_sec": 2.8861995079987537,
  "seed": 43,
  "support_mode": "frontload",
  "support_total": 0.6,
  "total_debt_charge": 0.0,
  "total_support_injected": 0.6000000238418579,
  "total_timesteps": 1000000,
  "train_final_return_end_mean": -23.498064041137695
}