{
  "alpha": 0.03,
  "c_upd": 0.6,
  "depr_lambda": 0.01,
  "depr_nu": 0.5,
  "depr_psi": 0.75,
  "eval_CSR_post": 0.0,
  "eval_dbar_post_mean": 0.6482515335083008,
  "eval_done_count": 100.0,
  "eval_episodes_per_env": 4.0,
  "eval_len_end_mean": 26.0,
  "eval_occupied_post_mean": 0.17000000178813934,
  "eval_return_end_mean": -25.708099365234375,
  "eval_t_eval": 104.0,
  "final_depr_F_post": 11.240161895751953,
  "final_energy_E_post": 0.12774083018302917,
  "final_episode_return_end_mean": -28.040176391601562,
  "final_funding_alpha_eff": 6.595132163056405e-06,
  "final_funding_g": 0.0908646434545517,
  "final_funding_g_raw": 0.0908646434545517,
  "final_update_counter": 2.0,
  "final_vartd_VarTD": 0.12533064186573029,
  "mechanism": "hardzero_plus_depr",
  "mechanism_tag": "hardzero_plus_depr__c0p60__z1p05__lam0p010__nu0p50__psi0p75",
  "runtime_sec": 10.706229952978902,
  "seed": 31,
  "z_cut": 1.05
}