{
  "alpha": 0.03,
  "c_upd": 0.54,
  "depr_lambda": 0.0,
  "depr_nu": 0.5,
  "depr_psi": 0.0,
  "eval_CSR_post": 0.009999999776482582,
  "eval_dbar_post_mean": 0.5343096256256104,
  "eval_done_count": 100.0,
  "eval_episodes_per_env": 4.0,
  "eval_len_end_mean": 26.0,
  "eval_occupied_post_mean": 0.28999999165534973,
  "eval_return_end_mean": -24.405189514160156,
  "eval_t_eval": 104.0,
  "final_depr_F_post": 0.0,
  "final_energy_E_post": 0.23720411956310272,
  "final_episode_return_end_mean": -25.237131118774414,
  "final_funding_alpha_eff": 0.029999999329447746,
  "final_funding_g": 0.1448233723640442,
  "final_funding_g_raw": 0.1448233723640442,
  "final_update_counter": 7.0,
  "final_vartd_VarTD": 0.11484189331531525,
  "mechanism": "hardzero_only",
  "mechanism_tag": "hardzero_only__c0p54__z1p00__lam0p000__nu0p50__psi0p00",
  "runtime_sec": 9.760260089009535,
  "seed": 33,
  "z_cut": 1.0
}