{
  "alpha": 0.12,
  "c_upd": 0.5,
  "depr_lambda": 0.02,
  "depr_nu": 0.5,
  "depr_psi": 1.0,
  "eval_CSR_post": 0.009999999776482582,
  "eval_dbar_post_mean": 0.5522712469100952,
  "eval_done_count": 100.0,
  "eval_episodes_per_env": 4.0,
  "eval_len_end_mean": 26.0,
  "eval_occupied_post_mean": 0.32999998331069946,
  "eval_return_end_mean": -24.84871482849121,
  "eval_t_eval": 104.0,
  "final_depr_F_post": 22.500324249267578,
  "final_energy_E_post": 0.049602657556533813,
  "final_episode_return_end_mean": -27.747478485107422,
  "final_funding_alpha_eff": 2.070621105132453e-11,
  "final_funding_g": 0.09596217423677444,
  "final_funding_g_raw": 0.09596217423677444,
  "final_update_counter": 3.0,
  "final_vartd_VarTD": 0.11727168411016464,
  "mechanism": "hardzero_plus_depr",
  "mechanism_tag": "hardzero_plus_depr__c0p50__z1p05__lam0p020__nu0p50__psi1p00",
  "runtime_sec": 10.792252958985046,
  "seed": 31,
  "z_cut": 1.05
}