{
  "alpha": 0.03,
  "c_upd": 0.58,
  "depr_lambda": 0.0,
  "depr_nu": 0.5,
  "depr_psi": 0.0,
  "eval_CSR_post": 0.0,
  "eval_dbar_post_mean": 0.48104536533355713,
  "eval_done_count": 100.0,
  "eval_episodes_per_env": 4.0,
  "eval_len_end_mean": 26.0,
  "eval_occupied_post_mean": 0.38999998569488525,
  "eval_return_end_mean": -23.15898323059082,
  "eval_t_eval": 104.0,
  "final_depr_F_post": 0.0,
  "final_energy_E_post": 0.08438833057880402,
  "final_episode_return_end_mean": -26.51840591430664,
  "final_funding_alpha_eff": 0.029999999329447746,
  "final_funding_g": 0.11824523657560349,
  "final_funding_g_raw": 0.11824523657560349,
  "final_update_counter": 8.0,
  "final_vartd_VarTD": 0.11796931177377701,
  "mechanism": "hardzero_only",
  "mechanism_tag": "hardzero_only__c0p58__z1p05__lam0p000__nu0p50__psi0p00",
  "runtime_sec": 9.67340194399003,
  "seed": 31,
  "z_cut": 1.05
}