{
  "alpha": 0.08,
  "c_upd": 0.6,
  "depr_lambda": 0.02,
  "depr_nu": 0.5,
  "depr_psi": 1.25,
  "eval_CSR_post": 0.009999999776482582,
  "eval_dbar_post_mean": 0.5736159086227417,
  "eval_done_count": 100.0,
  "eval_episodes_per_env": 4.0,
  "eval_len_end_mean": 26.0,
  "eval_occupied_post_mean": 0.2800000011920929,
  "eval_return_end_mean": -24.734375,
  "eval_t_eval": 104.0,
  "final_depr_F_post": 23.980358123779297,
  "final_energy_E_post": 0.0885157436132431,
  "final_episode_return_end_mean": -27.83030891418457,
  "final_funding_alpha_eff": 7.866400910381318e-15,
  "final_funding_g": 0.09566935151815414,
  "final_funding_g_raw": 0.09566935151815414,
  "final_update_counter": 2.0,
  "final_vartd_VarTD": 0.15741120278835297,
  "mechanism": "hardzero_plus_depr",
  "mechanism_tag": "hardzero_plus_depr__c0p60__z1p05__lam0p020__nu0p50__psi1p25",
  "runtime_sec": 10.809978908044286,
  "seed": 41,
  "z_cut": 1.05
}