{
  "alpha": 0.162,
  "borrow_interest": 0.02,
  "borrow_limit": 0.3,
  "c_upd": 0.58,
  "depr_lambda": 0.0,
  "depr_nu": 0.5,
  "depr_psi": 0.0,
  "eval_CSR_post": 0.009999999776482582,
  "eval_dbar_post_mean": 0.511731743812561,
  "eval_done_count": 100.0,
  "eval_episodes_per_env": 4.0,
  "eval_len_end_mean": 26.0,
  "eval_occupied_post_mean": 0.3499999940395355,
  "eval_return_end_mean": -23.892425537109375,
  "eval_t_eval": 104.0,
  "family": "borrow",
  "final_depr_F_post": 0.0,
  "final_energy_E_post": -0.25278788805007935,
  "final_update_counter": 38.0,
  "final_vartd_VarTD": 3.0208122730255127,
  "max_debt_level_post": 0.2931419909000397,
  "mean_update_fraction": 0.030400000512599945,
  "mechanism": "hardzero_only",
  "mechanism_tag": "hardzero_only__c0p58__z1p00__lam0p000__nu0p50__psi0p00",
  "runtime_sec": 10.63734974898398,
  "seed": 36,
  "support_mode": "none",
  "support_total": 0.0,
  "total_debt_charge": 2.1199991703033447,
  "total_support_s": 0.0,
  "z_cut": 1.0
}