{
  "alpha": 0.02,
  "c_upd": 0.54,
  "depr_lambda": 0.01,
  "depr_nu": 0.5,
  "depr_psi": 1.25,
  "eval_CSR_post": 0.0,
  "eval_dbar_post_mean": 0.6733237504959106,
  "eval_done_count": 100.0,
  "eval_episodes_per_env": 4.0,
  "eval_len_end_mean": 26.0,
  "eval_occupied_post_mean": 0.3199999928474426,
  "eval_return_end_mean": -25.85875701904297,
  "eval_t_eval": 104.0,
  "final_depr_F_post": 12.170183181762695,
  "final_energy_E_post": 0.10862836986780167,
  "final_episode_return_end_mean": -26.736581802368164,
  "final_funding_alpha_eff": 5.007887438068792e-09,
  "final_funding_g": 0.10916502773761749,
  "final_funding_g_raw": 0.10916502773761749,
  "final_update_counter": 2.0,
  "final_vartd_VarTD": 0.11896172165870667,
  "mechanism": "hardzero_plus_depr",
  "mechanism_tag": "hardzero_plus_depr__c0p54__z1p10__lam0p010__nu0p50__psi1p25",
  "runtime_sec": 10.85645703994669,
  "seed": 33,
  "z_cut": 1.1
}