{
  "alpha": 0.02,
  "c_upd": 0.54,
  "depr_lambda": 0.02,
  "depr_nu": 0.5,
  "depr_psi": 1.0,
  "eval_CSR_post": 0.0,
  "eval_dbar_post_mean": 0.5383398532867432,
  "eval_done_count": 100.0,
  "eval_episodes_per_env": 4.0,
  "eval_len_end_mean": 26.0,
  "eval_occupied_post_mean": 0.3700000047683716,
  "eval_return_end_mean": -24.381948471069336,
  "eval_t_eval": 104.0,
  "final_depr_F_post": 24.090360641479492,
  "final_energy_E_post": 0.04237869381904602,
  "final_episode_return_end_mean": -26.793855667114258,
  "final_funding_alpha_eff": 7.037288503666805e-13,
  "final_funding_g": 0.09863035380840302,
  "final_funding_g_raw": 0.09863035380840302,
  "final_update_counter": 2.0,
  "final_vartd_VarTD": 0.1948164850473404,
  "mechanism": "hardzero_plus_depr",
  "mechanism_tag": "hardzero_plus_depr__c0p54__z1p10__lam0p020__nu0p50__psi1p00",
  "runtime_sec": 10.595765018020757,
  "seed": 37,
  "z_cut": 1.1
}