{
  "alpha": 0.076,
  "c_upd": 0.58,
  "depr_lambda": 0.005,
  "depr_nu": 1.0,
  "depr_psi": 0.5,
  "eval_CSR_post": 0.0,
  "eval_dbar_post_mean": 0.4945680499076843,
  "eval_done_count": 100.0,
  "eval_episodes_per_env": 4.0,
  "eval_len_end_mean": 26.0,
  "eval_occupied_post_mean": 0.3499999940395355,
  "eval_return_end_mean": -23.619760513305664,
  "eval_t_eval": 104.0,
  "final_depr_F_post": 0.1799999624490738,
  "final_energy_E_post": 0.38849759101867676,
  "final_episode_return_end_mean": -25.137340545654297,
  "final_funding_alpha_eff": 0.0696326345205307,
  "final_funding_g": 0.14576713740825653,
  "final_funding_g_raw": 0.14576713740825653,
  "final_update_counter": 14.0,
  "final_vartd_VarTD": 0.24777768552303314,
  "mechanism": "hardzero_plus_depr",
  "mechanism_tag": "hardzero_plus_depr__c0p58__z1p00__lam0p005__nu1p00__psi0p50",
  "runtime_sec": 9.48822513804771,
  "seed": 52,
  "z_cut": 1.0
}