{
  "alpha": 0.05,
  "c_upd": 0.58,
  "depr_lambda": 0.0,
  "depr_nu": 0.5,
  "depr_psi": 0.0,
  "eval_CSR_post": 0.0,
  "eval_dbar_post_mean": 0.4843129813671112,
  "eval_done_count": 100.0,
  "eval_episodes_per_env": 4.0,
  "eval_len_end_mean": 26.0,
  "eval_occupied_post_mean": 0.41999998688697815,
  "eval_return_end_mean": -23.063589096069336,
  "eval_t_eval": 104.0,
  "final_depr_F_post": 0.0,
  "final_energy_E_post": 0.054834213107824326,
  "final_episode_return_end_mean": -26.45234489440918,
  "final_funding_alpha_eff": 0.05000000074505806,
  "final_funding_g": 0.12043511122465134,
  "final_funding_g_raw": 0.12043511122465134,
  "final_update_counter": 10.0,
  "final_vartd_VarTD": 0.17245669662952423,
  "mechanism": "hardzero_only",
  "mechanism_tag": "hardzero_only__c0p58__z1p00__lam0p000__nu0p50__psi0p00",
  "runtime_sec": 9.799188712000614,
  "seed": 41,
  "z_cut": 1.0
}