{
  "alpha": 0.12,
  "c_upd": 0.6,
  "depr_lambda": 0.01,
  "depr_nu": 0.5,
  "depr_psi": 1.25,
  "eval_CSR_post": 0.0,
  "eval_dbar_post_mean": 0.5698162913322449,
  "eval_done_count": 100.0,
  "eval_episodes_per_env": 4.0,
  "eval_len_end_mean": 26.0,
  "eval_occupied_post_mean": 0.429999977350235,
  "eval_return_end_mean": -25.583627700805664,
  "eval_t_eval": 104.0,
  "final_depr_F_post": 11.560169219970703,
  "final_energy_E_post": 0.3856639266014099,
  "final_episode_return_end_mean": -26.321422576904297,
  "final_funding_alpha_eff": 6.441139532853413e-08,
  "final_funding_g": 0.1142810508608818,
  "final_funding_g_raw": 0.1142810508608818,
  "final_update_counter": 3.0,
  "final_vartd_VarTD": 0.11544301360845566,
  "mechanism": "hardzero_plus_depr",
  "mechanism_tag": "hardzero_plus_depr__c0p60__z1p05__lam0p010__nu0p50__psi1p25",
  "runtime_sec": 10.911112008965574,
  "seed": 33,
  "z_cut": 1.05
}