{
  "alpha": 0.12,
  "c_upd": 0.5,
  "depr_lambda": 0.02,
  "depr_nu": 0.5,
  "depr_psi": 0.75,
  "eval_CSR_post": 0.0,
  "eval_dbar_post_mean": 0.5227189660072327,
  "eval_done_count": 100.0,
  "eval_episodes_per_env": 4.0,
  "eval_len_end_mean": 26.0,
  "eval_occupied_post_mean": 0.429999977350235,
  "eval_return_end_mean": -22.562150955200195,
  "eval_t_eval": 104.0,
  "final_depr_F_post": 20.895286560058594,
  "final_energy_E_post": 0.06498871743679047,
  "final_episode_return_end_mean": -26.432018280029297,
  "final_funding_alpha_eff": 1.9039918086605212e-08,
  "final_funding_g": 0.09818029403686523,
  "final_funding_g_raw": 0.09818029403686523,
  "final_update_counter": 4.0,
  "final_vartd_VarTD": 0.13703446090221405,
  "mechanism": "hardzero_plus_depr",
  "mechanism_tag": "hardzero_plus_depr__c0p50__z1p10__lam0p020__nu0p50__psi0p75",
  "runtime_sec": 10.717701681016479,
  "seed": 39,
  "z_cut": 1.1
}