{
  "alpha": 0.01,
  "c_upd": 0.58,
  "depr_lambda": 0.01,
  "depr_nu": 0.5,
  "depr_psi": 0.75,
  "eval_CSR_post": 0.0,
  "eval_dbar_post_mean": 0.6698198318481445,
  "eval_done_count": 100.0,
  "eval_episodes_per_env": 4.0,
  "eval_len_end_mean": 26.0,
  "eval_occupied_post_mean": 0.23999999463558197,
  "eval_return_end_mean": -26.57467269897461,
  "eval_t_eval": 104.0,
  "final_depr_F_post": 12.490190505981445,
  "final_energy_E_post": 0.5428590178489685,
  "final_episode_return_end_mean": -28.060935974121094,
  "final_funding_alpha_eff": 8.608781172370072e-07,
  "final_funding_g": 0.0906761884689331,
  "final_funding_g_raw": 0.0906761884689331,
  "final_update_counter": 1.0,
  "final_vartd_VarTD": 0.16615968942642212,
  "mechanism": "hardzero_plus_depr",
  "mechanism_tag": "hardzero_plus_depr__c0p58__z1p10__lam0p010__nu0p50__psi0p75",
  "runtime_sec": 10.682224561925977,
  "seed": 41,
  "z_cut": 1.1
}