{
  "alpha": 0.079,
  "c_upd": 0.58,
  "depr_lambda": 0.005,
  "depr_nu": 1.0,
  "depr_psi": 0.5,
  "eval_CSR_post": 0.0,
  "eval_dbar_post_mean": 0.5585449934005737,
  "eval_done_count": 100.0,
  "eval_episodes_per_env": 4.0,
  "eval_len_end_mean": 26.0,
  "eval_occupied_post_mean": 0.3400000035762787,
  "eval_return_end_mean": -24.887939453125,
  "eval_t_eval": 104.0,
  "final_depr_F_post": 0.24999989569187164,
  "final_energy_E_post": 0.5675432085990906,
  "final_episode_return_end_mean": -25.074556350708008,
  "final_funding_alpha_eff": 0.06989176571369171,
  "final_funding_g": 0.14244955778121948,
  "final_funding_g_raw": 0.14244955778121948,
  "final_update_counter": 15.0,
  "final_vartd_VarTD": 0.2927410304546356,
  "mechanism": "hardzero_plus_depr",
  "mechanism_tag": "hardzero_plus_depr__c0p58__z1p00__lam0p005__nu1p00__psi0p50",
  "runtime_sec": 9.492626958992332,
  "seed": 35,
  "z_cut": 1.0
}