{
  "alpha": 0.02,
  "c_upd": 0.56,
  "depr_lambda": 0.02,
  "depr_nu": 0.5,
  "depr_psi": 0.75,
  "eval_CSR_post": 0.0,
  "eval_dbar_post_mean": 0.5743680000305176,
  "eval_done_count": 100.0,
  "eval_episodes_per_env": 4.0,
  "eval_len_end_mean": 26.0,
  "eval_occupied_post_mean": 0.2800000011920929,
  "eval_return_end_mean": -25.007143020629883,
  "eval_t_eval": 104.0,
  "final_depr_F_post": 22.430322647094727,
  "final_energy_E_post": 0.020168742164969444,
  "final_episode_return_end_mean": -27.869333267211914,
  "final_funding_alpha_eff": 1.0035078323866742e-09,
  "final_funding_g": 0.09455287456512451,
  "final_funding_g_raw": 0.09455287456512451,
  "final_update_counter": 2.0,
  "final_vartd_VarTD": 0.1634177714586258,
  "mechanism": "hardzero_plus_depr",
  "mechanism_tag": "hardzero_plus_depr__c0p56__z1p10__lam0p020__nu0p50__psi0p75",
  "runtime_sec": 10.790261670947075,
  "seed": 41,
  "z_cut": 1.1
}