{
  "I_R_full": 2.180963395006638,
  "alpha": 1.0,
  "borrow_interest": 0.0,
  "borrow_limit": 0.0,
  "c_upd": 0.9,
  "condition": "enabled_full__support__t1m__a1p00__c0p90",
  "eval_CSR_post": 0.0,
  "eval_CSR_pre": 0.009999999776482582,
  "eval_dbar_post_mean": 0.4904575049877167,
  "eval_dbar_pre_mean": 0.4891231954097748,
  "eval_done_count": 100.0,
  "eval_done_per_env_max": 4.0,
  "eval_done_per_env_min": 4.0,
  "eval_episodes_per_env": 4.0,
  "eval_len_end_mean": 26.0,
  "eval_max_tilde_post_mean": 0.7068569660186768,
  "eval_max_tilde_pre_mean": 0.705958366394043,
  "eval_occupied_post_mean": 0.4699999988079071,
  "eval_occupied_pre_mean": 0.429999977350235,
  "eval_return_end_mean": -21.854406356811523,
  "eval_t_eval": 104.0,
  "family": "support",
  "final_energy": 0.5690221786499023,
  "final_executed_updates": 53.0,
  "final_vartd": 5.052127838134766,
  "learned_R_full_0p5": 1.0,
  "max_debt_level": 0.0,
  "mean_update_fraction": 0.16987179219722748,
  "metric_horizon": "full",
  "phase": "extension_full",
  "runtime_sec": 2.955501935999564,
  "seed": 44,
  "support_mode": "frontload",
  "support_total": 0.6,
  "total_debt_charge": 0.0,
  "total_support_injected": 0.6000000238418579,
  "total_timesteps": 1000000,
  "train_final_return_end_mean": -23.21782112121582
}