{
  "alpha": 0.05,
  "c_upd": 0.5,
  "depr_lambda": 0.0,
  "depr_nu": 0.5,
  "depr_psi": 0.0,
  "eval_CSR_post": 0.009999999776482582,
  "eval_dbar_post_mean": 0.4802715480327606,
  "eval_done_count": 100.0,
  "eval_episodes_per_env": 4.0,
  "eval_len_end_mean": 26.0,
  "eval_occupied_post_mean": 0.47999998927116394,
  "eval_return_end_mean": -23.74913787841797,
  "eval_t_eval": 104.0,
  "final_depr_F_post": 0.0,
  "final_energy_E_post": 0.413061261177063,
  "final_episode_return_end_mean": -24.946632385253906,
  "final_funding_alpha_eff": 0.05000000074505806,
  "final_funding_g": 0.14718693494796753,
  "final_funding_g_raw": 0.14718693494796753,
  "final_update_counter": 17.0,
  "final_vartd_VarTD": 0.3932667076587677,
  "mechanism": "hardzero_only",
  "mechanism_tag": "hardzero_only__c0p50__z1p10__lam0p000__nu0p50__psi0p00",
  "runtime_sec": 9.927999078005087,
  "seed": 36,
  "z_cut": 1.1
}