{
  "alpha": 0.08,
  "c_upd": 0.52,
  "depr_lambda": 0.01,
  "depr_nu": 0.5,
  "depr_psi": 1.0,
  "eval_CSR_post": 0.0,
  "eval_dbar_post_mean": 0.5740596652030945,
  "eval_done_count": 100.0,
  "eval_episodes_per_env": 4.0,
  "eval_len_end_mean": 26.0,
  "eval_occupied_post_mean": 0.25999999046325684,
  "eval_return_end_mean": -22.651376724243164,
  "eval_t_eval": 104.0,
  "final_depr_F_post": 11.700172424316406,
  "final_energy_E_post": 0.13147827982902527,
  "final_episode_return_end_mean": -27.9381103515625,
  "final_funding_alpha_eff": 6.700585117869196e-07,
  "final_funding_g": 0.0,
  "final_funding_g_raw": 0.09196964651346207,
  "final_update_counter": 2.0,
  "final_vartd_VarTD": 0.2165975421667099,
  "mechanism": "hardzero_plus_depr",
  "mechanism_tag": "hardzero_plus_depr__c0p52__z1p00__lam0p010__nu0p50__psi1p00",
  "runtime_sec": 10.849315872008447,
  "seed": 38,
  "z_cut": 1.0
}