{
  "I_R_full": 1.6328152728288905,
  "alpha": 1.0,
  "borrow_interest": 0.0,
  "borrow_limit": 0.0,
  "c_upd": 0.9,
  "condition": "enabled_full__base__t1m__a1p00__c0p90",
  "eval_CSR_post": 0.0,
  "eval_CSR_pre": 0.0,
  "eval_dbar_post_mean": 0.47527143359184265,
  "eval_dbar_pre_mean": 0.4829406142234802,
  "eval_done_count": 100.0,
  "eval_done_per_env_max": 4.0,
  "eval_done_per_env_min": 4.0,
  "eval_episodes_per_env": 4.0,
  "eval_len_end_mean": 26.0,
  "eval_max_tilde_post_mean": 0.6886714696884155,
  "eval_max_tilde_pre_mean": 0.6949253082275391,
  "eval_occupied_post_mean": 0.3999999761581421,
  "eval_occupied_pre_mean": 0.3499999940395355,
  "eval_return_end_mean": -23.212142944335938,
  "eval_t_eval": 104.0,
  "family": "base",
  "final_energy": 0.8180077075958252,
  "final_executed_updates": 49.0,
  "final_vartd": 4.861912727355957,
  "learned_R_full_0p5": 1.0,
  "max_debt_level": 0.0,
  "mean_update_fraction": 0.15705128014087677,
  "metric_horizon": "full",
  "phase": "extension_full",
  "runtime_sec": 2.78962225199939,
  "seed": 35,
  "support_mode": "none",
  "support_total": 0.0,
  "total_debt_charge": 0.0,
  "total_support_injected": 0.0,
  "total_timesteps": 1000000,
  "train_final_return_end_mean": -23.346200942993164
}