{
  "alpha": 0.06,
  "c_upd": 0.56,
  "depr_lambda": 0.01,
  "depr_nu": 0.5,
  "depr_psi": 1.25,
  "eval_CSR_post": 0.0,
  "eval_dbar_post_mean": 0.5410326719284058,
  "eval_done_count": 100.0,
  "eval_episodes_per_env": 4.0,
  "eval_len_end_mean": 26.0,
  "eval_occupied_post_mean": 0.35999998450279236,
  "eval_return_end_mean": -23.43659782409668,
  "eval_t_eval": 104.0,
  "final_depr_F_post": 12.365187644958496,
  "final_energy_E_post": 0.3977868854999542,
  "final_episode_return_end_mean": -26.747344970703125,
  "final_funding_alpha_eff": 1.1773733099573747e-08,
  "final_funding_g": 0.09563108533620834,
  "final_funding_g_raw": 0.09563108533620834,
  "final_update_counter": 2.0,
  "final_vartd_VarTD": 0.14371010661125183,
  "mechanism": "hardzero_plus_depr",
  "mechanism_tag": "hardzero_plus_depr__c0p56__z1p10__lam0p010__nu0p50__psi1p25",
  "runtime_sec": 10.640867954003625,
  "seed": 39,
  "z_cut": 1.1
}