{
  "alpha": 0.05,
  "c_upd": 0.54,
  "depr_lambda": 0.02,
  "depr_nu": 0.5,
  "depr_psi": 0.75,
  "eval_CSR_post": 0.0,
  "eval_dbar_post_mean": 0.8938654661178589,
  "eval_done_count": 100.0,
  "eval_episodes_per_env": 4.0,
  "eval_len_end_mean": 26.0,
  "eval_occupied_post_mean": 0.07000000029802322,
  "eval_return_end_mean": -27.965099334716797,
  "eval_t_eval": 104.0,
  "final_depr_F_post": 24.470369338989258,
  "final_energy_E_post": 0.16525040566921234,
  "final_episode_return_end_mean": -29.073165893554688,
  "final_funding_alpha_eff": 5.432190808285497e-10,
  "final_funding_g": 0.0,
  "final_funding_g_raw": 0.07376597076654434,
  "final_update_counter": 2.0,
  "final_vartd_VarTD": 0.1759227216243744,
  "mechanism": "hardzero_plus_depr",
  "mechanism_tag": "hardzero_plus_depr__c0p54__z1p05__lam0p020__nu0p50__psi0p75",
  "runtime_sec": 10.688046978029888,
  "seed": 36,
  "z_cut": 1.05
}