{
  "alpha": 0.1,
  "c_upd": 0.54,
  "depr_lambda": 0.03,
  "depr_nu": 0.5,
  "depr_psi": 1.25,
  "eval_CSR_post": 0.0,
  "eval_dbar_post_mean": 0.5282854437828064,
  "eval_done_count": 100.0,
  "eval_episodes_per_env": 4.0,
  "eval_len_end_mean": 26.0,
  "eval_occupied_post_mean": 0.3400000035762787,
  "eval_return_end_mean": -21.35320281982422,
  "eval_t_eval": 104.0,
  "final_depr_F_post": 37.27510452270508,
  "final_energy_E_post": 0.22075456380844116,
  "final_episode_return_end_mean": -27.950153350830078,
  "final_funding_alpha_eff": 6.036991706249483e-22,
  "final_funding_g": 0.0914442166686058,
  "final_funding_g_raw": 0.0914442166686058,
  "final_update_counter": 2.0,
  "final_vartd_VarTD": 0.21136106550693512,
  "mechanism": "hardzero_plus_depr",
  "mechanism_tag": "hardzero_plus_depr__c0p54__z1p10__lam0p030__nu0p50__psi1p25",
  "runtime_sec": 10.861836488940753,
  "seed": 38,
  "z_cut": 1.1
}