{
  "alpha": 0.05,
  "c_upd": 0.54,
  "depr_lambda": 0.01,
  "depr_nu": 0.5,
  "depr_psi": 0.75,
  "eval_CSR_post": 0.0,
  "eval_dbar_post_mean": 0.6105495691299438,
  "eval_done_count": 100.0,
  "eval_episodes_per_env": 4.0,
  "eval_len_end_mean": 26.0,
  "eval_occupied_post_mean": 0.2199999988079071,
  "eval_return_end_mean": -24.935619354248047,
  "eval_t_eval": 104.0,
  "final_depr_F_post": 10.945155143737793,
  "final_energy_E_post": 0.23357965052127838,
  "final_episode_return_end_mean": -27.36786460876465,
  "final_funding_alpha_eff": 1.3713927728531417e-05,
  "final_funding_g": 0.09671808034181595,
  "final_funding_g_raw": 0.09671808034181595,
  "final_update_counter": 3.0,
  "final_vartd_VarTD": 0.15831249952316284,
  "mechanism": "hardzero_plus_depr",
  "mechanism_tag": "hardzero_plus_depr__c0p54__z1p10__lam0p010__nu0p50__psi0p75",
  "runtime_sec": 10.781690787989646,
  "seed": 40,
  "z_cut": 1.1
}