{
  "alpha": 0.01,
  "c_upd": 0.52,
  "depr_lambda": 0.01,
  "depr_nu": 0.5,
  "depr_psi": 0.75,
  "eval_CSR_post": 0.0,
  "eval_dbar_post_mean": 0.7631294131278992,
  "eval_done_count": 100.0,
  "eval_episodes_per_env": 4.0,
  "eval_len_end_mean": 26.0,
  "eval_occupied_post_mean": 0.1599999964237213,
  "eval_return_end_mean": -26.626060485839844,
  "eval_t_eval": 104.0,
  "final_depr_F_post": 12.200183868408203,
  "final_energy_E_post": 0.10055209696292877,
  "final_episode_return_end_mean": -29.220705032348633,
  "final_funding_alpha_eff": 1.0700475741032278e-06,
  "final_funding_g": 0.0,
  "final_funding_g_raw": 0.07107185572385788,
  "final_update_counter": 2.0,
  "final_vartd_VarTD": 0.18491746485233307,
  "mechanism": "hardzero_plus_depr",
  "mechanism_tag": "hardzero_plus_depr__c0p52__z1p10__lam0p010__nu0p50__psi0p75",
  "runtime_sec": 10.660110776021611,
  "seed": 36,
  "z_cut": 1.1
}