{
  "alpha": 0.058,
  "c_upd": 0.58,
  "depr_lambda": 0.005,
  "depr_nu": 1.0,
  "depr_psi": 0.5,
  "eval_CSR_post": 0.0,
  "eval_dbar_post_mean": 0.514041543006897,
  "eval_done_count": 100.0,
  "eval_episodes_per_env": 4.0,
  "eval_len_end_mean": 26.0,
  "eval_occupied_post_mean": 0.3700000047683716,
  "eval_return_end_mean": -24.46973991394043,
  "eval_t_eval": 104.0,
  "final_depr_F_post": 0.16499997675418854,
  "final_energy_E_post": 0.20867229998111725,
  "final_episode_return_end_mean": -26.51980209350586,
  "final_funding_alpha_eff": 0.05354074761271477,
  "final_funding_g": 0.12356512248516083,
  "final_funding_g_raw": 0.12356512248516083,
  "final_update_counter": 7.0,
  "final_vartd_VarTD": 0.14410725235939026,
  "mechanism": "hardzero_plus_depr",
  "mechanism_tag": "hardzero_plus_depr__c0p58__z1p00__lam0p005__nu1p00__psi0p50",
  "runtime_sec": 9.478730504983105,
  "seed": 50,
  "z_cut": 1.0
}