{
  "alpha": 0.12,
  "c_upd": 0.6,
  "depr_lambda": 0.03,
  "depr_nu": 0.5,
  "depr_psi": 1.25,
  "eval_CSR_post": 0.0,
  "eval_dbar_post_mean": 0.5933462381362915,
  "eval_done_count": 100.0,
  "eval_episodes_per_env": 4.0,
  "eval_len_end_mean": 26.0,
  "eval_occupied_post_mean": 0.19999998807907104,
  "eval_return_end_mean": -25.46412467956543,
  "eval_t_eval": 104.0,
  "final_depr_F_post": 36.85512161254883,
  "final_energy_E_post": 0.13381929695606232,
  "final_episode_return_end_mean": -26.82253646850586,
  "final_funding_alpha_eff": 1.2246079792969044e-21,
  "final_funding_g": 0.09831947833299637,
  "final_funding_g_raw": 0.09831947833299637,
  "final_update_counter": 2.0,
  "final_vartd_VarTD": 0.20170557498931885,
  "mechanism": "hardzero_plus_depr",
  "mechanism_tag": "hardzero_plus_depr__c0p60__z1p05__lam0p030__nu0p50__psi1p25",
  "runtime_sec": 10.855861442978494,
  "seed": 37,
  "z_cut": 1.05
}