{
  "alpha": 1.0,
  "c_upd": 0.9,
  "condition": "enabled_full",
  "eval_CSR_post": 0.0,
  "eval_CSR_pre": 0.019999999552965164,
  "eval_dbar_post_mean": 0.4516000747680664,
  "eval_dbar_pre_mean": 0.45705312490463257,
  "eval_done_count": 100.0,
  "eval_done_per_env_max": 4.0,
  "eval_done_per_env_min": 4.0,
  "eval_episodes_per_env": 4.0,
  "eval_len_end_mean": 26.0,
  "eval_max_tilde_post_mean": 0.6359973549842834,
  "eval_max_tilde_pre_mean": 0.6509362459182739,
  "eval_occupied_post_mean": 0.4899999797344208,
  "eval_occupied_pre_mean": 0.5299999713897705,
  "eval_return_end_mean": -21.211069107055664,
  "eval_t_eval": 104.0,
  "final_energy": 0.7505533695220947,
  "final_executed_updates": 53.0,
  "final_funding_g": 0.17855164408683777,
  "final_funding_z": 0.7482361197471619,
  "final_vartd": 5.003828048706055,
  "horizon_label": "full",
  "mean_update_fraction": 0.16987179219722748,
  "runtime_sec": 2.5613264060229994,
  "seed": 56,
  "train_final_CSR_train": 0.00800000037997961,
  "train_final_dbar_end": 0.5487174987792969,
  "train_final_min_dists_end_mean": 1.646152377128601,
  "train_final_occupied_end_mean": 0.3360000252723694,
  "train_final_return_end_mean": -23.052749633789062
}