{
  "alpha": 0.1,
  "c_upd": 0.54,
  "depr_lambda": 0.0,
  "depr_nu": 0.5,
  "depr_psi": 0.0,
  "eval_CSR_post": 0.0,
  "eval_dbar_post_mean": 0.488176167011261,
  "eval_done_count": 100.0,
  "eval_episodes_per_env": 4.0,
  "eval_len_end_mean": 26.0,
  "eval_occupied_post_mean": 0.44999998807907104,
  "eval_return_end_mean": -23.602489471435547,
  "eval_t_eval": 104.0,
  "final_depr_F_post": 0.0,
  "final_energy_E_post": 0.21598686277866364,
  "final_episode_return_end_mean": -24.429319381713867,
  "final_funding_alpha_eff": 0.10000000149011612,
  "final_funding_g": 0.15242324769496918,
  "final_funding_g_raw": 0.15242324769496918,
  "final_update_counter": 33.0,
  "final_vartd_VarTD": 2.3604817390441895,
  "mechanism": "hardzero_only",
  "mechanism_tag": "hardzero_only__c0p54__z1p10__lam0p000__nu0p50__psi0p00",
  "runtime_sec": 9.957951680989936,
  "seed": 37,
  "z_cut": 1.1
}