{
  "alpha": 0.02,
  "c_upd": 0.5,
  "depr_lambda": 0.0,
  "depr_nu": 0.5,
  "depr_psi": 0.0,
  "eval_CSR_post": 0.0,
  "eval_dbar_post_mean": 0.48318395018577576,
  "eval_done_count": 100.0,
  "eval_episodes_per_env": 4.0,
  "eval_len_end_mean": 26.0,
  "eval_occupied_post_mean": 0.41999998688697815,
  "eval_return_end_mean": -22.309972763061523,
  "eval_t_eval": 104.0,
  "final_depr_F_post": 0.0,
  "final_energy_E_post": 0.19114282727241516,
  "final_episode_return_end_mean": -27.198251724243164,
  "final_funding_alpha_eff": 0.019999999552965164,
  "final_funding_g": 0.10677973181009293,
  "final_funding_g_raw": 0.10677973181009293,
  "final_update_counter": 6.0,
  "final_vartd_VarTD": 0.21605663001537323,
  "mechanism": "hardzero_only",
  "mechanism_tag": "hardzero_only__c0p50__z1p05__lam0p000__nu0p50__psi0p00",
  "runtime_sec": 9.918226323963609,
  "seed": 38,
  "z_cut": 1.05
}