{
  "alpha": 0.02,
  "c_upd": 0.56,
  "depr_lambda": 0.01,
  "depr_nu": 0.5,
  "depr_psi": 1.0,
  "eval_CSR_post": 0.0,
  "eval_dbar_post_mean": 0.6406091451644897,
  "eval_done_count": 100.0,
  "eval_episodes_per_env": 4.0,
  "eval_len_end_mean": 26.0,
  "eval_occupied_post_mean": 0.1599999964237213,
  "eval_return_end_mean": -24.594188690185547,
  "eval_t_eval": 104.0,
  "final_depr_F_post": 11.375164985656738,
  "final_energy_E_post": 0.05418071150779724,
  "final_episode_return_end_mean": -27.563337326049805,
  "final_funding_alpha_eff": 2.3184709618817578e-07,
  "final_funding_g": 0.0,
  "final_funding_g_raw": 0.08829887211322784,
  "final_update_counter": 2.0,
  "final_vartd_VarTD": 0.1965305060148239,
  "mechanism": "hardzero_plus_depr",
  "mechanism_tag": "hardzero_plus_depr__c0p56__z1p05__lam0p010__nu0p50__psi1p00",
  "runtime_sec": 23.486672016966622,
  "seed": 30,
  "z_cut": 1.05
}