{
  "alpha": 0.1,
  "c_upd": 0.5,
  "depr_lambda": 0.01,
  "depr_nu": 0.5,
  "depr_psi": 1.0,
  "eval_CSR_post": 0.0,
  "eval_dbar_post_mean": 0.5612270832061768,
  "eval_done_count": 100.0,
  "eval_episodes_per_env": 4.0,
  "eval_len_end_mean": 26.0,
  "eval_occupied_post_mean": 0.17999999225139618,
  "eval_return_end_mean": -25.13983917236328,
  "eval_t_eval": 104.0,
  "final_depr_F_post": 9.331368446350098,
  "final_energy_E_post": 0.15993498265743256,
  "final_episode_return_end_mean": -26.04558753967285,
  "final_funding_alpha_eff": 8.94913864613045e-06,
  "final_funding_g": 0.1281038522720337,
  "final_funding_g_raw": 0.1281038522720337,
  "final_update_counter": 5.0,
  "final_vartd_VarTD": 0.11729220300912857,
  "mechanism": "hardzero_plus_depr",
  "mechanism_tag": "hardzero_plus_depr__c0p50__z1p05__lam0p010__nu0p50__psi1p00",
  "runtime_sec": 10.775270356039982,
  "seed": 33,
  "z_cut": 1.05
}