{
  "alpha": 0.03,
  "c_upd": 0.56,
  "depr_lambda": 0.02,
  "depr_nu": 0.5,
  "depr_psi": 1.0,
  "eval_CSR_post": 0.0,
  "eval_dbar_post_mean": 0.7433890700340271,
  "eval_done_count": 100.0,
  "eval_episodes_per_env": 4.0,
  "eval_len_end_mean": 26.0,
  "eval_occupied_post_mean": 0.1599999964237213,
  "eval_return_end_mean": -26.0275821685791,
  "eval_t_eval": 104.0,
  "final_depr_F_post": 23.780353546142578,
  "final_energy_E_post": 0.04472227022051811,
  "final_episode_return_end_mean": -29.234407424926758,
  "final_funding_alpha_eff": 1.4392326306428282e-12,
  "final_funding_g": 0.0,
  "final_funding_g_raw": 0.07167340070009232,
  "final_update_counter": 2.0,
  "final_vartd_VarTD": 0.17385552823543549,
  "mechanism": "hardzero_plus_depr",
  "mechanism_tag": "hardzero_plus_depr__c0p56__z1p10__lam0p020__nu0p50__psi1p00",
  "runtime_sec": 10.717076909029856,
  "seed": 36,
  "z_cut": 1.1
}