{
  "alpha": 0.034,
  "c_upd": 0.58,
  "depr_lambda": 0.005,
  "depr_nu": 1.0,
  "depr_psi": 0.5,
  "eval_CSR_post": 0.0,
  "eval_dbar_post_mean": 0.6582973003387451,
  "eval_done_count": 100.0,
  "eval_episodes_per_env": 4.0,
  "eval_len_end_mean": 26.0,
  "eval_occupied_post_mean": 0.26999998092651367,
  "eval_return_end_mean": -25.308313369750977,
  "eval_t_eval": 104.0,
  "final_depr_F_post": 0.9149993062019348,
  "final_energy_E_post": 0.43490391969680786,
  "final_episode_return_end_mean": -27.803606033325195,
  "final_funding_alpha_eff": 0.021571239456534386,
  "final_funding_g": 0.0,
  "final_funding_g_raw": 0.09604683518409729,
  "final_update_counter": 4.0,
  "final_vartd_VarTD": 0.1535668671131134,
  "mechanism": "hardzero_plus_depr",
  "mechanism_tag": "hardzero_plus_depr__c0p58__z1p00__lam0p005__nu1p00__psi0p50",
  "runtime_sec": 9.478522198041901,
  "seed": 53,
  "z_cut": 1.0
}