{
  "alpha": 0.06,
  "c_upd": 0.52,
  "depr_lambda": 0.02,
  "depr_nu": 0.5,
  "depr_psi": 1.0,
  "eval_CSR_post": 0.0,
  "eval_dbar_post_mean": 0.6702125072479248,
  "eval_done_count": 100.0,
  "eval_episodes_per_env": 4.0,
  "eval_len_end_mean": 26.0,
  "eval_occupied_post_mean": 0.17999999225139618,
  "eval_return_end_mean": -26.41904067993164,
  "eval_t_eval": 104.0,
  "final_depr_F_post": 24.850378036499023,
  "final_energy_E_post": 0.22495976090431213,
  "final_episode_return_end_mean": -28.04921531677246,
  "final_funding_alpha_eff": 9.873139632243788e-13,
  "final_funding_g": 0.09061697125434875,
  "final_funding_g_raw": 0.09061697125434875,
  "final_update_counter": 2.0,
  "final_vartd_VarTD": 0.12427382171154022,
  "mechanism": "hardzero_plus_depr",
  "mechanism_tag": "hardzero_plus_depr__c0p52__z1p05__lam0p020__nu0p50__psi1p00",
  "runtime_sec": 10.896750159037765,
  "seed": 31,
  "z_cut": 1.05
}