{
  "alpha": 0.025,
  "c_upd": 0.58,
  "depr_lambda": 0.005,
  "depr_nu": 1.0,
  "depr_psi": 0.5,
  "eval_CSR_post": 0.0,
  "eval_dbar_post_mean": 0.5006633400917053,
  "eval_done_count": 100.0,
  "eval_episodes_per_env": 4.0,
  "eval_len_end_mean": 26.0,
  "eval_occupied_post_mean": 0.3799999952316284,
  "eval_return_end_mean": -22.752254486083984,
  "eval_t_eval": 104.0,
  "final_depr_F_post": 3.165024995803833,
  "final_energy_E_post": 0.2718075215816498,
  "final_episode_return_end_mean": -27.816938400268555,
  "final_funding_alpha_eff": 0.00514931371435523,
  "final_funding_g": 0.0,
  "final_funding_g_raw": 0.08928977698087692,
  "final_update_counter": 2.0,
  "final_vartd_VarTD": 0.13839560747146606,
  "mechanism": "hardzero_plus_depr",
  "mechanism_tag": "hardzero_plus_depr__c0p58__z1p00__lam0p005__nu1p00__psi0p50",
  "runtime_sec": 9.459728938061744,
  "seed": 56,
  "z_cut": 1.0
}