{
  "alpha": 0.06,
  "c_upd": 0.52,
  "depr_lambda": 0.0,
  "depr_nu": 0.5,
  "depr_psi": 0.0,
  "eval_CSR_post": 0.009999999776482582,
  "eval_dbar_post_mean": 0.5068199634552002,
  "eval_done_count": 100.0,
  "eval_episodes_per_env": 4.0,
  "eval_len_end_mean": 26.0,
  "eval_occupied_post_mean": 0.4099999964237213,
  "eval_return_end_mean": -23.90156364440918,
  "eval_t_eval": 104.0,
  "final_depr_F_post": 0.0,
  "final_energy_E_post": 0.26208797097206116,
  "final_episode_return_end_mean": -25.475061416625977,
  "final_funding_alpha_eff": 0.05999999865889549,
  "final_funding_g": 0.135792076587677,
  "final_funding_g_raw": 0.135792076587677,
  "final_update_counter": 19.0,
  "final_vartd_VarTD": 0.5422924757003784,
  "mechanism": "hardzero_only",
  "mechanism_tag": "hardzero_only__c0p52__z1p10__lam0p000__nu0p50__psi0p00",
  "runtime_sec": 9.753760381019674,
  "seed": 36,
  "z_cut": 1.1
}