{
  "alpha": 0.085,
  "c_upd": 0.58,
  "depr_lambda": 0.005,
  "depr_nu": 1.0,
  "depr_psi": 0.5,
  "eval_CSR_post": 0.009999999776482582,
  "eval_dbar_post_mean": 0.49154239892959595,
  "eval_done_count": 100.0,
  "eval_episodes_per_env": 4.0,
  "eval_len_end_mean": 26.0,
  "eval_occupied_post_mean": 0.4099999964237213,
  "eval_return_end_mean": -24.369403839111328,
  "eval_t_eval": 104.0,
  "final_depr_F_post": 0.0950000062584877,
  "final_energy_E_post": 0.2634476125240326,
  "final_episode_return_end_mean": -25.08370018005371,
  "final_funding_alpha_eff": 0.08125978708267212,
  "final_funding_g": 0.14919644594192505,
  "final_funding_g_raw": 0.14919644594192505,
  "final_update_counter": 18.0,
  "final_vartd_VarTD": 0.4767802953720093,
  "mechanism": "hardzero_plus_depr",
  "mechanism_tag": "hardzero_plus_depr__c0p58__z1p00__lam0p005__nu1p00__psi0p50",
  "runtime_sec": 9.499853029032238,
  "seed": 35,
  "z_cut": 1.0
}