{
  "alpha": 0.05,
  "c_upd": 0.6,
  "depr_lambda": 0.0,
  "depr_nu": 0.5,
  "depr_psi": 0.0,
  "eval_CSR_post": 0.0,
  "eval_dbar_post_mean": 0.5093039274215698,
  "eval_done_count": 100.0,
  "eval_episodes_per_env": 4.0,
  "eval_len_end_mean": 26.0,
  "eval_occupied_post_mean": 0.4099999964237213,
  "eval_return_end_mean": -24.674440383911133,
  "eval_t_eval": 104.0,
  "final_depr_F_post": 0.0,
  "final_energy_E_post": 0.25823521614074707,
  "final_episode_return_end_mean": -25.707653045654297,
  "final_funding_alpha_eff": 0.05000000074505806,
  "final_funding_g": 0.12485774606466293,
  "final_funding_g_raw": 0.12485774606466293,
  "final_update_counter": 13.0,
  "final_vartd_VarTD": 0.25486472249031067,
  "mechanism": "hardzero_only",
  "mechanism_tag": "hardzero_only__c0p60__z1p05__lam0p000__nu0p50__psi0p00",
  "runtime_sec": 9.79105882695876,
  "seed": 37,
  "z_cut": 1.05
}