{
  "alpha": 0.029,
  "c_upd": 0.58,
  "depr_lambda": 0.0,
  "depr_nu": 0.5,
  "depr_psi": 0.0,
  "eval_CSR_post": 0.0,
  "eval_dbar_post_mean": 0.706933856010437,
  "eval_done_count": 100.0,
  "eval_episodes_per_env": 4.0,
  "eval_len_end_mean": 26.0,
  "eval_occupied_post_mean": 0.2800000011920929,
  "eval_return_end_mean": -27.036705017089844,
  "eval_t_eval": 104.0,
  "final_depr_F_post": 0.0,
  "final_energy_E_post": 0.34851211309432983,
  "final_episode_return_end_mean": -27.460662841796875,
  "final_funding_alpha_eff": 0.028999999165534973,
  "final_funding_g": 0.0,
  "final_funding_g_raw": 0.09724672883749008,
  "final_update_counter": 3.0,
  "final_vartd_VarTD": 0.149397075176239,
  "mechanism": "hardzero_only",
  "mechanism_tag": "hardzero_only__c0p58__z1p00__lam0p000__nu0p50__psi0p00",
  "runtime_sec": 9.476217653951608,
  "seed": 51,
  "z_cut": 1.0
}