{
  "alpha": 0.05,
  "c_upd": 0.6,
  "depr_lambda": 0.0,
  "depr_nu": 0.5,
  "depr_psi": 0.0,
  "eval_CSR_post": 0.009999999776482582,
  "eval_dbar_post_mean": 0.49721166491508484,
  "eval_done_count": 100.0,
  "eval_episodes_per_env": 4.0,
  "eval_len_end_mean": 26.0,
  "eval_occupied_post_mean": 0.3499999940395355,
  "eval_return_end_mean": -24.4674015045166,
  "eval_t_eval": 104.0,
  "final_depr_F_post": 0.0,
  "final_energy_E_post": 0.5198106169700623,
  "final_episode_return_end_mean": -26.60720443725586,
  "final_funding_alpha_eff": 0.05000000074505806,
  "final_funding_g": 0.11273257434368134,
  "final_funding_g_raw": 0.11273257434368134,
  "final_update_counter": 6.0,
  "final_vartd_VarTD": 0.1497032642364502,
  "mechanism": "hardzero_only",
  "mechanism_tag": "hardzero_only__c0p60__z1p00__lam0p000__nu0p50__psi0p00",
  "runtime_sec": 9.670062846009387,
  "seed": 40,
  "z_cut": 1.0
}