{
  "alpha": 0.04,
  "c_upd": 0.58,
  "depr_lambda": 0.01,
  "depr_nu": 0.5,
  "depr_psi": 1.0,
  "eval_CSR_post": 0.0,
  "eval_dbar_post_mean": 0.6380450129508972,
  "eval_done_count": 100.0,
  "eval_episodes_per_env": 4.0,
  "eval_len_end_mean": 26.0,
  "eval_occupied_post_mean": 0.25999999046325684,
  "eval_return_end_mean": -25.15259552001953,
  "eval_t_eval": 104.0,
  "final_depr_F_post": 12.200183868408203,
  "final_energy_E_post": 0.29552486538887024,
  "final_episode_return_end_mean": -28.041223526000977,
  "final_funding_alpha_eff": 2.0320317162259016e-07,
  "final_funding_g": 0.09120588004589081,
  "final_funding_g_raw": 0.09120588004589081,
  "final_update_counter": 2.0,
  "final_vartd_VarTD": 0.1206965446472168,
  "mechanism": "hardzero_plus_depr",
  "mechanism_tag": "hardzero_plus_depr__c0p58__z1p10__lam0p010__nu0p50__psi1p00",
  "runtime_sec": 10.643798283999786,
  "seed": 31,
  "z_cut": 1.1
}