{
  "alpha": 0.09,
  "c_upd": 0.58,
  "depr_lambda": 0.0,
  "depr_nu": 0.5,
  "depr_psi": 0.0,
  "eval_CSR_post": 0.0,
  "eval_dbar_post_mean": 0.5481415390968323,
  "eval_done_count": 100.0,
  "eval_episodes_per_env": 4.0,
  "eval_len_end_mean": 26.0,
  "eval_occupied_post_mean": 0.28999999165534973,
  "eval_return_end_mean": -23.0621280670166,
  "eval_t_eval": 104.0,
  "final_depr_F_post": 0.0,
  "final_energy_E_post": 0.5012784004211426,
  "final_episode_return_end_mean": -26.17062759399414,
  "final_funding_alpha_eff": 0.09000000357627869,
  "final_funding_g": 0.12240404635667801,
  "final_funding_g_raw": 0.12240404635667801,
  "final_update_counter": 19.0,
  "final_vartd_VarTD": 0.507705569267273,
  "mechanism": "hardzero_only",
  "mechanism_tag": "hardzero_only__c0p58__z1p00__lam0p000__nu0p50__psi0p00",
  "runtime_sec": 9.504477723035961,
  "seed": 40,
  "z_cut": 1.0
}