{
  "alpha": 0.04,
  "c_upd": 0.6,
  "depr_lambda": 0.0,
  "depr_nu": 0.5,
  "depr_psi": 0.0,
  "eval_CSR_post": 0.0,
  "eval_dbar_post_mean": 0.5086836814880371,
  "eval_done_count": 100.0,
  "eval_episodes_per_env": 4.0,
  "eval_len_end_mean": 26.0,
  "eval_occupied_post_mean": 0.3400000035762787,
  "eval_return_end_mean": -23.643171310424805,
  "eval_t_eval": 104.0,
  "final_depr_F_post": 0.0,
  "final_energy_E_post": 0.09846922010183334,
  "final_episode_return_end_mean": -26.456958770751953,
  "final_funding_alpha_eff": 0.03999999910593033,
  "final_funding_g": 0.12258955836296082,
  "final_funding_g_raw": 0.12258955836296082,
  "final_update_counter": 6.0,
  "final_vartd_VarTD": 0.1360042244195938,
  "mechanism": "hardzero_only",
  "mechanism_tag": "hardzero_only__c0p60__z1p00__lam0p000__nu0p50__psi0p00",
  "runtime_sec": 9.606830988021102,
  "seed": 35,
  "z_cut": 1.0
}