{
  "alpha": 0.1,
  "c_upd": 0.58,
  "depr_lambda": 0.01,
  "depr_nu": 0.5,
  "depr_psi": 1.0,
  "eval_CSR_post": 0.0,
  "eval_dbar_post_mean": 0.5967264175415039,
  "eval_done_count": 100.0,
  "eval_episodes_per_env": 4.0,
  "eval_len_end_mean": 26.0,
  "eval_occupied_post_mean": 0.2199999988079071,
  "eval_return_end_mean": -24.114498138427734,
  "eval_t_eval": 104.0,
  "final_depr_F_post": 11.645171165466309,
  "final_energy_E_post": 0.12307053804397583,
  "final_episode_return_end_mean": -27.69934844970703,
  "final_funding_alpha_eff": 8.849311825542827e-07,
  "final_funding_g": 0.0,
  "final_funding_g_raw": 0.09708920121192932,
  "final_update_counter": 2.0,
  "final_vartd_VarTD": 0.15031743049621582,
  "mechanism": "hardzero_plus_depr",
  "mechanism_tag": "hardzero_plus_depr__c0p58__z1p00__lam0p010__nu0p50__psi1p00",
  "runtime_sec": 10.664691393030807,
  "seed": 35,
  "z_cut": 1.0
}