{
  "alpha": 0.08,
  "c_upd": 0.54,
  "depr_lambda": 0.03,
  "depr_nu": 0.5,
  "depr_psi": 1.0,
  "eval_CSR_post": 0.0,
  "eval_dbar_post_mean": 0.523036777973175,
  "eval_done_count": 100.0,
  "eval_episodes_per_env": 4.0,
  "eval_len_end_mean": 26.0,
  "eval_occupied_post_mean": 0.3999999761581421,
  "eval_return_end_mean": -24.039384841918945,
  "eval_t_eval": 104.0,
  "final_depr_F_post": 37.21510696411133,
  "final_energy_E_post": 0.2229328602552414,
  "final_episode_return_end_mean": -26.249372482299805,
  "final_funding_alpha_eff": 5.672867920205524e-18,
  "final_funding_g": 0.09608382731676102,
  "final_funding_g_raw": 0.09608382731676102,
  "final_update_counter": 2.0,
  "final_vartd_VarTD": 0.1312398612499237,
  "mechanism": "hardzero_plus_depr",
  "mechanism_tag": "hardzero_plus_depr__c0p54__z1p10__lam0p030__nu0p50__psi1p00",
  "runtime_sec": 10.871781570021994,
  "seed": 32,
  "z_cut": 1.1
}