{
  "alpha": 0.037,
  "c_upd": 0.58,
  "depr_lambda": 0.005,
  "depr_nu": 1.0,
  "depr_psi": 0.5,
  "eval_CSR_post": 0.0,
  "eval_dbar_post_mean": 0.5178931951522827,
  "eval_done_count": 100.0,
  "eval_episodes_per_env": 4.0,
  "eval_len_end_mean": 26.0,
  "eval_occupied_post_mean": 0.32999998331069946,
  "eval_return_end_mean": -23.896486282348633,
  "eval_t_eval": 104.0,
  "final_depr_F_post": 0.1849999576807022,
  "final_energy_E_post": 0.14551663398742676,
  "final_episode_return_end_mean": -26.156322479248047,
  "final_funding_alpha_eff": 0.03381545841693878,
  "final_funding_g": 0.11493327468633652,
  "final_funding_g_raw": 0.11493327468633652,
  "final_update_counter": 5.0,
  "final_vartd_VarTD": 0.12534292042255402,
  "mechanism": "hardzero_plus_depr",
  "mechanism_tag": "hardzero_plus_depr__c0p58__z1p00__lam0p005__nu1p00__psi0p50",
  "runtime_sec": 9.475456297048368,
  "seed": 57,
  "z_cut": 1.0
}