{
  "alpha": 0.1,
  "c_upd": 0.5,
  "depr_lambda": 0.01,
  "depr_nu": 0.5,
  "depr_psi": 0.75,
  "eval_CSR_post": 0.0,
  "eval_dbar_post_mean": 0.4671170115470886,
  "eval_done_count": 100.0,
  "eval_episodes_per_env": 4.0,
  "eval_len_end_mean": 26.0,
  "eval_occupied_post_mean": 0.3799999952316284,
  "eval_return_end_mean": -23.38509750366211,
  "eval_t_eval": 104.0,
  "final_depr_F_post": 6.499441146850586,
  "final_energy_E_post": 0.21513600647449493,
  "final_episode_return_end_mean": -25.976110458374023,
  "final_funding_alpha_eff": 0.0007695798994973302,
  "final_funding_g": 0.10960981994867325,
  "final_funding_g_raw": 0.10960981994867325,
  "final_update_counter": 7.0,
  "final_vartd_VarTD": 0.14103011786937714,
  "mechanism": "hardzero_plus_depr",
  "mechanism_tag": "hardzero_plus_depr__c0p50__z1p05__lam0p010__nu0p50__psi0p75",
  "runtime_sec": 10.854180987982545,
  "seed": 39,
  "z_cut": 1.05
}