{
  "alpha": 0.044,
  "c_upd": 0.58,
  "depr_lambda": 0.0,
  "depr_nu": 0.5,
  "depr_psi": 0.0,
  "eval_CSR_post": 0.0,
  "eval_dbar_post_mean": 0.4445439577102661,
  "eval_done_count": 100.0,
  "eval_episodes_per_env": 4.0,
  "eval_len_end_mean": 26.0,
  "eval_occupied_post_mean": 0.5299999713897705,
  "eval_return_end_mean": -22.814743041992188,
  "eval_t_eval": 104.0,
  "final_depr_F_post": 0.0,
  "final_energy_E_post": 0.04111481457948685,
  "final_episode_return_end_mean": -25.3129825592041,
  "final_funding_alpha_eff": 0.04399999976158142,
  "final_funding_g": 0.1460133045911789,
  "final_funding_g_raw": 0.1460133045911789,
  "final_update_counter": 10.0,
  "final_vartd_VarTD": 0.16338811814785004,
  "mechanism": "hardzero_only",
  "mechanism_tag": "hardzero_only__c0p58__z1p00__lam0p000__nu0p50__psi0p00",
  "runtime_sec": 10.855257148039527,
  "seed": 52,
  "z_cut": 1.0
}