{
  "alpha": 0.06,
  "c_upd": 0.6,
  "depr_lambda": 0.0,
  "depr_nu": 0.5,
  "depr_psi": 0.0,
  "eval_CSR_post": 0.019999999552965164,
  "eval_dbar_post_mean": 0.5008339881896973,
  "eval_done_count": 100.0,
  "eval_episodes_per_env": 4.0,
  "eval_len_end_mean": 26.0,
  "eval_occupied_post_mean": 0.5099999904632568,
  "eval_return_end_mean": -24.71982765197754,
  "eval_t_eval": 104.0,
  "final_depr_F_post": 0.0,
  "final_energy_E_post": 0.5022993087768555,
  "final_episode_return_end_mean": -26.35004234313965,
  "final_funding_alpha_eff": 0.05999999865889549,
  "final_funding_g": 0.11885260045528412,
  "final_funding_g_raw": 0.11885260045528412,
  "final_update_counter": 15.0,
  "final_vartd_VarTD": 0.28153640031814575,
  "mechanism": "hardzero_only",
  "mechanism_tag": "hardzero_only__c0p60__z1p05__lam0p000__nu0p50__psi0p00",
  "runtime_sec": 9.86814224004047,
  "seed": 36,
  "z_cut": 1.05
}