{
  "alpha": 0.12,
  "c_upd": 0.6,
  "depr_lambda": 0.02,
  "depr_nu": 0.5,
  "depr_psi": 1.0,
  "eval_CSR_post": 0.0,
  "eval_dbar_post_mean": 0.5616735219955444,
  "eval_done_count": 100.0,
  "eval_episodes_per_env": 4.0,
  "eval_len_end_mean": 26.0,
  "eval_occupied_post_mean": 0.2800000011920929,
  "eval_return_end_mean": -22.880876541137695,
  "eval_t_eval": 104.0,
  "final_depr_F_post": 24.750375747680664,
  "final_energy_E_post": 0.4807910919189453,
  "final_episode_return_end_mean": -27.603578567504883,
  "final_funding_alpha_eff": 2.182306418907487e-12,
  "final_funding_g": 0.08923236280679703,
  "final_funding_g_raw": 0.08923236280679703,
  "final_update_counter": 2.0,
  "final_vartd_VarTD": 0.1920737475156784,
  "mechanism": "hardzero_plus_depr",
  "mechanism_tag": "hardzero_plus_depr__c0p60__z1p10__lam0p020__nu0p50__psi1p00",
  "runtime_sec": 24.22788738703821,
  "seed": 30,
  "z_cut": 1.1
}