{
  "alpha": 0.06,
  "c_upd": 0.52,
  "depr_lambda": 0.03,
  "depr_nu": 0.5,
  "depr_psi": 1.25,
  "eval_CSR_post": 0.0,
  "eval_dbar_post_mean": 0.8451525568962097,
  "eval_done_count": 100.0,
  "eval_episodes_per_env": 4.0,
  "eval_len_end_mean": 26.0,
  "eval_occupied_post_mean": 0.22999998927116394,
  "eval_return_end_mean": -28.294574737548828,
  "eval_t_eval": 104.0,
  "final_depr_F_post": 37.26010513305664,
  "final_energy_E_post": 0.10441356897354126,
  "final_episode_return_end_mean": -28.098102569580078,
  "final_funding_alpha_eff": 3.6907489801666662e-22,
  "final_funding_g": 0.0,
  "final_funding_g_raw": 0.087687186896801,
  "final_update_counter": 2.0,
  "final_vartd_VarTD": 0.12329275161027908,
  "mechanism": "hardzero_plus_depr",
  "mechanism_tag": "hardzero_plus_depr__c0p52__z1p05__lam0p030__nu0p50__psi1p25",
  "runtime_sec": 10.769639115023892,
  "seed": 31,
  "z_cut": 1.05
}