{
  "alpha": 0.114,
  "borrow_interest": 0.0,
  "borrow_limit": 0.6,
  "c_upd": 0.58,
  "depr_lambda": 0.0,
  "depr_nu": 0.5,
  "depr_psi": 0.0,
  "eval_CSR_post": 0.029999999329447746,
  "eval_dbar_post_mean": 0.4683377146720886,
  "eval_done_count": 100.0,
  "eval_episodes_per_env": 4.0,
  "eval_len_end_mean": 26.0,
  "eval_occupied_post_mean": 0.5299999713897705,
  "eval_return_end_mean": -22.65207862854004,
  "eval_t_eval": 104.0,
  "family": "borrow",
  "final_depr_F_post": 0.0,
  "final_energy_E_post": -0.2640026807785034,
  "final_update_counter": 34.0,
  "final_vartd_VarTD": 2.718609571456909,
  "max_debt_level_post": 0.5983506441116333,
  "mean_update_fraction": 0.0272000003606081,
  "mechanism": "hardzero_only",
  "mechanism_tag": "hardzero_only__c0p58__z1p00__lam0p000__nu0p50__psi0p00",
  "runtime_sec": 10.609204103937373,
  "seed": 38,
  "support_mode": "none",
  "support_total": 0.0,
  "total_debt_charge": 0.0,
  "total_support_s": 0.0,
  "z_cut": 1.0
}