{
  "alpha": 0.08,
  "c_upd": 0.5,
  "depr_lambda": 0.01,
  "depr_nu": 0.5,
  "depr_psi": 1.25,
  "eval_CSR_post": 0.009999999776482582,
  "eval_dbar_post_mean": 0.5796526074409485,
  "eval_done_count": 100.0,
  "eval_episodes_per_env": 4.0,
  "eval_len_end_mean": 26.0,
  "eval_occupied_post_mean": 0.3400000035762787,
  "eval_return_end_mean": -24.101030349731445,
  "eval_t_eval": 104.0,
  "final_depr_F_post": 11.850175857543945,
  "final_energy_E_post": 0.30126655101776123,
  "final_episode_return_end_mean": -27.286094665527344,
  "final_funding_alpha_eff": 2.988383229762803e-08,
  "final_funding_g": 0.09664914011955261,
  "final_funding_g_raw": 0.09664914011955261,
  "final_update_counter": 3.0,
  "final_vartd_VarTD": 0.15499313175678253,
  "mechanism": "hardzero_plus_depr",
  "mechanism_tag": "hardzero_plus_depr__c0p50__z1p10__lam0p010__nu0p50__psi1p25",
  "runtime_sec": 10.932491582003422,
  "seed": 40,
  "z_cut": 1.1
}