{
  "alpha": 0.06,
  "c_upd": 0.6,
  "depr_lambda": 0.02,
  "depr_nu": 0.5,
  "depr_psi": 0.75,
  "eval_CSR_post": 0.0,
  "eval_dbar_post_mean": 0.5488852262496948,
  "eval_done_count": 100.0,
  "eval_episodes_per_env": 4.0,
  "eval_len_end_mean": 26.0,
  "eval_occupied_post_mean": 0.2800000011920929,
  "eval_return_end_mean": -24.28075408935547,
  "eval_t_eval": 104.0,
  "final_depr_F_post": 24.260364532470703,
  "final_energy_E_post": 0.20246325433254242,
  "final_episode_return_end_mean": -26.93671989440918,
  "final_funding_alpha_eff": 7.630605036723637e-10,
  "final_funding_g": 0.09587033092975616,
  "final_funding_g_raw": 0.09587033092975616,
  "final_update_counter": 2.0,
  "final_vartd_VarTD": 0.19693224132061005,
  "mechanism": "hardzero_plus_depr",
  "mechanism_tag": "hardzero_plus_depr__c0p60__z1p05__lam0p020__nu0p50__psi0p75",
  "runtime_sec": 10.874019853014033,
  "seed": 37,
  "z_cut": 1.05
}