{
  "alpha": 0.07,
  "c_upd": 0.58,
  "depr_lambda": 0.005,
  "depr_nu": 1.0,
  "depr_psi": 0.5,
  "eval_CSR_post": 0.0,
  "eval_dbar_post_mean": 0.5047944188117981,
  "eval_done_count": 100.0,
  "eval_episodes_per_env": 4.0,
  "eval_len_end_mean": 26.0,
  "eval_occupied_post_mean": 0.3999999761581421,
  "eval_return_end_mean": -23.938385009765625,
  "eval_t_eval": 104.0,
  "final_depr_F_post": 0.3199998438358307,
  "final_energy_E_post": 0.5717582106590271,
  "final_episode_return_end_mean": -24.61887550354004,
  "final_funding_alpha_eff": 0.05979938432574272,
  "final_funding_g": 0.14281012117862701,
  "final_funding_g_raw": 0.14281012117862701,
  "final_update_counter": 12.0,
  "final_vartd_VarTD": 0.1882387399673462,
  "mechanism": "hardzero_plus_depr",
  "mechanism_tag": "hardzero_plus_depr__c0p58__z1p00__lam0p005__nu1p00__psi0p50",
  "runtime_sec": 9.48801781295333,
  "seed": 44,
  "z_cut": 1.0
}