{
  "alpha": 0.12,
  "c_upd": 0.54,
  "depr_lambda": 0.02,
  "depr_nu": 0.5,
  "depr_psi": 1.0,
  "eval_CSR_post": 0.0,
  "eval_dbar_post_mean": 0.510205864906311,
  "eval_done_count": 100.0,
  "eval_episodes_per_env": 4.0,
  "eval_len_end_mean": 26.0,
  "eval_occupied_post_mean": 0.3999999761581421,
  "eval_return_end_mean": -24.24558448791504,
  "eval_t_eval": 104.0,
  "final_depr_F_post": 23.305343627929688,
  "final_energy_E_post": 0.13008306920528412,
  "final_episode_return_end_mean": -26.52383041381836,
  "final_funding_alpha_eff": 9.25731800244245e-12,
  "final_funding_g": 0.11133043467998505,
  "final_funding_g_raw": 0.11133043467998505,
  "final_update_counter": 3.0,
  "final_vartd_VarTD": 0.11937983334064484,
  "mechanism": "hardzero_plus_depr",
  "mechanism_tag": "hardzero_plus_depr__c0p54__z1p10__lam0p020__nu0p50__psi1p00",
  "runtime_sec": 10.66273950599134,
  "seed": 33,
  "z_cut": 1.1
}