{
  "alpha": 0.1,
  "c_upd": 0.58,
  "depr_lambda": 0.01,
  "depr_nu": 0.5,
  "depr_psi": 1.0,
  "eval_CSR_post": 0.009999999776482582,
  "eval_dbar_post_mean": 0.5508259534835815,
  "eval_done_count": 100.0,
  "eval_episodes_per_env": 4.0,
  "eval_len_end_mean": 26.0,
  "eval_occupied_post_mean": 0.29999998211860657,
  "eval_return_end_mean": -24.389076232910156,
  "eval_t_eval": 104.0,
  "final_depr_F_post": 11.807674407958984,
  "final_energy_E_post": 0.5556512475013733,
  "final_episode_return_end_mean": -26.491485595703125,
  "final_funding_alpha_eff": 7.522032205997675e-07,
  "final_funding_g": 0.09903255850076675,
  "final_funding_g_raw": 0.09903255850076675,
  "final_update_counter": 3.0,
  "final_vartd_VarTD": 0.14303991198539734,
  "mechanism": "hardzero_plus_depr",
  "mechanism_tag": "hardzero_plus_depr__c0p58__z1p10__lam0p010__nu0p50__psi1p00",
  "runtime_sec": 10.854922724072821,
  "seed": 39,
  "z_cut": 1.1
}