{
  "alpha": 0.08,
  "c_upd": 0.52,
  "depr_lambda": 0.01,
  "depr_nu": 0.5,
  "depr_psi": 0.75,
  "eval_CSR_post": 0.0,
  "eval_dbar_post_mean": 0.5860910415649414,
  "eval_done_count": 100.0,
  "eval_episodes_per_env": 4.0,
  "eval_len_end_mean": 26.0,
  "eval_occupied_post_mean": 0.28999999165534973,
  "eval_return_end_mean": -24.957275390625,
  "eval_t_eval": 104.0,
  "final_depr_F_post": 10.795151710510254,
  "final_energy_E_post": 0.5080040097236633,
  "final_episode_return_end_mean": -25.719995498657227,
  "final_funding_alpha_eff": 2.4555076379328966e-05,
  "final_funding_g": 0.10809659957885742,
  "final_funding_g_raw": 0.10809659957885742,
  "final_update_counter": 4.0,
  "final_vartd_VarTD": 0.1126890555024147,
  "mechanism": "hardzero_plus_depr",
  "mechanism_tag": "hardzero_plus_depr__c0p52__z1p05__lam0p010__nu0p50__psi0p75",
  "runtime_sec": 10.823038503003772,
  "seed": 34,
  "z_cut": 1.05
}