{
  "alpha": 0.06,
  "c_upd": 0.52,
  "depr_lambda": 0.01,
  "depr_nu": 0.5,
  "depr_psi": 0.75,
  "eval_CSR_post": 0.009999999776482582,
  "eval_dbar_post_mean": 0.4883463382720947,
  "eval_done_count": 100.0,
  "eval_episodes_per_env": 4.0,
  "eval_len_end_mean": 26.0,
  "eval_occupied_post_mean": 0.3799999952316284,
  "eval_return_end_mean": -23.258480072021484,
  "eval_t_eval": 104.0,
  "final_depr_F_post": 11.677671432495117,
  "final_energy_E_post": 0.47644296288490295,
  "final_episode_return_end_mean": -26.012868881225586,
  "final_funding_alpha_eff": 9.500518899585586e-06,
  "final_funding_g": 0.10367920249700546,
  "final_funding_g_raw": 0.10367920249700546,
  "final_update_counter": 3.0,
  "final_vartd_VarTD": 0.12866269052028656,
  "mechanism": "hardzero_plus_depr",
  "mechanism_tag": "hardzero_plus_depr__c0p52__z1p10__lam0p010__nu0p50__psi0p75",
  "runtime_sec": 10.65477636095602,
  "seed": 32,
  "z_cut": 1.1
}