{
  "alpha": 0.04,
  "c_upd": 0.58,
  "depr_lambda": 0.01,
  "depr_nu": 0.5,
  "depr_psi": 1.0,
  "eval_CSR_post": 0.0,
  "eval_dbar_post_mean": 0.5997676849365234,
  "eval_done_count": 100.0,
  "eval_episodes_per_env": 4.0,
  "eval_len_end_mean": 26.0,
  "eval_occupied_post_mean": 0.2199999988079071,
  "eval_return_end_mean": -23.784311294555664,
  "eval_t_eval": 104.0,
  "final_depr_F_post": 12.195183753967285,
  "final_energy_E_post": 0.28685444593429565,
  "final_episode_return_end_mean": -26.643739700317383,
  "final_funding_alpha_eff": 2.0422174884515698e-07,
  "final_funding_g": 0.09765322506427765,
  "final_funding_g_raw": 0.09765322506427765,
  "final_update_counter": 2.0,
  "final_vartd_VarTD": 0.14239107072353363,
  "mechanism": "hardzero_plus_depr",
  "mechanism_tag": "hardzero_plus_depr__c0p58__z1p10__lam0p010__nu0p50__psi1p00",
  "runtime_sec": 10.63839806895703,
  "seed": 39,
  "z_cut": 1.1
}