{
  "alpha": 0.08,
  "c_upd": 0.54,
  "depr_lambda": 0.01,
  "depr_nu": 0.5,
  "depr_psi": 0.75,
  "eval_CSR_post": 0.009999999776482582,
  "eval_dbar_post_mean": 0.5573499798774719,
  "eval_done_count": 100.0,
  "eval_episodes_per_env": 4.0,
  "eval_len_end_mean": 26.0,
  "eval_occupied_post_mean": 0.2800000011920929,
  "eval_return_end_mean": -23.498966217041016,
  "eval_t_eval": 104.0,
  "final_depr_F_post": 10.38889217376709,
  "final_energy_E_post": 0.37185946106910706,
  "final_episode_return_end_mean": -28.760534286499023,
  "final_funding_alpha_eff": 3.3301839721389115e-05,
  "final_funding_g": 0.0,
  "final_funding_g_raw": 0.07878866791725159,
  "final_update_counter": 4.0,
  "final_vartd_VarTD": 0.18038831651210785,
  "mechanism": "hardzero_plus_depr",
  "mechanism_tag": "hardzero_plus_depr__c0p54__z1p10__lam0p010__nu0p50__psi0p75",
  "runtime_sec": 10.686505806981586,
  "seed": 36,
  "z_cut": 1.1
}