{
  "alpha": 0.1,
  "c_upd": 0.58,
  "depr_lambda": 0.03,
  "depr_nu": 0.5,
  "depr_psi": 0.75,
  "eval_CSR_post": 0.009999999776482582,
  "eval_dbar_post_mean": 0.5603046417236328,
  "eval_done_count": 100.0,
  "eval_episodes_per_env": 4.0,
  "eval_len_end_mean": 26.0,
  "eval_occupied_post_mean": 0.25,
  "eval_return_end_mean": -22.685827255249023,
  "eval_t_eval": 104.0,
  "final_depr_F_post": 36.58513259887695,
  "final_energy_E_post": 0.19125773012638092,
  "final_episode_return_end_mean": -28.01980972290039,
  "final_funding_alpha_eff": 1.2394526052207644e-13,
  "final_funding_g": 0.08918976038694382,
  "final_funding_g_raw": 0.08918976038694382,
  "final_update_counter": 2.0,
  "final_vartd_VarTD": 0.21758556365966797,
  "mechanism": "hardzero_plus_depr",
  "mechanism_tag": "hardzero_plus_depr__c0p58__z1p05__lam0p030__nu0p50__psi0p75",
  "runtime_sec": 10.876294037036132,
  "seed": 38,
  "z_cut": 1.05
}