{
  "alpha": 0.03,
  "c_upd": 0.52,
  "depr_lambda": 0.02,
  "depr_nu": 0.5,
  "depr_psi": 1.25,
  "eval_CSR_post": 0.0,
  "eval_dbar_post_mean": 0.6004649996757507,
  "eval_done_count": 100.0,
  "eval_episodes_per_env": 4.0,
  "eval_len_end_mean": 26.0,
  "eval_occupied_post_mean": 0.29999998211860657,
  "eval_return_end_mean": -25.294069290161133,
  "eval_t_eval": 104.0,
  "final_depr_F_post": 24.680374145507812,
  "final_energy_E_post": 0.07021258771419525,
  "final_episode_return_end_mean": -28.039993286132812,
  "final_funding_alpha_eff": 1.2296780694731808e-15,
  "final_funding_g": 0.09071264415979385,
  "final_funding_g_raw": 0.09071264415979385,
  "final_update_counter": 2.0,
  "final_vartd_VarTD": 0.12309316545724869,
  "mechanism": "hardzero_plus_depr",
  "mechanism_tag": "hardzero_plus_depr__c0p52__z1p05__lam0p020__nu0p50__psi1p25",
  "runtime_sec": 10.672452786995564,
  "seed": 31,
  "z_cut": 1.05
}