{
  "alpha": 0.049,
  "c_upd": 0.58,
  "depr_lambda": 0.005,
  "depr_nu": 1.0,
  "depr_psi": 0.5,
  "eval_CSR_post": 0.0,
  "eval_dbar_post_mean": 0.52476966381073,
  "eval_done_count": 100.0,
  "eval_episodes_per_env": 4.0,
  "eval_len_end_mean": 26.0,
  "eval_occupied_post_mean": 0.22999998927116394,
  "eval_return_end_mean": -24.30164909362793,
  "eval_t_eval": 104.0,
  "final_depr_F_post": 0.4349997341632843,
  "final_energy_E_post": 0.3948722779750824,
  "final_episode_return_end_mean": -26.16777992248535,
  "final_funding_alpha_eff": 0.03952053561806679,
  "final_funding_g": 0.11516409367322922,
  "final_funding_g_raw": 0.11516409367322922,
  "final_update_counter": 4.0,
  "final_vartd_VarTD": 0.14396239817142487,
  "mechanism": "hardzero_plus_depr",
  "mechanism_tag": "hardzero_plus_depr__c0p58__z1p00__lam0p005__nu1p00__psi0p50",
  "runtime_sec": 9.460036332951859,
  "seed": 59,
  "z_cut": 1.0
}