{
  "alpha": 0.12,
  "c_upd": 0.56,
  "depr_lambda": 0.03,
  "depr_nu": 0.5,
  "depr_psi": 1.0,
  "eval_CSR_post": 0.0,
  "eval_dbar_post_mean": 0.5410029888153076,
  "eval_done_count": 100.0,
  "eval_episodes_per_env": 4.0,
  "eval_len_end_mean": 26.0,
  "eval_occupied_post_mean": 0.4099999964237213,
  "eval_return_end_mean": -23.57852554321289,
  "eval_t_eval": 104.0,
  "final_depr_F_post": 37.08011245727539,
  "final_energy_E_post": 0.26833751797676086,
  "final_episode_return_end_mean": -26.186365127563477,
  "final_funding_alpha_eff": 9.739155876208506e-18,
  "final_funding_g": 0.10012923181056976,
  "final_funding_g_raw": 0.10012923181056976,
  "final_update_counter": 2.0,
  "final_vartd_VarTD": 0.12953659892082214,
  "mechanism": "hardzero_plus_depr",
  "mechanism_tag": "hardzero_plus_depr__c0p56__z1p05__lam0p030__nu0p50__psi1p00",
  "runtime_sec": 10.69582821795484,
  "seed": 32,
  "z_cut": 1.05
}