{
  "alpha": 0.12,
  "c_upd": 0.6,
  "depr_lambda": 0.0,
  "depr_nu": 0.5,
  "depr_psi": 0.0,
  "eval_CSR_post": 0.0,
  "eval_dbar_post_mean": 0.4957634210586548,
  "eval_done_count": 100.0,
  "eval_episodes_per_env": 4.0,
  "eval_len_end_mean": 26.0,
  "eval_occupied_post_mean": 0.3199999928474426,
  "eval_return_end_mean": -23.57677459716797,
  "eval_t_eval": 104.0,
  "final_depr_F_post": 0.0,
  "final_energy_E_post": 0.15079918503761292,
  "final_episode_return_end_mean": -24.70514678955078,
  "final_funding_alpha_eff": 0.11999999731779099,
  "final_funding_g": 0.1614869087934494,
  "final_funding_g_raw": 0.1614869087934494,
  "final_update_counter": 30.0,
  "final_vartd_VarTD": 2.013633966445923,
  "mechanism": "hardzero_only",
  "mechanism_tag": "hardzero_only__c0p60__z1p00__lam0p000__nu0p50__psi0p00",
  "runtime_sec": 10.088696157967206,
  "seed": 35,
  "z_cut": 1.0
}