{
  "alpha": 0.12,
  "c_upd": 0.6,
  "depr_lambda": 0.02,
  "depr_nu": 0.5,
  "depr_psi": 1.0,
  "eval_CSR_post": 0.0,
  "eval_dbar_post_mean": 0.6751108169555664,
  "eval_done_count": 100.0,
  "eval_episodes_per_env": 4.0,
  "eval_len_end_mean": 26.0,
  "eval_occupied_post_mean": 0.17999999225139618,
  "eval_return_end_mean": -25.895858764648438,
  "eval_t_eval": 104.0,
  "final_depr_F_post": 24.750375747680664,
  "final_energy_E_post": 0.4698532223701477,
  "final_episode_return_end_mean": -28.127111434936523,
  "final_funding_alpha_eff": 2.182306418907487e-12,
  "final_funding_g": 0.08966784924268723,
  "final_funding_g_raw": 0.08966784924268723,
  "final_update_counter": 2.0,
  "final_vartd_VarTD": 0.12605340778827667,
  "mechanism": "hardzero_plus_depr",
  "mechanism_tag": "hardzero_plus_depr__c0p60__z1p10__lam0p020__nu0p50__psi1p00",
  "runtime_sec": 10.773597541032359,
  "seed": 31,
  "z_cut": 1.1
}