{
  "alpha": 0.12,
  "c_upd": 0.56,
  "depr_lambda": 0.01,
  "depr_nu": 0.5,
  "depr_psi": 1.25,
  "eval_CSR_post": 0.0,
  "eval_dbar_post_mean": 0.583758533000946,
  "eval_done_count": 100.0,
  "eval_episodes_per_env": 4.0,
  "eval_len_end_mean": 26.0,
  "eval_occupied_post_mean": 0.25999999046325684,
  "eval_return_end_mean": -22.30948257446289,
  "eval_t_eval": 104.0,
  "final_depr_F_post": 11.940177917480469,
  "final_energy_E_post": 0.538970947265625,
  "final_episode_return_end_mean": -27.803735733032227,
  "final_funding_alpha_eff": 4.0056086447748385e-08,
  "final_funding_g": 0.09703478962182999,
  "final_funding_g_raw": 0.09703478962182999,
  "final_update_counter": 3.0,
  "final_vartd_VarTD": 0.217159703373909,
  "mechanism": "hardzero_plus_depr",
  "mechanism_tag": "hardzero_plus_depr__c0p56__z1p10__lam0p010__nu0p50__psi1p25",
  "runtime_sec": 10.725879054982215,
  "seed": 38,
  "z_cut": 1.1
}