{
  "alpha": 0.162,
  "borrow_interest": 0.01,
  "borrow_limit": 0.6,
  "c_upd": 0.58,
  "depr_lambda": 0.0,
  "depr_nu": 0.5,
  "depr_psi": 0.0,
  "eval_CSR_post": 0.0,
  "eval_dbar_post_mean": 0.4787019193172455,
  "eval_done_count": 100.0,
  "eval_episodes_per_env": 4.0,
  "eval_len_end_mean": 26.0,
  "eval_occupied_post_mean": 0.3999999761581421,
  "eval_return_end_mean": -23.111488342285156,
  "eval_t_eval": 104.0,
  "family": "borrow",
  "final_depr_F_post": 0.0,
  "final_energy_E_post": -0.5183831453323364,
  "final_update_counter": 47.0,
  "final_vartd_VarTD": 4.738073825836182,
  "max_debt_level_post": 0.5907602906227112,
  "mean_update_fraction": 0.03759999945759773,
  "mechanism": "hardzero_only",
  "mechanism_tag": "hardzero_only__c0p58__z1p00__lam0p000__nu0p50__psi0p00",
  "runtime_sec": 10.671635066973977,
  "seed": 42,
  "support_mode": "none",
  "support_total": 0.0,
  "total_debt_charge": 3.684842109680176,
  "total_support_s": 0.0,
  "z_cut": 1.0
}