{
  "alpha": 0.12,
  "c_upd": 0.6,
  "depr_lambda": 0.03,
  "depr_nu": 0.5,
  "depr_psi": 1.25,
  "eval_CSR_post": 0.0,
  "eval_dbar_post_mean": 0.5955500602722168,
  "eval_done_count": 100.0,
  "eval_episodes_per_env": 4.0,
  "eval_len_end_mean": 26.0,
  "eval_occupied_post_mean": 0.3499999940395355,
  "eval_return_end_mean": -24.519800186157227,
  "eval_t_eval": 104.0,
  "final_depr_F_post": 36.570133209228516,
  "final_energy_E_post": 0.10417291522026062,
  "final_episode_return_end_mean": -27.917177200317383,
  "final_funding_alpha_eff": 1.7486713259954295e-21,
  "final_funding_g": 0.09391288459300995,
  "final_funding_g_raw": 0.09391288459300995,
  "final_update_counter": 2.0,
  "final_vartd_VarTD": 0.16209472715854645,
  "mechanism": "hardzero_plus_depr",
  "mechanism_tag": "hardzero_plus_depr__c0p60__z1p05__lam0p030__nu0p50__psi1p25",
  "runtime_sec": 10.888568697031587,
  "seed": 41,
  "z_cut": 1.05
}