{
  "alpha": 0.204,
  "borrow_interest": 0.02,
  "borrow_limit": 0.6,
  "c_upd": 0.58,
  "depr_lambda": 0.0,
  "depr_nu": 0.5,
  "depr_psi": 0.0,
  "eval_CSR_post": 0.009999999776482582,
  "eval_dbar_post_mean": 0.48066139221191406,
  "eval_done_count": 100.0,
  "eval_episodes_per_env": 4.0,
  "eval_len_end_mean": 26.0,
  "eval_occupied_post_mean": 0.3700000047683716,
  "eval_return_end_mean": -22.69679069519043,
  "eval_t_eval": 104.0,
  "family": "borrow",
  "final_depr_F_post": 0.0,
  "final_energy_E_post": -0.06274235993623734,
  "final_update_counter": 56.0,
  "final_vartd_VarTD": 5.437623977661133,
  "max_debt_level_post": 0.5940769910812378,
  "mean_update_fraction": 0.04479999840259552,
  "mechanism": "hardzero_only",
  "mechanism_tag": "hardzero_only__c0p58__z1p00__lam0p000__nu0p50__psi0p00",
  "runtime_sec": 10.653423055075109,
  "seed": 55,
  "support_mode": "none",
  "support_total": 0.0,
  "total_debt_charge": 7.445469856262207,
  "total_support_s": 0.0,
  "z_cut": 1.0
}