{
  "alpha": 0.08,
  "c_upd": 0.52,
  "depr_lambda": 0.01,
  "depr_nu": 0.5,
  "depr_psi": 1.25,
  "eval_CSR_post": 0.009999999776482582,
  "eval_dbar_post_mean": 0.6003632545471191,
  "eval_done_count": 100.0,
  "eval_episodes_per_env": 4.0,
  "eval_len_end_mean": 26.0,
  "eval_occupied_post_mean": 0.3199999928474426,
  "eval_return_end_mean": -24.832122802734375,
  "eval_t_eval": 104.0,
  "final_depr_F_post": 11.02265739440918,
  "final_energy_E_post": 0.10144562274217606,
  "final_episode_return_end_mean": -27.681575775146484,
  "final_funding_alpha_eff": 8.407554474842982e-08,
  "final_funding_g": 0.0975363478064537,
  "final_funding_g_raw": 0.0975363478064537,
  "final_update_counter": 3.0,
  "final_vartd_VarTD": 0.11958017200231552,
  "mechanism": "hardzero_plus_depr",
  "mechanism_tag": "hardzero_plus_depr__c0p52__z1p05__lam0p010__nu0p50__psi1p25",
  "runtime_sec": 10.765559145947918,
  "seed": 31,
  "z_cut": 1.05
}