{
  "alpha": 0.05,
  "c_upd": 0.54,
  "depr_lambda": 0.03,
  "depr_nu": 0.5,
  "depr_psi": 1.25,
  "eval_CSR_post": 0.0,
  "eval_dbar_post_mean": 0.6603925228118896,
  "eval_done_count": 100.0,
  "eval_episodes_per_env": 4.0,
  "eval_len_end_mean": 26.0,
  "eval_occupied_post_mean": 0.22999998927116394,
  "eval_return_end_mean": -26.070762634277344,
  "eval_t_eval": 104.0,
  "final_depr_F_post": 37.03511428833008,
  "final_energy_E_post": 0.07915051281452179,
  "final_episode_return_end_mean": -27.929397583007812,
  "final_funding_alpha_eff": 4.074493333628431e-22,
  "final_funding_g": 0.09269127249717712,
  "final_funding_g_raw": 0.09269127249717712,
  "final_update_counter": 2.0,
  "final_vartd_VarTD": 0.1650344878435135,
  "mechanism": "hardzero_plus_depr",
  "mechanism_tag": "hardzero_plus_depr__c0p54__z1p10__lam0p030__nu0p50__psi1p25",
  "runtime_sec": 10.817920078989118,
  "seed": 41,
  "z_cut": 1.1
}