{
  "alpha": 0.01,
  "c_upd": 0.54,
  "depr_lambda": 0.0,
  "depr_nu": 0.5,
  "depr_psi": 0.0,
  "eval_CSR_post": 0.0,
  "eval_dbar_post_mean": 0.6059930920600891,
  "eval_done_count": 100.0,
  "eval_episodes_per_env": 4.0,
  "eval_len_end_mean": 26.0,
  "eval_occupied_post_mean": 0.25999999046325684,
  "eval_return_end_mean": -24.131683349609375,
  "eval_t_eval": 104.0,
  "final_depr_F_post": 0.0,
  "final_energy_E_post": 0.21585595607757568,
  "final_episode_return_end_mean": -28.034038543701172,
  "final_funding_alpha_eff": 0.009999999776482582,
  "final_funding_g": 0.0,
  "final_funding_g_raw": 0.08763104677200317,
  "final_update_counter": 2.0,
  "final_vartd_VarTD": 0.17968802154064178,
  "mechanism": "hardzero_only",
  "mechanism_tag": "hardzero_only__c0p54__z1p00__lam0p000__nu0p50__psi0p00",
  "runtime_sec": 9.710191845020745,
  "seed": 40,
  "z_cut": 1.0
}