{
  "alpha": 0.06,
  "c_upd": 0.52,
  "depr_lambda": 0.01,
  "depr_nu": 0.5,
  "depr_psi": 1.0,
  "eval_CSR_post": 0.0,
  "eval_dbar_post_mean": 0.5055158734321594,
  "eval_done_count": 100.0,
  "eval_episodes_per_env": 4.0,
  "eval_len_end_mean": 26.0,
  "eval_occupied_post_mean": 0.4899999797344208,
  "eval_return_end_mean": -23.343563079833984,
  "eval_t_eval": 104.0,
  "final_depr_F_post": 10.860153198242188,
  "final_energy_E_post": 0.13542261719703674,
  "final_episode_return_end_mean": -26.23130989074707,
  "final_funding_alpha_eff": 1.1640983075267286e-06,
  "final_funding_g": 0.11783595383167267,
  "final_funding_g_raw": 0.11783595383167267,
  "final_update_counter": 3.0,
  "final_vartd_VarTD": 0.11446571350097656,
  "mechanism": "hardzero_plus_depr",
  "mechanism_tag": "hardzero_plus_depr__c0p52__z1p05__lam0p010__nu0p50__psi1p00",
  "runtime_sec": 10.911174045002554,
  "seed": 33,
  "z_cut": 1.05
}