{
  "alpha": 0.06,
  "c_upd": 0.6,
  "depr_lambda": 0.01,
  "depr_nu": 0.5,
  "depr_psi": 1.0,
  "eval_CSR_post": 0.0,
  "eval_dbar_post_mean": 0.6462061405181885,
  "eval_done_count": 100.0,
  "eval_episodes_per_env": 4.0,
  "eval_len_end_mean": 26.0,
  "eval_occupied_post_mean": 0.2199999988079071,
  "eval_return_end_mean": -25.725719451904297,
  "eval_t_eval": 104.0,
  "final_depr_F_post": 12.125182151794434,
  "final_energy_E_post": 0.3686985671520233,
  "final_episode_return_end_mean": -27.873098373413086,
  "final_funding_alpha_eff": 3.2854481446520367e-07,
  "final_funding_g": 0.09447479248046875,
  "final_funding_g_raw": 0.09447479248046875,
  "final_update_counter": 2.0,
  "final_vartd_VarTD": 0.1627180278301239,
  "mechanism": "hardzero_plus_depr",
  "mechanism_tag": "hardzero_plus_depr__c0p60__z1p05__lam0p010__nu0p50__psi1p00",
  "runtime_sec": 10.887437270022929,
  "seed": 41,
  "z_cut": 1.05
}