{
  "alpha": 0.05,
  "c_upd": 0.52,
  "depr_lambda": 0.01,
  "depr_nu": 0.5,
  "depr_psi": 0.75,
  "eval_CSR_post": 0.0,
  "eval_dbar_post_mean": 0.5351603031158447,
  "eval_done_count": 100.0,
  "eval_episodes_per_env": 4.0,
  "eval_len_end_mean": 26.0,
  "eval_occupied_post_mean": 0.3999999761581421,
  "eval_return_end_mean": -24.511030197143555,
  "eval_t_eval": 104.0,
  "final_depr_F_post": 11.360164642333984,
  "final_energy_E_post": 0.3134424388408661,
  "final_episode_return_end_mean": -26.698122024536133,
  "final_funding_alpha_eff": 1.0045808267022949e-05,
  "final_funding_g": 0.10128718614578247,
  "final_funding_g_raw": 0.10128718614578247,
  "final_update_counter": 3.0,
  "final_vartd_VarTD": 0.19351354241371155,
  "mechanism": "hardzero_plus_depr",
  "mechanism_tag": "hardzero_plus_depr__c0p52__z1p10__lam0p010__nu0p50__psi0p75",
  "runtime_sec": 10.738780381972902,
  "seed": 37,
  "z_cut": 1.1
}