{
  "alpha": 0.062,
  "c_upd": 0.58,
  "depr_lambda": 0.0,
  "depr_nu": 0.5,
  "depr_psi": 0.0,
  "eval_CSR_post": 0.0,
  "eval_dbar_post_mean": 0.5148929953575134,
  "eval_done_count": 100.0,
  "eval_episodes_per_env": 4.0,
  "eval_len_end_mean": 26.0,
  "eval_occupied_post_mean": 0.35999998450279236,
  "eval_return_end_mean": -24.2763671875,
  "eval_t_eval": 104.0,
  "final_depr_F_post": 0.0,
  "final_energy_E_post": 0.14107267558574677,
  "final_episode_return_end_mean": -24.880937576293945,
  "final_funding_alpha_eff": 0.06199999898672104,
  "final_funding_g": 0.14550335705280304,
  "final_funding_g_raw": 0.14550335705280304,
  "final_update_counter": 15.0,
  "final_vartd_VarTD": 0.3098275363445282,
  "mechanism": "hardzero_only",
  "mechanism_tag": "hardzero_only__c0p58__z1p00__lam0p000__nu0p50__psi0p00",
  "runtime_sec": 10.87329233402852,
  "seed": 58,
  "z_cut": 1.0
}