{
  "alpha": 0.1,
  "c_upd": 0.54,
  "depr_lambda": 0.01,
  "depr_nu": 0.5,
  "depr_psi": 0.75,
  "eval_CSR_post": 0.009999999776482582,
  "eval_dbar_post_mean": 0.5471983551979065,
  "eval_done_count": 100.0,
  "eval_episodes_per_env": 4.0,
  "eval_len_end_mean": 26.0,
  "eval_occupied_post_mean": 0.44999998807907104,
  "eval_return_end_mean": -23.140331268310547,
  "eval_t_eval": 104.0,
  "final_depr_F_post": 12.08518123626709,
  "final_energy_E_post": 0.4400899112224579,
  "final_episode_return_end_mean": -27.336223602294922,
  "final_funding_alpha_eff": 1.1664377780107316e-05,
  "final_funding_g": 0.0,
  "final_funding_g_raw": 0.09294711798429489,
  "final_update_counter": 2.0,
  "final_vartd_VarTD": 0.18968376517295837,
  "mechanism": "hardzero_plus_depr",
  "mechanism_tag": "hardzero_plus_depr__c0p54__z1p00__lam0p010__nu0p50__psi0p75",
  "runtime_sec": 21.556138705986086,
  "seed": 30,
  "z_cut": 1.0
}