{
  "alpha": 0.09,
  "c_upd": 0.58,
  "depr_lambda": 0.0,
  "depr_nu": 0.5,
  "depr_psi": 0.0,
  "eval_CSR_post": 0.0,
  "eval_dbar_post_mean": 0.512763500213623,
  "eval_done_count": 100.0,
  "eval_episodes_per_env": 4.0,
  "eval_len_end_mean": 26.0,
  "eval_occupied_post_mean": 0.38999998569488525,
  "eval_return_end_mean": -24.5360050201416,
  "eval_t_eval": 104.0,
  "final_depr_F_post": 0.0,
  "final_energy_E_post": 0.5249394774436951,
  "final_episode_return_end_mean": -23.312183380126953,
  "final_funding_alpha_eff": 0.09000000357627869,
  "final_funding_g": 0.1781509965658188,
  "final_funding_g_raw": 0.1781509965658188,
  "final_update_counter": 24.0,
  "final_vartd_VarTD": 1.1181095838546753,
  "mechanism": "hardzero_only",
  "mechanism_tag": "hardzero_only__c0p58__z1p00__lam0p000__nu0p50__psi0p00",
  "runtime_sec": 9.520781621919014,
  "seed": 33,
  "z_cut": 1.0
}