{
  "alpha": 0.037,
  "c_upd": 0.58,
  "depr_lambda": 0.005,
  "depr_nu": 1.0,
  "depr_psi": 0.5,
  "eval_CSR_post": 0.009999999776482582,
  "eval_dbar_post_mean": 0.5125808715820312,
  "eval_done_count": 100.0,
  "eval_episodes_per_env": 4.0,
  "eval_len_end_mean": 26.0,
  "eval_occupied_post_mean": 0.4099999964237213,
  "eval_return_end_mean": -23.956445693969727,
  "eval_t_eval": 104.0,
  "final_depr_F_post": 1.4399988651275635,
  "final_energy_E_post": 0.5627233982086182,
  "final_episode_return_end_mean": -27.005247116088867,
  "final_funding_alpha_eff": 0.01805492490530014,
  "final_funding_g": 0.0,
  "final_funding_g_raw": 0.09735564142465591,
  "final_update_counter": 3.0,
  "final_vartd_VarTD": 0.16285809874534607,
  "mechanism": "hardzero_plus_depr",
  "mechanism_tag": "hardzero_plus_depr__c0p58__z1p00__lam0p005__nu1p00__psi0p50",
  "runtime_sec": 9.46486809803173,
  "seed": 58,
  "z_cut": 1.0
}