{
  "alpha": 0.12,
  "c_upd": 0.5,
  "depr_lambda": 0.02,
  "depr_nu": 0.5,
  "depr_psi": 0.75,
  "eval_CSR_post": 0.0,
  "eval_dbar_post_mean": 0.50751793384552,
  "eval_done_count": 100.0,
  "eval_episodes_per_env": 4.0,
  "eval_len_end_mean": 26.0,
  "eval_occupied_post_mean": 0.4599999785423279,
  "eval_return_end_mean": -22.00313949584961,
  "eval_t_eval": 104.0,
  "final_depr_F_post": 24.250364303588867,
  "final_energy_E_post": 0.4829438626766205,
  "final_episode_return_end_mean": -27.80536460876465,
  "final_funding_alpha_eff": 1.5376093731589435e-09,
  "final_funding_g": 0.09230151027441025,
  "final_funding_g_raw": 0.09230151027441025,
  "final_update_counter": 3.0,
  "final_vartd_VarTD": 0.2236923724412918,
  "mechanism": "hardzero_plus_depr",
  "mechanism_tag": "hardzero_plus_depr__c0p50__z1p10__lam0p020__nu0p50__psi0p75",
  "runtime_sec": 10.69777884799987,
  "seed": 38,
  "z_cut": 1.1
}