{
  "alpha": 0.12,
  "c_upd": 0.58,
  "depr_lambda": 0.02,
  "depr_nu": 0.5,
  "depr_psi": 0.75,
  "eval_CSR_post": 0.0,
  "eval_dbar_post_mean": 0.496010422706604,
  "eval_done_count": 100.0,
  "eval_episodes_per_env": 4.0,
  "eval_len_end_mean": 26.0,
  "eval_occupied_post_mean": 0.35999998450279236,
  "eval_return_end_mean": -23.271236419677734,
  "eval_t_eval": 104.0,
  "final_depr_F_post": 23.58034896850586,
  "final_energy_E_post": 0.35384953022003174,
  "final_episode_return_end_mean": -25.826467514038086,
  "final_funding_alpha_eff": 2.5414654825084426e-09,
  "final_funding_g": 0.10990497469902039,
  "final_funding_g_raw": 0.10990497469902039,
  "final_update_counter": 3.0,
  "final_vartd_VarTD": 0.1305759847164154,
  "mechanism": "hardzero_plus_depr",
  "mechanism_tag": "hardzero_plus_depr__c0p58__z1p10__lam0p020__nu0p50__psi0p75",
  "runtime_sec": 10.776315652066842,
  "seed": 32,
  "z_cut": 1.1
}