{
  "alpha": 0.1,
  "c_upd": 0.5,
  "depr_lambda": 0.01,
  "depr_nu": 0.5,
  "depr_psi": 0.75,
  "eval_CSR_post": 0.0,
  "eval_dbar_post_mean": 0.49800384044647217,
  "eval_done_count": 100.0,
  "eval_episodes_per_env": 4.0,
  "eval_len_end_mean": 26.0,
  "eval_occupied_post_mean": 0.32999998331069946,
  "eval_return_end_mean": -23.671161651611328,
  "eval_t_eval": 104.0,
  "final_depr_F_post": 4.739635467529297,
  "final_energy_E_post": 0.20228393375873566,
  "final_episode_return_end_mean": -25.064245223999023,
  "final_funding_alpha_eff": 0.0028804419562220573,
  "final_funding_g": 0.13657958805561066,
  "final_funding_g_raw": 0.13657958805561066,
  "final_update_counter": 9.0,
  "final_vartd_VarTD": 0.12764564156532288,
  "mechanism": "hardzero_plus_depr",
  "mechanism_tag": "hardzero_plus_depr__c0p50__z1p10__lam0p010__nu0p50__psi0p75",
  "runtime_sec": 10.926851048017852,
  "seed": 33,
  "z_cut": 1.1
}