{
  "alpha": 0.037,
  "c_upd": 0.58,
  "depr_lambda": 0.0,
  "depr_nu": 0.5,
  "depr_psi": 0.0,
  "eval_CSR_post": 0.0,
  "eval_dbar_post_mean": 0.512742280960083,
  "eval_done_count": 100.0,
  "eval_episodes_per_env": 4.0,
  "eval_len_end_mean": 26.0,
  "eval_occupied_post_mean": 0.3700000047683716,
  "eval_return_end_mean": -23.711835861206055,
  "eval_t_eval": 104.0,
  "final_depr_F_post": 0.0,
  "final_energy_E_post": 0.34785205125808716,
  "final_episode_return_end_mean": -26.190406799316406,
  "final_funding_alpha_eff": 0.03700000047683716,
  "final_funding_g": 0.11230351775884628,
  "final_funding_g_raw": 0.11230351775884628,
  "final_update_counter": 7.0,
  "final_vartd_VarTD": 0.17046785354614258,
  "mechanism": "hardzero_only",
  "mechanism_tag": "hardzero_only__c0p58__z1p00__lam0p000__nu0p50__psi0p00",
  "runtime_sec": 9.475446242955513,
  "seed": 58,
  "z_cut": 1.0
}