{
  "alpha": 0.1,
  "c_upd": 0.56,
  "depr_lambda": 0.01,
  "depr_nu": 0.5,
  "depr_psi": 1.0,
  "eval_CSR_post": 0.009999999776482582,
  "eval_dbar_post_mean": 0.48797810077667236,
  "eval_done_count": 100.0,
  "eval_episodes_per_env": 4.0,
  "eval_len_end_mean": 26.0,
  "eval_occupied_post_mean": 0.3999999761581421,
  "eval_return_end_mean": -22.150129318237305,
  "eval_t_eval": 104.0,
  "final_depr_F_post": 9.138879776000977,
  "final_energy_E_post": 0.0707620233297348,
  "final_episode_return_end_mean": -27.467056274414062,
  "final_funding_alpha_eff": 1.0848707461263984e-05,
  "final_funding_g": 0.10095188021659851,
  "final_funding_g_raw": 0.10095188021659851,
  "final_update_counter": 4.0,
  "final_vartd_VarTD": 0.20955483615398407,
  "mechanism": "hardzero_plus_depr",
  "mechanism_tag": "hardzero_plus_depr__c0p56__z1p10__lam0p010__nu0p50__psi1p00",
  "runtime_sec": 10.891592322965153,
  "seed": 38,
  "z_cut": 1.1
}