{
  "alpha": 0.06,
  "c_upd": 0.54,
  "depr_lambda": 0.0,
  "depr_nu": 0.5,
  "depr_psi": 0.0,
  "eval_CSR_post": 0.009999999776482582,
  "eval_dbar_post_mean": 0.498757541179657,
  "eval_done_count": 100.0,
  "eval_episodes_per_env": 4.0,
  "eval_len_end_mean": 26.0,
  "eval_occupied_post_mean": 0.429999977350235,
  "eval_return_end_mean": -24.337968826293945,
  "eval_t_eval": 104.0,
  "final_depr_F_post": 0.0,
  "final_energy_E_post": 0.49176082015037537,
  "final_episode_return_end_mean": -24.95899200439453,
  "final_funding_alpha_eff": 0.05999999865889549,
  "final_funding_g": 0.13547030091285706,
  "final_funding_g_raw": 0.13547030091285706,
  "final_update_counter": 18.0,
  "final_vartd_VarTD": 0.44929537177085876,
  "mechanism": "hardzero_only",
  "mechanism_tag": "hardzero_only__c0p54__z1p10__lam0p000__nu0p50__psi0p00",
  "runtime_sec": 9.96097842702875,
  "seed": 37,
  "z_cut": 1.1
}