{
  "alpha": 0.204,
  "borrow_interest": 0.01,
  "borrow_limit": 0.6,
  "c_upd": 0.58,
  "depr_lambda": 0.0,
  "depr_nu": 0.5,
  "depr_psi": 0.0,
  "eval_CSR_post": 0.009999999776482582,
  "eval_dbar_post_mean": 0.4859222173690796,
  "eval_done_count": 100.0,
  "eval_episodes_per_env": 4.0,
  "eval_len_end_mean": 26.0,
  "eval_occupied_post_mean": 0.5199999809265137,
  "eval_return_end_mean": -22.62874412536621,
  "eval_t_eval": 104.0,
  "family": "borrow",
  "final_depr_F_post": 0.0,
  "final_energy_E_post": -0.041596680879592896,
  "final_update_counter": 63.0,
  "final_vartd_VarTD": 4.976604461669922,
  "max_debt_level_post": 0.5913708209991455,
  "mean_update_fraction": 0.05040000006556511,
  "mechanism": "hardzero_only",
  "mechanism_tag": "hardzero_only__c0p58__z1p00__lam0p000__nu0p50__psi0p00",
  "runtime_sec": 10.70860620494932,
  "seed": 58,
  "support_mode": "none",
  "support_total": 0.0,
  "total_debt_charge": 3.5873045921325684,
  "total_support_s": 0.0,
  "z_cut": 1.0
}