{
  "alpha": 0.12,
  "c_upd": 0.54,
  "depr_lambda": 0.02,
  "depr_nu": 0.5,
  "depr_psi": 0.75,
  "eval_CSR_post": 0.0,
  "eval_dbar_post_mean": 0.531877875328064,
  "eval_done_count": 100.0,
  "eval_episodes_per_env": 4.0,
  "eval_len_end_mean": 26.0,
  "eval_occupied_post_mean": 0.35999998450279236,
  "eval_return_end_mean": -21.999670028686523,
  "eval_t_eval": 104.0,
  "final_depr_F_post": 24.130361557006836,
  "final_energy_E_post": 0.17902107536792755,
  "final_episode_return_end_mean": -27.383481979370117,
  "final_funding_alpha_eff": 1.682416317372315e-09,
  "final_funding_g": 0.0,
  "final_funding_g_raw": 0.09299768507480621,
  "final_update_counter": 2.0,
  "final_vartd_VarTD": 0.19338592886924744,
  "mechanism": "hardzero_plus_depr",
  "mechanism_tag": "hardzero_plus_depr__c0p54__z1p00__lam0p020__nu0p50__psi0p75",
  "runtime_sec": 21.49752343801083,
  "seed": 30,
  "z_cut": 1.0
}