{
  "alpha": 0.1,
  "c_upd": 0.54,
  "depr_lambda": 0.0,
  "depr_nu": 0.5,
  "depr_psi": 0.0,
  "eval_CSR_post": 0.0,
  "eval_dbar_post_mean": 0.46079397201538086,
  "eval_done_count": 100.0,
  "eval_episodes_per_env": 4.0,
  "eval_len_end_mean": 26.0,
  "eval_occupied_post_mean": 0.41999998688697815,
  "eval_return_end_mean": -23.391342163085938,
  "eval_t_eval": 104.0,
  "final_depr_F_post": 0.0,
  "final_energy_E_post": 0.3289560079574585,
  "final_episode_return_end_mean": -24.58898162841797,
  "final_funding_alpha_eff": 0.10000000149011612,
  "final_funding_g": 0.16184517741203308,
  "final_funding_g_raw": 0.16184517741203308,
  "final_update_counter": 32.0,
  "final_vartd_VarTD": 2.2521209716796875,
  "mechanism": "hardzero_only",
  "mechanism_tag": "hardzero_only__c0p54__z1p10__lam0p000__nu0p50__psi0p00",
  "runtime_sec": 9.935750789998565,
  "seed": 41,
  "z_cut": 1.1
}