{
  "alpha": 0.12,
  "c_upd": 0.54,
  "depr_lambda": 0.02,
  "depr_nu": 0.5,
  "depr_psi": 1.0,
  "eval_CSR_post": 0.0,
  "eval_dbar_post_mean": 0.48846548795700073,
  "eval_done_count": 100.0,
  "eval_episodes_per_env": 4.0,
  "eval_len_end_mean": 26.0,
  "eval_occupied_post_mean": 0.3799999952316284,
  "eval_return_end_mean": -23.972347259521484,
  "eval_t_eval": 104.0,
  "final_depr_F_post": 23.200340270996094,
  "final_energy_E_post": 0.12090650945901871,
  "final_episode_return_end_mean": -27.043603897094727,
  "final_funding_alpha_eff": 1.0282236867498185e-11,
  "final_funding_g": 0.11044544726610184,
  "final_funding_g_raw": 0.11044544726610184,
  "final_update_counter": 3.0,
  "final_vartd_VarTD": 0.14110207557678223,
  "mechanism": "hardzero_plus_depr",
  "mechanism_tag": "hardzero_plus_depr__c0p54__z1p05__lam0p020__nu0p50__psi1p00",
  "runtime_sec": 10.709515778988134,
  "seed": 35,
  "z_cut": 1.05
}