{
  "alpha": 0.03,
  "c_upd": 0.52,
  "depr_lambda": 0.01,
  "depr_nu": 0.5,
  "depr_psi": 1.25,
  "eval_CSR_post": 0.0,
  "eval_dbar_post_mean": 0.823464572429657,
  "eval_done_count": 100.0,
  "eval_episodes_per_env": 4.0,
  "eval_len_end_mean": 26.0,
  "eval_occupied_post_mean": 0.17000000178813934,
  "eval_return_end_mean": -27.10822868347168,
  "eval_t_eval": 104.0,
  "final_depr_F_post": 12.400188446044922,
  "final_energy_E_post": 0.2024269700050354,
  "final_episode_return_end_mean": -28.99295425415039,
  "final_funding_alpha_eff": 5.634859245873258e-09,
  "final_funding_g": 0.0,
  "final_funding_g_raw": 0.07385718077421188,
  "final_update_counter": 2.0,
  "final_vartd_VarTD": 0.17857468128204346,
  "mechanism": "hardzero_plus_depr",
  "mechanism_tag": "hardzero_plus_depr__c0p52__z1p10__lam0p010__nu0p50__psi1p25",
  "runtime_sec": 10.691461991984397,
  "seed": 36,
  "z_cut": 1.1
}