{
  "alpha": 0.033,
  "c_upd": 0.58,
  "depr_lambda": 0.0,
  "depr_nu": 0.5,
  "depr_psi": 0.0,
  "eval_CSR_post": 0.0,
  "eval_dbar_post_mean": 0.6376372575759888,
  "eval_done_count": 100.0,
  "eval_episodes_per_env": 4.0,
  "eval_len_end_mean": 26.0,
  "eval_occupied_post_mean": 0.23999999463558197,
  "eval_return_end_mean": -24.699737548828125,
  "eval_t_eval": 104.0,
  "final_depr_F_post": 0.0,
  "final_energy_E_post": 0.4933225214481354,
  "final_episode_return_end_mean": -29.220922470092773,
  "final_funding_alpha_eff": 0.032999999821186066,
  "final_funding_g": 0.0,
  "final_funding_g_raw": 0.07002300024032593,
  "final_update_counter": 2.0,
  "final_vartd_VarTD": 0.18100130558013916,
  "mechanism": "hardzero_only",
  "mechanism_tag": "hardzero_only__c0p58__z1p00__lam0p000__nu0p50__psi0p00",
  "runtime_sec": 9.457361084991135,
  "seed": 36,
  "z_cut": 1.0
}