{
  "alpha": 0.05,
  "c_upd": 0.52,
  "depr_lambda": 0.0,
  "depr_nu": 0.5,
  "depr_psi": 0.0,
  "eval_CSR_post": 0.019999999552965164,
  "eval_dbar_post_mean": 0.485395610332489,
  "eval_done_count": 100.0,
  "eval_episodes_per_env": 4.0,
  "eval_len_end_mean": 26.0,
  "eval_occupied_post_mean": 0.5299999713897705,
  "eval_return_end_mean": -23.354076385498047,
  "eval_t_eval": 104.0,
  "final_depr_F_post": 0.0,
  "final_energy_E_post": 0.10881335288286209,
  "final_episode_return_end_mean": -26.813806533813477,
  "final_funding_alpha_eff": 0.05000000074505806,
  "final_funding_g": 0.1097678616642952,
  "final_funding_g_raw": 0.1097678616642952,
  "final_update_counter": 15.0,
  "final_vartd_VarTD": 0.32610636949539185,
  "mechanism": "hardzero_only",
  "mechanism_tag": "hardzero_only__c0p52__z1p10__lam0p000__nu0p50__psi0p00",
  "runtime_sec": 9.862390168011189,
  "seed": 36,
  "z_cut": 1.1
}