{
  "alpha": 0.03,
  "c_upd": 0.56,
  "depr_lambda": 0.01,
  "depr_nu": 0.5,
  "depr_psi": 0.75,
  "eval_CSR_post": 0.0,
  "eval_dbar_post_mean": 0.63959801197052,
  "eval_done_count": 100.0,
  "eval_episodes_per_env": 4.0,
  "eval_len_end_mean": 26.0,
  "eval_occupied_post_mean": 0.3199999928474426,
  "eval_return_end_mean": -25.186113357543945,
  "eval_t_eval": 104.0,
  "final_depr_F_post": 12.070180892944336,
  "final_energy_E_post": 0.22997114062309265,
  "final_episode_return_end_mean": -26.830400466918945,
  "final_funding_alpha_eff": 3.5389043659961317e-06,
  "final_funding_g": 0.0933627113699913,
  "final_funding_g_raw": 0.0933627113699913,
  "final_update_counter": 2.0,
  "final_vartd_VarTD": 0.14173011481761932,
  "mechanism": "hardzero_plus_depr",
  "mechanism_tag": "hardzero_plus_depr__c0p56__z1p05__lam0p010__nu0p50__psi0p75",
  "runtime_sec": 10.759058456053026,
  "seed": 39,
  "z_cut": 1.05
}