{
  "alpha": 0.06,
  "c_upd": 0.56,
  "depr_lambda": 0.01,
  "depr_nu": 0.5,
  "depr_psi": 1.25,
  "eval_CSR_post": 0.0,
  "eval_dbar_post_mean": 0.6801913976669312,
  "eval_done_count": 100.0,
  "eval_episodes_per_env": 4.0,
  "eval_len_end_mean": 26.0,
  "eval_occupied_post_mean": 0.20999999344348907,
  "eval_return_end_mean": -25.929569244384766,
  "eval_t_eval": 104.0,
  "final_depr_F_post": 12.350187301635742,
  "final_energy_E_post": 0.3989332616329193,
  "final_episode_return_end_mean": -26.61563491821289,
  "final_funding_alpha_eff": 1.1996575288719669e-08,
  "final_funding_g": 0.09222791343927383,
  "final_funding_g_raw": 0.09222791343927383,
  "final_update_counter": 2.0,
  "final_vartd_VarTD": 0.1258174479007721,
  "mechanism": "hardzero_plus_depr",
  "mechanism_tag": "hardzero_plus_depr__c0p56__z1p10__lam0p010__nu0p50__psi1p25",
  "runtime_sec": 10.593814512016252,
  "seed": 34,
  "z_cut": 1.1
}