{
  "alpha": 0.08,
  "c_upd": 0.56,
  "depr_lambda": 0.03,
  "depr_nu": 0.5,
  "depr_psi": 1.25,
  "eval_CSR_post": 0.0,
  "eval_dbar_post_mean": 0.5736082196235657,
  "eval_done_count": 100.0,
  "eval_episodes_per_env": 4.0,
  "eval_len_end_mean": 26.0,
  "eval_occupied_post_mean": 0.25999999046325684,
  "eval_return_end_mean": -24.218412399291992,
  "eval_t_eval": 104.0,
  "final_depr_F_post": 36.72012710571289,
  "final_energy_E_post": 0.08369394391775131,
  "final_episode_return_end_mean": -26.36331558227539,
  "final_funding_alpha_eff": 9.664737079597661e-22,
  "final_funding_g": 0.0951867625117302,
  "final_funding_g_raw": 0.0951867625117302,
  "final_update_counter": 2.0,
  "final_vartd_VarTD": 0.12122371792793274,
  "mechanism": "hardzero_plus_depr",
  "mechanism_tag": "hardzero_plus_depr__c0p56__z1p05__lam0p030__nu0p50__psi1p25",
  "runtime_sec": 10.64789629302686,
  "seed": 34,
  "z_cut": 1.05
}