{
  "alpha": 0.1,
  "c_upd": 0.56,
  "depr_lambda": 0.0,
  "depr_nu": 0.5,
  "depr_psi": 0.0,
  "eval_CSR_post": 0.0,
  "eval_dbar_post_mean": 0.4887469410896301,
  "eval_done_count": 100.0,
  "eval_episodes_per_env": 4.0,
  "eval_len_end_mean": 26.0,
  "eval_occupied_post_mean": 0.4099999964237213,
  "eval_return_end_mean": -23.009437561035156,
  "eval_t_eval": 104.0,
  "final_depr_F_post": 0.0,
  "final_energy_E_post": 0.46823716163635254,
  "final_episode_return_end_mean": -23.925458908081055,
  "final_funding_alpha_eff": 0.10000000149011612,
  "final_funding_g": 0.17100390791893005,
  "final_funding_g_raw": 0.17100390791893005,
  "final_update_counter": 32.0,
  "final_vartd_VarTD": 2.303582191467285,
  "mechanism": "hardzero_only",
  "mechanism_tag": "hardzero_only__c0p56__z1p05__lam0p000__nu0p50__psi0p00",
  "runtime_sec": 10.279232640983537,
  "seed": 35,
  "z_cut": 1.05
}