{
  "alpha": 0.06,
  "c_upd": 0.54,
  "depr_lambda": 0.01,
  "depr_nu": 0.5,
  "depr_psi": 1.25,
  "eval_CSR_post": 0.0,
  "eval_dbar_post_mean": 0.5980656147003174,
  "eval_done_count": 100.0,
  "eval_episodes_per_env": 4.0,
  "eval_len_end_mean": 26.0,
  "eval_occupied_post_mean": 0.22999998927116394,
  "eval_return_end_mean": -24.26002311706543,
  "eval_t_eval": 104.0,
  "final_depr_F_post": 12.390188217163086,
  "final_energy_E_post": 0.3839108645915985,
  "final_episode_return_end_mean": -27.874650955200195,
  "final_funding_alpha_eff": 1.1411483313850113e-08,
  "final_funding_g": 0.09027273207902908,
  "final_funding_g_raw": 0.09027273207902908,
  "final_update_counter": 2.0,
  "final_vartd_VarTD": 0.1747291386127472,
  "mechanism": "hardzero_plus_depr",
  "mechanism_tag": "hardzero_plus_depr__c0p54__z1p05__lam0p010__nu0p50__psi1p25",
  "runtime_sec": 10.846982077986468,
  "seed": 40,
  "z_cut": 1.05
}