{
  "alpha": 0.12,
  "c_upd": 0.58,
  "depr_lambda": 0.03,
  "depr_nu": 0.5,
  "depr_psi": 1.0,
  "eval_CSR_post": 0.0,
  "eval_dbar_post_mean": 0.6052011251449585,
  "eval_done_count": 100.0,
  "eval_episodes_per_env": 4.0,
  "eval_len_end_mean": 26.0,
  "eval_occupied_post_mean": 0.3499999940395355,
  "eval_return_end_mean": -23.37818145751953,
  "eval_t_eval": 104.0,
  "final_depr_F_post": 37.1251106262207,
  "final_energy_E_post": 0.28255918622016907,
  "final_episode_return_end_mean": -28.07002830505371,
  "final_funding_alpha_eff": 9.310625860888672e-18,
  "final_funding_g": 0.08961653709411621,
  "final_funding_g_raw": 0.08961653709411621,
  "final_update_counter": 2.0,
  "final_vartd_VarTD": 0.213443785905838,
  "mechanism": "hardzero_plus_depr",
  "mechanism_tag": "hardzero_plus_depr__c0p58__z1p10__lam0p030__nu0p50__psi1p00",
  "runtime_sec": 10.613927571917884,
  "seed": 38,
  "z_cut": 1.1
}