{
  "alpha": 0.05,
  "c_upd": 0.54,
  "depr_lambda": 0.01,
  "depr_nu": 0.5,
  "depr_psi": 1.25,
  "eval_CSR_post": 0.0,
  "eval_dbar_post_mean": 0.6253052353858948,
  "eval_done_count": 100.0,
  "eval_episodes_per_env": 4.0,
  "eval_len_end_mean": 26.0,
  "eval_occupied_post_mean": 0.2199999988079071,
  "eval_return_end_mean": -24.879526138305664,
  "eval_t_eval": 104.0,
  "final_depr_F_post": 12.370187759399414,
  "final_energy_E_post": 0.3007156252861023,
  "final_episode_return_end_mean": -26.597843170166016,
  "final_funding_alpha_eff": 9.750310780987093e-09,
  "final_funding_g": 0.09842030704021454,
  "final_funding_g_raw": 0.09842030704021454,
  "final_update_counter": 2.0,
  "final_vartd_VarTD": 0.14336100220680237,
  "mechanism": "hardzero_plus_depr",
  "mechanism_tag": "hardzero_plus_depr__c0p54__z1p05__lam0p010__nu0p50__psi1p25",
  "runtime_sec": 10.82711712695891,
  "seed": 39,
  "z_cut": 1.05
}