{
  "I_R_full_anchor_compat": 0.6120005214672769,
  "above_R_THRESH_FULL_anchor": 1.0,
  "alpha": 0.0,
  "borrow_interest": 0.0,
  "borrow_limit": 0.0,
  "c_upd": 0.58,
  "condition": "fragile_full__support__t4m__a0p00__c0p58",
  "eval_CSR_post": 0.0,
  "eval_CSR_pre": 0.0,
  "eval_dbar_post_mean": 0.6636600494384766,
  "eval_dbar_pre_mean": 0.6562212705612183,
  "eval_done_count": 100.0,
  "eval_done_per_env_max": 4.0,
  "eval_done_per_env_min": 4.0,
  "eval_episodes_per_env": 4.0,
  "eval_len_end_mean": 26.0,
  "eval_max_tilde_post_mean": 0.9967334270477295,
  "eval_max_tilde_pre_mean": 0.9920275807380676,
  "eval_occupied_post_mean": 0.26999998092651367,
  "eval_occupied_pre_mean": 0.23999999463558197,
  "eval_return_end_mean": -25.740652084350586,
  "eval_t_eval": 104.0,
  "family": "support",
  "final_energy": 0.44000014662742615,
  "final_executed_updates": 2.0,
  "final_vartd": 0.12702113389968872,
  "max_debt_level": 0.0,
  "mean_update_fraction": 0.0015999999595806003,
  "metric_horizon": "long4m",
  "phase": "extension_full",
  "runtime_sec": 11.028467987000113,
  "seed": 34,
  "support_mode": "frontload",
  "support_total": 0.6,
  "total_debt_charge": 0.0,
  "total_support_injected": 0.5999999642372131,
  "total_timesteps": 4000000,
  "train_final_return_end_mean": -26.337684631347656
}