{
  "alpha": 0.04,
  "c_upd": 0.58,
  "depr_lambda": 0.01,
  "depr_nu": 0.5,
  "depr_psi": 1.0,
  "eval_CSR_post": 0.0,
  "eval_dbar_post_mean": 0.5782091617584229,
  "eval_done_count": 100.0,
  "eval_episodes_per_env": 4.0,
  "eval_len_end_mean": 26.0,
  "eval_occupied_post_mean": 0.28999999165534973,
  "eval_return_end_mean": -23.513744354248047,
  "eval_t_eval": 104.0,
  "final_depr_F_post": 12.175183296203613,
  "final_energy_E_post": 0.2880953550338745,
  "final_episode_return_end_mean": -29.11468505859375,
  "final_funding_alpha_eff": 2.083474299752197e-07,
  "final_funding_g": 0.0,
  "final_funding_g_raw": 0.07443493604660034,
  "final_update_counter": 2.0,
  "final_vartd_VarTD": 0.17581169307231903,
  "mechanism": "hardzero_plus_depr",
  "mechanism_tag": "hardzero_plus_depr__c0p58__z1p10__lam0p010__nu0p50__psi1p00",
  "runtime_sec": 10.624943199101835,
  "seed": 36,
  "z_cut": 1.1
}