{
  "alpha": 0.12,
  "c_upd": 0.58,
  "depr_lambda": 0.02,
  "depr_nu": 0.5,
  "depr_psi": 0.75,
  "eval_CSR_post": 0.0,
  "eval_dbar_post_mean": 0.5831586122512817,
  "eval_done_count": 100.0,
  "eval_episodes_per_env": 4.0,
  "eval_len_end_mean": 26.0,
  "eval_occupied_post_mean": 0.23999999463558197,
  "eval_return_end_mean": -23.57795524597168,
  "eval_t_eval": 104.0,
  "final_depr_F_post": 22.930334091186523,
  "final_energy_E_post": 0.20357058942317963,
  "final_episode_return_end_mean": -27.40753173828125,
  "final_funding_alpha_eff": 4.138161813216357e-09,
  "final_funding_g": 0.09852210432291031,
  "final_funding_g_raw": 0.09852210432291031,
  "final_update_counter": 3.0,
  "final_vartd_VarTD": 0.16789503395557404,
  "mechanism": "hardzero_plus_depr",
  "mechanism_tag": "hardzero_plus_depr__c0p58__z1p05__lam0p020__nu0p50__psi0p75",
  "runtime_sec": 10.759250575036276,
  "seed": 40,
  "z_cut": 1.05
}