{
  "alpha": 0.12,
  "c_upd": 0.58,
  "depr_lambda": 0.01,
  "depr_nu": 0.5,
  "depr_psi": 1.25,
  "eval_CSR_post": 0.0,
  "eval_dbar_post_mean": 0.6735410690307617,
  "eval_done_count": 100.0,
  "eval_episodes_per_env": 4.0,
  "eval_len_end_mean": 26.0,
  "eval_occupied_post_mean": 0.26999998092651367,
  "eval_return_end_mean": -25.72871971130371,
  "eval_t_eval": 104.0,
  "final_depr_F_post": 11.880176544189453,
  "final_energy_E_post": 0.5037001967430115,
  "final_episode_return_end_mean": -26.339786529541016,
  "final_funding_alpha_eff": 4.317585222679554e-08,
  "final_funding_g": 0.0951322391629219,
  "final_funding_g_raw": 0.0951322391629219,
  "final_update_counter": 3.0,
  "final_vartd_VarTD": 0.1170942485332489,
  "mechanism": "hardzero_plus_depr",
  "mechanism_tag": "hardzero_plus_depr__c0p58__z1p10__lam0p010__nu0p50__psi1p25",
  "runtime_sec": 10.750639626057819,
  "seed": 34,
  "z_cut": 1.1
}