{
  "alpha": 0.05,
  "c_upd": 0.5,
  "depr_lambda": 0.01,
  "depr_nu": 0.5,
  "depr_psi": 1.0,
  "eval_CSR_post": 0.0,
  "eval_dbar_post_mean": 0.5133234262466431,
  "eval_done_count": 100.0,
  "eval_episodes_per_env": 4.0,
  "eval_len_end_mean": 26.0,
  "eval_occupied_post_mean": 0.3700000047683716,
  "eval_return_end_mean": -24.649564743041992,
  "eval_t_eval": 104.0,
  "final_depr_F_post": 9.565145492553711,
  "final_energy_E_post": 0.028697820380330086,
  "final_episode_return_end_mean": -26.584171295166016,
  "final_funding_alpha_eff": 3.5417929211689625e-06,
  "final_funding_g": 0.10431095957756042,
  "final_funding_g_raw": 0.10431095957756042,
  "final_update_counter": 3.0,
  "final_vartd_VarTD": 0.19018866121768951,
  "mechanism": "hardzero_plus_depr",
  "mechanism_tag": "hardzero_plus_depr__c0p50__z1p10__lam0p010__nu0p50__psi1p00",
  "runtime_sec": 10.826077251054812,
  "seed": 37,
  "z_cut": 1.1
}