{
  "alpha": 0.08,
  "c_upd": 0.58,
  "depr_lambda": 0.01,
  "depr_nu": 0.5,
  "depr_psi": 1.0,
  "eval_CSR_post": 0.009999999776482582,
  "eval_dbar_post_mean": 0.4992125928401947,
  "eval_done_count": 100.0,
  "eval_episodes_per_env": 4.0,
  "eval_len_end_mean": 26.0,
  "eval_occupied_post_mean": 0.4399999976158142,
  "eval_return_end_mean": -24.165224075317383,
  "eval_t_eval": 104.0,
  "final_depr_F_post": 11.492668151855469,
  "final_energy_E_post": 0.3633463382720947,
  "final_episode_return_end_mean": -26.951122283935547,
  "final_funding_alpha_eff": 8.24575977276254e-07,
  "final_funding_g": 0.10853595286607742,
  "final_funding_g_raw": 0.10853595286607742,
  "final_update_counter": 3.0,
  "final_vartd_VarTD": 0.1376987099647522,
  "mechanism": "hardzero_plus_depr",
  "mechanism_tag": "hardzero_plus_depr__c0p58__z1p10__lam0p010__nu0p50__psi1p00",
  "runtime_sec": 10.687487218994647,
  "seed": 35,
  "z_cut": 1.1
}