{
  "alpha": 0.06,
  "c_upd": 0.6,
  "depr_lambda": 0.02,
  "depr_nu": 0.5,
  "depr_psi": 1.0,
  "eval_CSR_post": 0.009999999776482582,
  "eval_dbar_post_mean": 0.5231932401657104,
  "eval_done_count": 100.0,
  "eval_episodes_per_env": 4.0,
  "eval_len_end_mean": 26.0,
  "eval_occupied_post_mean": 0.4099999964237213,
  "eval_return_end_mean": -24.04021453857422,
  "eval_t_eval": 104.0,
  "final_depr_F_post": 23.960357666015625,
  "final_energy_E_post": 0.1058700755238533,
  "final_episode_return_end_mean": -26.781539916992188,
  "final_funding_alpha_eff": 2.404286405383038e-12,
  "final_funding_g": 0.09836797416210175,
  "final_funding_g_raw": 0.09836797416210175,
  "final_update_counter": 2.0,
  "final_vartd_VarTD": 0.19278262555599213,
  "mechanism": "hardzero_plus_depr",
  "mechanism_tag": "hardzero_plus_depr__c0p60__z1p05__lam0p020__nu0p50__psi1p00",
  "runtime_sec": 10.640166544995736,
  "seed": 37,
  "z_cut": 1.05
}