{
  "alpha": 0.12,
  "c_upd": 0.52,
  "depr_lambda": 0.02,
  "depr_nu": 0.5,
  "depr_psi": 1.0,
  "eval_CSR_post": 0.0,
  "eval_dbar_post_mean": 0.5579484701156616,
  "eval_done_count": 100.0,
  "eval_episodes_per_env": 4.0,
  "eval_len_end_mean": 26.0,
  "eval_occupied_post_mean": 0.3400000035762787,
  "eval_return_end_mean": -24.125627517700195,
  "eval_t_eval": 104.0,
  "final_depr_F_post": 24.400367736816406,
  "final_energy_E_post": 0.1645147055387497,
  "final_episode_return_end_mean": -27.947349548339844,
  "final_funding_alpha_eff": 3.096864995347226e-12,
  "final_funding_g": 0.0,
  "final_funding_g_raw": 0.0885855183005333,
  "final_update_counter": 2.0,
  "final_vartd_VarTD": 0.1757298856973648,
  "mechanism": "hardzero_plus_depr",
  "mechanism_tag": "hardzero_plus_depr__c0p52__z1p00__lam0p020__nu0p50__psi1p00",
  "runtime_sec": 10.64411775796907,
  "seed": 40,
  "z_cut": 1.0
}