{
  "alpha": 0.05,
  "c_upd": 0.52,
  "depr_lambda": 0.01,
  "depr_nu": 0.5,
  "depr_psi": 1.0,
  "eval_CSR_post": 0.009999999776482582,
  "eval_dbar_post_mean": 0.5726118087768555,
  "eval_done_count": 100.0,
  "eval_episodes_per_env": 4.0,
  "eval_len_end_mean": 26.0,
  "eval_occupied_post_mean": 0.3400000035762787,
  "eval_return_end_mean": -24.588529586791992,
  "eval_t_eval": 104.0,
  "final_depr_F_post": 11.945178031921387,
  "final_energy_E_post": 0.12444265186786652,
  "final_episode_return_end_mean": -28.0214786529541,
  "final_funding_alpha_eff": 3.277843063642649e-07,
  "final_funding_g": 0.0,
  "final_funding_g_raw": 0.08862537890672684,
  "final_update_counter": 2.0,
  "final_vartd_VarTD": 0.17485828697681427,
  "mechanism": "hardzero_plus_depr",
  "mechanism_tag": "hardzero_plus_depr__c0p52__z1p00__lam0p010__nu0p50__psi1p00",
  "runtime_sec": 10.833628035034053,
  "seed": 40,
  "z_cut": 1.0
}