{
  "alpha": 0.05,
  "c_upd": 0.52,
  "depr_lambda": 0.01,
  "depr_nu": 0.5,
  "depr_psi": 0.75,
  "eval_CSR_post": 0.009999999776482582,
  "eval_dbar_post_mean": 0.5763872861862183,
  "eval_done_count": 100.0,
  "eval_episodes_per_env": 4.0,
  "eval_len_end_mean": 26.0,
  "eval_occupied_post_mean": 0.3199999928474426,
  "eval_return_end_mean": -24.6163272857666,
  "eval_t_eval": 104.0,
  "final_depr_F_post": 10.670148849487305,
  "final_energy_E_post": 0.17457237839698792,
  "final_episode_return_end_mean": -27.716716766357422,
  "final_funding_alpha_eff": 1.6855328794918023e-05,
  "final_funding_g": 0.09936631470918655,
  "final_funding_g_raw": 0.09936631470918655,
  "final_update_counter": 3.0,
  "final_vartd_VarTD": 0.15730734169483185,
  "mechanism": "hardzero_plus_depr",
  "mechanism_tag": "hardzero_plus_depr__c0p52__z1p05__lam0p010__nu0p50__psi0p75",
  "runtime_sec": 10.646762802964076,
  "seed": 41,
  "z_cut": 1.05
}