{
  "alpha": 0.035,
  "c_upd": 0.58,
  "depr_lambda": 0.0,
  "depr_nu": 0.5,
  "depr_psi": 0.0,
  "eval_CSR_post": 0.0,
  "eval_dbar_post_mean": 0.5811535120010376,
  "eval_done_count": 100.0,
  "eval_episodes_per_env": 4.0,
  "eval_len_end_mean": 26.0,
  "eval_occupied_post_mean": 0.25,
  "eval_return_end_mean": -24.13895034790039,
  "eval_t_eval": 104.0,
  "final_depr_F_post": 0.0,
  "final_energy_E_post": 0.32261455059051514,
  "final_episode_return_end_mean": -26.034719467163086,
  "final_funding_alpha_eff": 0.03500000014901161,
  "final_funding_g": 0.11515995115041733,
  "final_funding_g_raw": 0.11515995115041733,
  "final_update_counter": 5.0,
  "final_vartd_VarTD": 0.1267457753419876,
  "mechanism": "hardzero_only",
  "mechanism_tag": "hardzero_only__c0p58__z1p00__lam0p000__nu0p50__psi0p00",
  "runtime_sec": 10.861803648993373,
  "seed": 45,
  "z_cut": 1.0
}