{
  "alpha": 0.06,
  "c_upd": 0.58,
  "depr_lambda": 0.0,
  "depr_nu": 0.5,
  "depr_psi": 0.0,
  "eval_CSR_post": 0.0,
  "eval_dbar_post_mean": 0.5185647010803223,
  "eval_done_count": 100.0,
  "eval_episodes_per_env": 4.0,
  "eval_len_end_mean": 26.0,
  "eval_occupied_post_mean": 0.32999998331069946,
  "eval_return_end_mean": -23.795087814331055,
  "eval_t_eval": 104.0,
  "final_depr_F_post": 0.0,
  "final_energy_E_post": 0.5165354013442993,
  "final_episode_return_end_mean": -24.769113540649414,
  "final_funding_alpha_eff": 0.05999999865889549,
  "final_funding_g": 0.1501629799604416,
  "final_funding_g_raw": 0.1501629799604416,
  "final_update_counter": 16.0,
  "final_vartd_VarTD": 0.4148021936416626,
  "mechanism": "hardzero_only",
  "mechanism_tag": "hardzero_only__c0p58__z1p10__lam0p000__nu0p50__psi0p00",
  "runtime_sec": 20.13744703697739,
  "seed": 30,
  "z_cut": 1.1
}