{
  "alpha": 0.08,
  "c_upd": 0.56,
  "depr_lambda": 0.01,
  "depr_nu": 0.5,
  "depr_psi": 1.0,
  "eval_CSR_post": 0.0,
  "eval_dbar_post_mean": 0.5153756141662598,
  "eval_done_count": 100.0,
  "eval_episodes_per_env": 4.0,
  "eval_len_end_mean": 26.0,
  "eval_occupied_post_mean": 0.4099999964237213,
  "eval_return_end_mean": -23.318927764892578,
  "eval_t_eval": 104.0,
  "final_depr_F_post": 11.162660598754883,
  "final_energy_E_post": 0.24369578063488007,
  "final_episode_return_end_mean": -26.265316009521484,
  "final_funding_alpha_eff": 1.1469675200714846e-06,
  "final_funding_g": 0.09838452935218811,
  "final_funding_g_raw": 0.09838452935218811,
  "final_update_counter": 3.0,
  "final_vartd_VarTD": 0.1302250772714615,
  "mechanism": "hardzero_plus_depr",
  "mechanism_tag": "hardzero_plus_depr__c0p56__z1p05__lam0p010__nu0p50__psi1p00",
  "runtime_sec": 10.79992558597587,
  "seed": 32,
  "z_cut": 1.05
}