{
  "alpha": 0.12,
  "c_upd": 0.56,
  "depr_lambda": 0.01,
  "depr_nu": 0.5,
  "depr_psi": 1.0,
  "eval_CSR_post": 0.0,
  "eval_dbar_post_mean": 0.5018483996391296,
  "eval_done_count": 100.0,
  "eval_episodes_per_env": 4.0,
  "eval_len_end_mean": 26.0,
  "eval_occupied_post_mean": 0.41999998688697815,
  "eval_return_end_mean": -24.00425148010254,
  "eval_t_eval": 104.0,
  "final_depr_F_post": 9.913881301879883,
  "final_energy_E_post": 0.3104420006275177,
  "final_episode_return_end_mean": -26.490501403808594,
  "final_funding_alpha_eff": 5.997639163979329e-06,
  "final_funding_g": 0.10433762520551682,
  "final_funding_g_raw": 0.10433762520551682,
  "final_update_counter": 5.0,
  "final_vartd_VarTD": 0.18329477310180664,
  "mechanism": "hardzero_plus_depr",
  "mechanism_tag": "hardzero_plus_depr__c0p56__z1p10__lam0p010__nu0p50__psi1p00",
  "runtime_sec": 10.615839755977504,
  "seed": 37,
  "z_cut": 1.1
}