{
  "alpha": 0.06,
  "c_upd": 0.6,
  "depr_lambda": 0.01,
  "depr_nu": 0.5,
  "depr_psi": 1.25,
  "eval_CSR_post": 0.0,
  "eval_dbar_post_mean": 0.5859265327453613,
  "eval_done_count": 100.0,
  "eval_episodes_per_env": 4.0,
  "eval_len_end_mean": 26.0,
  "eval_occupied_post_mean": 0.25999999046325684,
  "eval_return_end_mean": -24.31585693359375,
  "eval_t_eval": 104.0,
  "final_depr_F_post": 12.245184898376465,
  "final_energy_E_post": 0.33136874437332153,
  "final_episode_return_end_mean": -26.70049285888672,
  "final_funding_alpha_eff": 1.3679172461422695e-08,
  "final_funding_g": 0.09436862915754318,
  "final_funding_g_raw": 0.09436862915754318,
  "final_update_counter": 2.0,
  "final_vartd_VarTD": 0.1466362029314041,
  "mechanism": "hardzero_plus_depr",
  "mechanism_tag": "hardzero_plus_depr__c0p60__z1p10__lam0p010__nu0p50__psi1p25",
  "runtime_sec": 10.847081225016154,
  "seed": 39,
  "z_cut": 1.1
}