{
  "alpha": 0.04,
  "c_upd": 0.54,
  "depr_lambda": 0.01,
  "depr_nu": 0.5,
  "depr_psi": 0.75,
  "eval_CSR_post": 0.0,
  "eval_dbar_post_mean": 0.5763577222824097,
  "eval_done_count": 100.0,
  "eval_episodes_per_env": 4.0,
  "eval_len_end_mean": 26.0,
  "eval_occupied_post_mean": 0.3499999940395355,
  "eval_return_end_mean": -25.225358963012695,
  "eval_t_eval": 104.0,
  "final_depr_F_post": 12.360187530517578,
  "final_energy_E_post": 0.48658475279808044,
  "final_episode_return_end_mean": -26.26650047302246,
  "final_funding_alpha_eff": 3.7961781345074996e-06,
  "final_funding_g": 0.09699535369873047,
  "final_funding_g_raw": 0.09699535369873047,
  "final_update_counter": 2.0,
  "final_vartd_VarTD": 0.12186530232429504,
  "mechanism": "hardzero_plus_depr",
  "mechanism_tag": "hardzero_plus_depr__c0p54__z1p10__lam0p010__nu0p50__psi0p75",
  "runtime_sec": 10.680407767998986,
  "seed": 34,
  "z_cut": 1.1
}