{
  "alpha": 0.12,
  "c_upd": 0.58,
  "depr_lambda": 0.03,
  "depr_nu": 0.5,
  "depr_psi": 1.0,
  "eval_CSR_post": 0.0,
  "eval_dbar_post_mean": 0.700789213180542,
  "eval_done_count": 100.0,
  "eval_episodes_per_env": 4.0,
  "eval_len_end_mean": 26.0,
  "eval_occupied_post_mean": 0.26999998092651367,
  "eval_return_end_mean": -27.03392791748047,
  "eval_t_eval": 104.0,
  "final_depr_F_post": 37.06511306762695,
  "final_energy_E_post": 0.2200710028409958,
  "final_episode_return_end_mean": -27.949974060058594,
  "final_funding_alpha_eff": 9.886338604141904e-18,
  "final_funding_g": 0.09073803573846817,
  "final_funding_g_raw": 0.09073803573846817,
  "final_update_counter": 2.0,
  "final_vartd_VarTD": 0.165705144405365,
  "mechanism": "hardzero_plus_depr",
  "mechanism_tag": "hardzero_plus_depr__c0p58__z1p05__lam0p030__nu0p50__psi1p00",
  "runtime_sec": 10.86535909603117,
  "seed": 41,
  "z_cut": 1.05
}