{
  "I_R_full_anchor_compat": 0.7741883600240466,
  "above_R_THRESH_FULL_anchor": 1.0,
  "alpha": 0.0,
  "borrow_interest": 0.02,
  "borrow_limit": 0.6,
  "c_upd": 0.58,
  "condition": "fragile_full__borrow__t4m__a0p00__c0p58",
  "eval_CSR_post": 0.0,
  "eval_CSR_pre": 0.0,
  "eval_dbar_post_mean": 0.5873555541038513,
  "eval_dbar_pre_mean": 0.5830428004264832,
  "eval_done_count": 100.0,
  "eval_done_per_env_max": 4.0,
  "eval_done_per_env_min": 4.0,
  "eval_episodes_per_env": 4.0,
  "eval_len_end_mean": 26.0,
  "eval_max_tilde_post_mean": 0.8571352958679199,
  "eval_max_tilde_pre_mean": 0.8524609208106995,
  "eval_occupied_post_mean": 0.429999977350235,
  "eval_occupied_pre_mean": 0.35999998450279236,
  "eval_return_end_mean": -25.33892059326172,
  "eval_t_eval": 104.0,
  "family": "borrow",
  "final_energy": -0.6000000238418579,
  "final_executed_updates": 2.0,
  "final_vartd": 0.1995331048965454,
  "max_debt_level": 0.6000000238418579,
  "mean_update_fraction": 0.0015999999595806003,
  "metric_horizon": "long4m",
  "phase": "extension_full",
  "runtime_sec": 11.130913270999372,
  "seed": 37,
  "support_mode": "none",
  "support_total": 0.0,
  "total_debt_charge": 14.615020751953125,
  "total_support_injected": 0.0,
  "total_timesteps": 4000000,
  "train_final_return_end_mean": -26.794519424438477
}