{
  "alpha": 0.12,
  "c_upd": 0.5,
  "depr_lambda": 0.01,
  "depr_nu": 0.5,
  "depr_psi": 1.25,
  "eval_CSR_post": 0.0,
  "eval_dbar_post_mean": 0.5045393705368042,
  "eval_done_count": 100.0,
  "eval_episodes_per_env": 4.0,
  "eval_len_end_mean": 26.0,
  "eval_occupied_post_mean": 0.32999998331069946,
  "eval_return_end_mean": -21.637929916381836,
  "eval_t_eval": 104.0,
  "final_depr_F_post": 11.925177574157715,
  "final_energy_E_post": 0.42644262313842773,
  "final_episode_return_end_mean": -27.7685604095459,
  "final_funding_alpha_eff": 4.0814228441377054e-08,
  "final_funding_g": 0.09243153035640717,
  "final_funding_g_raw": 0.09243153035640717,
  "final_update_counter": 3.0,
  "final_vartd_VarTD": 0.2175808995962143,
  "mechanism": "hardzero_plus_depr",
  "mechanism_tag": "hardzero_plus_depr__c0p50__z1p05__lam0p010__nu0p50__psi1p25",
  "runtime_sec": 10.72708259895444,
  "seed": 38,
  "z_cut": 1.05
}