{
  "I_R_full": 1.929263190254376,
  "alpha": 1.0,
  "borrow_interest": 0.02,
  "borrow_limit": 0.6,
  "c_upd": 0.9,
  "condition": "enabled_full__borrow__t1m__a1p00__c0p90",
  "eval_CSR_post": 0.0,
  "eval_CSR_pre": 0.0,
  "eval_dbar_post_mean": 0.46667444705963135,
  "eval_dbar_pre_mean": 0.47229140996932983,
  "eval_done_count": 100.0,
  "eval_done_per_env_max": 4.0,
  "eval_done_per_env_min": 4.0,
  "eval_episodes_per_env": 4.0,
  "eval_len_end_mean": 26.0,
  "eval_max_tilde_post_mean": 0.6786529421806335,
  "eval_max_tilde_pre_mean": 0.6779353022575378,
  "eval_occupied_post_mean": 0.3700000047683716,
  "eval_occupied_pre_mean": 0.4099999964237213,
  "eval_return_end_mean": -22.477855682373047,
  "eval_t_eval": 104.0,
  "family": "borrow",
  "final_energy": 0.01698366366326809,
  "final_executed_updates": 50.0,
  "final_vartd": 4.955292224884033,
  "learned_R_full_0p5": 1.0,
  "max_debt_level": 0.4857832193374634,
  "mean_update_fraction": 0.16025641560554504,
  "metric_horizon": "full",
  "phase": "extension_full",
  "runtime_sec": 2.7941053220001777,
  "seed": 42,
  "support_mode": "none",
  "support_total": 0.0,
  "total_debt_charge": 0.7273463606834412,
  "total_support_injected": 0.0,
  "total_timesteps": 1000000,
  "train_final_return_end_mean": -23.078523635864258
}