{
  "alpha": 0.12,
  "c_upd": 0.52,
  "depr_lambda": 0.02,
  "depr_nu": 0.5,
  "depr_psi": 1.0,
  "eval_CSR_post": 0.0,
  "eval_dbar_post_mean": 0.6822398900985718,
  "eval_done_count": 100.0,
  "eval_episodes_per_env": 4.0,
  "eval_len_end_mean": 26.0,
  "eval_occupied_post_mean": 0.19999998807907104,
  "eval_return_end_mean": -26.647846221923828,
  "eval_t_eval": 104.0,
  "final_depr_F_post": 24.7603759765625,
  "final_energy_E_post": 0.2065301537513733,
  "final_episode_return_end_mean": -28.07259178161621,
  "final_funding_alpha_eff": 2.1605915841160783e-12,
  "final_funding_g": 0.0,
  "final_funding_g_raw": 0.09040573239326477,
  "final_update_counter": 2.0,
  "final_vartd_VarTD": 0.1230742409825325,
  "mechanism": "hardzero_plus_depr",
  "mechanism_tag": "hardzero_plus_depr__c0p52__z1p00__lam0p020__nu0p50__psi1p00",
  "runtime_sec": 10.693192670005374,
  "seed": 31,
  "z_cut": 1.0
}