{
  "alpha": 0.047,
  "c_upd": 0.58,
  "depr_lambda": 0.0,
  "depr_nu": 0.5,
  "depr_psi": 0.0,
  "eval_CSR_post": 0.0,
  "eval_dbar_post_mean": 0.5155737996101379,
  "eval_done_count": 100.0,
  "eval_episodes_per_env": 4.0,
  "eval_len_end_mean": 26.0,
  "eval_occupied_post_mean": 0.3799999952316284,
  "eval_return_end_mean": -23.82309913635254,
  "eval_t_eval": 104.0,
  "final_depr_F_post": 0.0,
  "final_energy_E_post": 0.39511221647262573,
  "final_episode_return_end_mean": -25.75068473815918,
  "final_funding_alpha_eff": 0.04699999839067459,
  "final_funding_g": 0.1280861347913742,
  "final_funding_g_raw": 0.1280861347913742,
  "final_update_counter": 10.0,
  "final_vartd_VarTD": 0.16244390606880188,
  "mechanism": "hardzero_only",
  "mechanism_tag": "hardzero_only__c0p58__z1p00__lam0p000__nu0p50__psi0p00",
  "runtime_sec": 10.826903740991838,
  "seed": 35,
  "z_cut": 1.0
}