{
  "alpha": 0.073,
  "c_upd": 0.58,
  "depr_lambda": 0.0,
  "depr_nu": 0.5,
  "depr_psi": 0.0,
  "eval_CSR_post": 0.0,
  "eval_dbar_post_mean": 0.4748022258281708,
  "eval_done_count": 100.0,
  "eval_episodes_per_env": 4.0,
  "eval_len_end_mean": 26.0,
  "eval_occupied_post_mean": 0.4399999976158142,
  "eval_return_end_mean": -22.772705078125,
  "eval_t_eval": 104.0,
  "final_depr_F_post": 0.0,
  "final_energy_E_post": 0.37400925159454346,
  "final_episode_return_end_mean": -25.618255615234375,
  "final_funding_alpha_eff": 0.0729999989271164,
  "final_funding_g": 0.14261415600776672,
  "final_funding_g_raw": 0.14261415600776672,
  "final_update_counter": 12.0,
  "final_vartd_VarTD": 0.18760359287261963,
  "mechanism": "hardzero_only",
  "mechanism_tag": "hardzero_only__c0p58__z1p00__lam0p000__nu0p50__psi0p00",
  "runtime_sec": 9.487214433029294,
  "seed": 47,
  "z_cut": 1.0
}