{
  "alpha": 0.08,
  "c_upd": 0.54,
  "depr_lambda": 0.03,
  "depr_nu": 0.5,
  "depr_psi": 1.0,
  "eval_CSR_post": 0.0,
  "eval_dbar_post_mean": 0.6617811322212219,
  "eval_done_count": 100.0,
  "eval_episodes_per_env": 4.0,
  "eval_len_end_mean": 26.0,
  "eval_occupied_post_mean": 0.1899999976158142,
  "eval_return_end_mean": -25.273584365844727,
  "eval_t_eval": 104.0,
  "final_depr_F_post": 37.26010513305664,
  "final_energy_E_post": 0.2251453399658203,
  "final_episode_return_end_mean": -26.653642654418945,
  "final_funding_alpha_eff": 5.423257484971216e-18,
  "final_funding_g": 0.0971871167421341,
  "final_funding_g_raw": 0.0971871167421341,
  "final_update_counter": 2.0,
  "final_vartd_VarTD": 0.14240725338459015,
  "mechanism": "hardzero_plus_depr",
  "mechanism_tag": "hardzero_plus_depr__c0p54__z1p10__lam0p030__nu0p50__psi1p00",
  "runtime_sec": 10.825346739962697,
  "seed": 39,
  "z_cut": 1.1
}