{
  "alpha": 0.038,
  "c_upd": 0.58,
  "depr_lambda": 0.0,
  "depr_nu": 0.5,
  "depr_psi": 0.0,
  "eval_CSR_post": 0.0,
  "eval_dbar_post_mean": 0.5322566628456116,
  "eval_done_count": 100.0,
  "eval_episodes_per_env": 4.0,
  "eval_len_end_mean": 26.0,
  "eval_occupied_post_mean": 0.429999977350235,
  "eval_return_end_mean": -22.871044158935547,
  "eval_t_eval": 104.0,
  "final_depr_F_post": 0.0,
  "final_energy_E_post": 0.06841713190078735,
  "final_episode_return_end_mean": -27.606103897094727,
  "final_funding_alpha_eff": 0.03799999877810478,
  "final_funding_g": 0.0,
  "final_funding_g_raw": 0.07974949479103088,
  "final_update_counter": 4.0,
  "final_vartd_VarTD": 0.17338760197162628,
  "mechanism": "hardzero_only",
  "mechanism_tag": "hardzero_only__c0p58__z1p00__lam0p000__nu0p50__psi0p00",
  "runtime_sec": 10.852517882012762,
  "seed": 49,
  "z_cut": 1.0
}