{
  "alpha": 0.288,
  "borrow_interest": 0.02,
  "borrow_limit": 0.6,
  "c_upd": 0.58,
  "depr_lambda": 0.0,
  "depr_nu": 0.5,
  "depr_psi": 0.0,
  "eval_CSR_post": 0.009999999776482582,
  "eval_dbar_post_mean": 0.5384348630905151,
  "eval_done_count": 100.0,
  "eval_episodes_per_env": 4.0,
  "eval_len_end_mean": 26.0,
  "eval_occupied_post_mean": 0.41999998688697815,
  "eval_return_end_mean": -24.519716262817383,
  "eval_t_eval": 104.0,
  "family": "borrow",
  "final_depr_F_post": 0.0,
  "final_energy_E_post": -0.0788746178150177,
  "final_update_counter": 79.0,
  "final_vartd_VarTD": 5.071014404296875,
  "max_debt_level_post": 0.5867983102798462,
  "mean_update_fraction": 0.06319999694824219,
  "mechanism": "hardzero_only",
  "mechanism_tag": "hardzero_only__c0p58__z1p00__lam0p000__nu0p50__psi0p00",
  "runtime_sec": 10.736228747060522,
  "seed": 47,
  "support_mode": "none",
  "support_total": 0.0,
  "total_debt_charge": 6.980710506439209,
  "total_support_s": 0.0,
  "z_cut": 1.0
}