{
  "alpha": 0.08,
  "c_upd": 0.52,
  "depr_lambda": 0.02,
  "depr_nu": 0.5,
  "depr_psi": 1.0,
  "eval_CSR_post": 0.0,
  "eval_dbar_post_mean": 0.5282854437828064,
  "eval_done_count": 100.0,
  "eval_episodes_per_env": 4.0,
  "eval_len_end_mean": 26.0,
  "eval_occupied_post_mean": 0.3400000035762787,
  "eval_return_end_mean": -21.35320281982422,
  "eval_t_eval": 104.0,
  "final_depr_F_post": 24.850378036499023,
  "final_energy_E_post": 0.2840075194835663,
  "final_episode_return_end_mean": -27.950153350830078,
  "final_funding_alpha_eff": 1.3164186537725775e-12,
  "final_funding_g": 0.0914442166686058,
  "final_funding_g_raw": 0.0914442166686058,
  "final_update_counter": 2.0,
  "final_vartd_VarTD": 0.21136106550693512,
  "mechanism": "hardzero_plus_depr",
  "mechanism_tag": "hardzero_plus_depr__c0p52__z1p05__lam0p020__nu0p50__psi1p00",
  "runtime_sec": 10.731595140998252,
  "seed": 38,
  "z_cut": 1.05
}