{
  "alpha": 1.0,
  "c_upd": 0.9,
  "condition": "enabled_full",
  "eval_CSR_post": 0.0,
  "eval_CSR_pre": 0.0,
  "eval_dbar_post_mean": 0.517601728439331,
  "eval_dbar_pre_mean": 0.5151655077934265,
  "eval_done_count": 100.0,
  "eval_done_per_env_max": 4.0,
  "eval_done_per_env_min": 4.0,
  "eval_episodes_per_env": 4.0,
  "eval_len_end_mean": 26.0,
  "eval_max_tilde_post_mean": 0.7460039854049683,
  "eval_max_tilde_pre_mean": 0.746690571308136,
  "eval_occupied_post_mean": 0.28999999165534973,
  "eval_occupied_pre_mean": 0.3400000035762787,
  "eval_return_end_mean": -22.40454864501953,
  "eval_t_eval": 104.0,
  "final_energy": 0.20722968876361847,
  "final_executed_updates": 48.0,
  "final_funding_g": 0.16107137501239777,
  "final_funding_z": 0.7929816246032715,
  "final_vartd": 4.948530673980713,
  "horizon_label": "full",
  "mean_update_fraction": 0.1538461595773697,
  "runtime_sec": 2.605511317990022,
  "seed": 50,
  "train_final_CSR_train": 0.0,
  "train_final_dbar_end": 0.5815315246582031,
  "train_final_min_dists_end_mean": 1.7445944547653198,
  "train_final_occupied_end_mean": 0.2880000174045563,
  "train_final_return_end_mean": -23.09808349609375
}