{
  "alpha": 0.06,
  "c_upd": 0.52,
  "depr_lambda": 0.03,
  "depr_nu": 0.5,
  "depr_psi": 0.75,
  "eval_CSR_post": 0.0,
  "eval_dbar_post_mean": 0.5391616225242615,
  "eval_done_count": 100.0,
  "eval_episodes_per_env": 4.0,
  "eval_len_end_mean": 26.0,
  "eval_occupied_post_mean": 0.35999998450279236,
  "eval_return_end_mean": -24.09362030029297,
  "eval_t_eval": 104.0,
  "final_depr_F_post": 37.0051155090332,
  "final_energy_E_post": 0.09386028349399567,
  "final_episode_return_end_mean": -26.611982345581055,
  "final_funding_alpha_eff": 5.4273012679070115e-14,
  "final_funding_g": 0.11439349502325058,
  "final_funding_g_raw": 0.11439349502325058,
  "final_update_counter": 2.0,
  "final_vartd_VarTD": 0.11727170646190643,
  "mechanism": "hardzero_plus_depr",
  "mechanism_tag": "hardzero_plus_depr__c0p52__z1p00__lam0p030__nu0p50__psi0p75",
  "runtime_sec": 10.588409965974279,
  "seed": 33,
  "z_cut": 1.0
}