{
  "alpha": 0.08,
  "c_upd": 0.54,
  "depr_lambda": 0.03,
  "depr_nu": 0.5,
  "depr_psi": 1.0,
  "eval_CSR_post": 0.0,
  "eval_dbar_post_mean": 0.6008941531181335,
  "eval_done_count": 100.0,
  "eval_episodes_per_env": 4.0,
  "eval_len_end_mean": 26.0,
  "eval_occupied_post_mean": 0.25,
  "eval_return_end_mean": -24.302762985229492,
  "eval_t_eval": 104.0,
  "final_depr_F_post": 37.26010513305664,
  "final_energy_E_post": 0.23288683593273163,
  "final_episode_return_end_mean": -26.792558670043945,
  "final_funding_alpha_eff": 5.423257484971216e-18,
  "final_funding_g": 0.10965882986783981,
  "final_funding_g_raw": 0.10965882986783981,
  "final_update_counter": 2.0,
  "final_vartd_VarTD": 0.1250179260969162,
  "mechanism": "hardzero_plus_depr",
  "mechanism_tag": "hardzero_plus_depr__c0p54__z1p10__lam0p030__nu0p50__psi1p00",
  "runtime_sec": 10.843238063971512,
  "seed": 33,
  "z_cut": 1.1
}