{
  "I_R_full_anchor_compat": 0.4756212963908427,
  "above_R_THRESH_FULL_anchor": 0.0,
  "alpha": 1.0,
  "borrow_interest": 0.0,
  "borrow_limit": 0.0,
  "c_upd": 0.9,
  "condition": "enabled_full__support__t4m__a1p00__c0p90",
  "eval_CSR_post": 0.0,
  "eval_CSR_pre": 0.0,
  "eval_dbar_post_mean": 0.6137515902519226,
  "eval_dbar_pre_mean": 0.6217209100723267,
  "eval_done_count": 100.0,
  "eval_done_per_env_max": 4.0,
  "eval_done_per_env_min": 4.0,
  "eval_episodes_per_env": 4.0,
  "eval_len_end_mean": 26.0,
  "eval_max_tilde_post_mean": 0.8713153600692749,
  "eval_max_tilde_pre_mean": 0.8791970014572144,
  "eval_occupied_post_mean": 0.22999998927116394,
  "eval_occupied_pre_mean": 0.19999998807907104,
  "eval_return_end_mean": -26.07845687866211,
  "eval_t_eval": 104.0,
  "family": "support",
  "final_energy": 0.422084778547287,
  "final_executed_updates": 185.0,
  "final_vartd": 2.0085785388946533,
  "max_debt_level": 0.0,
  "mean_update_fraction": 0.14800000190734863,
  "metric_horizon": "long4m",
  "phase": "extension_full",
  "runtime_sec": 11.404594847001135,
  "seed": 56,
  "support_mode": "frontload",
  "support_total": 0.6,
  "total_debt_charge": 0.0,
  "total_support_injected": 0.5999999642372131,
  "total_timesteps": 4000000,
  "train_final_return_end_mean": -25.71306800842285
}