{
  "alpha": 0.01,
  "c_upd": 0.52,
  "depr_lambda": 0.02,
  "depr_nu": 0.5,
  "depr_psi": 1.0,
  "eval_CSR_post": 0.0,
  "eval_dbar_post_mean": 0.7427070140838623,
  "eval_done_count": 100.0,
  "eval_episodes_per_env": 4.0,
  "eval_len_end_mean": 26.0,
  "eval_occupied_post_mean": 0.14999999105930328,
  "eval_return_end_mean": -26.494945526123047,
  "eval_t_eval": 104.0,
  "final_depr_F_post": 24.010358810424805,
  "final_energy_E_post": 0.01913890242576599,
  "final_episode_return_end_mean": -26.84358024597168,
  "final_funding_alpha_eff": 3.811709249016554e-13,
  "final_funding_g": 0.10578756034374237,
  "final_funding_g_raw": 0.10578756034374237,
  "final_update_counter": 2.0,
  "final_vartd_VarTD": 0.11796024441719055,
  "mechanism": "hardzero_plus_depr",
  "mechanism_tag": "hardzero_plus_depr__c0p52__z1p10__lam0p020__nu0p50__psi1p00",
  "runtime_sec": 10.784945054037962,
  "seed": 33,
  "z_cut": 1.1
}