{
  "alpha": 0.1,
  "c_upd": 0.56,
  "depr_lambda": 0.03,
  "depr_nu": 0.5,
  "depr_psi": 0.75,
  "eval_CSR_post": 0.0,
  "eval_dbar_post_mean": 0.5058843493461609,
  "eval_done_count": 100.0,
  "eval_episodes_per_env": 4.0,
  "eval_len_end_mean": 26.0,
  "eval_occupied_post_mean": 0.3999999761581421,
  "eval_return_end_mean": -22.83229637145996,
  "eval_t_eval": 104.0,
  "final_depr_F_post": 37.03511428833008,
  "final_energy_E_post": 0.3093585968017578,
  "final_episode_return_end_mean": -26.2313289642334,
  "final_funding_alpha_eff": 8.844259959811529e-14,
  "final_funding_g": 0.09830848127603531,
  "final_funding_g_raw": 0.09830848127603531,
  "final_update_counter": 2.0,
  "final_vartd_VarTD": 0.12931637465953827,
  "mechanism": "hardzero_plus_depr",
  "mechanism_tag": "hardzero_plus_depr__c0p56__z1p05__lam0p030__nu0p50__psi0p75",
  "runtime_sec": 10.598338165029418,
  "seed": 32,
  "z_cut": 1.05
}