{
  "alpha": 0.12,
  "c_upd": 0.6,
  "depr_lambda": 0.02,
  "depr_nu": 0.5,
  "depr_psi": 0.75,
  "eval_CSR_post": 0.019999999552965164,
  "eval_dbar_post_mean": 0.5181549787521362,
  "eval_done_count": 100.0,
  "eval_episodes_per_env": 4.0,
  "eval_len_end_mean": 26.0,
  "eval_occupied_post_mean": 0.429999977350235,
  "eval_return_end_mean": -24.136104583740234,
  "eval_t_eval": 104.0,
  "final_depr_F_post": 22.67532730102539,
  "final_energy_E_post": 0.16798751056194305,
  "final_episode_return_end_mean": -27.206254959106445,
  "final_funding_alpha_eff": 5.010357018164768e-09,
  "final_funding_g": 0.10961160063743591,
  "final_funding_g_raw": 0.10961160063743591,
  "final_update_counter": 3.0,
  "final_vartd_VarTD": 0.14103932678699493,
  "mechanism": "hardzero_plus_depr",
  "mechanism_tag": "hardzero_plus_depr__c0p60__z1p05__lam0p020__nu0p50__psi0p75",
  "runtime_sec": 10.85482377500739,
  "seed": 35,
  "z_cut": 1.05
}