{
  "alpha": 0.1,
  "c_upd": 0.5,
  "depr_lambda": 0.01,
  "depr_nu": 0.5,
  "depr_psi": 0.75,
  "eval_CSR_post": 0.009999999776482582,
  "eval_dbar_post_mean": 0.5036867260932922,
  "eval_done_count": 100.0,
  "eval_episodes_per_env": 4.0,
  "eval_len_end_mean": 26.0,
  "eval_occupied_post_mean": 0.4099999964237213,
  "eval_return_end_mean": -24.46247673034668,
  "eval_t_eval": 104.0,
  "final_depr_F_post": 5.82597541809082,
  "final_energy_E_post": 0.49631911516189575,
  "final_episode_return_end_mean": -25.851171493530273,
  "final_funding_alpha_eff": 0.0012753093615174294,
  "final_funding_g": 0.11935713142156601,
  "final_funding_g_raw": 0.11935713142156601,
  "final_update_counter": 9.0,
  "final_vartd_VarTD": 0.18624697625637054,
  "mechanism": "hardzero_plus_depr",
  "mechanism_tag": "hardzero_plus_depr__c0p50__z1p05__lam0p010__nu0p50__psi0p75",
  "runtime_sec": 10.840317476016935,
  "seed": 37,
  "z_cut": 1.05
}