{
  "alpha": 0.12,
  "c_upd": 0.6,
  "depr_lambda": 0.01,
  "depr_nu": 0.5,
  "depr_psi": 1.25,
  "eval_CSR_post": 0.0,
  "eval_dbar_post_mean": 0.6627123951911926,
  "eval_done_count": 100.0,
  "eval_episodes_per_env": 4.0,
  "eval_len_end_mean": 26.0,
  "eval_occupied_post_mean": 0.17000000178813934,
  "eval_return_end_mean": -25.754539489746094,
  "eval_t_eval": 104.0,
  "final_depr_F_post": 11.835175514221191,
  "final_energy_E_post": 0.505186140537262,
  "final_episode_return_end_mean": -27.529556274414062,
  "final_funding_alpha_eff": 4.567417022371956e-08,
  "final_funding_g": 0.10077418386936188,
  "final_funding_g_raw": 0.10077418386936188,
  "final_update_counter": 3.0,
  "final_vartd_VarTD": 0.11892831325531006,
  "mechanism": "hardzero_plus_depr",
  "mechanism_tag": "hardzero_plus_depr__c0p60__z1p10__lam0p010__nu0p50__psi1p25",
  "runtime_sec": 10.66687916405499,
  "seed": 31,
  "z_cut": 1.1
}