{
  "alpha": 0.0,
  "c_upd": 0.56,
  "depr_lambda": 0.01,
  "depr_nu": 0.5,
  "depr_psi": 1.25,
  "eval_CSR_post": 0.0,
  "eval_dbar_post_mean": 0.9431816935539246,
  "eval_done_count": 100.0,
  "eval_episodes_per_env": 4.0,
  "eval_len_end_mean": 26.0,
  "eval_occupied_post_mean": 0.11999999731779099,
  "eval_return_end_mean": -29.639108657836914,
  "eval_t_eval": 104.0,
  "final_depr_F_post": 12.490190505981445,
  "final_energy_E_post": 0.4399999976158142,
  "final_episode_return_end_mean": -29.332767486572266,
  "final_funding_alpha_eff": 0.0,
  "final_funding_g": 0.0,
  "final_funding_g_raw": 0.06990774720907211,
  "final_update_counter": 1.0,
  "final_vartd_VarTD": 0.1815364807844162,
  "mechanism": "hardzero_plus_depr",
  "mechanism_tag": "hardzero_plus_depr__c0p56__z1p00__lam0p010__nu0p50__psi1p25",
  "runtime_sec": 9.576333189965226,
  "seed": 36,
  "z_cut": 1.0
}