{
  "alpha": 0.12,
  "c_upd": 0.58,
  "depr_lambda": 0.0,
  "depr_nu": 0.5,
  "depr_psi": 0.0,
  "eval_CSR_post": 0.019999999552965164,
  "eval_dbar_post_mean": 0.468807578086853,
  "eval_done_count": 100.0,
  "eval_episodes_per_env": 4.0,
  "eval_len_end_mean": 26.0,
  "eval_occupied_post_mean": 0.44999998807907104,
  "eval_return_end_mean": -22.50411033630371,
  "eval_t_eval": 104.0,
  "final_depr_F_post": 0.0,
  "final_energy_E_post": 0.3053877651691437,
  "final_episode_return_end_mean": -24.455440521240234,
  "final_funding_alpha_eff": 0.11999999731779099,
  "final_funding_g": 0.15720012784004211,
  "final_funding_g_raw": 0.15720012784004211,
  "final_update_counter": 30.0,
  "final_vartd_VarTD": 1.9701298475265503,
  "mechanism": "hardzero_only",
  "mechanism_tag": "hardzero_only__c0p58__z1p00__lam0p000__nu0p50__psi0p00",
  "runtime_sec": 9.864199955016375,
  "seed": 41,
  "z_cut": 1.0
}