{
  "alpha": 0.031,
  "c_upd": 0.58,
  "depr_lambda": 0.005,
  "depr_nu": 1.0,
  "depr_psi": 0.5,
  "eval_CSR_post": 0.0,
  "eval_dbar_post_mean": 0.6475620269775391,
  "eval_done_count": 100.0,
  "eval_episodes_per_env": 4.0,
  "eval_len_end_mean": 26.0,
  "eval_occupied_post_mean": 0.26999998092651367,
  "eval_return_end_mean": -25.23673439025879,
  "eval_t_eval": 104.0,
  "final_depr_F_post": 2.9000189304351807,
  "final_energy_E_post": 0.35188156366348267,
  "final_episode_return_end_mean": -26.42977523803711,
  "final_funding_alpha_eff": 0.007289812434464693,
  "final_funding_g": 0.0,
  "final_funding_g_raw": 0.09413403272628784,
  "final_update_counter": 2.0,
  "final_vartd_VarTD": 0.1232193186879158,
  "mechanism": "hardzero_plus_depr",
  "mechanism_tag": "hardzero_plus_depr__c0p58__z1p00__lam0p005__nu1p00__psi0p50",
  "runtime_sec": 9.466585992020555,
  "seed": 34,
  "z_cut": 1.0
}