{
  "alpha": 0.025,
  "c_upd": 0.58,
  "depr_lambda": 0.005,
  "depr_nu": 1.0,
  "depr_psi": 0.5,
  "eval_CSR_post": 0.0,
  "eval_dbar_post_mean": 0.7269687056541443,
  "eval_done_count": 100.0,
  "eval_episodes_per_env": 4.0,
  "eval_len_end_mean": 26.0,
  "eval_occupied_post_mean": 0.20999999344348907,
  "eval_return_end_mean": -26.161624908447266,
  "eval_t_eval": 104.0,
  "final_depr_F_post": 3.7000372409820557,
  "final_energy_E_post": 0.2937183082103729,
  "final_episode_return_end_mean": -26.82488441467285,
  "final_funding_alpha_eff": 0.003940695896744728,
  "final_funding_g": 0.10619451105594635,
  "final_funding_g_raw": 0.10619451105594635,
  "final_update_counter": 2.0,
  "final_vartd_VarTD": 0.1210387721657753,
  "mechanism": "hardzero_plus_depr",
  "mechanism_tag": "hardzero_plus_depr__c0p58__z1p00__lam0p005__nu1p00__psi0p50",
  "runtime_sec": 9.461788912070915,
  "seed": 33,
  "z_cut": 1.0
}