{
  "alpha": 0.12,
  "c_upd": 0.54,
  "depr_lambda": 0.01,
  "depr_nu": 0.5,
  "depr_psi": 1.25,
  "eval_CSR_post": 0.009999999776482582,
  "eval_dbar_post_mean": 0.5445559024810791,
  "eval_done_count": 100.0,
  "eval_episodes_per_env": 4.0,
  "eval_len_end_mean": 26.0,
  "eval_occupied_post_mean": 0.3700000047683716,
  "eval_return_end_mean": -23.572771072387695,
  "eval_t_eval": 104.0,
  "final_depr_F_post": 11.083908081054688,
  "final_energy_E_post": 0.31196412444114685,
  "final_episode_return_end_mean": -27.306110382080078,
  "final_funding_alpha_eff": 1.1681809297670043e-07,
  "final_funding_g": 0.10206948965787888,
  "final_funding_g_raw": 0.10206948965787888,
  "final_update_counter": 4.0,
  "final_vartd_VarTD": 0.16987043619155884,
  "mechanism": "hardzero_plus_depr",
  "mechanism_tag": "hardzero_plus_depr__c0p54__z1p10__lam0p010__nu0p50__psi1p25",
  "runtime_sec": 10.68465330998879,
  "seed": 40,
  "z_cut": 1.1
}