{
  "alpha": 0.05,
  "c_upd": 0.56,
  "depr_lambda": 0.02,
  "depr_nu": 0.5,
  "depr_psi": 1.0,
  "eval_CSR_post": 0.019999999552965164,
  "eval_dbar_post_mean": 0.5873537063598633,
  "eval_done_count": 100.0,
  "eval_episodes_per_env": 4.0,
  "eval_len_end_mean": 26.0,
  "eval_occupied_post_mean": 0.3199999928474426,
  "eval_return_end_mean": -24.925567626953125,
  "eval_t_eval": 104.0,
  "final_depr_F_post": 24.500370025634766,
  "final_energy_E_post": 0.1415177285671234,
  "final_episode_return_end_mean": -26.875120162963867,
  "final_funding_alpha_eff": 1.1675637670224837e-12,
  "final_funding_g": 0.09819606691598892,
  "final_funding_g_raw": 0.09819606691598892,
  "final_update_counter": 2.0,
  "final_vartd_VarTD": 0.20753760635852814,
  "mechanism": "hardzero_plus_depr",
  "mechanism_tag": "hardzero_plus_depr__c0p56__z1p05__lam0p020__nu0p50__psi1p00",
  "runtime_sec": 10.60594547301298,
  "seed": 37,
  "z_cut": 1.05
}