{
  "alpha": 0.12,
  "c_upd": 0.52,
  "depr_lambda": 0.02,
  "depr_nu": 0.5,
  "depr_psi": 0.75,
  "eval_CSR_post": 0.0,
  "eval_dbar_post_mean": 0.6213631629943848,
  "eval_done_count": 100.0,
  "eval_episodes_per_env": 4.0,
  "eval_len_end_mean": 26.0,
  "eval_occupied_post_mean": 0.20999999344348907,
  "eval_return_end_mean": -23.902841567993164,
  "eval_t_eval": 104.0,
  "final_depr_F_post": 24.165363311767578,
  "final_energy_E_post": 0.464777410030365,
  "final_episode_return_end_mean": -27.527490615844727,
  "final_funding_alpha_eff": 1.6388259638233649e-09,
  "final_funding_g": 0.09234529733657837,
  "final_funding_g_raw": 0.09234529733657837,
  "final_update_counter": 3.0,
  "final_vartd_VarTD": 0.19103030860424042,
  "mechanism": "hardzero_plus_depr",
  "mechanism_tag": "hardzero_plus_depr__c0p52__z1p10__lam0p020__nu0p50__psi0p75",
  "runtime_sec": 23.906106354028452,
  "seed": 30,
  "z_cut": 1.1
}