{
  "I_R_full_anchor_compat": 1.5846054666418943,
  "above_R_THRESH_FULL_anchor": 1.0,
  "alpha": 0.1,
  "borrow_interest": 0.0,
  "borrow_limit": 0.0,
  "c_upd": 1.0,
  "condition": "edge_full__support__t4m__a0p10__c1p00",
  "eval_CSR_post": 0.0,
  "eval_CSR_pre": 0.009999999776482582,
  "eval_dbar_post_mean": 0.4718134105205536,
  "eval_dbar_pre_mean": 0.4744512736797333,
  "eval_done_count": 100.0,
  "eval_done_per_env_max": 4.0,
  "eval_done_per_env_min": 4.0,
  "eval_episodes_per_env": 4.0,
  "eval_len_end_mean": 26.0,
  "eval_max_tilde_post_mean": 0.6915812492370605,
  "eval_max_tilde_pre_mean": 0.7019533514976501,
  "eval_occupied_post_mean": 0.4599999785423279,
  "eval_occupied_pre_mean": 0.4599999785423279,
  "eval_return_end_mean": -23.33155632019043,
  "eval_t_eval": 104.0,
  "family": "support",
  "final_energy": 0.32096099853515625,
  "final_executed_updates": 16.0,
  "final_vartd": 0.3083128035068512,
  "max_debt_level": 0.0,
  "mean_update_fraction": 0.012799999676644802,
  "metric_horizon": "long4m",
  "phase": "extension_full",
  "runtime_sec": 11.178822173000299,
  "seed": 56,
  "support_mode": "frontload",
  "support_total": 0.6,
  "total_debt_charge": 0.0,
  "total_support_injected": 0.5999999642372131,
  "total_timesteps": 4000000,
  "train_final_return_end_mean": -25.700002670288086
}