{
  "alpha": 0.1,
  "c_upd": 0.56,
  "depr_lambda": 0.0,
  "depr_nu": 0.5,
  "depr_psi": 0.0,
  "eval_CSR_post": 0.0,
  "eval_dbar_post_mean": 0.4945136308670044,
  "eval_done_count": 100.0,
  "eval_episodes_per_env": 4.0,
  "eval_len_end_mean": 26.0,
  "eval_occupied_post_mean": 0.44999998807907104,
  "eval_return_end_mean": -24.431575775146484,
  "eval_t_eval": 104.0,
  "final_depr_F_post": 0.0,
  "final_energy_E_post": 0.4635840654373169,
  "final_episode_return_end_mean": -26.41901969909668,
  "final_funding_alpha_eff": 0.10000000149011612,
  "final_funding_g": 0.11957796663045883,
  "final_funding_g_raw": 0.11957796663045883,
  "final_update_counter": 13.0,
  "final_vartd_VarTD": 0.2247203141450882,
  "mechanism": "hardzero_only",
  "mechanism_tag": "hardzero_only__c0p56__z1p00__lam0p000__nu0p50__psi0p00",
  "runtime_sec": 9.817241458018543,
  "seed": 36,
  "z_cut": 1.0
}