{
  "alpha": 0.073,
  "c_upd": 0.58,
  "depr_lambda": 0.005,
  "depr_nu": 1.0,
  "depr_psi": 0.5,
  "eval_CSR_post": 0.0,
  "eval_dbar_post_mean": 0.5045536756515503,
  "eval_done_count": 100.0,
  "eval_episodes_per_env": 4.0,
  "eval_len_end_mean": 26.0,
  "eval_occupied_post_mean": 0.3999999761581421,
  "eval_return_end_mean": -23.75109100341797,
  "eval_t_eval": 104.0,
  "final_depr_F_post": 0.24999989569187164,
  "final_energy_E_post": 0.46374812722206116,
  "final_episode_return_end_mean": -25.424619674682617,
  "final_funding_alpha_eff": 0.06458353251218796,
  "final_funding_g": 0.12814143300056458,
  "final_funding_g_raw": 0.12814143300056458,
  "final_update_counter": 14.0,
  "final_vartd_VarTD": 0.2390434294939041,
  "mechanism": "hardzero_plus_depr",
  "mechanism_tag": "hardzero_plus_depr__c0p58__z1p00__lam0p005__nu1p00__psi0p50",
  "runtime_sec": 9.48563206999097,
  "seed": 57,
  "z_cut": 1.0
}