{
  "alpha": 0.03,
  "c_upd": 0.52,
  "depr_lambda": 0.0,
  "depr_nu": 0.5,
  "depr_psi": 0.0,
  "eval_CSR_post": 0.0,
  "eval_dbar_post_mean": 0.5602900385856628,
  "eval_done_count": 100.0,
  "eval_episodes_per_env": 4.0,
  "eval_len_end_mean": 26.0,
  "eval_occupied_post_mean": 0.3100000023841858,
  "eval_return_end_mean": -24.79461669921875,
  "eval_t_eval": 104.0,
  "final_depr_F_post": 0.0,
  "final_energy_E_post": 0.34628525376319885,
  "final_episode_return_end_mean": -26.75995635986328,
  "final_funding_alpha_eff": 0.029999999329447746,
  "final_funding_g": 0.11529995501041412,
  "final_funding_g_raw": 0.11529995501041412,
  "final_update_counter": 6.0,
  "final_vartd_VarTD": 0.1374056339263916,
  "mechanism": "hardzero_only",
  "mechanism_tag": "hardzero_only__c0p52__z1p00__lam0p000__nu0p50__psi0p00",
  "runtime_sec": 9.744289113994455,
  "seed": 35,
  "z_cut": 1.0
}