{
  "alpha": 0.02,
  "c_upd": 0.6,
  "depr_lambda": 0.01,
  "depr_nu": 0.5,
  "depr_psi": 0.75,
  "eval_CSR_post": 0.0,
  "eval_dbar_post_mean": 0.6182584762573242,
  "eval_done_count": 100.0,
  "eval_episodes_per_env": 4.0,
  "eval_len_end_mean": 26.0,
  "eval_occupied_post_mean": 0.25999999046325684,
  "eval_return_end_mean": -24.14561653137207,
  "eval_t_eval": 104.0,
  "final_depr_F_post": 11.20016098022461,
  "final_energy_E_post": 0.09684775769710541,
  "final_episode_return_end_mean": -29.114919662475586,
  "final_funding_alpha_eff": 4.530658770818263e-06,
  "final_funding_g": 0.0,
  "final_funding_g_raw": 0.07567862421274185,
  "final_update_counter": 2.0,
  "final_vartd_VarTD": 0.17872245609760284,
  "mechanism": "hardzero_plus_depr",
  "mechanism_tag": "hardzero_plus_depr__c0p60__z1p10__lam0p010__nu0p50__psi0p75",
  "runtime_sec": 10.68908230192028,
  "seed": 36,
  "z_cut": 1.1
}