{
  "alpha": 0.079,
  "c_upd": 0.58,
  "depr_lambda": 0.0,
  "depr_nu": 0.5,
  "depr_psi": 0.0,
  "eval_CSR_post": 0.019999999552965164,
  "eval_dbar_post_mean": 0.5328200459480286,
  "eval_done_count": 100.0,
  "eval_episodes_per_env": 4.0,
  "eval_len_end_mean": 26.0,
  "eval_occupied_post_mean": 0.4099999964237213,
  "eval_return_end_mean": -25.01236343383789,
  "eval_t_eval": 104.0,
  "final_depr_F_post": 0.0,
  "final_energy_E_post": 0.080708809196949,
  "final_episode_return_end_mean": -24.12281036376953,
  "final_funding_alpha_eff": 0.07900000363588333,
  "final_funding_g": 0.14916348457336426,
  "final_funding_g_raw": 0.14916348457336426,
  "final_update_counter": 20.0,
  "final_vartd_VarTD": 0.6218477487564087,
  "mechanism": "hardzero_only",
  "mechanism_tag": "hardzero_only__c0p58__z1p00__lam0p000__nu0p50__psi0p00",
  "runtime_sec": 9.500365221989341,
  "seed": 44,
  "z_cut": 1.0
}