{
  "alpha": 0.05,
  "c_upd": 0.54,
  "depr_lambda": 0.02,
  "depr_nu": 0.5,
  "depr_psi": 0.75,
  "eval_CSR_post": 0.0,
  "eval_dbar_post_mean": 0.723698616027832,
  "eval_done_count": 100.0,
  "eval_episodes_per_env": 4.0,
  "eval_len_end_mean": 26.0,
  "eval_occupied_post_mean": 0.1599999964237213,
  "eval_return_end_mean": -26.913000106811523,
  "eval_t_eval": 104.0,
  "final_depr_F_post": 24.650373458862305,
  "final_energy_E_post": 0.1914687305688858,
  "final_episode_return_end_mean": -28.214670181274414,
  "final_funding_alpha_eff": 4.746171788916342e-10,
  "final_funding_g": 0.0,
  "final_funding_g_raw": 0.08743489533662796,
  "final_update_counter": 2.0,
  "final_vartd_VarTD": 0.1250259131193161,
  "mechanism": "hardzero_plus_depr",
  "mechanism_tag": "hardzero_plus_depr__c0p54__z1p05__lam0p020__nu0p50__psi0p75",
  "runtime_sec": 10.692470867943484,
  "seed": 31,
  "z_cut": 1.05
}