{
  "alpha": 0.1,
  "c_upd": 0.52,
  "depr_lambda": 0.01,
  "depr_nu": 0.5,
  "depr_psi": 0.75,
  "eval_CSR_post": 0.009999999776482582,
  "eval_dbar_post_mean": 0.5165849328041077,
  "eval_done_count": 100.0,
  "eval_episodes_per_env": 4.0,
  "eval_len_end_mean": 26.0,
  "eval_occupied_post_mean": 0.4699999988079071,
  "eval_return_end_mean": -23.857074737548828,
  "eval_t_eval": 104.0,
  "final_depr_F_post": 6.0938191413879395,
  "final_energy_E_post": 0.14380529522895813,
  "final_episode_return_end_mean": -25.29346466064453,
  "final_funding_alpha_eff": 0.0010432135313749313,
  "final_funding_g": 0.12041912227869034,
  "final_funding_g_raw": 0.12041912227869034,
  "final_update_counter": 7.0,
  "final_vartd_VarTD": 0.1301947981119156,
  "mechanism": "hardzero_plus_depr",
  "mechanism_tag": "hardzero_plus_depr__c0p52__z1p10__lam0p010__nu0p50__psi0p75",
  "runtime_sec": 10.695479165005963,
  "seed": 32,
  "z_cut": 1.1
}