{
  "alpha": 0.08,
  "c_upd": 0.52,
  "depr_lambda": 0.01,
  "depr_nu": 0.5,
  "depr_psi": 1.0,
  "eval_CSR_post": 0.0,
  "eval_dbar_post_mean": 1.0656757354736328,
  "eval_done_count": 100.0,
  "eval_episodes_per_env": 4.0,
  "eval_len_end_mean": 26.0,
  "eval_occupied_post_mean": 0.14999999105930328,
  "eval_return_end_mean": -31.05083465576172,
  "eval_t_eval": 104.0,
  "final_depr_F_post": 12.440189361572266,
  "final_energy_E_post": 0.4785941541194916,
  "final_episode_return_end_mean": -29.2105712890625,
  "final_funding_alpha_eff": 3.196888087586558e-07,
  "final_funding_g": 0.0,
  "final_funding_g_raw": 0.0709882602095604,
  "final_update_counter": 2.0,
  "final_vartd_VarTD": 0.17572878301143646,
  "mechanism": "hardzero_plus_depr",
  "mechanism_tag": "hardzero_plus_depr__c0p52__z1p05__lam0p010__nu0p50__psi1p00",
  "runtime_sec": 10.617684295983054,
  "seed": 36,
  "z_cut": 1.05
}