{
  "alpha": 0.03,
  "c_upd": 0.52,
  "depr_lambda": 0.01,
  "depr_nu": 0.5,
  "depr_psi": 0.75,
  "eval_CSR_post": 0.0,
  "eval_dbar_post_mean": 0.6425309181213379,
  "eval_done_count": 100.0,
  "eval_episodes_per_env": 4.0,
  "eval_len_end_mean": 26.0,
  "eval_occupied_post_mean": 0.25,
  "eval_return_end_mean": -26.020170211791992,
  "eval_t_eval": 104.0,
  "final_depr_F_post": 11.795174598693848,
  "final_energy_E_post": 0.0616898350417614,
  "final_episode_return_end_mean": -28.183103561401367,
  "final_funding_alpha_eff": 4.349548817117466e-06,
  "final_funding_g": 0.0,
  "final_funding_g_raw": 0.08898595720529556,
  "final_update_counter": 2.0,
  "final_vartd_VarTD": 0.1248338595032692,
  "mechanism": "hardzero_plus_depr",
  "mechanism_tag": "hardzero_plus_depr__c0p52__z1p00__lam0p010__nu0p50__psi0p75",
  "runtime_sec": 10.727010262024123,
  "seed": 31,
  "z_cut": 1.0
}