{
  "alpha": 0.05,
  "c_upd": 0.6,
  "depr_lambda": 0.01,
  "depr_nu": 0.5,
  "depr_psi": 1.25,
  "eval_CSR_post": 0.0,
  "eval_dbar_post_mean": 0.7527188062667847,
  "eval_done_count": 100.0,
  "eval_episodes_per_env": 4.0,
  "eval_len_end_mean": 26.0,
  "eval_occupied_post_mean": 0.22999998927116394,
  "eval_return_end_mean": -27.759971618652344,
  "eval_t_eval": 104.0,
  "final_depr_F_post": 11.800174713134766,
  "final_energy_E_post": 0.14142033457756042,
  "final_episode_return_end_mean": -27.943857192993164,
  "final_funding_alpha_eff": 1.988200359903658e-08,
  "final_funding_g": 0.09251504391431808,
  "final_funding_g_raw": 0.09251504391431808,
  "final_update_counter": 2.0,
  "final_vartd_VarTD": 0.12086980789899826,
  "mechanism": "hardzero_plus_depr",
  "mechanism_tag": "hardzero_plus_depr__c0p60__z1p05__lam0p010__nu0p50__psi1p25",
  "runtime_sec": 10.671679246996064,
  "seed": 31,
  "z_cut": 1.05
}