{
  "alpha": 0.043,
  "c_upd": 0.58,
  "depr_lambda": 0.005,
  "depr_nu": 1.0,
  "depr_psi": 0.5,
  "eval_CSR_post": 0.0,
  "eval_dbar_post_mean": 0.5525132417678833,
  "eval_done_count": 100.0,
  "eval_episodes_per_env": 4.0,
  "eval_len_end_mean": 26.0,
  "eval_occupied_post_mean": 0.4099999964237213,
  "eval_return_end_mean": -23.746767044067383,
  "eval_t_eval": 104.0,
  "final_depr_F_post": 4.0300445556640625,
  "final_energy_E_post": 0.427915096282959,
  "final_episode_return_end_mean": -27.058513641357422,
  "final_funding_alpha_eff": 0.005746999755501747,
  "final_funding_g": 0.10109639912843704,
  "final_funding_g_raw": 0.10109639912843704,
  "final_update_counter": 2.0,
  "final_vartd_VarTD": 0.16155198216438293,
  "mechanism": "hardzero_plus_depr",
  "mechanism_tag": "hardzero_plus_depr__c0p58__z1p00__lam0p005__nu1p00__psi0p50",
  "runtime_sec": 9.473114158958197,
  "seed": 54,
  "z_cut": 1.0
}