{
  "alpha": 0.01,
  "c_upd": 0.6,
  "depr_lambda": 0.01,
  "depr_nu": 0.5,
  "depr_psi": 0.75,
  "eval_CSR_post": 0.0,
  "eval_dbar_post_mean": 0.5936335325241089,
  "eval_done_count": 100.0,
  "eval_episodes_per_env": 4.0,
  "eval_len_end_mean": 26.0,
  "eval_occupied_post_mean": 0.3400000035762787,
  "eval_return_end_mean": -25.09678077697754,
  "eval_t_eval": 104.0,
  "final_depr_F_post": 12.490190505981445,
  "final_energy_E_post": 0.4290391802787781,
  "final_episode_return_end_mean": -27.021425247192383,
  "final_funding_alpha_eff": 8.608781172370072e-07,
  "final_funding_g": 0.0,
  "final_funding_g_raw": 0.09449370950460434,
  "final_update_counter": 1.0,
  "final_vartd_VarTD": 0.20343489944934845,
  "mechanism": "hardzero_plus_depr",
  "mechanism_tag": "hardzero_plus_depr__c0p60__z1p00__lam0p010__nu0p50__psi0p75",
  "runtime_sec": 10.7376015560003,
  "seed": 37,
  "z_cut": 1.0
}