{
  "alpha": 0.02,
  "c_upd": 0.54,
  "depr_lambda": 0.01,
  "depr_nu": 0.5,
  "depr_psi": 1.0,
  "eval_CSR_post": 0.0,
  "eval_dbar_post_mean": 0.6123781204223633,
  "eval_done_count": 100.0,
  "eval_episodes_per_env": 4.0,
  "eval_len_end_mean": 26.0,
  "eval_occupied_post_mean": 0.25999999046325684,
  "eval_return_end_mean": -25.107311248779297,
  "eval_t_eval": 104.0,
  "final_depr_F_post": 12.190183639526367,
  "final_energy_E_post": 0.1477561891078949,
  "final_episode_return_end_mean": -26.387643814086914,
  "final_funding_alpha_eff": 1.0262272098771064e-07,
  "final_funding_g": 0.09663879126310349,
  "final_funding_g_raw": 0.09663879126310349,
  "final_update_counter": 2.0,
  "final_vartd_VarTD": 0.12557509541511536,
  "mechanism": "hardzero_plus_depr",
  "mechanism_tag": "hardzero_plus_depr__c0p54__z1p10__lam0p010__nu0p50__psi1p00",
  "runtime_sec": 10.745964059024118,
  "seed": 34,
  "z_cut": 1.1
}