{
  "alpha": 0.12,
  "c_upd": 0.5,
  "depr_lambda": 0.01,
  "depr_nu": 0.5,
  "depr_psi": 1.0,
  "eval_CSR_post": 0.0,
  "eval_dbar_post_mean": 0.5033641457557678,
  "eval_done_count": 100.0,
  "eval_episodes_per_env": 4.0,
  "eval_len_end_mean": 26.0,
  "eval_occupied_post_mean": 0.4399999976158142,
  "eval_return_end_mean": -23.766422271728516,
  "eval_t_eval": 104.0,
  "final_depr_F_post": 9.581374168395996,
  "final_energy_E_post": 0.3629850149154663,
  "final_episode_return_end_mean": -26.51066780090332,
  "final_funding_alpha_eff": 8.363466804439668e-06,
  "final_funding_g": 0.10721967369318008,
  "final_funding_g_raw": 0.10721967369318008,
  "final_update_counter": 6.0,
  "final_vartd_VarTD": 0.1789652556180954,
  "mechanism": "hardzero_plus_depr",
  "mechanism_tag": "hardzero_plus_depr__c0p50__z1p10__lam0p010__nu0p50__psi1p00",
  "runtime_sec": 10.719809688045643,
  "seed": 37,
  "z_cut": 1.1
}