{
  "alpha": 0.06,
  "c_upd": 0.56,
  "depr_lambda": 0.01,
  "depr_nu": 0.5,
  "depr_psi": 0.75,
  "eval_CSR_post": 0.0,
  "eval_dbar_post_mean": 0.47315311431884766,
  "eval_done_count": 100.0,
  "eval_episodes_per_env": 4.0,
  "eval_len_end_mean": 26.0,
  "eval_occupied_post_mean": 0.4699999988079071,
  "eval_return_end_mean": -21.935546875,
  "eval_t_eval": 104.0,
  "final_depr_F_post": 11.387664794921875,
  "final_energy_E_post": 0.4091852009296417,
  "final_episode_return_end_mean": -26.397008895874023,
  "final_funding_alpha_eff": 1.180886920337798e-05,
  "final_funding_g": 0.11403492093086243,
  "final_funding_g_raw": 0.11403492093086243,
  "final_update_counter": 3.0,
  "final_vartd_VarTD": 0.11777994781732559,
  "mechanism": "hardzero_plus_depr",
  "mechanism_tag": "hardzero_plus_depr__c0p56__z1p10__lam0p010__nu0p50__psi0p75",
  "runtime_sec": 10.64043363800738,
  "seed": 33,
  "z_cut": 1.1
}