{
  "alpha": 0.049,
  "c_upd": 0.58,
  "depr_lambda": 0.005,
  "depr_nu": 1.0,
  "depr_psi": 0.5,
  "eval_CSR_post": 0.0,
  "eval_dbar_post_mean": 0.5870069265365601,
  "eval_done_count": 100.0,
  "eval_episodes_per_env": 4.0,
  "eval_len_end_mean": 26.0,
  "eval_occupied_post_mean": 0.29999998211860657,
  "eval_return_end_mean": -24.665761947631836,
  "eval_t_eval": 104.0,
  "final_depr_F_post": 0.029999997466802597,
  "final_energy_E_post": 0.010697412304580212,
  "final_episode_return_end_mean": -26.556032180786133,
  "final_funding_alpha_eff": 0.04839131236076355,
  "final_funding_g": 0.10379286855459213,
  "final_funding_g_raw": 0.10379286855459213,
  "final_update_counter": 3.0,
  "final_vartd_VarTD": 0.16089662909507751,
  "mechanism": "hardzero_plus_depr",
  "mechanism_tag": "hardzero_plus_depr__c0p58__z1p00__lam0p005__nu1p00__psi0p50",
  "runtime_sec": 9.469633872970007,
  "seed": 48,
  "z_cut": 1.0
}