{
  "alpha": 0.204,
  "borrow_interest": 0.02,
  "borrow_limit": 0.6,
  "c_upd": 0.58,
  "depr_lambda": 0.0,
  "depr_nu": 0.5,
  "depr_psi": 0.0,
  "eval_CSR_post": 0.009999999776482582,
  "eval_dbar_post_mean": 0.5136836767196655,
  "eval_done_count": 100.0,
  "eval_episodes_per_env": 4.0,
  "eval_len_end_mean": 26.0,
  "eval_occupied_post_mean": 0.4099999964237213,
  "eval_return_end_mean": -23.79615592956543,
  "eval_t_eval": 104.0,
  "family": "borrow",
  "final_depr_F_post": 0.0,
  "final_energy_E_post": -0.11398883908987045,
  "final_update_counter": 52.0,
  "final_vartd_VarTD": 5.151605129241943,
  "max_debt_level_post": 0.584879457950592,
  "mean_update_fraction": 0.041600000113248825,
  "mechanism": "hardzero_only",
  "mechanism_tag": "hardzero_only__c0p58__z1p00__lam0p000__nu0p50__psi0p00",
  "runtime_sec": 10.664507049019448,
  "seed": 58,
  "support_mode": "none",
  "support_total": 0.0,
  "total_debt_charge": 7.539085865020752,
  "total_support_s": 0.0,
  "z_cut": 1.0
}