{
  "alpha": 0.081,
  "c_upd": 0.58,
  "depr_lambda": 0.0,
  "depr_nu": 0.5,
  "depr_psi": 0.0,
  "eval_CSR_post": 0.019999999552965164,
  "eval_dbar_post_mean": 0.5132012367248535,
  "eval_done_count": 100.0,
  "eval_episodes_per_env": 4.0,
  "eval_len_end_mean": 26.0,
  "eval_occupied_post_mean": 0.38999998569488525,
  "eval_return_end_mean": -23.34152603149414,
  "eval_t_eval": 104.0,
  "final_depr_F_post": 0.0,
  "final_energy_E_post": 0.5308132767677307,
  "final_episode_return_end_mean": -23.665361404418945,
  "final_funding_alpha_eff": 0.08100000023841858,
  "final_funding_g": 0.17678314447402954,
  "final_funding_g_raw": 0.17678314447402954,
  "final_update_counter": 19.0,
  "final_vartd_VarTD": 0.5779145359992981,
  "mechanism": "hardzero_only",
  "mechanism_tag": "hardzero_only__c0p58__z1p00__lam0p000__nu0p50__psi0p00",
  "runtime_sec": 9.503181574982591,
  "seed": 45,
  "z_cut": 1.0
}