{
  "alpha": 0.088,
  "c_upd": 0.58,
  "depr_lambda": 0.005,
  "depr_nu": 1.0,
  "depr_psi": 0.5,
  "eval_CSR_post": 0.019999999552965164,
  "eval_dbar_post_mean": 0.48667725920677185,
  "eval_done_count": 100.0,
  "eval_episodes_per_env": 4.0,
  "eval_len_end_mean": 26.0,
  "eval_occupied_post_mean": 0.47999998927116394,
  "eval_return_end_mean": -24.01911163330078,
  "eval_t_eval": 104.0,
  "final_depr_F_post": 0.16999997198581696,
  "final_energy_E_post": 0.4251492917537689,
  "final_episode_return_end_mean": -26.068456649780273,
  "final_funding_alpha_eff": 0.08103140443563461,
  "final_funding_g": 0.1326678991317749,
  "final_funding_g_raw": 0.1326678991317749,
  "final_update_counter": 16.0,
  "final_vartd_VarTD": 0.32303112745285034,
  "mechanism": "hardzero_plus_depr",
  "mechanism_tag": "hardzero_plus_depr__c0p58__z1p00__lam0p005__nu1p00__psi0p50",
  "runtime_sec": 9.487008081981912,
  "seed": 47,
  "z_cut": 1.0
}