{
  "alpha": 0.05,
  "c_upd": 0.58,
  "depr_lambda": 0.01,
  "depr_nu": 0.5,
  "depr_psi": 0.75,
  "eval_CSR_post": 0.0,
  "eval_dbar_post_mean": 0.8996295928955078,
  "eval_done_count": 100.0,
  "eval_episodes_per_env": 4.0,
  "eval_len_end_mean": 26.0,
  "eval_occupied_post_mean": 0.17000000178813934,
  "eval_return_end_mean": -28.098400115966797,
  "eval_t_eval": 104.0,
  "final_depr_F_post": 12.275185585021973,
  "final_energy_E_post": 0.5478006601333618,
  "final_episode_return_end_mean": -28.002544403076172,
  "final_funding_alpha_eff": 5.057587259216234e-06,
  "final_funding_g": 0.0877767950296402,
  "final_funding_g_raw": 0.0877767950296402,
  "final_update_counter": 2.0,
  "final_vartd_VarTD": 0.17444901168346405,
  "mechanism": "hardzero_plus_depr",
  "mechanism_tag": "hardzero_plus_depr__c0p58__z1p10__lam0p010__nu0p50__psi0p75",
  "runtime_sec": 10.805423707934096,
  "seed": 40,
  "z_cut": 1.1
}