{
  "alpha": 0.08,
  "c_upd": 0.52,
  "depr_lambda": 0.01,
  "depr_nu": 0.5,
  "depr_psi": 0.75,
  "eval_CSR_post": 0.0,
  "eval_dbar_post_mean": 0.5964828729629517,
  "eval_done_count": 100.0,
  "eval_episodes_per_env": 4.0,
  "eval_len_end_mean": 26.0,
  "eval_occupied_post_mean": 0.25,
  "eval_return_end_mean": -24.25981330871582,
  "eval_t_eval": 104.0,
  "final_depr_F_post": 10.593896865844727,
  "final_energy_E_post": 0.43233522772789,
  "final_episode_return_end_mean": -27.17241096496582,
  "final_funding_alpha_eff": 2.8555781682371162e-05,
  "final_funding_g": 0.10125234723091125,
  "final_funding_g_raw": 0.10125234723091125,
  "final_update_counter": 4.0,
  "final_vartd_VarTD": 0.15446670353412628,
  "mechanism": "hardzero_plus_depr",
  "mechanism_tag": "hardzero_plus_depr__c0p52__z1p05__lam0p010__nu0p50__psi0p75",
  "runtime_sec": 10.827850617992226,
  "seed": 40,
  "z_cut": 1.05
}