{
  "alpha": 0.1,
  "c_upd": 0.56,
  "depr_lambda": 0.01,
  "depr_nu": 0.5,
  "depr_psi": 1.25,
  "eval_CSR_post": 0.0,
  "eval_dbar_post_mean": 0.5632937550544739,
  "eval_done_count": 100.0,
  "eval_episodes_per_env": 4.0,
  "eval_len_end_mean": 26.0,
  "eval_occupied_post_mean": 0.26999998092651367,
  "eval_return_end_mean": -24.01862335205078,
  "eval_t_eval": 104.0,
  "final_depr_F_post": 11.995179176330566,
  "final_energy_E_post": 0.22030937671661377,
  "final_episode_return_end_mean": -26.05339241027832,
  "final_funding_alpha_eff": 3.116223012966657e-08,
  "final_funding_g": 0.10251311212778091,
  "final_funding_g_raw": 0.10251311212778091,
  "final_update_counter": 2.0,
  "final_vartd_VarTD": 0.12732037901878357,
  "mechanism": "hardzero_plus_depr",
  "mechanism_tag": "hardzero_plus_depr__c0p56__z1p00__lam0p010__nu0p50__psi1p25",
  "runtime_sec": 9.952702351030894,
  "seed": 32,
  "z_cut": 1.0
}