{
  "alpha": 0.069,
  "c_upd": 0.58,
  "depr_lambda": 0.0,
  "depr_nu": 0.5,
  "depr_psi": 0.0,
  "eval_CSR_post": 0.0,
  "eval_dbar_post_mean": 0.7051462531089783,
  "eval_done_count": 100.0,
  "eval_episodes_per_env": 4.0,
  "eval_len_end_mean": 26.0,
  "eval_occupied_post_mean": 0.14000000059604645,
  "eval_return_end_mean": -25.502138137817383,
  "eval_t_eval": 104.0,
  "final_depr_F_post": 0.0,
  "final_energy_E_post": 0.340876966714859,
  "final_episode_return_end_mean": -26.171445846557617,
  "final_funding_alpha_eff": 0.0689999982714653,
  "final_funding_g": 0.10689134895801544,
  "final_funding_g_raw": 0.10689134895801544,
  "final_update_counter": 5.0,
  "final_vartd_VarTD": 0.1336163729429245,
  "mechanism": "hardzero_only",
  "mechanism_tag": "hardzero_only__c0p58__z1p00__lam0p000__nu0p50__psi0p00",
  "runtime_sec": 10.832049059914425,
  "seed": 43,
  "z_cut": 1.0
}