{
  "alpha": 0.1,
  "c_upd": 0.54,
  "depr_lambda": 0.02,
  "depr_nu": 0.5,
  "depr_psi": 1.25,
  "eval_CSR_post": 0.0,
  "eval_dbar_post_mean": 0.5671263933181763,
  "eval_done_count": 100.0,
  "eval_episodes_per_env": 4.0,
  "eval_len_end_mean": 26.0,
  "eval_occupied_post_mean": 0.35999998450279236,
  "eval_return_end_mean": -23.3132266998291,
  "eval_t_eval": 104.0,
  "final_depr_F_post": 24.83037757873535,
  "final_energy_E_post": 0.3116735816001892,
  "final_episode_return_end_mean": -26.561307907104492,
  "final_funding_alpha_eff": 3.398109837135857e-15,
  "final_funding_g": 0.0969112366437912,
  "final_funding_g_raw": 0.0969112366437912,
  "final_update_counter": 2.0,
  "final_vartd_VarTD": 0.14278551936149597,
  "mechanism": "hardzero_plus_depr",
  "mechanism_tag": "hardzero_plus_depr__c0p54__z1p05__lam0p020__nu0p50__psi1p25",
  "runtime_sec": 10.838846364000347,
  "seed": 39,
  "z_cut": 1.05
}