{
  "alpha": 0.06,
  "c_upd": 0.6,
  "depr_lambda": 0.03,
  "depr_nu": 0.5,
  "depr_psi": 0.75,
  "eval_CSR_post": 0.0,
  "eval_dbar_post_mean": 0.5439004898071289,
  "eval_done_count": 100.0,
  "eval_episodes_per_env": 4.0,
  "eval_len_end_mean": 26.0,
  "eval_occupied_post_mean": 0.3499999940395355,
  "eval_return_end_mean": -24.02467918395996,
  "eval_t_eval": 104.0,
  "final_depr_F_post": 35.89516067504883,
  "final_energy_E_post": 0.07384493201971054,
  "final_episode_return_end_mean": -27.492149353027344,
  "final_funding_alpha_eff": 1.247726558574816e-13,
  "final_funding_g": 0.10115963965654373,
  "final_funding_g_raw": 0.10115963965654373,
  "final_update_counter": 2.0,
  "final_vartd_VarTD": 0.14606653153896332,
  "mechanism": "hardzero_plus_depr",
  "mechanism_tag": "hardzero_plus_depr__c0p60__z1p05__lam0p030__nu0p50__psi0p75",
  "runtime_sec": 10.712212035025004,
  "seed": 35,
  "z_cut": 1.05
}