{
  "alpha": 0.12,
  "c_upd": 0.56,
  "depr_lambda": 0.02,
  "depr_nu": 0.5,
  "depr_psi": 1.25,
  "eval_CSR_post": 0.0,
  "eval_dbar_post_mean": 0.5873185992240906,
  "eval_done_count": 100.0,
  "eval_episodes_per_env": 4.0,
  "eval_len_end_mean": 26.0,
  "eval_occupied_post_mean": 0.35999998450279236,
  "eval_return_end_mean": -24.132022857666016,
  "eval_t_eval": 104.0,
  "final_depr_F_post": 24.850378036499023,
  "final_energy_E_post": 0.43437549471855164,
  "final_episode_return_end_mean": -27.13646697998047,
  "final_funding_alpha_eff": 3.9770543154853295e-15,
  "final_funding_g": 0.107252337038517,
  "final_funding_g_raw": 0.107252337038517,
  "final_update_counter": 2.0,
  "final_vartd_VarTD": 0.14218230545520782,
  "mechanism": "hardzero_plus_depr",
  "mechanism_tag": "hardzero_plus_depr__c0p56__z1p10__lam0p020__nu0p50__psi1p25",
  "runtime_sec": 10.787693419028074,
  "seed": 35,
  "z_cut": 1.1
}