{
  "alpha": 0.08,
  "c_upd": 0.52,
  "depr_lambda": 0.01,
  "depr_nu": 0.5,
  "depr_psi": 0.75,
  "eval_CSR_post": 0.0,
  "eval_dbar_post_mean": 0.6343895196914673,
  "eval_done_count": 100.0,
  "eval_episodes_per_env": 4.0,
  "eval_len_end_mean": 26.0,
  "eval_occupied_post_mean": 0.26999998092651367,
  "eval_return_end_mean": -24.349721908569336,
  "eval_t_eval": 104.0,
  "final_depr_F_post": 10.750150680541992,
  "final_energy_E_post": 0.4965791404247284,
  "final_episode_return_end_mean": -26.141719818115234,
  "final_funding_alpha_eff": 2.5397965146112256e-05,
  "final_funding_g": 0.12165405601263046,
  "final_funding_g_raw": 0.12165405601263046,
  "final_update_counter": 4.0,
  "final_vartd_VarTD": 0.11323204636573792,
  "mechanism": "hardzero_plus_depr",
  "mechanism_tag": "hardzero_plus_depr__c0p52__z1p05__lam0p010__nu0p50__psi0p75",
  "runtime_sec": 10.874962654022966,
  "seed": 33,
  "z_cut": 1.05
}