{
  "alpha": 0.1,
  "c_upd": 0.52,
  "depr_lambda": 0.01,
  "depr_nu": 0.5,
  "depr_psi": 1.0,
  "eval_CSR_post": 0.0,
  "eval_dbar_post_mean": 0.5367110967636108,
  "eval_done_count": 100.0,
  "eval_episodes_per_env": 4.0,
  "eval_len_end_mean": 26.0,
  "eval_occupied_post_mean": 0.22999998927116394,
  "eval_return_end_mean": -22.178207397460938,
  "eval_t_eval": 104.0,
  "final_depr_F_post": 11.110158920288086,
  "final_energy_E_post": 0.4200316369533539,
  "final_episode_return_end_mean": -27.544174194335938,
  "final_funding_alpha_eff": 1.5109925470824237e-06,
  "final_funding_g": 0.10031439363956451,
  "final_funding_g_raw": 0.10031439363956451,
  "final_update_counter": 4.0,
  "final_vartd_VarTD": 0.21584877371788025,
  "mechanism": "hardzero_plus_depr",
  "mechanism_tag": "hardzero_plus_depr__c0p52__z1p10__lam0p010__nu0p50__psi1p00",
  "runtime_sec": 10.533625840034802,
  "seed": 38,
  "z_cut": 1.1
}