{
  "alpha": 0.079,
  "c_upd": 0.58,
  "depr_lambda": 0.005,
  "depr_nu": 1.0,
  "depr_psi": 0.5,
  "eval_CSR_post": 0.0,
  "eval_dbar_post_mean": 0.4972042441368103,
  "eval_done_count": 100.0,
  "eval_episodes_per_env": 4.0,
  "eval_len_end_mean": 26.0,
  "eval_occupied_post_mean": 0.3799999952316284,
  "eval_return_end_mean": -22.26874542236328,
  "eval_t_eval": 104.0,
  "final_depr_F_post": 0.16999997198581696,
  "final_energy_E_post": 0.4148969352245331,
  "final_episode_return_end_mean": -24.483509063720703,
  "final_funding_alpha_eff": 0.07274410873651505,
  "final_funding_g": 0.1635650396347046,
  "final_funding_g_raw": 0.1635650396347046,
  "final_update_counter": 18.0,
  "final_vartd_VarTD": 0.4588142931461334,
  "mechanism": "hardzero_plus_depr",
  "mechanism_tag": "hardzero_plus_depr__c0p58__z1p00__lam0p005__nu1p00__psi0p50",
  "runtime_sec": 9.494951431057416,
  "seed": 52,
  "z_cut": 1.0
}