{
  "alpha": 0.08,
  "c_upd": 0.6,
  "depr_lambda": 0.0,
  "depr_nu": 0.5,
  "depr_psi": 0.0,
  "eval_CSR_post": 0.0,
  "eval_dbar_post_mean": 0.48924824595451355,
  "eval_done_count": 100.0,
  "eval_episodes_per_env": 4.0,
  "eval_len_end_mean": 26.0,
  "eval_occupied_post_mean": 0.3799999952316284,
  "eval_return_end_mean": -23.681562423706055,
  "eval_t_eval": 104.0,
  "final_depr_F_post": 0.0,
  "final_energy_E_post": 0.4170815348625183,
  "final_episode_return_end_mean": -26.264039993286133,
  "final_funding_alpha_eff": 0.07999999821186066,
  "final_funding_g": 0.12444574385881424,
  "final_funding_g_raw": 0.12444574385881424,
  "final_update_counter": 11.0,
  "final_vartd_VarTD": 0.19543741643428802,
  "mechanism": "hardzero_only",
  "mechanism_tag": "hardzero_only__c0p60__z1p00__lam0p000__nu0p50__psi0p00",
  "runtime_sec": 9.799080860975664,
  "seed": 36,
  "z_cut": 1.0
}