{
  "alpha": 0.08,
  "c_upd": 0.58,
  "depr_lambda": 0.02,
  "depr_nu": 0.5,
  "depr_psi": 0.75,
  "eval_CSR_post": 0.0,
  "eval_dbar_post_mean": 0.7625101804733276,
  "eval_done_count": 100.0,
  "eval_episodes_per_env": 4.0,
  "eval_len_end_mean": 26.0,
  "eval_occupied_post_mean": 0.17000000178813934,
  "eval_return_end_mean": -27.970767974853516,
  "eval_t_eval": 104.0,
  "final_depr_F_post": 24.56037139892578,
  "final_energy_E_post": 0.3471108078956604,
  "final_episode_return_end_mean": -27.864355087280273,
  "final_funding_alpha_eff": 8.124181882784853e-10,
  "final_funding_g": 0.09323786944150925,
  "final_funding_g_raw": 0.09323786944150925,
  "final_update_counter": 2.0,
  "final_vartd_VarTD": 0.1632172018289566,
  "mechanism": "hardzero_plus_depr",
  "mechanism_tag": "hardzero_plus_depr__c0p58__z1p05__lam0p020__nu0p50__psi0p75",
  "runtime_sec": 10.818239838001318,
  "seed": 41,
  "z_cut": 1.05
}