{
  "alpha": 0.264,
  "borrow_interest": 0.01,
  "borrow_limit": 0.6,
  "c_upd": 0.58,
  "depr_lambda": 0.0,
  "depr_nu": 0.5,
  "depr_psi": 0.0,
  "eval_CSR_post": 0.0,
  "eval_dbar_post_mean": 0.5325639247894287,
  "eval_done_count": 100.0,
  "eval_episodes_per_env": 4.0,
  "eval_len_end_mean": 26.0,
  "eval_occupied_post_mean": 0.32999998331069946,
  "eval_return_end_mean": -23.175077438354492,
  "eval_t_eval": 104.0,
  "family": "borrow",
  "final_depr_F_post": 0.0,
  "final_energy_E_post": -0.475872665643692,
  "final_update_counter": 85.0,
  "final_vartd_VarTD": 5.788428783416748,
  "max_debt_level_post": 0.5896444916725159,
  "mean_update_fraction": 0.06800000369548798,
  "mechanism": "hardzero_only",
  "mechanism_tag": "hardzero_only__c0p58__z1p00__lam0p000__nu0p50__psi0p00",
  "runtime_sec": 10.736523405998014,
  "seed": 46,
  "support_mode": "none",
  "support_total": 0.0,
  "total_debt_charge": 3.3947463035583496,
  "total_support_s": 0.0,
  "z_cut": 1.0
}