{
  "alpha": 0.1,
  "c_upd": 0.58,
  "depr_lambda": 0.01,
  "depr_nu": 0.5,
  "depr_psi": 1.25,
  "eval_CSR_post": 0.0,
  "eval_dbar_post_mean": 0.5603122711181641,
  "eval_done_count": 100.0,
  "eval_episodes_per_env": 4.0,
  "eval_len_end_mean": 26.0,
  "eval_occupied_post_mean": 0.28999999165534973,
  "eval_return_end_mean": -24.020946502685547,
  "eval_t_eval": 104.0,
  "final_depr_F_post": 11.532669067382812,
  "final_energy_E_post": 0.27515947818756104,
  "final_episode_return_end_mean": -28.741313934326172,
  "final_funding_alpha_eff": 5.5553424971321874e-08,
  "final_funding_g": 0.0,
  "final_funding_g_raw": 0.07939963042736053,
  "final_update_counter": 3.0,
  "final_vartd_VarTD": 0.17485171556472778,
  "mechanism": "hardzero_plus_depr",
  "mechanism_tag": "hardzero_plus_depr__c0p58__z1p10__lam0p010__nu0p50__psi1p25",
  "runtime_sec": 10.69098984496668,
  "seed": 36,
  "z_cut": 1.1
}