{
  "alpha": 0.08,
  "c_upd": 0.54,
  "depr_lambda": 0.0,
  "depr_nu": 0.5,
  "depr_psi": 0.0,
  "eval_CSR_post": 0.0,
  "eval_dbar_post_mean": 0.5482423901557922,
  "eval_done_count": 100.0,
  "eval_episodes_per_env": 4.0,
  "eval_len_end_mean": 26.0,
  "eval_occupied_post_mean": 0.3100000023841858,
  "eval_return_end_mean": -23.311491012573242,
  "eval_t_eval": 104.0,
  "final_depr_F_post": 0.0,
  "final_energy_E_post": 0.1100522056221962,
  "final_episode_return_end_mean": -23.900720596313477,
  "final_funding_alpha_eff": 0.07999999821186066,
  "final_funding_g": 0.17384152114391327,
  "final_funding_g_raw": 0.17384152114391327,
  "final_update_counter": 27.0,
  "final_vartd_VarTD": 1.4682016372680664,
  "mechanism": "hardzero_only",
  "mechanism_tag": "hardzero_only__c0p54__z1p10__lam0p000__nu0p50__psi0p00",
  "runtime_sec": 9.917704592982773,
  "seed": 35,
  "z_cut": 1.1
}