{
  "alpha": 0.06,
  "c_upd": 0.54,
  "depr_lambda": 0.0,
  "depr_nu": 0.5,
  "depr_psi": 0.0,
  "eval_CSR_post": 0.0,
  "eval_dbar_post_mean": 0.5567082166671753,
  "eval_done_count": 100.0,
  "eval_episodes_per_env": 4.0,
  "eval_len_end_mean": 26.0,
  "eval_occupied_post_mean": 0.3100000023841858,
  "eval_return_end_mean": -24.345863342285156,
  "eval_t_eval": 104.0,
  "final_depr_F_post": 0.0,
  "final_energy_E_post": 0.22729574143886566,
  "final_episode_return_end_mean": -23.92014503479004,
  "final_funding_alpha_eff": 0.05999999865889549,
  "final_funding_g": 0.1619471162557602,
  "final_funding_g_raw": 0.1619471162557602,
  "final_update_counter": 19.0,
  "final_vartd_VarTD": 0.5004666447639465,
  "mechanism": "hardzero_only",
  "mechanism_tag": "hardzero_only__c0p54__z1p10__lam0p000__nu0p50__psi0p00",
  "runtime_sec": 9.872674215002917,
  "seed": 33,
  "z_cut": 1.1
}