{
  "alpha": 0.047,
  "c_upd": 0.58,
  "depr_lambda": 0.0,
  "depr_nu": 0.5,
  "depr_psi": 0.0,
  "eval_CSR_post": 0.0,
  "eval_dbar_post_mean": 0.5552511811256409,
  "eval_done_count": 100.0,
  "eval_episodes_per_env": 4.0,
  "eval_len_end_mean": 26.0,
  "eval_occupied_post_mean": 0.3400000035762787,
  "eval_return_end_mean": -24.39354133605957,
  "eval_t_eval": 104.0,
  "final_depr_F_post": 0.0,
  "final_energy_E_post": 0.35720235109329224,
  "final_episode_return_end_mean": -25.96211051940918,
  "final_funding_alpha_eff": 0.04699999839067459,
  "final_funding_g": 0.12594033777713776,
  "final_funding_g_raw": 0.12594033777713776,
  "final_update_counter": 8.0,
  "final_vartd_VarTD": 0.14388784766197205,
  "mechanism": "hardzero_only",
  "mechanism_tag": "hardzero_only__c0p58__z1p00__lam0p000__nu0p50__psi0p00",
  "runtime_sec": 10.852353843976744,
  "seed": 40,
  "z_cut": 1.0
}