{
  "alpha": 0.04,
  "c_upd": 0.5,
  "depr_lambda": 0.01,
  "depr_nu": 0.5,
  "depr_psi": 0.75,
  "eval_CSR_post": 0.0,
  "eval_dbar_post_mean": 0.5240864753723145,
  "eval_done_count": 100.0,
  "eval_episodes_per_env": 4.0,
  "eval_len_end_mean": 26.0,
  "eval_occupied_post_mean": 0.28999999165534973,
  "eval_return_end_mean": -24.699378967285156,
  "eval_t_eval": 104.0,
  "final_depr_F_post": 9.450145721435547,
  "final_energy_E_post": 0.05919182673096657,
  "final_episode_return_end_mean": -25.993370056152344,
  "final_funding_alpha_eff": 3.3667252864688635e-05,
  "final_funding_g": 0.12356273829936981,
  "final_funding_g_raw": 0.12356273829936981,
  "final_update_counter": 3.0,
  "final_vartd_VarTD": 0.10928326100111008,
  "mechanism": "hardzero_plus_depr",
  "mechanism_tag": "hardzero_plus_depr__c0p50__z1p05__lam0p010__nu0p50__psi0p75",
  "runtime_sec": 10.900583453010768,
  "seed": 33,
  "z_cut": 1.05
}