{
  "alpha": 0.03,
  "c_upd": 0.58,
  "depr_lambda": 0.01,
  "depr_nu": 0.5,
  "depr_psi": 1.25,
  "eval_CSR_post": 0.0,
  "eval_dbar_post_mean": 0.6149774193763733,
  "eval_done_count": 100.0,
  "eval_episodes_per_env": 4.0,
  "eval_len_end_mean": 26.0,
  "eval_occupied_post_mean": 0.3199999928474426,
  "eval_return_end_mean": -24.321245193481445,
  "eval_t_eval": 104.0,
  "final_depr_F_post": 11.955178260803223,
  "final_energy_E_post": 0.12021403014659882,
  "final_episode_return_end_mean": -26.692073822021484,
  "final_funding_alpha_eff": 9.827996194644584e-09,
  "final_funding_g": 0.09630700200796127,
  "final_funding_g_raw": 0.09630700200796127,
  "final_update_counter": 2.0,
  "final_vartd_VarTD": 0.14490054547786713,
  "mechanism": "hardzero_plus_depr",
  "mechanism_tag": "hardzero_plus_depr__c0p58__z1p10__lam0p010__nu0p50__psi1p25",
  "runtime_sec": 10.785445653949864,
  "seed": 39,
  "z_cut": 1.1
}