{
  "alpha": 0.12,
  "c_upd": 0.58,
  "depr_lambda": 0.02,
  "depr_nu": 0.5,
  "depr_psi": 0.75,
  "eval_CSR_post": 0.0,
  "eval_dbar_post_mean": 0.5448710918426514,
  "eval_done_count": 100.0,
  "eval_episodes_per_env": 4.0,
  "eval_len_end_mean": 26.0,
  "eval_occupied_post_mean": 0.3799999952316284,
  "eval_return_end_mean": -24.556440353393555,
  "eval_t_eval": 104.0,
  "final_depr_F_post": 24.19036293029785,
  "final_energy_E_post": 0.2006651610136032,
  "final_episode_return_end_mean": -26.734163284301758,
  "final_funding_alpha_eff": 1.6083856468895874e-09,
  "final_funding_g": 0.11006055027246475,
  "final_funding_g_raw": 0.11006055027246475,
  "final_update_counter": 2.0,
  "final_vartd_VarTD": 0.12157542258501053,
  "mechanism": "hardzero_plus_depr",
  "mechanism_tag": "hardzero_plus_depr__c0p58__z1p00__lam0p020__nu0p50__psi0p75",
  "runtime_sec": 10.7853153719916,
  "seed": 33,
  "z_cut": 1.0
}