{
  "alpha": 0.052,
  "c_upd": 0.58,
  "depr_lambda": 0.005,
  "depr_nu": 1.0,
  "depr_psi": 0.5,
  "eval_CSR_post": 0.0,
  "eval_dbar_post_mean": 0.6804479956626892,
  "eval_done_count": 100.0,
  "eval_episodes_per_env": 4.0,
  "eval_len_end_mean": 26.0,
  "eval_occupied_post_mean": 0.17999999225139618,
  "eval_return_end_mean": -25.866966247558594,
  "eval_t_eval": 104.0,
  "final_depr_F_post": 5.505078315734863,
  "final_energy_E_post": 0.4815962612628937,
  "final_episode_return_end_mean": -26.94255828857422,
  "final_funding_alpha_eff": 0.003324118908494711,
  "final_funding_g": 0.0,
  "final_funding_g_raw": 0.09569816291332245,
  "final_update_counter": 2.0,
  "final_vartd_VarTD": 0.1998569518327713,
  "mechanism": "hardzero_plus_depr",
  "mechanism_tag": "hardzero_plus_depr__c0p58__z1p00__lam0p005__nu1p00__psi0p50",
  "runtime_sec": 9.465968723059632,
  "seed": 37,
  "z_cut": 1.0
}