{
  "alpha": 0.12,
  "c_upd": 0.6,
  "depr_lambda": 0.01,
  "depr_nu": 0.5,
  "depr_psi": 1.25,
  "eval_CSR_post": 0.0,
  "eval_dbar_post_mean": 0.5064013004302979,
  "eval_done_count": 100.0,
  "eval_episodes_per_env": 4.0,
  "eval_len_end_mean": 26.0,
  "eval_occupied_post_mean": 0.41999998688697815,
  "eval_return_end_mean": -23.02131462097168,
  "eval_t_eval": 104.0,
  "final_depr_F_post": 11.585169792175293,
  "final_energy_E_post": 0.38626497983932495,
  "final_episode_return_end_mean": -26.1895751953125,
  "final_funding_alpha_eff": 6.242966321678978e-08,
  "final_funding_g": 0.09977078437805176,
  "final_funding_g_raw": 0.09977078437805176,
  "final_update_counter": 3.0,
  "final_vartd_VarTD": 0.12693211436271667,
  "mechanism": "hardzero_plus_depr",
  "mechanism_tag": "hardzero_plus_depr__c0p60__z1p05__lam0p010__nu0p50__psi1p25",
  "runtime_sec": 10.872910836013034,
  "seed": 32,
  "z_cut": 1.05
}