{
  "alpha": 0.1,
  "c_upd": 0.5,
  "depr_lambda": 0.02,
  "depr_nu": 0.5,
  "depr_psi": 0.75,
  "eval_CSR_post": 0.0,
  "eval_dbar_post_mean": 0.5559191703796387,
  "eval_done_count": 100.0,
  "eval_episodes_per_env": 4.0,
  "eval_len_end_mean": 26.0,
  "eval_occupied_post_mean": 0.29999998211860657,
  "eval_return_end_mean": -22.854721069335938,
  "eval_t_eval": 104.0,
  "final_depr_F_post": 24.030359268188477,
  "final_energy_E_post": 0.3407360017299652,
  "final_episode_return_end_mean": -26.623945236206055,
  "final_funding_alpha_eff": 1.5112121554139435e-09,
  "final_funding_g": 0.0963132232427597,
  "final_funding_g_raw": 0.0963132232427597,
  "final_update_counter": 3.0,
  "final_vartd_VarTD": 0.1382179707288742,
  "mechanism": "hardzero_plus_depr",
  "mechanism_tag": "hardzero_plus_depr__c0p50__z1p10__lam0p020__nu0p50__psi0p75",
  "runtime_sec": 10.868911240017042,
  "seed": 39,
  "z_cut": 1.1
}