{
  "alpha": 0.1,
  "c_upd": 0.54,
  "depr_lambda": 0.01,
  "depr_nu": 0.5,
  "depr_psi": 0.75,
  "eval_CSR_post": 0.0,
  "eval_dbar_post_mean": 0.6599488258361816,
  "eval_done_count": 100.0,
  "eval_episodes_per_env": 4.0,
  "eval_len_end_mean": 26.0,
  "eval_occupied_post_mean": 0.2199999988079071,
  "eval_return_end_mean": -25.53988265991211,
  "eval_t_eval": 104.0,
  "final_depr_F_post": 12.275185585021973,
  "final_energy_E_post": 0.3365646004676819,
  "final_episode_return_end_mean": -27.704364776611328,
  "final_funding_alpha_eff": 1.0115174518432468e-05,
  "final_funding_g": 0.0,
  "final_funding_g_raw": 0.09837165474891663,
  "final_update_counter": 2.0,
  "final_vartd_VarTD": 0.14610518515110016,
  "mechanism": "hardzero_plus_depr",
  "mechanism_tag": "hardzero_plus_depr__c0p54__z1p00__lam0p010__nu0p50__psi0p75",
  "runtime_sec": 10.113450776960235,
  "seed": 35,
  "z_cut": 1.0
}