{
  "alpha": 0.05,
  "c_upd": 0.56,
  "depr_lambda": 0.02,
  "depr_nu": 0.5,
  "depr_psi": 1.0,
  "eval_CSR_post": 0.0,
  "eval_dbar_post_mean": 0.756985068321228,
  "eval_done_count": 100.0,
  "eval_episodes_per_env": 4.0,
  "eval_len_end_mean": 26.0,
  "eval_occupied_post_mean": 0.20999999344348907,
  "eval_return_end_mean": -26.208837509155273,
  "eval_t_eval": 104.0,
  "final_depr_F_post": 23.300342559814453,
  "final_energy_E_post": 0.037774428725242615,
  "final_episode_return_end_mean": -28.9657039642334,
  "final_funding_alpha_eff": 3.876554893061934e-12,
  "final_funding_g": 0.0,
  "final_funding_g_raw": 0.07568158209323883,
  "final_update_counter": 2.0,
  "final_vartd_VarTD": 0.17433980107307434,
  "mechanism": "hardzero_plus_depr",
  "mechanism_tag": "hardzero_plus_depr__c0p56__z1p05__lam0p020__nu0p50__psi1p00",
  "runtime_sec": 10.609222527011298,
  "seed": 36,
  "z_cut": 1.05
}