{
  "alpha": 0.066,
  "c_upd": 0.58,
  "depr_lambda": 0.0,
  "depr_nu": 0.5,
  "depr_psi": 0.0,
  "eval_CSR_post": 0.0,
  "eval_dbar_post_mean": 0.5050060153007507,
  "eval_done_count": 100.0,
  "eval_episodes_per_env": 4.0,
  "eval_len_end_mean": 26.0,
  "eval_occupied_post_mean": 0.26999998092651367,
  "eval_return_end_mean": -21.520320892333984,
  "eval_t_eval": 104.0,
  "final_depr_F_post": 0.0,
  "final_energy_E_post": 0.3975638151168823,
  "final_episode_return_end_mean": -26.82826042175293,
  "final_funding_alpha_eff": 0.06599999964237213,
  "final_funding_g": 0.11361332982778549,
  "final_funding_g_raw": 0.11361332982778549,
  "final_update_counter": 7.0,
  "final_vartd_VarTD": 0.18868787586688995,
  "mechanism": "hardzero_only",
  "mechanism_tag": "hardzero_only__c0p58__z1p00__lam0p000__nu0p50__psi0p00",
  "runtime_sec": 10.858920320053585,
  "seed": 38,
  "z_cut": 1.0
}