{
  "alpha": 0.12,
  "c_upd": 0.58,
  "depr_lambda": 0.02,
  "depr_nu": 0.5,
  "depr_psi": 0.75,
  "eval_CSR_post": 0.009999999776482582,
  "eval_dbar_post_mean": 0.6156686544418335,
  "eval_done_count": 100.0,
  "eval_episodes_per_env": 4.0,
  "eval_len_end_mean": 26.0,
  "eval_occupied_post_mean": 0.2800000011920929,
  "eval_return_end_mean": -24.763689041137695,
  "eval_t_eval": 104.0,
  "final_depr_F_post": 23.53534698486328,
  "final_energy_E_post": 0.31697800755500793,
  "final_episode_return_end_mean": -27.740991592407227,
  "final_funding_alpha_eff": 2.6287101384525613e-09,
  "final_funding_g": 0.09024877101182938,
  "final_funding_g_raw": 0.09024877101182938,
  "final_update_counter": 3.0,
  "final_vartd_VarTD": 0.16875731945037842,
  "mechanism": "hardzero_plus_depr",
  "mechanism_tag": "hardzero_plus_depr__c0p58__z1p10__lam0p020__nu0p50__psi0p75",
  "runtime_sec": 10.745902751921676,
  "seed": 40,
  "z_cut": 1.1
}