{
  "alpha": 0.12,
  "c_upd": 0.5,
  "depr_lambda": 0.01,
  "depr_nu": 0.5,
  "depr_psi": 0.75,
  "eval_CSR_post": 0.0,
  "eval_dbar_post_mean": 0.5269768834114075,
  "eval_done_count": 100.0,
  "eval_episodes_per_env": 4.0,
  "eval_len_end_mean": 26.0,
  "eval_occupied_post_mean": 0.26999998092651367,
  "eval_return_end_mean": -22.890560150146484,
  "eval_t_eval": 104.0,
  "final_depr_F_post": 11.090158462524414,
  "final_energy_E_post": 0.309211403131485,
  "final_episode_return_end_mean": -27.477466583251953,
  "final_funding_alpha_eff": 2.952178147097584e-05,
  "final_funding_g": 0.0,
  "final_funding_g_raw": 0.09791727364063263,
  "final_update_counter": 3.0,
  "final_vartd_VarTD": 0.16974973678588867,
  "mechanism": "hardzero_plus_depr",
  "mechanism_tag": "hardzero_plus_depr__c0p50__z1p00__lam0p010__nu0p50__psi0p75",
  "runtime_sec": 9.976316272979602,
  "seed": 40,
  "z_cut": 1.0
}