{
  "alpha": 0.12,
  "c_upd": 0.5,
  "depr_lambda": 0.03,
  "depr_nu": 0.5,
  "depr_psi": 0.75,
  "eval_CSR_post": 0.0,
  "eval_dbar_post_mean": 0.5650310516357422,
  "eval_done_count": 100.0,
  "eval_episodes_per_env": 4.0,
  "eval_len_end_mean": 26.0,
  "eval_occupied_post_mean": 0.32999998331069946,
  "eval_return_end_mean": -24.11292839050293,
  "eval_t_eval": 104.0,
  "final_depr_F_post": 35.910160064697266,
  "final_energy_E_post": 0.17958198487758636,
  "final_episode_return_end_mean": -27.310869216918945,
  "final_funding_alpha_eff": 2.4675376217135614e-13,
  "final_funding_g": 0.10589659214019775,
  "final_funding_g_raw": 0.10589659214019775,
  "final_update_counter": 3.0,
  "final_vartd_VarTD": 0.1485287994146347,
  "mechanism": "hardzero_plus_depr",
  "mechanism_tag": "hardzero_plus_depr__c0p50__z1p10__lam0p030__nu0p50__psi0p75",
  "runtime_sec": 10.787964470975567,
  "seed": 35,
  "z_cut": 1.1
}