{
  "I_R_full_anchor_compat": 2.502013275437352,
  "above_R_THRESH_FULL_anchor": 1.0,
  "alpha": 1.0,
  "borrow_interest": 0.0,
  "borrow_limit": 0.0,
  "c_upd": 0.9,
  "condition": "anchor_enabled_full_probe__base__t4m__a1p00__c0p90",
  "eval_CSR_post": 0.009999999776482582,
  "eval_CSR_pre": 0.009999999776482582,
  "eval_dbar_post_mean": 0.4733961820602417,
  "eval_dbar_pre_mean": 0.47236740589141846,
  "eval_done_count": 100.0,
  "eval_done_per_env_max": 4.0,
  "eval_done_per_env_min": 4.0,
  "eval_episodes_per_env": 4.0,
  "eval_len_end_mean": 26.0,
  "eval_max_tilde_post_mean": 0.7205572128295898,
  "eval_max_tilde_pre_mean": 0.7222489714622498,
  "eval_occupied_post_mean": 0.4099999964237213,
  "eval_occupied_pre_mean": 0.4599999785423279,
  "eval_return_end_mean": -21.059181213378906,
  "eval_t_eval": 104.0,
  "family": "base",
  "final_energy": 1.0,
  "final_executed_updates": 240.0,
  "final_vartd": 4.412050247192383,
  "max_debt_level": 0.0,
  "mean_update_fraction": 0.19200000166893005,
  "metric_horizon": "long4m",
  "phase": "baseline_4m",
  "runtime_sec": 12.068739657999686,
  "seed": 56,
  "support_mode": "none",
  "support_total": 0.0,
  "total_debt_charge": 0.0,
  "total_support_injected": 0.0,
  "total_timesteps": 4000000,
  "train_final_return_end_mean": -21.690948486328125
}