{
  "alpha": 0.12,
  "c_upd": 0.52,
  "depr_lambda": 0.01,
  "depr_nu": 0.5,
  "depr_psi": 0.75,
  "eval_CSR_post": 0.0,
  "eval_dbar_post_mean": 0.49948495626449585,
  "eval_done_count": 100.0,
  "eval_episodes_per_env": 4.0,
  "eval_len_end_mean": 26.0,
  "eval_occupied_post_mean": 0.3400000035762787,
  "eval_return_end_mean": -23.96381378173828,
  "eval_t_eval": 104.0,
  "final_depr_F_post": 0.6731600761413574,
  "final_energy_E_post": 0.33196064829826355,
  "final_episode_return_end_mean": -24.907974243164062,
  "final_funding_alpha_eff": 0.07297534495592117,
  "final_funding_g": 0.160806804895401,
  "final_funding_g_raw": 0.160806804895401,
  "final_update_counter": 21.0,
  "final_vartd_VarTD": 0.7802665829658508,
  "mechanism": "hardzero_plus_depr",
  "mechanism_tag": "hardzero_plus_depr__c0p52__z1p05__lam0p010__nu0p50__psi0p75",
  "runtime_sec": 10.887579097994603,
  "seed": 31,
  "z_cut": 1.05
}