{
  "alpha": 0.24,
  "borrow_interest": 0.01,
  "borrow_limit": 0.6,
  "c_upd": 0.58,
  "depr_lambda": 0.0,
  "depr_nu": 0.5,
  "depr_psi": 0.0,
  "eval_CSR_post": 0.009999999776482582,
  "eval_dbar_post_mean": 0.5230743885040283,
  "eval_done_count": 100.0,
  "eval_episodes_per_env": 4.0,
  "eval_len_end_mean": 26.0,
  "eval_occupied_post_mean": 0.3400000035762787,
  "eval_return_end_mean": -22.40566635131836,
  "eval_t_eval": 104.0,
  "family": "borrow",
  "final_depr_F_post": 0.0,
  "final_energy_E_post": -0.035324133932590485,
  "final_update_counter": 78.0,
  "final_vartd_VarTD": 4.699313640594482,
  "max_debt_level_post": 0.5950883030891418,
  "mean_update_fraction": 0.06239999830722809,
  "mechanism": "hardzero_only",
  "mechanism_tag": "hardzero_only__c0p58__z1p00__lam0p000__nu0p50__psi0p00",
  "runtime_sec": 10.734016749076545,
  "seed": 47,
  "support_mode": "none",
  "support_total": 0.0,
  "total_debt_charge": 3.426650285720825,
  "total_support_s": 0.0,
  "z_cut": 1.0
}