{
  "alpha": 0.067,
  "c_upd": 0.58,
  "depr_lambda": 0.0,
  "depr_nu": 0.5,
  "depr_psi": 0.0,
  "eval_CSR_post": 0.0,
  "eval_dbar_post_mean": 0.6076921820640564,
  "eval_done_count": 100.0,
  "eval_episodes_per_env": 4.0,
  "eval_len_end_mean": 26.0,
  "eval_occupied_post_mean": 0.25999999046325684,
  "eval_return_end_mean": -24.638525009155273,
  "eval_t_eval": 104.0,
  "final_depr_F_post": 0.0,
  "final_energy_E_post": 0.4758855700492859,
  "final_episode_return_end_mean": -26.298532485961914,
  "final_funding_alpha_eff": 0.06700000166893005,
  "final_funding_g": 0.12083873152732849,
  "final_funding_g_raw": 0.12083873152732849,
  "final_update_counter": 10.0,
  "final_vartd_VarTD": 0.2079964280128479,
  "mechanism": "hardzero_only",
  "mechanism_tag": "hardzero_only__c0p58__z1p00__lam0p000__nu0p50__psi0p00",
  "runtime_sec": 19.112201092997566,
  "seed": 30,
  "z_cut": 1.0
}