{
  "alpha": 0.03,
  "c_upd": 0.52,
  "depr_lambda": 0.03,
  "depr_nu": 0.5,
  "depr_psi": 1.0,
  "eval_CSR_post": 0.0,
  "eval_dbar_post_mean": 0.5910345911979675,
  "eval_done_count": 100.0,
  "eval_episodes_per_env": 4.0,
  "eval_len_end_mean": 26.0,
  "eval_occupied_post_mean": 0.2800000011920929,
  "eval_return_end_mean": -24.2320499420166,
  "eval_t_eval": 104.0,
  "final_depr_F_post": 37.170108795166016,
  "final_energy_E_post": 0.07367157191038132,
  "final_episode_return_end_mean": -29.00830841064453,
  "final_funding_alpha_eff": 2.225237856907996e-18,
  "final_funding_g": 0.0,
  "final_funding_g_raw": 0.07560304552316666,
  "final_update_counter": 2.0,
  "final_vartd_VarTD": 0.17263461649417877,
  "mechanism": "hardzero_plus_depr",
  "mechanism_tag": "hardzero_plus_depr__c0p52__z1p10__lam0p030__nu0p50__psi1p00",
  "runtime_sec": 10.604976108996198,
  "seed": 36,
  "z_cut": 1.1
}