{
  "alpha": 0.04,
  "c_upd": 0.54,
  "depr_lambda": 0.02,
  "depr_nu": 0.5,
  "depr_psi": 1.25,
  "eval_CSR_post": 0.0,
  "eval_dbar_post_mean": 0.5215834379196167,
  "eval_done_count": 100.0,
  "eval_episodes_per_env": 4.0,
  "eval_len_end_mean": 26.0,
  "eval_occupied_post_mean": 0.3499999940395355,
  "eval_return_end_mean": -22.10545539855957,
  "eval_t_eval": 104.0,
  "final_depr_F_post": 24.61037254333496,
  "final_energy_E_post": 0.10276275873184204,
  "final_episode_return_end_mean": -27.99241828918457,
  "final_funding_alpha_eff": 1.789499402609848e-15,
  "final_funding_g": 0.09074342995882034,
  "final_funding_g_raw": 0.09074342995882034,
  "final_update_counter": 2.0,
  "final_vartd_VarTD": 0.21408846974372864,
  "mechanism": "hardzero_plus_depr",
  "mechanism_tag": "hardzero_plus_depr__c0p54__z1p10__lam0p020__nu0p50__psi1p25",
  "runtime_sec": 10.560802247026004,
  "seed": 38,
  "z_cut": 1.1
}