{
  "alpha": 0.05,
  "c_upd": 0.54,
  "depr_lambda": 0.01,
  "depr_nu": 0.5,
  "depr_psi": 1.25,
  "eval_CSR_post": 0.009999999776482582,
  "eval_dbar_post_mean": 0.549552321434021,
  "eval_done_count": 100.0,
  "eval_episodes_per_env": 4.0,
  "eval_len_end_mean": 26.0,
  "eval_occupied_post_mean": 0.3400000035762787,
  "eval_return_end_mean": -23.359506607055664,
  "eval_t_eval": 104.0,
  "final_depr_F_post": 12.345187187194824,
  "final_energy_E_post": 0.31491419672966003,
  "final_episode_return_end_mean": -27.38614845275879,
  "final_funding_alpha_eff": 1.005982763757629e-08,
  "final_funding_g": 0.09363603591918945,
  "final_funding_g_raw": 0.09363603591918945,
  "final_update_counter": 2.0,
  "final_vartd_VarTD": 0.1884557157754898,
  "mechanism": "hardzero_plus_depr",
  "mechanism_tag": "hardzero_plus_depr__c0p54__z1p05__lam0p010__nu0p50__psi1p25",
  "runtime_sec": 23.47654393000994,
  "seed": 30,
  "z_cut": 1.05
}