{
  "alpha": 0.08,
  "c_upd": 0.5,
  "depr_lambda": 0.01,
  "depr_nu": 0.5,
  "depr_psi": 1.0,
  "eval_CSR_post": 0.0,
  "eval_dbar_post_mean": 0.5918399691581726,
  "eval_done_count": 100.0,
  "eval_episodes_per_env": 4.0,
  "eval_len_end_mean": 26.0,
  "eval_occupied_post_mean": 0.25999999046325684,
  "eval_return_end_mean": -24.929901123046875,
  "eval_t_eval": 104.0,
  "final_depr_F_post": 11.990179061889648,
  "final_energy_E_post": 0.49953651428222656,
  "final_episode_return_end_mean": -26.917150497436523,
  "final_funding_alpha_eff": 5.013770305595244e-07,
  "final_funding_g": 0.09717168658971786,
  "final_funding_g_raw": 0.09717168658971786,
  "final_update_counter": 3.0,
  "final_vartd_VarTD": 0.19545400142669678,
  "mechanism": "hardzero_plus_depr",
  "mechanism_tag": "hardzero_plus_depr__c0p50__z1p10__lam0p010__nu0p50__psi1p00",
  "runtime_sec": 10.715856497990899,
  "seed": 37,
  "z_cut": 1.1
}