{
  "alpha": 0.1,
  "c_upd": 0.56,
  "depr_lambda": 0.01,
  "depr_nu": 0.5,
  "depr_psi": 1.25,
  "eval_CSR_post": 0.0,
  "eval_dbar_post_mean": 0.595731258392334,
  "eval_done_count": 100.0,
  "eval_episodes_per_env": 4.0,
  "eval_len_end_mean": 26.0,
  "eval_occupied_post_mean": 0.20999999344348907,
  "eval_return_end_mean": -23.761884689331055,
  "eval_t_eval": 104.0,
  "final_depr_F_post": 10.505145072937012,
  "final_energy_E_post": 0.06491667032241821,
  "final_episode_return_end_mean": -27.983800888061523,
  "final_funding_alpha_eff": 2.0068769401859754e-07,
  "final_funding_g": 0.08926468342542648,
  "final_funding_g_raw": 0.08926468342542648,
  "final_update_counter": 3.0,
  "final_vartd_VarTD": 0.17043542861938477,
  "mechanism": "hardzero_plus_depr",
  "mechanism_tag": "hardzero_plus_depr__c0p56__z1p05__lam0p010__nu0p50__psi1p25",
  "runtime_sec": 10.5924112899811,
  "seed": 40,
  "z_cut": 1.05
}