{
  "alpha": 0.05,
  "c_upd": 0.6,
  "depr_lambda": 0.01,
  "depr_nu": 0.5,
  "depr_psi": 1.25,
  "eval_CSR_post": 0.009999999776482582,
  "eval_dbar_post_mean": 0.6242687702178955,
  "eval_done_count": 100.0,
  "eval_episodes_per_env": 4.0,
  "eval_len_end_mean": 26.0,
  "eval_occupied_post_mean": 0.3400000035762787,
  "eval_return_end_mean": -25.18638801574707,
  "eval_t_eval": 104.0,
  "final_depr_F_post": 11.98517894744873,
  "final_energy_E_post": 0.18592651188373566,
  "final_episode_return_end_mean": -26.51641273498535,
  "final_funding_alpha_eff": 1.577711472577903e-08,
  "final_funding_g": 0.09304622560739517,
  "final_funding_g_raw": 0.09304622560739517,
  "final_update_counter": 2.0,
  "final_vartd_VarTD": 0.12277399748563766,
  "mechanism": "hardzero_plus_depr",
  "mechanism_tag": "hardzero_plus_depr__c0p60__z1p05__lam0p010__nu0p50__psi1p25",
  "runtime_sec": 10.648714378010482,
  "seed": 34,
  "z_cut": 1.05
}