{
  "alpha": 0.05,
  "c_upd": 0.56,
  "depr_lambda": 0.02,
  "depr_nu": 0.5,
  "depr_psi": 1.0,
  "eval_CSR_post": 0.0,
  "eval_dbar_post_mean": 0.6474692225456238,
  "eval_done_count": 100.0,
  "eval_episodes_per_env": 4.0,
  "eval_len_end_mean": 26.0,
  "eval_occupied_post_mean": 0.26999998092651367,
  "eval_return_end_mean": -24.590299606323242,
  "eval_t_eval": 104.0,
  "final_depr_F_post": 24.44036865234375,
  "final_energy_E_post": 0.13335254788398743,
  "final_episode_return_end_mean": -28.0073184967041,
  "final_funding_alpha_eff": 1.2397635001937246e-12,
  "final_funding_g": 0.0,
  "final_funding_g_raw": 0.08768358826637268,
  "final_update_counter": 2.0,
  "final_vartd_VarTD": 0.17897561192512512,
  "mechanism": "hardzero_plus_depr",
  "mechanism_tag": "hardzero_plus_depr__c0p56__z1p05__lam0p020__nu0p50__psi1p00",
  "runtime_sec": 10.621612405986525,
  "seed": 40,
  "z_cut": 1.05
}