{
  "alpha": 0.09,
  "c_upd": 0.58,
  "depr_lambda": 0.0,
  "depr_nu": 0.5,
  "depr_psi": 0.0,
  "eval_CSR_post": 0.0,
  "eval_dbar_post_mean": 0.49989473819732666,
  "eval_done_count": 100.0,
  "eval_episodes_per_env": 4.0,
  "eval_len_end_mean": 26.0,
  "eval_occupied_post_mean": 0.38999998569488525,
  "eval_return_end_mean": -24.18886947631836,
  "eval_t_eval": 104.0,
  "final_depr_F_post": 0.0,
  "final_energy_E_post": 0.10112068057060242,
  "final_episode_return_end_mean": -24.176706314086914,
  "final_funding_alpha_eff": 0.09000000357627869,
  "final_funding_g": 0.1576179563999176,
  "final_funding_g_raw": 0.1576179563999176,
  "final_update_counter": 24.0,
  "final_vartd_VarTD": 1.0251914262771606,
  "mechanism": "hardzero_only",
  "mechanism_tag": "hardzero_only__c0p58__z1p00__lam0p000__nu0p50__psi0p00",
  "runtime_sec": 9.504914282006212,
  "seed": 58,
  "z_cut": 1.0
}