{
  "alpha": 0.049,
  "c_upd": 0.58,
  "depr_lambda": 0.005,
  "depr_nu": 1.0,
  "depr_psi": 0.5,
  "eval_CSR_post": 0.0,
  "eval_dbar_post_mean": 0.5881710052490234,
  "eval_done_count": 100.0,
  "eval_episodes_per_env": 4.0,
  "eval_len_end_mean": 26.0,
  "eval_occupied_post_mean": 0.3199999928474426,
  "eval_return_end_mean": -24.408161163330078,
  "eval_t_eval": 104.0,
  "final_depr_F_post": 0.2399999052286148,
  "final_energy_E_post": 0.26632362604141235,
  "final_episode_return_end_mean": -26.18865394592285,
  "final_funding_alpha_eff": 0.04356788471341133,
  "final_funding_g": 0.11936609447002411,
  "final_funding_g_raw": 0.11936609447002411,
  "final_update_counter": 7.0,
  "final_vartd_VarTD": 0.1445322483778,
  "mechanism": "hardzero_plus_depr",
  "mechanism_tag": "hardzero_plus_depr__c0p58__z1p00__lam0p005__nu1p00__psi0p50",
  "runtime_sec": 9.478515438036993,
  "seed": 52,
  "z_cut": 1.0
}