{
  "alpha": 0.12,
  "c_upd": 0.52,
  "depr_lambda": 0.01,
  "depr_nu": 0.5,
  "depr_psi": 1.0,
  "eval_CSR_post": 0.0,
  "eval_dbar_post_mean": 0.51930171251297,
  "eval_done_count": 100.0,
  "eval_episodes_per_env": 4.0,
  "eval_len_end_mean": 26.0,
  "eval_occupied_post_mean": 0.3700000047683716,
  "eval_return_end_mean": -23.076425552368164,
  "eval_t_eval": 104.0,
  "final_depr_F_post": 10.557021141052246,
  "final_energy_E_post": 0.5029623508453369,
  "final_episode_return_end_mean": -27.439104080200195,
  "final_funding_alpha_eff": 3.152595354549703e-06,
  "final_funding_g": 0.10307584702968597,
  "final_funding_g_raw": 0.10307584702968597,
  "final_update_counter": 5.0,
  "final_vartd_VarTD": 0.15056294202804565,
  "mechanism": "hardzero_plus_depr",
  "mechanism_tag": "hardzero_plus_depr__c0p52__z1p10__lam0p010__nu0p50__psi1p00",
  "runtime_sec": 10.766915794985835,
  "seed": 41,
  "z_cut": 1.1
}