{
  "alpha": 0.1,
  "c_upd": 0.54,
  "depr_lambda": 0.03,
  "depr_nu": 0.5,
  "depr_psi": 0.75,
  "eval_CSR_post": 0.0,
  "eval_dbar_post_mean": 0.5808762311935425,
  "eval_done_count": 100.0,
  "eval_episodes_per_env": 4.0,
  "eval_len_end_mean": 26.0,
  "eval_occupied_post_mean": 0.2800000011920929,
  "eval_return_end_mean": -25.55056381225586,
  "eval_t_eval": 104.0,
  "final_depr_F_post": 37.30510330200195,
  "final_energy_E_post": 0.42257216572761536,
  "final_episode_return_end_mean": -26.759746551513672,
  "final_funding_alpha_eff": 7.223046352656734e-14,
  "final_funding_g": 0.09938057512044907,
  "final_funding_g_raw": 0.09938057512044907,
  "final_update_counter": 2.0,
  "final_vartd_VarTD": 0.19568349421024323,
  "mechanism": "hardzero_plus_depr",
  "mechanism_tag": "hardzero_plus_depr__c0p54__z1p10__lam0p030__nu0p50__psi0p75",
  "runtime_sec": 10.7568427399965,
  "seed": 37,
  "z_cut": 1.1
}