{
  "alpha": 0.04,
  "c_upd": 0.6,
  "depr_lambda": 0.01,
  "depr_nu": 0.5,
  "depr_psi": 1.0,
  "eval_CSR_post": 0.0,
  "eval_dbar_post_mean": 0.5469036102294922,
  "eval_done_count": 100.0,
  "eval_episodes_per_env": 4.0,
  "eval_len_end_mean": 26.0,
  "eval_occupied_post_mean": 0.26999998092651367,
  "eval_return_end_mean": -23.21949577331543,
  "eval_t_eval": 104.0,
  "final_depr_F_post": 12.100181579589844,
  "final_energy_E_post": 0.27597686648368835,
  "final_episode_return_end_mean": -27.238689422607422,
  "final_funding_alpha_eff": 2.2457477655279945e-07,
  "final_funding_g": 0.09496577084064484,
  "final_funding_g_raw": 0.09496577084064484,
  "final_update_counter": 2.0,
  "final_vartd_VarTD": 0.19000780582427979,
  "mechanism": "hardzero_plus_depr",
  "mechanism_tag": "hardzero_plus_depr__c0p60__z1p10__lam0p010__nu0p50__psi1p00",
  "runtime_sec": 24.068035866017453,
  "seed": 30,
  "z_cut": 1.1
}