{
  "alpha": 0.076,
  "c_upd": 0.58,
  "depr_lambda": 0.0,
  "depr_nu": 0.5,
  "depr_psi": 0.0,
  "eval_CSR_post": 0.0,
  "eval_dbar_post_mean": 0.49023911356925964,
  "eval_done_count": 100.0,
  "eval_episodes_per_env": 4.0,
  "eval_len_end_mean": 26.0,
  "eval_occupied_post_mean": 0.429999977350235,
  "eval_return_end_mean": -23.025224685668945,
  "eval_t_eval": 104.0,
  "final_depr_F_post": 0.0,
  "final_energy_E_post": 0.42644909024238586,
  "final_episode_return_end_mean": -25.107891082763672,
  "final_funding_alpha_eff": 0.07599999755620956,
  "final_funding_g": 0.12296702712774277,
  "final_funding_g_raw": 0.12296702712774277,
  "final_update_counter": 13.0,
  "final_vartd_VarTD": 0.20898669958114624,
  "mechanism": "hardzero_only",
  "mechanism_tag": "hardzero_only__c0p58__z1p00__lam0p000__nu0p50__psi0p00",
  "runtime_sec": 9.492209610994905,
  "seed": 39,
  "z_cut": 1.0
}