{
  "alpha": 0.02,
  "c_upd": 0.56,
  "depr_lambda": 0.0,
  "depr_nu": 0.5,
  "depr_psi": 0.0,
  "eval_CSR_post": 0.019999999552965164,
  "eval_dbar_post_mean": 0.5150569677352905,
  "eval_done_count": 100.0,
  "eval_episodes_per_env": 4.0,
  "eval_len_end_mean": 26.0,
  "eval_occupied_post_mean": 0.38999998569488525,
  "eval_return_end_mean": -23.68787384033203,
  "eval_t_eval": 104.0,
  "final_depr_F_post": 0.0,
  "final_energy_E_post": 0.3626561760902405,
  "final_episode_return_end_mean": -26.12800407409668,
  "final_funding_alpha_eff": 0.019999999552965164,
  "final_funding_g": 0.12305507063865662,
  "final_funding_g_raw": 0.12305507063865662,
  "final_update_counter": 6.0,
  "final_vartd_VarTD": 0.17286217212677002,
  "mechanism": "hardzero_only",
  "mechanism_tag": "hardzero_only__c0p56__z1p10__lam0p000__nu0p50__psi0p00",
  "runtime_sec": 20.09562757704407,
  "seed": 30,
  "z_cut": 1.1
}