{
  "alpha": 0.03,
  "c_upd": 0.5,
  "depr_lambda": 0.01,
  "depr_nu": 0.5,
  "depr_psi": 1.0,
  "eval_CSR_post": 0.0,
  "eval_dbar_post_mean": 0.6312657594680786,
  "eval_done_count": 100.0,
  "eval_episodes_per_env": 4.0,
  "eval_len_end_mean": 26.0,
  "eval_occupied_post_mean": 0.22999998927116394,
  "eval_return_end_mean": -25.02562141418457,
  "eval_t_eval": 104.0,
  "final_depr_F_post": 12.48019027709961,
  "final_energy_E_post": 0.29486173391342163,
  "final_episode_return_end_mean": -27.86324119567871,
  "final_funding_alpha_eff": 1.1518250175868161e-07,
  "final_funding_g": 0.091621533036232,
  "final_funding_g_raw": 0.091621533036232,
  "final_update_counter": 2.0,
  "final_vartd_VarTD": 0.17097577452659607,
  "mechanism": "hardzero_plus_depr",
  "mechanism_tag": "hardzero_plus_depr__c0p50__z1p10__lam0p010__nu0p50__psi1p00",
  "runtime_sec": 10.690941156994086,
  "seed": 40,
  "z_cut": 1.1
}