{
  "alpha": 0.1,
  "c_upd": 0.5,
  "depr_lambda": 0.0,
  "depr_nu": 0.5,
  "depr_psi": 0.0,
  "eval_CSR_post": 0.009999999776482582,
  "eval_dbar_post_mean": 0.4964297413825989,
  "eval_done_count": 100.0,
  "eval_episodes_per_env": 4.0,
  "eval_len_end_mean": 26.0,
  "eval_occupied_post_mean": 0.3999999761581421,
  "eval_return_end_mean": -24.005773544311523,
  "eval_t_eval": 104.0,
  "final_depr_F_post": 0.0,
  "final_energy_E_post": 0.35361066460609436,
  "final_episode_return_end_mean": -23.841312408447266,
  "final_funding_alpha_eff": 0.10000000149011612,
  "final_funding_g": 0.17631930112838745,
  "final_funding_g_raw": 0.17631930112838745,
  "final_update_counter": 32.0,
  "final_vartd_VarTD": 2.2268333435058594,
  "mechanism": "hardzero_only",
  "mechanism_tag": "hardzero_only__c0p50__z1p00__lam0p000__nu0p50__psi0p00",
  "runtime_sec": 9.885005456017097,
  "seed": 36,
  "z_cut": 1.0
}