{
  "alpha": 0.02,
  "c_upd": 0.54,
  "depr_lambda": 0.01,
  "depr_nu": 0.5,
  "depr_psi": 1.0,
  "eval_CSR_post": 0.0,
  "eval_dbar_post_mean": 0.5983290076255798,
  "eval_done_count": 100.0,
  "eval_episodes_per_env": 4.0,
  "eval_len_end_mean": 26.0,
  "eval_occupied_post_mean": 0.28999999165534973,
  "eval_return_end_mean": -24.52864646911621,
  "eval_t_eval": 104.0,
  "final_depr_F_post": 12.100181579589844,
  "final_energy_E_post": 0.12443262338638306,
  "final_episode_return_end_mean": -27.90814971923828,
  "final_funding_alpha_eff": 1.1228738827639972e-07,
  "final_funding_g": 0.09028787910938263,
  "final_funding_g_raw": 0.09028787910938263,
  "final_update_counter": 2.0,
  "final_vartd_VarTD": 0.17437629401683807,
  "mechanism": "hardzero_plus_depr",
  "mechanism_tag": "hardzero_plus_depr__c0p54__z1p05__lam0p010__nu0p50__psi1p00",
  "runtime_sec": 10.913318681006785,
  "seed": 40,
  "z_cut": 1.05
}