{
  "alpha": 0.08,
  "c_upd": 0.6,
  "depr_lambda": 0.01,
  "depr_nu": 0.5,
  "depr_psi": 0.75,
  "eval_CSR_post": 0.009999999776482582,
  "eval_dbar_post_mean": 0.5321468710899353,
  "eval_done_count": 100.0,
  "eval_episodes_per_env": 4.0,
  "eval_len_end_mean": 26.0,
  "eval_occupied_post_mean": 0.4399999976158142,
  "eval_return_end_mean": -24.310102462768555,
  "eval_t_eval": 104.0,
  "final_depr_F_post": 11.420166015625,
  "final_energy_E_post": 0.1980581432580948,
  "final_episode_return_end_mean": -26.778669357299805,
  "final_funding_alpha_eff": 1.536599847895559e-05,
  "final_funding_g": 0.10694345831871033,
  "final_funding_g_raw": 0.10694345831871033,
  "final_update_counter": 2.0,
  "final_vartd_VarTD": 0.11941222101449966,
  "mechanism": "hardzero_plus_depr",
  "mechanism_tag": "hardzero_plus_depr__c0p60__z1p00__lam0p010__nu0p50__psi0p75",
  "runtime_sec": 10.655664943973534,
  "seed": 33,
  "z_cut": 1.0
}