{
  "I_R_short": 0.4385333084032439,
  "alpha": 0.0,
  "borrow_interest": 0.0,
  "borrow_limit": 0.0,
  "c_upd": 0.6,
  "condition": "rescue_short_anchor__support__t400k__a0p00__c0p60",
  "eval_CSR_post": 0.0,
  "eval_CSR_pre": 0.0,
  "eval_dbar_post_mean": 0.629287838935852,
  "eval_dbar_pre_mean": 0.6313638687133789,
  "eval_done_count": 100.0,
  "eval_done_per_env_max": 4.0,
  "eval_done_per_env_min": 4.0,
  "eval_episodes_per_env": 4.0,
  "eval_len_end_mean": 26.0,
  "eval_max_tilde_post_mean": 0.9301730990409851,
  "eval_max_tilde_pre_mean": 0.9269992113113403,
  "eval_occupied_post_mean": 0.2199999988079071,
  "eval_occupied_pre_mean": 0.17000000178813934,
  "eval_return_end_mean": -25.08985710144043,
  "eval_t_eval": 104.0,
  "family": "support",
  "final_energy": 0.40000003576278687,
  "final_executed_updates": 2.0,
  "final_vartd": 0.1659707874059677,
  "learned_R_short_0p5": 0.0,
  "max_debt_level": 0.0,
  "mean_update_fraction": 0.01600000075995922,
  "metric_horizon": "short",
  "phase": "rescue_short",
  "runtime_sec": 1.1793140820009285,
  "seed": 34,
  "support_mode": "frontload",
  "support_total": 0.6,
  "total_debt_charge": 0.0,
  "total_support_injected": 0.6000000238418579,
  "total_timesteps": 400000,
  "train_final_return_end_mean": -26.86243438720703
}