{
  "alpha": 0.04,
  "c_upd": 0.6,
  "depr_lambda": 0.0,
  "depr_nu": 0.5,
  "depr_psi": 0.0,
  "eval_CSR_post": 0.0,
  "eval_dbar_post_mean": 0.5345933437347412,
  "eval_done_count": 100.0,
  "eval_episodes_per_env": 4.0,
  "eval_len_end_mean": 26.0,
  "eval_occupied_post_mean": 0.25999999046325684,
  "eval_return_end_mean": -24.382692337036133,
  "eval_t_eval": 104.0,
  "final_depr_F_post": 0.0,
  "final_energy_E_post": 0.13477814197540283,
  "final_episode_return_end_mean": -25.179126739501953,
  "final_funding_alpha_eff": 0.03999999910593033,
  "final_funding_g": 0.128592386841774,
  "final_funding_g_raw": 0.128592386841774,
  "final_update_counter": 10.0,
  "final_vartd_VarTD": 0.1653473973274231,
  "mechanism": "hardzero_only",
  "mechanism_tag": "hardzero_only__c0p60__z1p05__lam0p000__nu0p50__psi0p00",
  "runtime_sec": 9.838027933961712,
  "seed": 39,
  "z_cut": 1.05
}