{
  "alpha": 0.025,
  "c_upd": 0.58,
  "depr_lambda": 0.0,
  "depr_nu": 0.5,
  "depr_psi": 0.0,
  "eval_CSR_post": 0.0,
  "eval_dbar_post_mean": 0.8852521777153015,
  "eval_done_count": 100.0,
  "eval_episodes_per_env": 4.0,
  "eval_len_end_mean": 26.0,
  "eval_occupied_post_mean": 0.08999999612569809,
  "eval_return_end_mean": -29.214975357055664,
  "eval_t_eval": 104.0,
  "final_depr_F_post": 0.0,
  "final_energy_E_post": 0.0987563505768776,
  "final_episode_return_end_mean": -26.857318878173828,
  "final_funding_alpha_eff": 0.02500000037252903,
  "final_funding_g": 0.0,
  "final_funding_g_raw": 0.09993903338909149,
  "final_update_counter": 2.0,
  "final_vartd_VarTD": 0.14884231984615326,
  "mechanism": "hardzero_only",
  "mechanism_tag": "hardzero_only__c0p58__z1p00__lam0p000__nu0p50__psi0p00",
  "runtime_sec": 9.465196804958396,
  "seed": 60,
  "z_cut": 1.0
}