{
  "alpha": 0.046,
  "c_upd": 0.58,
  "depr_lambda": 0.005,
  "depr_nu": 1.0,
  "depr_psi": 0.5,
  "eval_CSR_post": 0.0,
  "eval_dbar_post_mean": 0.5829360485076904,
  "eval_done_count": 100.0,
  "eval_episodes_per_env": 4.0,
  "eval_len_end_mean": 26.0,
  "eval_occupied_post_mean": 0.23999999463558197,
  "eval_return_end_mean": -24.06340217590332,
  "eval_t_eval": 104.0,
  "final_depr_F_post": 1.0499992370605469,
  "final_energy_E_post": 0.5783420205116272,
  "final_episode_return_end_mean": -26.347625732421875,
  "final_funding_alpha_eff": 0.027279673144221306,
  "final_funding_g": 0.10103367269039154,
  "final_funding_g_raw": 0.10103367269039154,
  "final_update_counter": 3.0,
  "final_vartd_VarTD": 0.1394597589969635,
  "mechanism": "hardzero_plus_depr",
  "mechanism_tag": "hardzero_plus_depr__c0p58__z1p00__lam0p005__nu1p00__psi0p50",
  "runtime_sec": 9.465986266033724,
  "seed": 43,
  "z_cut": 1.0
}