{
  "alpha": 0.12,
  "c_upd": 0.6,
  "depr_lambda": 0.01,
  "depr_nu": 0.5,
  "depr_psi": 0.75,
  "eval_CSR_post": 0.0,
  "eval_dbar_post_mean": 0.5928287506103516,
  "eval_done_count": 100.0,
  "eval_episodes_per_env": 4.0,
  "eval_len_end_mean": 26.0,
  "eval_occupied_post_mean": 0.28999999165534973,
  "eval_return_end_mean": -23.84149169921875,
  "eval_t_eval": 104.0,
  "final_depr_F_post": 11.485167503356934,
  "final_energy_E_post": 0.29786616563796997,
  "final_episode_return_end_mean": -27.374889373779297,
  "final_funding_alpha_eff": 2.1952288079774007e-05,
  "final_funding_g": 0.0,
  "final_funding_g_raw": 0.0930396169424057,
  "final_update_counter": 2.0,
  "final_vartd_VarTD": 0.18984825909137726,
  "mechanism": "hardzero_plus_depr",
  "mechanism_tag": "hardzero_plus_depr__c0p60__z1p00__lam0p010__nu0p50__psi0p75",
  "runtime_sec": 23.020414703001734,
  "seed": 30,
  "z_cut": 1.0
}