{
  "alpha": 0.06,
  "c_upd": 0.56,
  "depr_lambda": 0.0,
  "depr_nu": 0.5,
  "depr_psi": 0.0,
  "eval_CSR_post": 0.009999999776482582,
  "eval_dbar_post_mean": 0.48269450664520264,
  "eval_done_count": 100.0,
  "eval_episodes_per_env": 4.0,
  "eval_len_end_mean": 26.0,
  "eval_occupied_post_mean": 0.4099999964237213,
  "eval_return_end_mean": -24.527177810668945,
  "eval_t_eval": 104.0,
  "final_depr_F_post": 0.0,
  "final_energy_E_post": 0.48977455496788025,
  "final_episode_return_end_mean": -24.921430587768555,
  "final_funding_alpha_eff": 0.05999999865889549,
  "final_funding_g": 0.15285277366638184,
  "final_funding_g_raw": 0.15285277366638184,
  "final_update_counter": 17.0,
  "final_vartd_VarTD": 0.43188339471817017,
  "mechanism": "hardzero_only",
  "mechanism_tag": "hardzero_only__c0p56__z1p05__lam0p000__nu0p50__psi0p00",
  "runtime_sec": 10.145102203998249,
  "seed": 35,
  "z_cut": 1.05
}