{
  "alpha": 0.03,
  "c_upd": 0.56,
  "depr_lambda": 0.0,
  "depr_nu": 0.5,
  "depr_psi": 0.0,
  "eval_CSR_post": 0.009999999776482582,
  "eval_dbar_post_mean": 0.4901353716850281,
  "eval_done_count": 100.0,
  "eval_episodes_per_env": 4.0,
  "eval_len_end_mean": 26.0,
  "eval_occupied_post_mean": 0.4599999785423279,
  "eval_return_end_mean": -23.519277572631836,
  "eval_t_eval": 104.0,
  "final_depr_F_post": 0.0,
  "final_energy_E_post": 0.25732189416885376,
  "final_episode_return_end_mean": -25.14630126953125,
  "final_funding_alpha_eff": 0.029999999329447746,
  "final_funding_g": 0.1472015678882599,
  "final_funding_g_raw": 0.1472015678882599,
  "final_update_counter": 9.0,
  "final_vartd_VarTD": 0.12908264994621277,
  "mechanism": "hardzero_only",
  "mechanism_tag": "hardzero_only__c0p56__z1p10__lam0p000__nu0p50__psi0p00",
  "runtime_sec": 9.797148274956271,
  "seed": 33,
  "z_cut": 1.1
}