{
  "alpha": 0.05,
  "c_upd": 0.6,
  "depr_lambda": 0.0,
  "depr_nu": 0.5,
  "depr_psi": 0.0,
  "eval_CSR_post": 0.0,
  "eval_dbar_post_mean": 0.530430018901825,
  "eval_done_count": 100.0,
  "eval_episodes_per_env": 4.0,
  "eval_len_end_mean": 26.0,
  "eval_occupied_post_mean": 0.29999998211860657,
  "eval_return_end_mean": -24.02641487121582,
  "eval_t_eval": 104.0,
  "final_depr_F_post": 0.0,
  "final_energy_E_post": 0.21516944468021393,
  "final_episode_return_end_mean": -25.92963981628418,
  "final_funding_alpha_eff": 0.05000000074505806,
  "final_funding_g": 0.1378897726535797,
  "final_funding_g_raw": 0.1378897726535797,
  "final_update_counter": 14.0,
  "final_vartd_VarTD": 0.23511019349098206,
  "mechanism": "hardzero_only",
  "mechanism_tag": "hardzero_only__c0p60__z1p10__lam0p000__nu0p50__psi0p00",
  "runtime_sec": 9.786661079968326,
  "seed": 31,
  "z_cut": 1.1
}