{
  "alpha": 0.12,
  "c_upd": 0.5,
  "depr_lambda": 0.01,
  "depr_nu": 0.5,
  "depr_psi": 0.75,
  "eval_CSR_post": 0.009999999776482582,
  "eval_dbar_post_mean": 0.4895631670951843,
  "eval_done_count": 100.0,
  "eval_episodes_per_env": 4.0,
  "eval_len_end_mean": 26.0,
  "eval_occupied_post_mean": 0.3999999761581421,
  "eval_return_end_mean": -23.50750160217285,
  "eval_t_eval": 104.0,
  "final_depr_F_post": 0.48129045963287354,
  "final_energy_E_post": 0.17818407714366913,
  "final_episode_return_end_mean": -24.381345748901367,
  "final_funding_alpha_eff": 0.08426982909440994,
  "final_funding_g": 0.16636057198047638,
  "final_funding_g_raw": 0.16636057198047638,
  "final_update_counter": 24.0,
  "final_vartd_VarTD": 1.093634843826294,
  "mechanism": "hardzero_plus_depr",
  "mechanism_tag": "hardzero_plus_depr__c0p50__z1p05__lam0p010__nu0p50__psi0p75",
  "runtime_sec": 10.675868527032435,
  "seed": 35,
  "z_cut": 1.05
}