{
  "alpha": 0.048,
  "c_upd": 0.58,
  "depr_lambda": 0.0,
  "depr_nu": 0.5,
  "depr_psi": 0.0,
  "eval_CSR_post": 0.0,
  "eval_dbar_post_mean": 0.48986944556236267,
  "eval_done_count": 100.0,
  "eval_episodes_per_env": 4.0,
  "eval_len_end_mean": 26.0,
  "eval_occupied_post_mean": 0.28999999165534973,
  "eval_return_end_mean": -23.813791275024414,
  "eval_t_eval": 104.0,
  "final_depr_F_post": 0.0,
  "final_energy_E_post": 0.4416872262954712,
  "final_episode_return_end_mean": -25.803468704223633,
  "final_funding_alpha_eff": 0.04800000041723251,
  "final_funding_g": 0.12990687787532806,
  "final_funding_g_raw": 0.12990687787532806,
  "final_update_counter": 11.0,
  "final_vartd_VarTD": 0.14583803713321686,
  "mechanism": "hardzero_only",
  "mechanism_tag": "hardzero_only__c0p58__z1p00__lam0p000__nu0p50__psi0p00",
  "runtime_sec": 10.847017572028562,
  "seed": 55,
  "z_cut": 1.0
}