{
  "alpha": 0.08,
  "c_upd": 0.5,
  "depr_lambda": 0.01,
  "depr_nu": 0.5,
  "depr_psi": 1.0,
  "eval_CSR_post": 0.009999999776482582,
  "eval_dbar_post_mean": 0.5077192187309265,
  "eval_done_count": 100.0,
  "eval_episodes_per_env": 4.0,
  "eval_len_end_mean": 26.0,
  "eval_occupied_post_mean": 0.3999999761581421,
  "eval_return_end_mean": -21.8593692779541,
  "eval_t_eval": 104.0,
  "final_depr_F_post": 11.945178031921387,
  "final_energy_E_post": 0.47747957706451416,
  "final_episode_return_end_mean": -27.781179428100586,
  "final_funding_alpha_eff": 5.244548901828239e-07,
  "final_funding_g": 0.09161855280399323,
  "final_funding_g_raw": 0.09161855280399323,
  "final_update_counter": 3.0,
  "final_vartd_VarTD": 0.21899405121803284,
  "mechanism": "hardzero_plus_depr",
  "mechanism_tag": "hardzero_plus_depr__c0p50__z1p10__lam0p010__nu0p50__psi1p00",
  "runtime_sec": 10.693164572992828,
  "seed": 38,
  "z_cut": 1.1
}