{
  "alpha": 0.03,
  "c_upd": 0.54,
  "depr_lambda": 0.01,
  "depr_nu": 0.5,
  "depr_psi": 1.25,
  "eval_CSR_post": 0.0,
  "eval_dbar_post_mean": 0.5948953628540039,
  "eval_done_count": 100.0,
  "eval_episodes_per_env": 4.0,
  "eval_len_end_mean": 26.0,
  "eval_occupied_post_mean": 0.28999999165534973,
  "eval_return_end_mean": -25.149049758911133,
  "eval_t_eval": 104.0,
  "final_depr_F_post": 12.315186500549316,
  "final_energy_E_post": 0.19392940402030945,
  "final_episode_return_end_mean": -26.924837112426758,
  "final_funding_alpha_eff": 6.2665432842834434e-09,
  "final_funding_g": 0.09692392498254776,
  "final_funding_g_raw": 0.09692392498254776,
  "final_update_counter": 2.0,
  "final_vartd_VarTD": 0.2009168416261673,
  "mechanism": "hardzero_plus_depr",
  "mechanism_tag": "hardzero_plus_depr__c0p54__z1p10__lam0p010__nu0p50__psi1p25",
  "runtime_sec": 10.719215905060992,
  "seed": 37,
  "z_cut": 1.1
}