{
  "alpha": 0.12,
  "c_upd": 0.52,
  "depr_lambda": 0.02,
  "depr_nu": 0.5,
  "depr_psi": 1.0,
  "eval_CSR_post": 0.0,
  "eval_dbar_post_mean": 0.5577001571655273,
  "eval_done_count": 100.0,
  "eval_episodes_per_env": 4.0,
  "eval_len_end_mean": 26.0,
  "eval_occupied_post_mean": 0.3400000035762787,
  "eval_return_end_mean": -24.305532455444336,
  "eval_t_eval": 104.0,
  "final_depr_F_post": 23.585350036621094,
  "final_energy_E_post": 0.1575727015733719,
  "final_episode_return_end_mean": -27.90715789794922,
  "final_funding_alpha_eff": 6.99648585594792e-12,
  "final_funding_g": 0.09251303970813751,
  "final_funding_g_raw": 0.09251303970813751,
  "final_update_counter": 3.0,
  "final_vartd_VarTD": 0.1652725487947464,
  "mechanism": "hardzero_plus_depr",
  "mechanism_tag": "hardzero_plus_depr__c0p52__z1p10__lam0p020__nu0p50__psi1p00",
  "runtime_sec": 10.667387644003611,
  "seed": 41,
  "z_cut": 1.1
}