{
  "alpha": 0.046,
  "c_upd": 0.58,
  "depr_lambda": 0.005,
  "depr_nu": 1.0,
  "depr_psi": 0.5,
  "eval_CSR_post": 0.0,
  "eval_dbar_post_mean": 0.48635172843933105,
  "eval_done_count": 100.0,
  "eval_episodes_per_env": 4.0,
  "eval_len_end_mean": 26.0,
  "eval_occupied_post_mean": 0.38999998569488525,
  "eval_return_end_mean": -24.04496955871582,
  "eval_t_eval": 104.0,
  "final_depr_F_post": 0.06999999284744263,
  "final_energy_E_post": 0.0831945538520813,
  "final_episode_return_end_mean": -25.88129425048828,
  "final_funding_alpha_eff": 0.044529031962156296,
  "final_funding_g": 0.12937919795513153,
  "final_funding_g_raw": 0.12937919795513153,
  "final_update_counter": 6.0,
  "final_vartd_VarTD": 0.14566396176815033,
  "mechanism": "hardzero_plus_depr",
  "mechanism_tag": "hardzero_plus_depr__c0p58__z1p00__lam0p005__nu1p00__psi0p50",
  "runtime_sec": 9.479870398063213,
  "seed": 52,
  "z_cut": 1.0
}