{
  "alpha": 0.12,
  "c_upd": 0.6,
  "depr_lambda": 0.02,
  "depr_nu": 0.5,
  "depr_psi": 0.75,
  "eval_CSR_post": 0.0,
  "eval_dbar_post_mean": 0.7147117853164673,
  "eval_done_count": 100.0,
  "eval_episodes_per_env": 4.0,
  "eval_len_end_mean": 26.0,
  "eval_occupied_post_mean": 0.17000000178813934,
  "eval_return_end_mean": -27.00656509399414,
  "eval_t_eval": 104.0,
  "final_depr_F_post": 24.64037322998047,
  "final_energy_E_post": 0.4879186451435089,
  "final_episode_return_end_mean": -28.148040771484375,
  "final_funding_alpha_eff": 1.1476584127478873e-09,
  "final_funding_g": 0.08990064263343811,
  "final_funding_g_raw": 0.08990064263343811,
  "final_update_counter": 2.0,
  "final_vartd_VarTD": 0.12249541282653809,
  "mechanism": "hardzero_plus_depr",
  "mechanism_tag": "hardzero_plus_depr__c0p60__z1p05__lam0p020__nu0p50__psi0p75",
  "runtime_sec": 10.816203307011165,
  "seed": 31,
  "z_cut": 1.05
}