{
  "alpha": 0.1,
  "c_upd": 0.5,
  "depr_lambda": 0.01,
  "depr_nu": 0.5,
  "depr_psi": 1.0,
  "eval_CSR_post": 0.0,
  "eval_dbar_post_mean": 0.5547248125076294,
  "eval_done_count": 100.0,
  "eval_episodes_per_env": 4.0,
  "eval_len_end_mean": 26.0,
  "eval_occupied_post_mean": 0.3199999928474426,
  "eval_return_end_mean": -23.602367401123047,
  "eval_t_eval": 104.0,
  "final_depr_F_post": 11.330163955688477,
  "final_energy_E_post": 0.48050856590270996,
  "final_episode_return_end_mean": -26.283201217651367,
  "final_funding_alpha_eff": 1.212593815580476e-06,
  "final_funding_g": 0.10137836635112762,
  "final_funding_g_raw": 0.10137836635112762,
  "final_update_counter": 4.0,
  "final_vartd_VarTD": 0.13505898416042328,
  "mechanism": "hardzero_plus_depr",
  "mechanism_tag": "hardzero_plus_depr__c0p50__z1p10__lam0p010__nu0p50__psi1p00",
  "runtime_sec": 10.88407038996229,
  "seed": 39,
  "z_cut": 1.1
}