{
  "alpha": 0.1,
  "c_upd": 0.56,
  "depr_lambda": 0.02,
  "depr_nu": 0.5,
  "depr_psi": 1.25,
  "eval_CSR_post": 0.0,
  "eval_dbar_post_mean": 0.5473953485488892,
  "eval_done_count": 100.0,
  "eval_episodes_per_env": 4.0,
  "eval_len_end_mean": 26.0,
  "eval_occupied_post_mean": 0.26999998092651367,
  "eval_return_end_mean": -23.477792739868164,
  "eval_t_eval": 104.0,
  "final_depr_F_post": 24.630373001098633,
  "final_energy_E_post": 0.19496884942054749,
  "final_episode_return_end_mean": -29.082195281982422,
  "final_funding_alpha_eff": 4.363284822290819e-15,
  "final_funding_g": 0.0,
  "final_funding_g_raw": 0.07416274398565292,
  "final_update_counter": 2.0,
  "final_vartd_VarTD": 0.17632441222667694,
  "mechanism": "hardzero_plus_depr",
  "mechanism_tag": "hardzero_plus_depr__c0p56__z1p05__lam0p020__nu0p50__psi1p25",
  "runtime_sec": 10.835645206971094,
  "seed": 36,
  "z_cut": 1.05
}