{
  "alpha": 0.05,
  "c_upd": 0.58,
  "depr_lambda": 0.0,
  "depr_nu": 0.5,
  "depr_psi": 0.0,
  "eval_CSR_post": 0.0,
  "eval_dbar_post_mean": 0.5104800462722778,
  "eval_done_count": 100.0,
  "eval_episodes_per_env": 4.0,
  "eval_len_end_mean": 26.0,
  "eval_occupied_post_mean": 0.4399999976158142,
  "eval_return_end_mean": -24.49534034729004,
  "eval_t_eval": 104.0,
  "final_depr_F_post": 0.0,
  "final_energy_E_post": 0.18742422759532928,
  "final_episode_return_end_mean": -24.259998321533203,
  "final_funding_alpha_eff": 0.05000000074505806,
  "final_funding_g": 0.15716445446014404,
  "final_funding_g_raw": 0.15716445446014404,
  "final_update_counter": 14.0,
  "final_vartd_VarTD": 0.24536636471748352,
  "mechanism": "hardzero_only",
  "mechanism_tag": "hardzero_only__c0p58__z1p05__lam0p000__nu0p50__psi0p00",
  "runtime_sec": 9.785689221054781,
  "seed": 33,
  "z_cut": 1.05
}