{
  "alpha": 0.082,
  "c_upd": 0.58,
  "depr_lambda": 0.0,
  "depr_nu": 0.5,
  "depr_psi": 0.0,
  "eval_CSR_post": 0.009999999776482582,
  "eval_dbar_post_mean": 0.46479544043540955,
  "eval_done_count": 100.0,
  "eval_episodes_per_env": 4.0,
  "eval_len_end_mean": 26.0,
  "eval_occupied_post_mean": 0.44999998807907104,
  "eval_return_end_mean": -22.938207626342773,
  "eval_t_eval": 104.0,
  "final_depr_F_post": 0.0,
  "final_energy_E_post": 0.3342166543006897,
  "final_episode_return_end_mean": -26.55799102783203,
  "final_funding_alpha_eff": 0.0820000022649765,
  "final_funding_g": 0.1205347403883934,
  "final_funding_g_raw": 0.1205347403883934,
  "final_update_counter": 10.0,
  "final_vartd_VarTD": 0.21694621443748474,
  "mechanism": "hardzero_only",
  "mechanism_tag": "hardzero_only__c0p58__z1p00__lam0p000__nu0p50__psi0p00",
  "runtime_sec": 9.480551974964328,
  "seed": 38,
  "z_cut": 1.0
}