{
  "I_R_full_anchor_compat": 1.0013882468653454,
  "above_R_THRESH_FULL_anchor": 1.0,
  "alpha": 0.0,
  "borrow_interest": 0.02,
  "borrow_limit": 0.6,
  "c_upd": 0.58,
  "condition": "fragile_full__borrow__t4m__a0p00__c0p58",
  "eval_CSR_post": 0.0,
  "eval_CSR_pre": 0.0,
  "eval_dbar_post_mean": 0.5447907447814941,
  "eval_dbar_pre_mean": 0.5451618432998657,
  "eval_done_count": 100.0,
  "eval_done_per_env_max": 4.0,
  "eval_done_per_env_min": 4.0,
  "eval_episodes_per_env": 4.0,
  "eval_len_end_mean": 26.0,
  "eval_max_tilde_post_mean": 0.8214919567108154,
  "eval_max_tilde_pre_mean": 0.8204182982444763,
  "eval_occupied_post_mean": 0.32999998331069946,
  "eval_occupied_pre_mean": 0.32999998331069946,
  "eval_return_end_mean": -24.77615737915039,
  "eval_t_eval": 104.0,
  "family": "borrow",
  "final_energy": -0.6000000238418579,
  "final_executed_updates": 2.0,
  "final_vartd": 0.16644923388957977,
  "max_debt_level": 0.6000000238418579,
  "mean_update_fraction": 0.0015999999595806003,
  "metric_horizon": "long4m",
  "phase": "extension_full",
  "runtime_sec": 11.405777873998886,
  "seed": 58,
  "support_mode": "none",
  "support_total": 0.0,
  "total_debt_charge": 14.615020751953125,
  "total_support_injected": 0.0,
  "total_timesteps": 4000000,
  "train_final_return_end_mean": -27.097557067871094
}