{
  "alpha": 0.05,
  "c_upd": 0.52,
  "depr_lambda": 0.01,
  "depr_nu": 0.5,
  "depr_psi": 1.0,
  "eval_CSR_post": 0.0,
  "eval_dbar_post_mean": 0.5648055672645569,
  "eval_done_count": 100.0,
  "eval_episodes_per_env": 4.0,
  "eval_len_end_mean": 26.0,
  "eval_occupied_post_mean": 0.29999998211860657,
  "eval_return_end_mean": -23.60237693786621,
  "eval_t_eval": 104.0,
  "final_depr_F_post": 12.440189361572266,
  "final_energy_E_post": 0.4670296311378479,
  "final_episode_return_end_mean": -27.48874282836914,
  "final_funding_alpha_eff": 1.9980551257958723e-07,
  "final_funding_g": 0.08946369588375092,
  "final_funding_g_raw": 0.08946369588375092,
  "final_update_counter": 2.0,
  "final_vartd_VarTD": 0.1968044638633728,
  "mechanism": "hardzero_plus_depr",
  "mechanism_tag": "hardzero_plus_depr__c0p52__z1p10__lam0p010__nu0p50__psi1p00",
  "runtime_sec": 23.772718208027072,
  "seed": 30,
  "z_cut": 1.1
}