{
  "alpha": 0.049,
  "c_upd": 0.58,
  "depr_lambda": 0.005,
  "depr_nu": 1.0,
  "depr_psi": 0.5,
  "eval_CSR_post": 0.0,
  "eval_dbar_post_mean": 0.5330318212509155,
  "eval_done_count": 100.0,
  "eval_episodes_per_env": 4.0,
  "eval_len_end_mean": 26.0,
  "eval_occupied_post_mean": 0.35999998450279236,
  "eval_return_end_mean": -21.64690399169922,
  "eval_t_eval": 104.0,
  "final_depr_F_post": 0.38999977707862854,
  "final_energy_E_post": 0.1397688090801239,
  "final_episode_return_end_mean": -27.99965476989746,
  "final_funding_alpha_eff": 0.04041982442140579,
  "final_funding_g": 0.0,
  "final_funding_g_raw": 0.09024368226528168,
  "final_update_counter": 2.0,
  "final_vartd_VarTD": 0.2163883000612259,
  "mechanism": "hardzero_plus_depr",
  "mechanism_tag": "hardzero_plus_depr__c0p58__z1p00__lam0p005__nu1p00__psi0p50",
  "runtime_sec": 9.462607010966167,
  "seed": 38,
  "z_cut": 1.0
}