{
  "alpha": 0.0,
  "c_upd": 0.6,
  "condition": "disabled_short",
  "eval_CSR_post": 0.0,
  "eval_CSR_pre": 0.0,
  "eval_dbar_post_mean": 0.6715608835220337,
  "eval_dbar_pre_mean": 0.6710802316665649,
  "eval_done_count": 100.0,
  "eval_done_per_env_max": 4.0,
  "eval_done_per_env_min": 4.0,
  "eval_episodes_per_env": 4.0,
  "eval_len_end_mean": 26.0,
  "eval_max_tilde_post_mean": 0.9266185760498047,
  "eval_max_tilde_pre_mean": 0.920913815498352,
  "eval_occupied_post_mean": 0.2199999988079071,
  "eval_occupied_pre_mean": 0.2199999988079071,
  "eval_return_end_mean": -24.880340576171875,
  "eval_t_eval": 104.0,
  "final_energy": 0.3999999761581421,
  "final_executed_updates": 1.0,
  "final_funding_g": 0.10327135026454926,
  "final_funding_z": 0.9860201478004456,
  "final_vartd": 0.16031888127326965,
  "horizon_label": "short",
  "mean_update_fraction": 0.00800000037997961,
  "runtime_sec": 1.038792895997176,
  "seed": 42,
  "train_final_CSR_train": 0.0,
  "train_final_dbar_end": 0.7230958938598633,
  "train_final_min_dists_end_mean": 2.16928768157959,
  "train_final_occupied_end_mean": 0.14400000870227814,
  "train_final_return_end_mean": -27.20673179626465
}