{
  "alpha": 0.05,
  "c_upd": 0.54,
  "depr_lambda": 0.01,
  "depr_nu": 0.5,
  "depr_psi": 0.75,
  "eval_CSR_post": 0.0,
  "eval_dbar_post_mean": 0.5609357953071594,
  "eval_done_count": 100.0,
  "eval_episodes_per_env": 4.0,
  "eval_len_end_mean": 26.0,
  "eval_occupied_post_mean": 0.25999999046325684,
  "eval_return_end_mean": -23.62939453125,
  "eval_t_eval": 104.0,
  "final_depr_F_post": 10.882654190063477,
  "final_energy_E_post": 0.2229093611240387,
  "final_episode_return_end_mean": -26.165376663208008,
  "final_funding_alpha_eff": 1.43720853884588e-05,
  "final_funding_g": 0.10006947815418243,
  "final_funding_g_raw": 0.10006947815418243,
  "final_update_counter": 3.0,
  "final_vartd_VarTD": 0.12000621110200882,
  "mechanism": "hardzero_plus_depr",
  "mechanism_tag": "hardzero_plus_depr__c0p54__z1p10__lam0p010__nu0p50__psi0p75",
  "runtime_sec": 10.783500191988423,
  "seed": 34,
  "z_cut": 1.1
}