{
  "alpha": 0.064,
  "c_upd": 0.58,
  "depr_lambda": 0.005,
  "depr_nu": 1.0,
  "depr_psi": 0.5,
  "eval_CSR_post": 0.009999999776482582,
  "eval_dbar_post_mean": 0.5445146560668945,
  "eval_done_count": 100.0,
  "eval_episodes_per_env": 4.0,
  "eval_len_end_mean": 26.0,
  "eval_occupied_post_mean": 0.3799999952316284,
  "eval_return_end_mean": -24.628427505493164,
  "eval_t_eval": 104.0,
  "final_depr_F_post": 0.534999668598175,
  "final_energy_E_post": 0.5410526394844055,
  "final_episode_return_end_mean": -27.464719772338867,
  "final_funding_alpha_eff": 0.049101196229457855,
  "final_funding_g": 0.10112614184617996,
  "final_funding_g_raw": 0.10112614184617996,
  "final_update_counter": 5.0,
  "final_vartd_VarTD": 0.14188772439956665,
  "mechanism": "hardzero_plus_depr",
  "mechanism_tag": "hardzero_plus_depr__c0p58__z1p00__lam0p005__nu1p00__psi0p50",
  "runtime_sec": 9.477786988019943,
  "seed": 42,
  "z_cut": 1.0
}