{
  "alpha": 0.04,
  "c_upd": 0.52,
  "depr_lambda": 0.0,
  "depr_nu": 0.5,
  "depr_psi": 0.0,
  "eval_CSR_post": 0.0,
  "eval_dbar_post_mean": 0.5382351875305176,
  "eval_done_count": 100.0,
  "eval_episodes_per_env": 4.0,
  "eval_len_end_mean": 26.0,
  "eval_occupied_post_mean": 0.35999998450279236,
  "eval_return_end_mean": -23.42498207092285,
  "eval_t_eval": 104.0,
  "final_depr_F_post": 0.0,
  "final_energy_E_post": 0.3502708673477173,
  "final_episode_return_end_mean": -25.225252151489258,
  "final_funding_alpha_eff": 0.03999999910593033,
  "final_funding_g": 0.1222568079829216,
  "final_funding_g_raw": 0.1222568079829216,
  "final_update_counter": 11.0,
  "final_vartd_VarTD": 0.1750020831823349,
  "mechanism": "hardzero_only",
  "mechanism_tag": "hardzero_only__c0p52__z1p05__lam0p000__nu0p50__psi0p00",
  "runtime_sec": 9.892896507983096,
  "seed": 39,
  "z_cut": 1.05
}