{
  "alpha": 0.079,
  "c_upd": 0.58,
  "depr_lambda": 0.0,
  "depr_nu": 0.5,
  "depr_psi": 0.0,
  "eval_CSR_post": 0.0,
  "eval_dbar_post_mean": 0.4944867789745331,
  "eval_done_count": 100.0,
  "eval_episodes_per_env": 4.0,
  "eval_len_end_mean": 26.0,
  "eval_occupied_post_mean": 0.3199999928474426,
  "eval_return_end_mean": -22.511255264282227,
  "eval_t_eval": 104.0,
  "final_depr_F_post": 0.0,
  "final_energy_E_post": 0.5146957635879517,
  "final_episode_return_end_mean": -25.882543563842773,
  "final_funding_alpha_eff": 0.07900000363588333,
  "final_funding_g": 0.12415783107280731,
  "final_funding_g_raw": 0.12415783107280731,
  "final_update_counter": 16.0,
  "final_vartd_VarTD": 0.3537129759788513,
  "mechanism": "hardzero_only",
  "mechanism_tag": "hardzero_only__c0p58__z1p00__lam0p000__nu0p50__psi0p00",
  "runtime_sec": 9.495559252914973,
  "seed": 41,
  "z_cut": 1.0
}