{
  "alpha": 0.1,
  "c_upd": 0.54,
  "depr_lambda": 0.02,
  "depr_nu": 0.5,
  "depr_psi": 0.75,
  "eval_CSR_post": 0.0,
  "eval_dbar_post_mean": 0.549800455570221,
  "eval_done_count": 100.0,
  "eval_episodes_per_env": 4.0,
  "eval_len_end_mean": 26.0,
  "eval_occupied_post_mean": 0.32999998331069946,
  "eval_return_end_mean": -24.238866806030273,
  "eval_t_eval": 104.0,
  "final_depr_F_post": 22.435321807861328,
  "final_energy_E_post": 0.11794303357601166,
  "final_episode_return_end_mean": -27.353626251220703,
  "final_funding_alpha_eff": 4.998759628449534e-09,
  "final_funding_g": 0.10151588916778564,
  "final_funding_g_raw": 0.10151588916778564,
  "final_update_counter": 3.0,
  "final_vartd_VarTD": 0.1551820933818817,
  "mechanism": "hardzero_plus_depr",
  "mechanism_tag": "hardzero_plus_depr__c0p54__z1p05__lam0p020__nu0p50__psi0p75",
  "runtime_sec": 10.851375584024936,
  "seed": 41,
  "z_cut": 1.05
}