{
  "alpha": 0.02,
  "c_upd": 0.52,
  "depr_lambda": 0.01,
  "depr_nu": 0.5,
  "depr_psi": 1.0,
  "eval_CSR_post": 0.0,
  "eval_dbar_post_mean": 0.5355085134506226,
  "eval_done_count": 100.0,
  "eval_episodes_per_env": 4.0,
  "eval_len_end_mean": 26.0,
  "eval_occupied_post_mean": 0.3100000023841858,
  "eval_return_end_mean": -23.605180740356445,
  "eval_t_eval": 104.0,
  "final_depr_F_post": 12.335186958312988,
  "final_energy_E_post": 0.15735077857971191,
  "final_episode_return_end_mean": -26.799169540405273,
  "final_funding_alpha_eff": 8.877064772150334e-08,
  "final_funding_g": 0.09841589629650116,
  "final_funding_g_raw": 0.09841589629650116,
  "final_update_counter": 2.0,
  "final_vartd_VarTD": 0.2024301439523697,
  "mechanism": "hardzero_plus_depr",
  "mechanism_tag": "hardzero_plus_depr__c0p52__z1p05__lam0p010__nu0p50__psi1p00",
  "runtime_sec": 10.742853942036163,
  "seed": 37,
  "z_cut": 1.05
}