{
  "alpha": 0.12,
  "c_upd": 0.56,
  "depr_lambda": 0.02,
  "depr_nu": 0.5,
  "depr_psi": 1.25,
  "eval_CSR_post": 0.0,
  "eval_dbar_post_mean": 0.6037818193435669,
  "eval_done_count": 100.0,
  "eval_episodes_per_env": 4.0,
  "eval_len_end_mean": 26.0,
  "eval_occupied_post_mean": 0.3199999928474426,
  "eval_return_end_mean": -24.322521209716797,
  "eval_t_eval": 104.0,
  "final_depr_F_post": 24.7603759765625,
  "final_energy_E_post": 0.35138142108917236,
  "final_episode_return_end_mean": -26.637481689453125,
  "final_funding_alpha_eff": 4.450624507064578e-15,
  "final_funding_g": 0.11042521148920059,
  "final_funding_g_raw": 0.11042521148920059,
  "final_update_counter": 2.0,
  "final_vartd_VarTD": 0.11695986986160278,
  "mechanism": "hardzero_plus_depr",
  "mechanism_tag": "hardzero_plus_depr__c0p56__z1p05__lam0p020__nu0p50__psi1p25",
  "runtime_sec": 10.618911514000501,
  "seed": 33,
  "z_cut": 1.05
}