{
  "alpha": 0.12,
  "c_upd": 0.58,
  "depr_lambda": 0.02,
  "depr_nu": 0.5,
  "depr_psi": 0.75,
  "eval_CSR_post": 0.0,
  "eval_dbar_post_mean": 0.5900943279266357,
  "eval_done_count": 100.0,
  "eval_episodes_per_env": 4.0,
  "eval_len_end_mean": 26.0,
  "eval_occupied_post_mean": 0.2199999988079071,
  "eval_return_end_mean": -24.958818435668945,
  "eval_t_eval": 104.0,
  "final_depr_F_post": 23.940357208251953,
  "final_energy_E_post": 0.17286625504493713,
  "final_episode_return_end_mean": -26.908374786376953,
  "final_funding_alpha_eff": 1.940090754715129e-09,
  "final_funding_g": 0.0,
  "final_funding_g_raw": 0.09466113895177841,
  "final_update_counter": 2.0,
  "final_vartd_VarTD": 0.19898508489131927,
  "mechanism": "hardzero_plus_depr",
  "mechanism_tag": "hardzero_plus_depr__c0p58__z1p00__lam0p020__nu0p50__psi0p75",
  "runtime_sec": 10.838432104967069,
  "seed": 37,
  "z_cut": 1.0
}