{
  "alpha": 0.1,
  "c_upd": 0.6,
  "depr_lambda": 0.01,
  "depr_nu": 0.5,
  "depr_psi": 1.25,
  "eval_CSR_post": 0.0,
  "eval_dbar_post_mean": 0.5122511982917786,
  "eval_done_count": 100.0,
  "eval_episodes_per_env": 4.0,
  "eval_len_end_mean": 26.0,
  "eval_occupied_post_mean": 0.32999998331069946,
  "eval_return_end_mean": -23.445253372192383,
  "eval_t_eval": 104.0,
  "final_depr_F_post": 11.430166244506836,
  "final_energy_E_post": 0.2628124952316284,
  "final_episode_return_end_mean": -27.421466827392578,
  "final_funding_alpha_eff": 6.314749612101878e-08,
  "final_funding_g": 0.0983191505074501,
  "final_funding_g_raw": 0.0983191505074501,
  "final_update_counter": 3.0,
  "final_vartd_VarTD": 0.16519643366336823,
  "mechanism": "hardzero_plus_depr",
  "mechanism_tag": "hardzero_plus_depr__c0p60__z1p10__lam0p010__nu0p50__psi1p25",
  "runtime_sec": 10.764417184051126,
  "seed": 40,
  "z_cut": 1.1
}