{
  "alpha": 0.05,
  "c_upd": 0.52,
  "depr_lambda": 0.01,
  "depr_nu": 0.5,
  "depr_psi": 1.0,
  "eval_CSR_post": 0.0,
  "eval_dbar_post_mean": 0.512623131275177,
  "eval_done_count": 100.0,
  "eval_episodes_per_env": 4.0,
  "eval_len_end_mean": 26.0,
  "eval_occupied_post_mean": 0.35999998450279236,
  "eval_return_end_mean": -24.11191749572754,
  "eval_t_eval": 104.0,
  "final_depr_F_post": 12.415188789367676,
  "final_energy_E_post": 0.44528764486312866,
  "final_episode_return_end_mean": -26.866872787475586,
  "final_funding_alpha_eff": 2.0486372420691623e-07,
  "final_funding_g": 0.09818726778030396,
  "final_funding_g_raw": 0.09818726778030396,
  "final_update_counter": 2.0,
  "final_vartd_VarTD": 0.20076718926429749,
  "mechanism": "hardzero_plus_depr",
  "mechanism_tag": "hardzero_plus_depr__c0p52__z1p05__lam0p010__nu0p50__psi1p00",
  "runtime_sec": 10.760981719009578,
  "seed": 37,
  "z_cut": 1.05
}