{
  "alpha": 0.08,
  "c_upd": 0.5,
  "depr_lambda": 0.01,
  "depr_nu": 0.5,
  "depr_psi": 1.25,
  "eval_CSR_post": 0.009999999776482582,
  "eval_dbar_post_mean": 0.5511682033538818,
  "eval_done_count": 100.0,
  "eval_episodes_per_env": 4.0,
  "eval_len_end_mean": 26.0,
  "eval_occupied_post_mean": 0.3799999952316284,
  "eval_return_end_mean": -23.05805206298828,
  "eval_t_eval": 104.0,
  "final_depr_F_post": 11.635170936584473,
  "final_energy_E_post": 0.21465899050235748,
  "final_episode_return_end_mean": -26.65903663635254,
  "final_funding_alpha_eff": 3.909809009883247e-08,
  "final_funding_g": 0.0963081493973732,
  "final_funding_g_raw": 0.0963081493973732,
  "final_update_counter": 3.0,
  "final_vartd_VarTD": 0.14053334295749664,
  "mechanism": "hardzero_plus_depr",
  "mechanism_tag": "hardzero_plus_depr__c0p50__z1p05__lam0p010__nu0p50__psi1p25",
  "runtime_sec": 10.928210042999126,
  "seed": 39,
  "z_cut": 1.05
}