{
  "alpha": 0.07,
  "c_upd": 0.58,
  "depr_lambda": 0.005,
  "depr_nu": 1.0,
  "depr_psi": 0.5,
  "eval_CSR_post": 0.0,
  "eval_dbar_post_mean": 0.4963691234588623,
  "eval_done_count": 100.0,
  "eval_episodes_per_env": 4.0,
  "eval_len_end_mean": 26.0,
  "eval_occupied_post_mean": 0.4399999976158142,
  "eval_return_end_mean": -23.352731704711914,
  "eval_t_eval": 104.0,
  "final_depr_F_post": 0.09000000357627869,
  "final_energy_E_post": 0.19068606197834015,
  "final_episode_return_end_mean": -24.50548553466797,
  "final_funding_alpha_eff": 0.0670873299241066,
  "final_funding_g": 0.14717204868793488,
  "final_funding_g_raw": 0.14717204868793488,
  "final_update_counter": 14.0,
  "final_vartd_VarTD": 0.21808446943759918,
  "mechanism": "hardzero_plus_depr",
  "mechanism_tag": "hardzero_plus_depr__c0p58__z1p00__lam0p005__nu1p00__psi0p50",
  "runtime_sec": 9.488576701027341,
  "seed": 32,
  "z_cut": 1.0
}