{
  "alpha": 0.12,
  "c_upd": 0.52,
  "depr_lambda": 0.01,
  "depr_nu": 0.5,
  "depr_psi": 1.0,
  "eval_CSR_post": 0.0,
  "eval_dbar_post_mean": 0.5357404947280884,
  "eval_done_count": 100.0,
  "eval_episodes_per_env": 4.0,
  "eval_len_end_mean": 26.0,
  "eval_occupied_post_mean": 0.38999998569488525,
  "eval_return_end_mean": -24.440561294555664,
  "eval_t_eval": 104.0,
  "final_depr_F_post": 9.041049003601074,
  "final_energy_E_post": 0.2563149631023407,
  "final_episode_return_end_mean": -25.761777877807617,
  "final_funding_alpha_eff": 1.4356434803630691e-05,
  "final_funding_g": 0.1312498152256012,
  "final_funding_g_raw": 0.1312498152256012,
  "final_update_counter": 6.0,
  "final_vartd_VarTD": 0.12164007127285004,
  "mechanism": "hardzero_plus_depr",
  "mechanism_tag": "hardzero_plus_depr__c0p52__z1p10__lam0p010__nu0p50__psi1p00",
  "runtime_sec": 10.752053974953014,
  "seed": 33,
  "z_cut": 1.1
}