{
  "alpha": 0.12,
  "c_upd": 0.5,
  "depr_lambda": 0.0,
  "depr_nu": 0.5,
  "depr_psi": 0.0,
  "eval_CSR_post": 0.0,
  "eval_dbar_post_mean": 0.47073203325271606,
  "eval_done_count": 100.0,
  "eval_episodes_per_env": 4.0,
  "eval_len_end_mean": 26.0,
  "eval_occupied_post_mean": 0.4399999976158142,
  "eval_return_end_mean": -23.200422286987305,
  "eval_t_eval": 104.0,
  "final_depr_F_post": 0.0,
  "final_energy_E_post": 0.3676699101924896,
  "final_episode_return_end_mean": -22.526796340942383,
  "final_funding_alpha_eff": 0.11999999731779099,
  "final_funding_g": 0.20860420167446136,
  "final_funding_g_raw": 0.20860420167446136,
  "final_update_counter": 46.0,
  "final_vartd_VarTD": 4.723486423492432,
  "mechanism": "hardzero_only",
  "mechanism_tag": "hardzero_only__c0p50__z1p05__lam0p000__nu0p50__psi0p00",
  "runtime_sec": 19.989018596010283,
  "seed": 30,
  "z_cut": 1.05
}