{
  "alpha": 0.12,
  "c_upd": 0.54,
  "depr_lambda": 0.01,
  "depr_nu": 0.5,
  "depr_psi": 0.75,
  "eval_CSR_post": 0.009999999776482582,
  "eval_dbar_post_mean": 0.5318045616149902,
  "eval_done_count": 100.0,
  "eval_episodes_per_env": 4.0,
  "eval_len_end_mean": 26.0,
  "eval_occupied_post_mean": 0.32999998331069946,
  "eval_return_end_mean": -24.15045166015625,
  "eval_t_eval": 104.0,
  "final_depr_F_post": 2.615354061126709,
  "final_energy_E_post": 0.45783576369285583,
  "final_episode_return_end_mean": -26.024442672729492,
  "final_funding_alpha_eff": 0.017004469409585,
  "final_funding_g": 0.13254094123840332,
  "final_funding_g_raw": 0.13254094123840332,
  "final_update_counter": 12.0,
  "final_vartd_VarTD": 0.16371841728687286,
  "mechanism": "hardzero_plus_depr",
  "mechanism_tag": "hardzero_plus_depr__c0p54__z1p10__lam0p010__nu0p50__psi0p75",
  "runtime_sec": 10.725436297012493,
  "seed": 31,
  "z_cut": 1.1
}