{
  "alpha": 0.1,
  "c_upd": 0.56,
  "depr_lambda": 0.02,
  "depr_nu": 0.5,
  "depr_psi": 1.25,
  "eval_CSR_post": 0.0,
  "eval_dbar_post_mean": 0.5595452785491943,
  "eval_done_count": 100.0,
  "eval_episodes_per_env": 4.0,
  "eval_len_end_mean": 26.0,
  "eval_occupied_post_mean": 0.32999998331069946,
  "eval_return_end_mean": -24.288984298706055,
  "eval_t_eval": 104.0,
  "final_depr_F_post": 24.820377349853516,
  "final_energy_E_post": 0.3450590968132019,
  "final_episode_return_end_mean": -26.788021087646484,
  "final_funding_alpha_eff": 3.440855566577282e-15,
  "final_funding_g": 0.10764187574386597,
  "final_funding_g_raw": 0.10764187574386597,
  "final_update_counter": 2.0,
  "final_vartd_VarTD": 0.11883947253227234,
  "mechanism": "hardzero_plus_depr",
  "mechanism_tag": "hardzero_plus_depr__c0p56__z1p10__lam0p020__nu0p50__psi1p25",
  "runtime_sec": 10.841523305978626,
  "seed": 33,
  "z_cut": 1.1
}