{
  "alpha": 0.06,
  "c_upd": 0.54,
  "depr_lambda": 0.0,
  "depr_nu": 0.5,
  "depr_psi": 0.0,
  "eval_CSR_post": 0.0,
  "eval_dbar_post_mean": 0.4883342385292053,
  "eval_done_count": 100.0,
  "eval_episodes_per_env": 4.0,
  "eval_len_end_mean": 26.0,
  "eval_occupied_post_mean": 0.44999998807907104,
  "eval_return_end_mean": -22.967655181884766,
  "eval_t_eval": 104.0,
  "final_depr_F_post": 0.0,
  "final_energy_E_post": 0.33214637637138367,
  "final_episode_return_end_mean": -25.739517211914062,
  "final_funding_alpha_eff": 0.05999999865889549,
  "final_funding_g": 0.12895427644252777,
  "final_funding_g_raw": 0.12895427644252777,
  "final_update_counter": 18.0,
  "final_vartd_VarTD": 0.42841482162475586,
  "mechanism": "hardzero_only",
  "mechanism_tag": "hardzero_only__c0p54__z1p05__lam0p000__nu0p50__psi0p00",
  "runtime_sec": 9.916092375991866,
  "seed": 36,
  "z_cut": 1.05
}