{
  "alpha": 0.034,
  "c_upd": 0.58,
  "depr_lambda": 0.0,
  "depr_nu": 0.5,
  "depr_psi": 0.0,
  "eval_CSR_post": 0.0,
  "eval_dbar_post_mean": 0.5332170128822327,
  "eval_done_count": 100.0,
  "eval_episodes_per_env": 4.0,
  "eval_len_end_mean": 26.0,
  "eval_occupied_post_mean": 0.25999999046325684,
  "eval_return_end_mean": -23.513195037841797,
  "eval_t_eval": 104.0,
  "final_depr_F_post": 0.0,
  "final_energy_E_post": 0.4286775290966034,
  "final_episode_return_end_mean": -26.5629825592041,
  "final_funding_alpha_eff": 0.03400000184774399,
  "final_funding_g": 0.0,
  "final_funding_g_raw": 0.09730714559555054,
  "final_update_counter": 3.0,
  "final_vartd_VarTD": 0.14590024948120117,
  "mechanism": "hardzero_only",
  "mechanism_tag": "hardzero_only__c0p58__z1p00__lam0p000__nu0p50__psi0p00",
  "runtime_sec": 9.610111020039767,
  "seed": 39,
  "z_cut": 1.0
}