{
  "alpha": 0.12,
  "c_upd": 0.58,
  "depr_lambda": 0.0,
  "depr_nu": 0.5,
  "depr_psi": 0.0,
  "eval_CSR_post": 0.0,
  "eval_dbar_post_mean": 0.4770849645137787,
  "eval_done_count": 100.0,
  "eval_episodes_per_env": 4.0,
  "eval_len_end_mean": 26.0,
  "eval_occupied_post_mean": 0.3999999761581421,
  "eval_return_end_mean": -24.1081485748291,
  "eval_t_eval": 104.0,
  "final_depr_F_post": 0.0,
  "final_energy_E_post": 0.36573514342308044,
  "final_episode_return_end_mean": -24.219829559326172,
  "final_funding_alpha_eff": 0.11999999731779099,
  "final_funding_g": 0.17363300919532776,
  "final_funding_g_raw": 0.17363300919532776,
  "final_update_counter": 30.0,
  "final_vartd_VarTD": 1.9314905405044556,
  "mechanism": "hardzero_only",
  "mechanism_tag": "hardzero_only__c0p58__z1p00__lam0p000__nu0p50__psi0p00",
  "runtime_sec": 9.833095628971932,
  "seed": 31,
  "z_cut": 1.0
}