{
  "alpha": 0.114,
  "borrow_interest": 0.02,
  "borrow_limit": 0.3,
  "c_upd": 0.58,
  "depr_lambda": 0.0,
  "depr_nu": 0.5,
  "depr_psi": 0.0,
  "eval_CSR_post": 0.0,
  "eval_dbar_post_mean": 0.5284788012504578,
  "eval_done_count": 100.0,
  "eval_episodes_per_env": 4.0,
  "eval_len_end_mean": 26.0,
  "eval_occupied_post_mean": 0.28999999165534973,
  "eval_return_end_mean": -24.495492935180664,
  "eval_t_eval": 104.0,
  "family": "borrow",
  "final_depr_F_post": 0.0,
  "final_energy_E_post": -0.2399265468120575,
  "final_update_counter": 33.0,
  "final_vartd_VarTD": 2.418729782104492,
  "max_debt_level_post": 0.2958674430847168,
  "mean_update_fraction": 0.026399999856948853,
  "mechanism": "hardzero_only",
  "mechanism_tag": "hardzero_only__c0p58__z1p00__lam0p000__nu0p50__psi0p00",
  "runtime_sec": 10.63007558498066,
  "seed": 33,
  "support_mode": "none",
  "support_total": 0.0,
  "total_debt_charge": 2.013296127319336,
  "total_support_s": 0.0,
  "z_cut": 1.0
}