{
  "alpha": 0.05,
  "c_upd": 0.56,
  "depr_lambda": 0.02,
  "depr_nu": 0.5,
  "depr_psi": 1.25,
  "eval_CSR_post": 0.0,
  "eval_dbar_post_mean": 0.5813794136047363,
  "eval_done_count": 100.0,
  "eval_episodes_per_env": 4.0,
  "eval_len_end_mean": 26.0,
  "eval_occupied_post_mean": 0.23999999463558197,
  "eval_return_end_mean": -24.528079986572266,
  "eval_t_eval": 104.0,
  "final_depr_F_post": 24.54037094116211,
  "final_energy_E_post": 0.11760640889406204,
  "final_episode_return_end_mean": -26.376676559448242,
  "final_funding_alpha_eff": 2.4414229691453303e-15,
  "final_funding_g": 0.0950939878821373,
  "final_funding_g_raw": 0.0950939878821373,
  "final_update_counter": 2.0,
  "final_vartd_VarTD": 0.12051975727081299,
  "mechanism": "hardzero_plus_depr",
  "mechanism_tag": "hardzero_plus_depr__c0p56__z1p10__lam0p020__nu0p50__psi1p25",
  "runtime_sec": 10.640198792912997,
  "seed": 34,
  "z_cut": 1.1
}