{
  "alpha": 0.12,
  "c_upd": 0.52,
  "depr_lambda": 0.02,
  "depr_nu": 0.5,
  "depr_psi": 0.75,
  "eval_CSR_post": 0.0,
  "eval_dbar_post_mean": 0.6590869426727295,
  "eval_done_count": 100.0,
  "eval_episodes_per_env": 4.0,
  "eval_len_end_mean": 26.0,
  "eval_occupied_post_mean": 0.25999999046325684,
  "eval_return_end_mean": -25.93194007873535,
  "eval_t_eval": 104.0,
  "final_depr_F_post": 24.15536117553711,
  "final_energy_E_post": 0.4651392102241516,
  "final_episode_return_end_mean": -27.86647605895996,
  "final_funding_alpha_eff": 1.6511660927420735e-09,
  "final_funding_g": 0.09411168098449707,
  "final_funding_g_raw": 0.09411168098449707,
  "final_update_counter": 3.0,
  "final_vartd_VarTD": 0.11860530078411102,
  "mechanism": "hardzero_plus_depr",
  "mechanism_tag": "hardzero_plus_depr__c0p52__z1p10__lam0p020__nu0p50__psi0p75",
  "runtime_sec": 10.650325466995127,
  "seed": 31,
  "z_cut": 1.1
}