{
  "alpha": 0.08,
  "c_upd": 0.6,
  "depr_lambda": 0.01,
  "depr_nu": 0.5,
  "depr_psi": 0.75,
  "eval_CSR_post": 0.0,
  "eval_dbar_post_mean": 0.6443465352058411,
  "eval_done_count": 100.0,
  "eval_episodes_per_env": 4.0,
  "eval_len_end_mean": 26.0,
  "eval_occupied_post_mean": 0.19999998807907104,
  "eval_return_end_mean": -25.8433837890625,
  "eval_t_eval": 104.0,
  "final_depr_F_post": 6.397598743438721,
  "final_energy_E_post": 0.015074735507369041,
  "final_episode_return_end_mean": -27.122591018676758,
  "final_funding_alpha_eff": 0.0006645319517701864,
  "final_funding_g": 0.1042192354798317,
  "final_funding_g_raw": 0.1042192354798317,
  "final_update_counter": 4.0,
  "final_vartd_VarTD": 0.1507694572210312,
  "mechanism": "hardzero_plus_depr",
  "mechanism_tag": "hardzero_plus_depr__c0p60__z1p10__lam0p010__nu0p50__psi0p75",
  "runtime_sec": 10.670633786940016,
  "seed": 41,
  "z_cut": 1.1
}