{
  "alpha": 0.073,
  "c_upd": 0.58,
  "depr_lambda": 0.0,
  "depr_nu": 0.5,
  "depr_psi": 0.0,
  "eval_CSR_post": 0.0,
  "eval_dbar_post_mean": 0.4763834476470947,
  "eval_done_count": 100.0,
  "eval_episodes_per_env": 4.0,
  "eval_len_end_mean": 26.0,
  "eval_occupied_post_mean": 0.3999999761581421,
  "eval_return_end_mean": -22.741762161254883,
  "eval_t_eval": 104.0,
  "final_depr_F_post": 0.0,
  "final_energy_E_post": 0.04058482125401497,
  "final_episode_return_end_mean": -26.98798370361328,
  "final_funding_alpha_eff": 0.0729999989271164,
  "final_funding_g": 0.10790181159973145,
  "final_funding_g_raw": 0.10790181159973145,
  "final_update_counter": 9.0,
  "final_vartd_VarTD": 0.20474115014076233,
  "mechanism": "hardzero_only",
  "mechanism_tag": "hardzero_only__c0p58__z1p00__lam0p000__nu0p50__psi0p00",
  "runtime_sec": 9.47707453800831,
  "seed": 38,
  "z_cut": 1.0
}