{
  "alpha": 0.12,
  "c_upd": 0.5,
  "depr_lambda": 0.01,
  "depr_nu": 0.5,
  "depr_psi": 0.75,
  "eval_CSR_post": 0.009999999776482582,
  "eval_dbar_post_mean": 0.4888276755809784,
  "eval_done_count": 100.0,
  "eval_episodes_per_env": 4.0,
  "eval_len_end_mean": 26.0,
  "eval_occupied_post_mean": 0.3700000047683716,
  "eval_return_end_mean": -23.28145408630371,
  "eval_t_eval": 104.0,
  "final_depr_F_post": 0.6666699051856995,
  "final_energy_E_post": 0.05269046127796173,
  "final_episode_return_end_mean": -25.217069625854492,
  "final_funding_alpha_eff": 0.07333143055438995,
  "final_funding_g": 0.14923065900802612,
  "final_funding_g_raw": 0.14923065900802612,
  "final_update_counter": 18.0,
  "final_vartd_VarTD": 0.523657500743866,
  "mechanism": "hardzero_plus_depr",
  "mechanism_tag": "hardzero_plus_depr__c0p50__z1p10__lam0p010__nu0p50__psi0p75",
  "runtime_sec": 10.655890904017724,
  "seed": 35,
  "z_cut": 1.1
}