{
  "alpha": 0.08,
  "c_upd": 0.54,
  "depr_lambda": 0.01,
  "depr_nu": 0.5,
  "depr_psi": 1.0,
  "eval_CSR_post": 0.0,
  "eval_dbar_post_mean": 0.598770797252655,
  "eval_done_count": 100.0,
  "eval_episodes_per_env": 4.0,
  "eval_len_end_mean": 26.0,
  "eval_occupied_post_mean": 0.26999998092651367,
  "eval_return_end_mean": -25.33743667602539,
  "eval_t_eval": 104.0,
  "final_depr_F_post": 11.620170593261719,
  "final_energy_E_post": 0.341741681098938,
  "final_episode_return_end_mean": -27.47865867614746,
  "final_funding_alpha_eff": 7.258670393639477e-07,
  "final_funding_g": 0.10009414702653885,
  "final_funding_g_raw": 0.10009414702653885,
  "final_update_counter": 3.0,
  "final_vartd_VarTD": 0.137144073843956,
  "mechanism": "hardzero_plus_depr",
  "mechanism_tag": "hardzero_plus_depr__c0p54__z1p05__lam0p010__nu0p50__psi1p00",
  "runtime_sec": 10.7639448819682,
  "seed": 35,
  "z_cut": 1.05
}