{
  "alpha": 0.043,
  "c_upd": 0.58,
  "depr_lambda": 0.005,
  "depr_nu": 1.0,
  "depr_psi": 0.5,
  "eval_CSR_post": 0.009999999776482582,
  "eval_dbar_post_mean": 0.5195561647415161,
  "eval_done_count": 100.0,
  "eval_episodes_per_env": 4.0,
  "eval_len_end_mean": 26.0,
  "eval_occupied_post_mean": 0.4399999976158142,
  "eval_return_end_mean": -23.950712203979492,
  "eval_t_eval": 104.0,
  "final_depr_F_post": 4.585057258605957,
  "final_energy_E_post": 0.5137089490890503,
  "final_episode_return_end_mean": -28.294553756713867,
  "final_funding_alpha_eff": 0.004354333970695734,
  "final_funding_g": 0.0,
  "final_funding_g_raw": 0.09051397442817688,
  "final_update_counter": 2.0,
  "final_vartd_VarTD": 0.15777595341205597,
  "mechanism": "hardzero_plus_depr",
  "mechanism_tag": "hardzero_plus_depr__c0p58__z1p00__lam0p005__nu1p00__psi0p50",
  "runtime_sec": 9.466961754020303,
  "seed": 47,
  "z_cut": 1.0
}