{
  "alpha": 0.066,
  "c_upd": 0.58,
  "depr_lambda": 0.0,
  "depr_nu": 0.5,
  "depr_psi": 0.0,
  "eval_CSR_post": 0.0,
  "eval_dbar_post_mean": 0.4933161437511444,
  "eval_done_count": 100.0,
  "eval_episodes_per_env": 4.0,
  "eval_len_end_mean": 26.0,
  "eval_occupied_post_mean": 0.29999998211860657,
  "eval_return_end_mean": -23.58543586730957,
  "eval_t_eval": 104.0,
  "final_depr_F_post": 0.0,
  "final_energy_E_post": 0.38532477617263794,
  "final_episode_return_end_mean": -26.210678100585938,
  "final_funding_alpha_eff": 0.06599999964237213,
  "final_funding_g": 0.1266365498304367,
  "final_funding_g_raw": 0.1266365498304367,
  "final_update_counter": 11.0,
  "final_vartd_VarTD": 0.15448430180549622,
  "mechanism": "hardzero_only",
  "mechanism_tag": "hardzero_only__c0p58__z1p00__lam0p000__nu0p50__psi0p00",
  "runtime_sec": 10.879156753071584,
  "seed": 42,
  "z_cut": 1.0
}