{
  "alpha": 0.162,
  "borrow_interest": 0.01,
  "borrow_limit": 0.6,
  "c_upd": 0.58,
  "depr_lambda": 0.0,
  "depr_nu": 0.5,
  "depr_psi": 0.0,
  "eval_CSR_post": 0.0,
  "eval_dbar_post_mean": 0.4602120518684387,
  "eval_done_count": 100.0,
  "eval_episodes_per_env": 4.0,
  "eval_len_end_mean": 26.0,
  "eval_occupied_post_mean": 0.47999998927116394,
  "eval_return_end_mean": -22.557132720947266,
  "eval_t_eval": 104.0,
  "family": "borrow",
  "final_depr_F_post": 0.0,
  "final_energy_E_post": -0.23704496026039124,
  "final_update_counter": 49.0,
  "final_vartd_VarTD": 4.944646835327148,
  "max_debt_level_post": 0.5808049440383911,
  "mean_update_fraction": 0.03920000046491623,
  "mechanism": "hardzero_only",
  "mechanism_tag": "hardzero_only__c0p58__z1p00__lam0p000__nu0p50__psi0p00",
  "runtime_sec": 10.663384802057408,
  "seed": 45,
  "support_mode": "none",
  "support_total": 0.0,
  "total_debt_charge": 3.690293073654175,
  "total_support_s": 0.0,
  "z_cut": 1.0
}