{
  "alpha": 0.065,
  "c_upd": 0.58,
  "depr_lambda": 0.0,
  "depr_nu": 0.5,
  "depr_psi": 0.0,
  "eval_CSR_post": 0.009999999776482582,
  "eval_dbar_post_mean": 0.5529968738555908,
  "eval_done_count": 100.0,
  "eval_episodes_per_env": 4.0,
  "eval_len_end_mean": 26.0,
  "eval_occupied_post_mean": 0.3199999928474426,
  "eval_return_end_mean": -23.73273468017578,
  "eval_t_eval": 104.0,
  "final_depr_F_post": 0.0,
  "final_energy_E_post": 0.3144388794898987,
  "final_episode_return_end_mean": -27.06694984436035,
  "final_funding_alpha_eff": 0.06499999761581421,
  "final_funding_g": 0.11065623909235,
  "final_funding_g_raw": 0.11065623909235,
  "final_update_counter": 8.0,
  "final_vartd_VarTD": 0.1539299041032791,
  "mechanism": "hardzero_only",
  "mechanism_tag": "hardzero_only__c0p58__z1p00__lam0p000__nu0p50__psi0p00",
  "runtime_sec": 10.831801021005958,
  "seed": 51,
  "z_cut": 1.0
}