{
  "alpha": 0.06,
  "c_upd": 0.54,
  "depr_lambda": 0.02,
  "depr_nu": 0.5,
  "depr_psi": 1.0,
  "eval_CSR_post": 0.0,
  "eval_dbar_post_mean": 0.6742713451385498,
  "eval_done_count": 100.0,
  "eval_episodes_per_env": 4.0,
  "eval_len_end_mean": 26.0,
  "eval_occupied_post_mean": 0.22999998927116394,
  "eval_return_end_mean": -26.30634307861328,
  "eval_t_eval": 104.0,
  "final_depr_F_post": 24.790376663208008,
  "final_energy_E_post": 0.24670062959194183,
  "final_episode_return_end_mean": -27.8575496673584,
  "final_funding_alpha_eff": 1.0483674475411653e-12,
  "final_funding_g": 0.09344889223575592,
  "final_funding_g_raw": 0.09344889223575592,
  "final_update_counter": 2.0,
  "final_vartd_VarTD": 0.1656162291765213,
  "mechanism": "hardzero_plus_depr",
  "mechanism_tag": "hardzero_plus_depr__c0p54__z1p10__lam0p020__nu0p50__psi1p00",
  "runtime_sec": 10.624944093055092,
  "seed": 41,
  "z_cut": 1.1
}