{
  "alpha": 0.12,
  "c_upd": 0.52,
  "depr_lambda": 0.03,
  "depr_nu": 0.5,
  "depr_psi": 1.25,
  "eval_CSR_post": 0.0,
  "eval_dbar_post_mean": 0.6911836862564087,
  "eval_done_count": 100.0,
  "eval_episodes_per_env": 4.0,
  "eval_len_end_mean": 26.0,
  "eval_occupied_post_mean": 0.22999998927116394,
  "eval_return_end_mean": -24.418575286865234,
  "eval_t_eval": 104.0,
  "final_depr_F_post": 37.32010269165039,
  "final_energy_E_post": 0.20239874720573425,
  "final_episode_return_end_mean": -28.144086837768555,
  "final_funding_alpha_eff": 6.848156801595841e-22,
  "final_funding_g": 0.0,
  "final_funding_g_raw": 0.08903678506612778,
  "final_update_counter": 2.0,
  "final_vartd_VarTD": 0.21523727476596832,
  "mechanism": "hardzero_plus_depr",
  "mechanism_tag": "hardzero_plus_depr__c0p52__z1p05__lam0p030__nu0p50__psi1p25",
  "runtime_sec": 10.72264436405385,
  "seed": 38,
  "z_cut": 1.05
}