{
  "alpha": 0.06,
  "c_upd": 0.56,
  "depr_lambda": 0.03,
  "depr_nu": 0.5,
  "depr_psi": 1.0,
  "eval_CSR_post": 0.0,
  "eval_dbar_post_mean": 0.5046716332435608,
  "eval_done_count": 100.0,
  "eval_episodes_per_env": 4.0,
  "eval_len_end_mean": 26.0,
  "eval_occupied_post_mean": 0.3199999928474426,
  "eval_return_end_mean": -22.831512451171875,
  "eval_t_eval": 104.0,
  "final_depr_F_post": 36.870121002197266,
  "final_energy_E_post": 0.116939477622509,
  "final_episode_return_end_mean": -26.558439254760742,
  "final_funding_alpha_eff": 6.007440144106685e-18,
  "final_funding_g": 0.09411933273077011,
  "final_funding_g_raw": 0.09411933273077011,
  "final_update_counter": 2.0,
  "final_vartd_VarTD": 0.13533014059066772,
  "mechanism": "hardzero_plus_depr",
  "mechanism_tag": "hardzero_plus_depr__c0p56__z1p10__lam0p030__nu0p50__psi1p00",
  "runtime_sec": 10.801908541005105,
  "seed": 32,
  "z_cut": 1.1
}