{
  "I_R_full_anchor_compat": 2.1687767642350724,
  "above_R_THRESH_FULL_anchor": 1.0,
  "alpha": 1.0,
  "borrow_interest": 0.02,
  "borrow_limit": 0.6,
  "c_upd": 0.9,
  "condition": "enabled_full__borrow__t4m__a1p00__c0p90",
  "eval_CSR_post": 0.0,
  "eval_CSR_pre": 0.0,
  "eval_dbar_post_mean": 0.5364208221435547,
  "eval_dbar_pre_mean": 0.5376071333885193,
  "eval_done_count": 100.0,
  "eval_done_per_env_max": 4.0,
  "eval_done_per_env_min": 4.0,
  "eval_episodes_per_env": 4.0,
  "eval_len_end_mean": 26.0,
  "eval_max_tilde_post_mean": 0.7928677201271057,
  "eval_max_tilde_pre_mean": 0.7951599955558777,
  "eval_occupied_post_mean": 0.32999998331069946,
  "eval_occupied_pre_mean": 0.28999999165534973,
  "eval_return_end_mean": -21.884592056274414,
  "eval_t_eval": 104.0,
  "family": "borrow",
  "final_energy": -0.0652671530842781,
  "final_executed_updates": 260.0,
  "final_vartd": 3.5146920680999756,
  "max_debt_level": 0.4812505841255188,
  "mean_update_fraction": 0.20800000429153442,
  "metric_horizon": "long4m",
  "phase": "extension_full",
  "runtime_sec": 11.910221669999373,
  "seed": 31,
  "support_mode": "none",
  "support_total": 0.0,
  "total_debt_charge": 2.327528953552246,
  "total_support_injected": 0.0,
  "total_timesteps": 4000000,
  "train_final_return_end_mean": -22.335954666137695
}