{
  "alpha": 0.1,
  "c_upd": 0.54,
  "depr_lambda": 0.01,
  "depr_nu": 0.5,
  "depr_psi": 1.0,
  "eval_CSR_post": 0.0,
  "eval_dbar_post_mean": 0.5138156414031982,
  "eval_done_count": 100.0,
  "eval_episodes_per_env": 4.0,
  "eval_len_end_mean": 26.0,
  "eval_occupied_post_mean": 0.4399999976158142,
  "eval_return_end_mean": -23.560861587524414,
  "eval_t_eval": 104.0,
  "final_depr_F_post": 12.215184211730957,
  "final_energy_E_post": 0.42368650436401367,
  "final_episode_return_end_mean": -26.488094329833984,
  "final_funding_alpha_eff": 5.004445142731129e-07,
  "final_funding_g": 0.0,
  "final_funding_g_raw": 0.09411286562681198,
  "final_update_counter": 2.0,
  "final_vartd_VarTD": 0.13030856847763062,
  "mechanism": "hardzero_plus_depr",
  "mechanism_tag": "hardzero_plus_depr__c0p54__z1p00__lam0p010__nu0p50__psi1p00",
  "runtime_sec": 10.341892329975963,
  "seed": 32,
  "z_cut": 1.0
}