{
  "alpha": 0.03,
  "c_upd": 0.54,
  "depr_lambda": 0.0,
  "depr_nu": 0.5,
  "depr_psi": 0.0,
  "eval_CSR_post": 0.009999999776482582,
  "eval_dbar_post_mean": 0.5006930232048035,
  "eval_done_count": 100.0,
  "eval_episodes_per_env": 4.0,
  "eval_len_end_mean": 26.0,
  "eval_occupied_post_mean": 0.35999998450279236,
  "eval_return_end_mean": -22.937557220458984,
  "eval_t_eval": 104.0,
  "final_depr_F_post": 0.0,
  "final_energy_E_post": 0.4392715394496918,
  "final_episode_return_end_mean": -26.943933486938477,
  "final_funding_alpha_eff": 0.029999999329447746,
  "final_funding_g": 0.11143364757299423,
  "final_funding_g_raw": 0.11143364757299423,
  "final_update_counter": 8.0,
  "final_vartd_VarTD": 0.14724113047122955,
  "mechanism": "hardzero_only",
  "mechanism_tag": "hardzero_only__c0p54__z1p10__lam0p000__nu0p50__psi0p00",
  "runtime_sec": 9.943442718009464,
  "seed": 35,
  "z_cut": 1.1
}