{
  "alpha": 0.06,
  "c_upd": 0.56,
  "depr_lambda": 0.03,
  "depr_nu": 0.5,
  "depr_psi": 0.75,
  "eval_CSR_post": 0.0,
  "eval_dbar_post_mean": 0.569570004940033,
  "eval_done_count": 100.0,
  "eval_episodes_per_env": 4.0,
  "eval_len_end_mean": 26.0,
  "eval_occupied_post_mean": 0.2800000011920929,
  "eval_return_end_mean": -23.551820755004883,
  "eval_t_eval": 104.0,
  "final_depr_F_post": 36.82512283325195,
  "final_energy_E_post": 0.1416662484407425,
  "final_episode_return_end_mean": -26.76595115661621,
  "final_funding_alpha_eff": 6.211712052931265e-14,
  "final_funding_g": 0.09575734287500381,
  "final_funding_g_raw": 0.09575734287500381,
  "final_update_counter": 2.0,
  "final_vartd_VarTD": 0.14303408563137054,
  "mechanism": "hardzero_plus_depr",
  "mechanism_tag": "hardzero_plus_depr__c0p56__z1p05__lam0p030__nu0p50__psi0p75",
  "runtime_sec": 10.680534209008329,
  "seed": 39,
  "z_cut": 1.05
}