{
  "I_R_full": 0.9105783656407817,
  "alpha": 1.0,
  "borrow_interest": 0.02,
  "borrow_limit": 0.6,
  "c_upd": 0.9,
  "condition": "enabled_full__borrow__t1m__a1p00__c0p90",
  "eval_CSR_post": 0.0,
  "eval_CSR_pre": 0.0,
  "eval_dbar_post_mean": 0.5103185176849365,
  "eval_dbar_pre_mean": 0.5102086663246155,
  "eval_done_count": 100.0,
  "eval_done_per_env_max": 4.0,
  "eval_done_per_env_min": 4.0,
  "eval_episodes_per_env": 4.0,
  "eval_len_end_mean": 26.0,
  "eval_max_tilde_post_mean": 0.7190137505531311,
  "eval_max_tilde_pre_mean": 0.7236238121986389,
  "eval_occupied_post_mean": 0.3700000047683716,
  "eval_occupied_pre_mean": 0.32999998331069946,
  "eval_return_end_mean": -25.001089096069336,
  "eval_t_eval": 104.0,
  "family": "borrow",
  "final_energy": 0.4548247456550598,
  "final_executed_updates": 54.0,
  "final_vartd": 5.301117897033691,
  "learned_R_full_0p5": 1.0,
  "max_debt_level": 0.47977936267852783,
  "mean_update_fraction": 0.17307692766189575,
  "metric_horizon": "full",
  "phase": "extension_full",
  "runtime_sec": 2.999763799998618,
  "seed": 46,
  "support_mode": "none",
  "support_total": 0.0,
  "total_debt_charge": 0.6976794004440308,
  "total_support_injected": 0.0,
  "total_timesteps": 1000000,
  "train_final_return_end_mean": -22.682292938232422
}