{
  "alpha": 1.0,
  "c_upd": 0.9,
  "condition": "enabled_full",
  "eval_CSR_post": 0.0,
  "eval_CSR_pre": 0.0,
  "eval_dbar_post_mean": 0.4866862893104553,
  "eval_dbar_pre_mean": 0.488996684551239,
  "eval_done_count": 100.0,
  "eval_done_per_env_max": 4.0,
  "eval_done_per_env_min": 4.0,
  "eval_episodes_per_env": 4.0,
  "eval_len_end_mean": 26.0,
  "eval_max_tilde_post_mean": 0.7212258577346802,
  "eval_max_tilde_pre_mean": 0.7226595282554626,
  "eval_occupied_post_mean": 0.38999998569488525,
  "eval_occupied_pre_mean": 0.38999998569488525,
  "eval_return_end_mean": -22.88486671447754,
  "eval_t_eval": 104.0,
  "final_energy": 0.7618713974952698,
  "final_executed_updates": 51.0,
  "final_funding_g": 0.16501349210739136,
  "final_funding_z": 0.7824805378913879,
  "final_vartd": 4.88205623626709,
  "horizon_label": "full",
  "mean_update_fraction": 0.16346153616905212,
  "runtime_sec": 2.5924790980061516,
  "seed": 55,
  "train_final_CSR_train": 0.0,
  "train_final_dbar_end": 0.5738305449485779,
  "train_final_min_dists_end_mean": 1.7214915752410889,
  "train_final_occupied_end_mean": 0.25600001215934753,
  "train_final_return_end_mean": -23.244665145874023
}