{
  "alpha": 0.1,
  "c_upd": 0.58,
  "depr_lambda": 0.01,
  "depr_nu": 0.5,
  "depr_psi": 1.25,
  "eval_CSR_post": 0.0,
  "eval_dbar_post_mean": 0.5878574848175049,
  "eval_done_count": 100.0,
  "eval_episodes_per_env": 4.0,
  "eval_len_end_mean": 26.0,
  "eval_occupied_post_mean": 0.17999999225139618,
  "eval_return_end_mean": -25.39822769165039,
  "eval_t_eval": 104.0,
  "final_depr_F_post": 11.687671661376953,
  "final_energy_E_post": 0.36029550433158875,
  "final_episode_return_end_mean": -26.32527732849121,
  "final_funding_alpha_eff": 4.5768270950929946e-08,
  "final_funding_g": 0.11571044474840164,
  "final_funding_g_raw": 0.11571044474840164,
  "final_update_counter": 3.0,
  "final_vartd_VarTD": 0.11618901789188385,
  "mechanism": "hardzero_plus_depr",
  "mechanism_tag": "hardzero_plus_depr__c0p58__z1p10__lam0p010__nu0p50__psi1p25",
  "runtime_sec": 10.670323402970098,
  "seed": 33,
  "z_cut": 1.1
}