{
  "alpha": 0.057,
  "c_upd": 0.58,
  "depr_lambda": 0.0,
  "depr_nu": 0.5,
  "depr_psi": 0.0,
  "eval_CSR_post": 0.009999999776482582,
  "eval_dbar_post_mean": 0.49511218070983887,
  "eval_done_count": 100.0,
  "eval_episodes_per_env": 4.0,
  "eval_len_end_mean": 26.0,
  "eval_occupied_post_mean": 0.3999999761581421,
  "eval_return_end_mean": -23.66147804260254,
  "eval_t_eval": 104.0,
  "final_depr_F_post": 0.0,
  "final_energy_E_post": 0.07141836732625961,
  "final_episode_return_end_mean": -27.109054565429688,
  "final_funding_alpha_eff": 0.05700000002980232,
  "final_funding_g": 0.10882626473903656,
  "final_funding_g_raw": 0.10882626473903656,
  "final_update_counter": 6.0,
  "final_vartd_VarTD": 0.20160290598869324,
  "mechanism": "hardzero_only",
  "mechanism_tag": "hardzero_only__c0p58__z1p00__lam0p000__nu0p50__psi0p00",
  "runtime_sec": 10.855889730039053,
  "seed": 38,
  "z_cut": 1.0
}