{
  "I_R_full": 1.4701946725828994,
  "alpha": 1.0,
  "borrow_interest": 0.02,
  "borrow_limit": 0.6,
  "c_upd": 0.9,
  "condition": "enabled_full__borrow__t1m__a1p00__c0p90",
  "eval_CSR_post": 0.0,
  "eval_CSR_pre": 0.0,
  "eval_dbar_post_mean": 0.4915216565132141,
  "eval_dbar_pre_mean": 0.4894925057888031,
  "eval_done_count": 100.0,
  "eval_done_per_env_max": 4.0,
  "eval_done_per_env_min": 4.0,
  "eval_episodes_per_env": 4.0,
  "eval_len_end_mean": 26.0,
  "eval_max_tilde_post_mean": 0.707598865032196,
  "eval_max_tilde_pre_mean": 0.7100164890289307,
  "eval_occupied_post_mean": 0.47999998927116394,
  "eval_occupied_pre_mean": 0.3799999952316284,
  "eval_return_end_mean": -23.614946365356445,
  "eval_t_eval": 104.0,
  "family": "borrow",
  "final_energy": -0.33409273624420166,
  "final_executed_updates": 53.0,
  "final_vartd": 5.295106887817383,
  "learned_R_full_0p5": 1.0,
  "max_debt_level": 0.4865419864654541,
  "mean_update_fraction": 0.16987179219722748,
  "metric_horizon": "full",
  "phase": "extension_full",
  "runtime_sec": 2.99083923499893,
  "seed": 54,
  "support_mode": "none",
  "support_total": 0.0,
  "total_debt_charge": 0.7244559526443481,
  "total_support_injected": 0.0,
  "total_timesteps": 1000000,
  "train_final_return_end_mean": -22.704071044921875
}