{
  "alpha": 0.1,
  "c_upd": 0.52,
  "depr_lambda": 0.01,
  "depr_nu": 0.5,
  "depr_psi": 1.0,
  "eval_CSR_post": 0.0,
  "eval_dbar_post_mean": 0.6606078743934631,
  "eval_done_count": 100.0,
  "eval_episodes_per_env": 4.0,
  "eval_len_end_mean": 26.0,
  "eval_occupied_post_mean": 0.19999998807907104,
  "eval_return_end_mean": -25.636869430541992,
  "eval_t_eval": 104.0,
  "final_depr_F_post": 11.05390739440918,
  "final_energy_E_post": 0.40051448345184326,
  "final_episode_return_end_mean": -27.44967269897461,
  "final_funding_alpha_eff": 1.5984242054400966e-06,
  "final_funding_g": 0.10029342025518417,
  "final_funding_g_raw": 0.10029342025518417,
  "final_update_counter": 4.0,
  "final_vartd_VarTD": 0.1561548411846161,
  "mechanism": "hardzero_plus_depr",
  "mechanism_tag": "hardzero_plus_depr__c0p52__z1p10__lam0p010__nu0p50__psi1p00",
  "runtime_sec": 10.571025353041478,
  "seed": 41,
  "z_cut": 1.1
}