{
  "alpha": 0.1,
  "c_upd": 0.54,
  "depr_lambda": 0.01,
  "depr_nu": 0.5,
  "depr_psi": 1.25,
  "eval_CSR_post": 0.0,
  "eval_dbar_post_mean": 0.5698359608650208,
  "eval_done_count": 100.0,
  "eval_episodes_per_env": 4.0,
  "eval_len_end_mean": 26.0,
  "eval_occupied_post_mean": 0.25,
  "eval_return_end_mean": -24.17584991455078,
  "eval_t_eval": 104.0,
  "final_depr_F_post": 11.587669372558594,
  "final_energy_E_post": 0.26730114221572876,
  "final_episode_return_end_mean": -26.311447143554688,
  "final_funding_alpha_eff": 5.186243967614246e-08,
  "final_funding_g": 0.0965718999505043,
  "final_funding_g_raw": 0.0965718999505043,
  "final_update_counter": 3.0,
  "final_vartd_VarTD": 0.1261090636253357,
  "mechanism": "hardzero_plus_depr",
  "mechanism_tag": "hardzero_plus_depr__c0p54__z1p05__lam0p010__nu0p50__psi1p25",
  "runtime_sec": 10.638111466018017,
  "seed": 34,
  "z_cut": 1.05
}