{
  "alpha": 0.06,
  "c_upd": 0.56,
  "depr_lambda": 0.01,
  "depr_nu": 0.5,
  "depr_psi": 0.75,
  "eval_CSR_post": 0.0,
  "eval_dbar_post_mean": 0.5401935577392578,
  "eval_done_count": 100.0,
  "eval_episodes_per_env": 4.0,
  "eval_len_end_mean": 26.0,
  "eval_occupied_post_mean": 0.3999999761581421,
  "eval_return_end_mean": -23.013778686523438,
  "eval_t_eval": 104.0,
  "final_depr_F_post": 11.347663879394531,
  "final_energy_E_post": 0.39028438925743103,
  "final_episode_return_end_mean": -27.09563636779785,
  "final_funding_alpha_eff": 1.2168511602794752e-05,
  "final_funding_g": 0.10068994015455246,
  "final_funding_g_raw": 0.10068994015455246,
  "final_update_counter": 3.0,
  "final_vartd_VarTD": 0.18701432645320892,
  "mechanism": "hardzero_plus_depr",
  "mechanism_tag": "hardzero_plus_depr__c0p56__z1p10__lam0p010__nu0p50__psi0p75",
  "runtime_sec": 24.024798867991194,
  "seed": 30,
  "z_cut": 1.1
}