{
  "alpha": 0.05,
  "c_upd": 0.52,
  "depr_lambda": 0.01,
  "depr_nu": 0.5,
  "depr_psi": 0.75,
  "eval_CSR_post": 0.0,
  "eval_dbar_post_mean": 0.5143300294876099,
  "eval_done_count": 100.0,
  "eval_episodes_per_env": 4.0,
  "eval_len_end_mean": 26.0,
  "eval_occupied_post_mean": 0.3999999761581421,
  "eval_return_end_mean": -24.191625595092773,
  "eval_t_eval": 104.0,
  "final_depr_F_post": 12.240184783935547,
  "final_energy_E_post": 0.26079046726226807,
  "final_episode_return_end_mean": -26.23454475402832,
  "final_funding_alpha_eff": 5.192111075302819e-06,
  "final_funding_g": 0.0,
  "final_funding_g_raw": 0.09862323105335236,
  "final_update_counter": 2.0,
  "final_vartd_VarTD": 0.1336795538663864,
  "mechanism": "hardzero_plus_depr",
  "mechanism_tag": "hardzero_plus_depr__c0p52__z1p00__lam0p010__nu0p50__psi0p75",
  "runtime_sec": 10.682393667986616,
  "seed": 32,
  "z_cut": 1.0
}