{
  "alpha": 0.033,
  "c_upd": 0.58,
  "depr_lambda": 0.0,
  "depr_nu": 0.5,
  "depr_psi": 0.0,
  "eval_CSR_post": 0.0,
  "eval_dbar_post_mean": 0.48704445362091064,
  "eval_done_count": 100.0,
  "eval_episodes_per_env": 4.0,
  "eval_len_end_mean": 26.0,
  "eval_occupied_post_mean": 0.5099999904632568,
  "eval_return_end_mean": -22.905799865722656,
  "eval_t_eval": 104.0,
  "final_depr_F_post": 0.0,
  "final_energy_E_post": 0.06776340305805206,
  "final_episode_return_end_mean": -26.467041015625,
  "final_funding_alpha_eff": 0.032999999821186066,
  "final_funding_g": 0.10424818098545074,
  "final_funding_g_raw": 0.10424818098545074,
  "final_update_counter": 4.0,
  "final_vartd_VarTD": 0.14373837411403656,
  "mechanism": "hardzero_only",
  "mechanism_tag": "hardzero_only__c0p58__z1p00__lam0p000__nu0p50__psi0p00",
  "runtime_sec": 9.473185457056388,
  "seed": 61,
  "z_cut": 1.0
}