{
  "alpha": 0.076,
  "c_upd": 0.58,
  "depr_lambda": 0.005,
  "depr_nu": 1.0,
  "depr_psi": 0.5,
  "eval_CSR_post": 0.0,
  "eval_dbar_post_mean": 0.48001861572265625,
  "eval_done_count": 100.0,
  "eval_episodes_per_env": 4.0,
  "eval_len_end_mean": 26.0,
  "eval_occupied_post_mean": 0.4399999976158142,
  "eval_return_end_mean": -23.382673263549805,
  "eval_t_eval": 104.0,
  "final_depr_F_post": 0.22499991953372955,
  "final_energy_E_post": 0.5153552293777466,
  "final_episode_return_end_mean": -24.140079498291016,
  "final_funding_alpha_eff": 0.06808339804410934,
  "final_funding_g": 0.1652069240808487,
  "final_funding_g_raw": 0.1652069240808487,
  "final_update_counter": 17.0,
  "final_vartd_VarTD": 0.4645605981349945,
  "mechanism": "hardzero_plus_depr",
  "mechanism_tag": "hardzero_plus_depr__c0p58__z1p00__lam0p005__nu1p00__psi0p50",
  "runtime_sec": 19.352421058923937,
  "seed": 30,
  "z_cut": 1.0
}