{
  "alpha": 0.054,
  "c_upd": 0.58,
  "depr_lambda": 0.0,
  "depr_nu": 0.5,
  "depr_psi": 0.0,
  "eval_CSR_post": 0.0,
  "eval_dbar_post_mean": 0.5122710466384888,
  "eval_done_count": 100.0,
  "eval_episodes_per_env": 4.0,
  "eval_len_end_mean": 26.0,
  "eval_occupied_post_mean": 0.26999998092651367,
  "eval_return_end_mean": -24.3370361328125,
  "eval_t_eval": 104.0,
  "final_depr_F_post": 0.0,
  "final_energy_E_post": 0.14242330193519592,
  "final_episode_return_end_mean": -25.945497512817383,
  "final_funding_alpha_eff": 0.05400000140070915,
  "final_funding_g": 0.13424886763095856,
  "final_funding_g_raw": 0.13424886763095856,
  "final_update_counter": 11.0,
  "final_vartd_VarTD": 0.1824214905500412,
  "mechanism": "hardzero_only",
  "mechanism_tag": "hardzero_only__c0p58__z1p00__lam0p000__nu0p50__psi0p00",
  "runtime_sec": 10.844860006007366,
  "seed": 51,
  "z_cut": 1.0
}