{
  "alpha": 0.08,
  "c_upd": 0.5,
  "depr_lambda": 0.02,
  "depr_nu": 0.5,
  "depr_psi": 0.75,
  "eval_CSR_post": 0.0,
  "eval_dbar_post_mean": 0.5389044284820557,
  "eval_done_count": 100.0,
  "eval_episodes_per_env": 4.0,
  "eval_len_end_mean": 26.0,
  "eval_occupied_post_mean": 0.35999998450279236,
  "eval_return_end_mean": -24.494873046875,
  "eval_t_eval": 104.0,
  "final_depr_F_post": 21.420299530029297,
  "final_energy_E_post": 0.04092773422598839,
  "final_episode_return_end_mean": -26.10832977294922,
  "final_funding_alpha_eff": 8.561820585839541e-09,
  "final_funding_g": 0.11913055181503296,
  "final_funding_g_raw": 0.11913055181503296,
  "final_update_counter": 3.0,
  "final_vartd_VarTD": 0.11481646448373795,
  "mechanism": "hardzero_plus_depr",
  "mechanism_tag": "hardzero_plus_depr__c0p50__z1p05__lam0p020__nu0p50__psi0p75",
  "runtime_sec": 10.781207304040436,
  "seed": 33,
  "z_cut": 1.05
}