{
  "alpha": 0.025,
  "c_upd": 0.58,
  "depr_lambda": 0.005,
  "depr_nu": 1.0,
  "depr_psi": 0.5,
  "eval_CSR_post": 0.019999999552965164,
  "eval_dbar_post_mean": 0.6117469668388367,
  "eval_done_count": 100.0,
  "eval_episodes_per_env": 4.0,
  "eval_len_end_mean": 26.0,
  "eval_occupied_post_mean": 0.29999998211860657,
  "eval_return_end_mean": -24.336095809936523,
  "eval_t_eval": 104.0,
  "final_depr_F_post": 6.245095252990723,
  "final_energy_E_post": 0.5495039820671082,
  "final_episode_return_end_mean": -27.141231536865234,
  "final_funding_alpha_eff": 0.0011038767406716943,
  "final_funding_g": 0.0,
  "final_funding_g_raw": 0.09774252772331238,
  "final_update_counter": 1.0,
  "final_vartd_VarTD": 0.1619248241186142,
  "mechanism": "hardzero_plus_depr",
  "mechanism_tag": "hardzero_plus_depr__c0p58__z1p00__lam0p005__nu1p00__psi0p50",
  "runtime_sec": 9.468029821990058,
  "seed": 54,
  "z_cut": 1.0
}