{
  "alpha": 0.06,
  "c_upd": 0.56,
  "depr_lambda": 0.01,
  "depr_nu": 0.5,
  "depr_psi": 0.75,
  "eval_CSR_post": 0.0,
  "eval_dbar_post_mean": 0.5232542157173157,
  "eval_done_count": 100.0,
  "eval_episodes_per_env": 4.0,
  "eval_len_end_mean": 26.0,
  "eval_occupied_post_mean": 0.41999998688697815,
  "eval_return_end_mean": -23.18832015991211,
  "eval_t_eval": 104.0,
  "final_depr_F_post": 11.282663345336914,
  "final_energy_E_post": 0.36173751950263977,
  "final_episode_return_end_mean": -26.035457611083984,
  "final_funding_alpha_eff": 1.277643514185911e-05,
  "final_funding_g": 0.1029018759727478,
  "final_funding_g_raw": 0.1029018759727478,
  "final_update_counter": 3.0,
  "final_vartd_VarTD": 0.12717199325561523,
  "mechanism": "hardzero_plus_depr",
  "mechanism_tag": "hardzero_plus_depr__c0p56__z1p10__lam0p010__nu0p50__psi0p75",
  "runtime_sec": 10.622310035978444,
  "seed": 32,
  "z_cut": 1.1
}