{
  "alpha": 0.082,
  "c_upd": 0.58,
  "depr_lambda": 0.005,
  "depr_nu": 1.0,
  "depr_psi": 0.5,
  "eval_CSR_post": 0.0,
  "eval_dbar_post_mean": 0.5021888017654419,
  "eval_done_count": 100.0,
  "eval_episodes_per_env": 4.0,
  "eval_len_end_mean": 26.0,
  "eval_occupied_post_mean": 0.4399999976158142,
  "eval_return_end_mean": -24.31104278564453,
  "eval_t_eval": 104.0,
  "final_depr_F_post": 0.05499999225139618,
  "final_energy_E_post": 0.158074751496315,
  "final_episode_return_end_mean": -25.346027374267578,
  "final_funding_alpha_eff": 0.07997541129589081,
  "final_funding_g": 0.15227331221103668,
  "final_funding_g_raw": 0.15227331221103668,
  "final_update_counter": 14.0,
  "final_vartd_VarTD": 0.2362869828939438,
  "mechanism": "hardzero_plus_depr",
  "mechanism_tag": "hardzero_plus_depr__c0p58__z1p00__lam0p005__nu1p00__psi0p50",
  "runtime_sec": 9.483435614034534,
  "seed": 31,
  "z_cut": 1.0
}