{
  "alpha": 0.05,
  "c_upd": 0.52,
  "depr_lambda": 0.01,
  "depr_nu": 0.5,
  "depr_psi": 0.75,
  "eval_CSR_post": 0.0,
  "eval_dbar_post_mean": 0.5740067958831787,
  "eval_done_count": 100.0,
  "eval_episodes_per_env": 4.0,
  "eval_len_end_mean": 26.0,
  "eval_occupied_post_mean": 0.32999998331069946,
  "eval_return_end_mean": -24.48095703125,
  "eval_t_eval": 104.0,
  "final_depr_F_post": 12.310186386108398,
  "final_energy_E_post": 0.27146151661872864,
  "final_episode_return_end_mean": -26.806190490722656,
  "final_funding_alpha_eff": 4.926548626826843e-06,
  "final_funding_g": 0.0,
  "final_funding_g_raw": 0.09853237122297287,
  "final_update_counter": 2.0,
  "final_vartd_VarTD": 0.2042936533689499,
  "mechanism": "hardzero_plus_depr",
  "mechanism_tag": "hardzero_plus_depr__c0p52__z1p00__lam0p010__nu0p50__psi0p75",
  "runtime_sec": 10.690300980000757,
  "seed": 37,
  "z_cut": 1.0
}