{
  "alpha": 0.02,
  "c_upd": 0.58,
  "depr_lambda": 0.0,
  "depr_nu": 0.5,
  "depr_psi": 0.0,
  "eval_CSR_post": 0.0,
  "eval_dbar_post_mean": 0.6608947515487671,
  "eval_done_count": 100.0,
  "eval_episodes_per_env": 4.0,
  "eval_len_end_mean": 26.0,
  "eval_occupied_post_mean": 0.2199999988079071,
  "eval_return_end_mean": -25.922733306884766,
  "eval_t_eval": 104.0,
  "final_depr_F_post": 0.0,
  "final_energy_E_post": 0.5166425108909607,
  "final_episode_return_end_mean": -27.874231338500977,
  "final_funding_alpha_eff": 0.019999999552965164,
  "final_funding_g": 0.0,
  "final_funding_g_raw": 0.09374573081731796,
  "final_update_counter": 2.0,
  "final_vartd_VarTD": 0.16340510547161102,
  "mechanism": "hardzero_only",
  "mechanism_tag": "hardzero_only__c0p58__z1p00__lam0p000__nu0p50__psi0p00",
  "runtime_sec": 9.747838181006955,
  "seed": 41,
  "z_cut": 1.0
}