{
  "I_R_full_anchor_compat": 0.34407560356217276,
  "above_R_THRESH_FULL_anchor": 0.0,
  "alpha": 0.1,
  "borrow_interest": 0.02,
  "borrow_limit": 0.6,
  "c_upd": 1.0,
  "condition": "edge_full__borrow__t4m__a0p10__c1p00",
  "eval_CSR_post": 0.0,
  "eval_CSR_pre": 0.0,
  "eval_dbar_post_mean": 0.7544708251953125,
  "eval_dbar_pre_mean": 0.7482666373252869,
  "eval_done_count": 100.0,
  "eval_done_per_env_max": 4.0,
  "eval_done_per_env_min": 4.0,
  "eval_episodes_per_env": 4.0,
  "eval_len_end_mean": 26.0,
  "eval_max_tilde_post_mean": 1.1113847494125366,
  "eval_max_tilde_pre_mean": 1.1066250801086426,
  "eval_occupied_post_mean": 0.1599999964237213,
  "eval_occupied_pre_mean": 0.1899999976158142,
  "eval_return_end_mean": -26.40428924560547,
  "eval_t_eval": 104.0,
  "family": "borrow",
  "final_energy": -0.6000000238418579,
  "final_executed_updates": 2.0,
  "final_vartd": 0.13678212463855743,
  "max_debt_level": 0.6000000238418579,
  "mean_update_fraction": 0.0015999999595806003,
  "metric_horizon": "long4m",
  "phase": "extension_full",
  "runtime_sec": 10.939906536999843,
  "seed": 43,
  "support_mode": "none",
  "support_total": 0.0,
  "total_debt_charge": 14.45932388305664,
  "total_support_injected": 0.0,
  "total_timesteps": 4000000,
  "train_final_return_end_mean": -26.62432289123535
}