{
  "alpha": 0.061,
  "c_upd": 0.58,
  "depr_lambda": 0.005,
  "depr_nu": 1.0,
  "depr_psi": 0.5,
  "eval_CSR_post": 0.0,
  "eval_dbar_post_mean": 0.6964752674102783,
  "eval_done_count": 100.0,
  "eval_episodes_per_env": 4.0,
  "eval_len_end_mean": 26.0,
  "eval_occupied_post_mean": 0.20999999344348907,
  "eval_return_end_mean": -26.001169204711914,
  "eval_t_eval": 104.0,
  "final_depr_F_post": 5.615080833435059,
  "final_energy_E_post": 0.5558400750160217,
  "final_episode_return_end_mean": -27.023372650146484,
  "final_funding_alpha_eff": 0.0036907640751451254,
  "final_funding_g": 0.0,
  "final_funding_g_raw": 0.09597008675336838,
  "final_update_counter": 2.0,
  "final_vartd_VarTD": 0.2004345804452896,
  "mechanism": "hardzero_plus_depr",
  "mechanism_tag": "hardzero_plus_depr__c0p58__z1p00__lam0p005__nu1p00__psi0p50",
  "runtime_sec": 9.463685820926912,
  "seed": 37,
  "z_cut": 1.0
}