{
  "alpha": 0.12,
  "c_upd": 0.54,
  "depr_lambda": 0.01,
  "depr_nu": 0.5,
  "depr_psi": 1.0,
  "eval_CSR_post": 0.0,
  "eval_dbar_post_mean": 0.5055704116821289,
  "eval_done_count": 100.0,
  "eval_episodes_per_env": 4.0,
  "eval_len_end_mean": 26.0,
  "eval_occupied_post_mean": 0.429999977350235,
  "eval_return_end_mean": -23.64232063293457,
  "eval_t_eval": 104.0,
  "final_depr_F_post": 10.307015419006348,
  "final_energy_E_post": 0.42445236444473267,
  "final_episode_return_end_mean": -26.593673706054688,
  "final_funding_alpha_eff": 4.048036316817161e-06,
  "final_funding_g": 0.10282465070486069,
  "final_funding_g_raw": 0.10282465070486069,
  "final_update_counter": 5.0,
  "final_vartd_VarTD": 0.17676010727882385,
  "mechanism": "hardzero_plus_depr",
  "mechanism_tag": "hardzero_plus_depr__c0p54__z1p10__lam0p010__nu0p50__psi1p00",
  "runtime_sec": 10.766230111941695,
  "seed": 37,
  "z_cut": 1.1
}