{
  "alpha": 0.06,
  "c_upd": 0.52,
  "depr_lambda": 0.02,
  "depr_nu": 0.5,
  "depr_psi": 0.75,
  "eval_CSR_post": 0.009999999776482582,
  "eval_dbar_post_mean": 0.5761390924453735,
  "eval_done_count": 100.0,
  "eval_episodes_per_env": 4.0,
  "eval_len_end_mean": 26.0,
  "eval_occupied_post_mean": 0.3199999928474426,
  "eval_return_end_mean": -24.263105392456055,
  "eval_t_eval": 104.0,
  "final_depr_F_post": 24.120361328125,
  "final_energy_E_post": 0.09009268879890442,
  "final_episode_return_end_mean": -26.40155601501465,
  "final_funding_alpha_eff": 8.475405932628632e-10,
  "final_funding_g": 0.0,
  "final_funding_g_raw": 0.09468422830104828,
  "final_update_counter": 2.0,
  "final_vartd_VarTD": 0.12010426819324493,
  "mechanism": "hardzero_plus_depr",
  "mechanism_tag": "hardzero_plus_depr__c0p52__z1p00__lam0p020__nu0p50__psi0p75",
  "runtime_sec": 10.722752851026598,
  "seed": 34,
  "z_cut": 1.0
}