{
  "alpha": 0.06,
  "c_upd": 0.58,
  "depr_lambda": 0.01,
  "depr_nu": 0.5,
  "depr_psi": 1.25,
  "eval_CSR_post": 0.009999999776482582,
  "eval_dbar_post_mean": 0.6738266944885254,
  "eval_done_count": 100.0,
  "eval_episodes_per_env": 4.0,
  "eval_len_end_mean": 26.0,
  "eval_occupied_post_mean": 0.29999998211860657,
  "eval_return_end_mean": -26.79393196105957,
  "eval_t_eval": 104.0,
  "final_depr_F_post": 12.260185241699219,
  "final_energy_E_post": 0.3229409456253052,
  "final_episode_return_end_mean": -26.9789981842041,
  "final_funding_alpha_eff": 1.3425077050044365e-08,
  "final_funding_g": 0.09643983095884323,
  "final_funding_g_raw": 0.09643983095884323,
  "final_update_counter": 2.0,
  "final_vartd_VarTD": 0.19818538427352905,
  "mechanism": "hardzero_plus_depr",
  "mechanism_tag": "hardzero_plus_depr__c0p58__z1p05__lam0p010__nu0p50__psi1p25",
  "runtime_sec": 10.86802140600048,
  "seed": 37,
  "z_cut": 1.05
}