{
  "alpha": 0.03,
  "c_upd": 0.52,
  "depr_lambda": 0.01,
  "depr_nu": 0.5,
  "depr_psi": 1.0,
  "eval_CSR_post": 0.0,
  "eval_dbar_post_mean": 0.702163815498352,
  "eval_done_count": 100.0,
  "eval_episodes_per_env": 4.0,
  "eval_len_end_mean": 26.0,
  "eval_occupied_post_mean": 0.20999999344348907,
  "eval_return_end_mean": -26.521873474121094,
  "eval_t_eval": 104.0,
  "final_depr_F_post": 12.410188674926758,
  "final_energy_E_post": 0.27092239260673523,
  "final_episode_return_end_mean": -26.94260597229004,
  "final_funding_alpha_eff": 1.235343773942077e-07,
  "final_funding_g": 0.09709826856851578,
  "final_funding_g_raw": 0.09709826856851578,
  "final_update_counter": 2.0,
  "final_vartd_VarTD": 0.2005804479122162,
  "mechanism": "hardzero_plus_depr",
  "mechanism_tag": "hardzero_plus_depr__c0p52__z1p10__lam0p010__nu0p50__psi1p00",
  "runtime_sec": 10.658822375000454,
  "seed": 37,
  "z_cut": 1.1
}