{
  "alpha": 0.12,
  "c_upd": 0.56,
  "depr_lambda": 0.02,
  "depr_nu": 0.5,
  "depr_psi": 0.75,
  "eval_CSR_post": 0.0,
  "eval_dbar_post_mean": 0.5246397256851196,
  "eval_done_count": 100.0,
  "eval_episodes_per_env": 4.0,
  "eval_len_end_mean": 26.0,
  "eval_occupied_post_mean": 0.32999998331069946,
  "eval_return_end_mean": -24.771451950073242,
  "eval_t_eval": 104.0,
  "final_depr_F_post": 23.840354919433594,
  "final_energy_E_post": 0.413468599319458,
  "final_episode_return_end_mean": -25.962902069091797,
  "final_funding_alpha_eff": 2.091198325615551e-09,
  "final_funding_g": 0.10446503758430481,
  "final_funding_g_raw": 0.10446503758430481,
  "final_update_counter": 3.0,
  "final_vartd_VarTD": 0.1218327134847641,
  "mechanism": "hardzero_plus_depr",
  "mechanism_tag": "hardzero_plus_depr__c0p56__z1p10__lam0p020__nu0p50__psi0p75",
  "runtime_sec": 10.82360136997886,
  "seed": 34,
  "z_cut": 1.1
}