{
  "alpha": 0.06,
  "c_upd": 0.5,
  "depr_lambda": 0.0,
  "depr_nu": 0.5,
  "depr_psi": 0.0,
  "eval_CSR_post": 0.0,
  "eval_dbar_post_mean": 0.530392050743103,
  "eval_done_count": 100.0,
  "eval_episodes_per_env": 4.0,
  "eval_len_end_mean": 26.0,
  "eval_occupied_post_mean": 0.3400000035762787,
  "eval_return_end_mean": -23.5247802734375,
  "eval_t_eval": 104.0,
  "final_depr_F_post": 0.0,
  "final_energy_E_post": 0.31104129552841187,
  "final_episode_return_end_mean": -24.72300910949707,
  "final_funding_alpha_eff": 0.05999999865889549,
  "final_funding_g": 0.14691050350666046,
  "final_funding_g_raw": 0.14691050350666046,
  "final_update_counter": 20.0,
  "final_vartd_VarTD": 0.6584491729736328,
  "mechanism": "hardzero_only",
  "mechanism_tag": "hardzero_only__c0p50__z1p10__lam0p000__nu0p50__psi0p00",
  "runtime_sec": 9.875933868985157,
  "seed": 37,
  "z_cut": 1.1
}