{
  "alpha": 0.085,
  "c_upd": 0.58,
  "depr_lambda": 0.005,
  "depr_nu": 1.0,
  "depr_psi": 0.5,
  "eval_CSR_post": 0.0,
  "eval_dbar_post_mean": 0.4743294417858124,
  "eval_done_count": 100.0,
  "eval_episodes_per_env": 4.0,
  "eval_len_end_mean": 26.0,
  "eval_occupied_post_mean": 0.4399999976158142,
  "eval_return_end_mean": -23.344032287597656,
  "eval_t_eval": 104.0,
  "final_depr_F_post": 0.2349999099969864,
  "final_energy_E_post": 0.5472452044487,
  "final_episode_return_end_mean": -24.249046325683594,
  "final_funding_alpha_eff": 0.07576612383127213,
  "final_funding_g": 0.15739032626152039,
  "final_funding_g_raw": 0.15739032626152039,
  "final_update_counter": 16.0,
  "final_vartd_VarTD": 0.33103466033935547,
  "mechanism": "hardzero_plus_depr",
  "mechanism_tag": "hardzero_plus_depr__c0p58__z1p00__lam0p005__nu1p00__psi0p50",
  "runtime_sec": 9.496938313008286,
  "seed": 45,
  "z_cut": 1.0
}