{
  "alpha": 0.05,
  "c_upd": 0.54,
  "depr_lambda": 0.03,
  "depr_nu": 0.5,
  "depr_psi": 1.0,
  "eval_CSR_post": 0.0,
  "eval_dbar_post_mean": 0.7625101804733276,
  "eval_done_count": 100.0,
  "eval_episodes_per_env": 4.0,
  "eval_len_end_mean": 26.0,
  "eval_occupied_post_mean": 0.17000000178813934,
  "eval_return_end_mean": -27.970767974853516,
  "eval_t_eval": 104.0,
  "final_depr_F_post": 36.84012222290039,
  "final_energy_E_post": 0.08284953236579895,
  "final_episode_return_end_mean": -27.864355087280273,
  "final_funding_alpha_eff": 5.158655228314997e-18,
  "final_funding_g": 0.09323786944150925,
  "final_funding_g_raw": 0.09323786944150925,
  "final_update_counter": 2.0,
  "final_vartd_VarTD": 0.1632172018289566,
  "mechanism": "hardzero_plus_depr",
  "mechanism_tag": "hardzero_plus_depr__c0p54__z1p05__lam0p030__nu0p50__psi1p00",
  "runtime_sec": 10.656522503006272,
  "seed": 41,
  "z_cut": 1.05
}