{
  "alpha": 0.12,
  "c_upd": 0.54,
  "depr_lambda": 0.02,
  "depr_nu": 0.5,
  "depr_psi": 1.25,
  "eval_CSR_post": 0.0,
  "eval_dbar_post_mean": 0.5493255257606506,
  "eval_done_count": 100.0,
  "eval_episodes_per_env": 4.0,
  "eval_len_end_mean": 26.0,
  "eval_occupied_post_mean": 0.32999998331069946,
  "eval_return_end_mean": -23.526689529418945,
  "eval_t_eval": 104.0,
  "final_depr_F_post": 24.890378952026367,
  "final_energy_E_post": 0.4560891389846802,
  "final_episode_return_end_mean": -27.22966194152832,
  "final_funding_alpha_eff": 3.78308673517941e-15,
  "final_funding_g": 0.09518226236104965,
  "final_funding_g_raw": 0.09518226236104965,
  "final_update_counter": 2.0,
  "final_vartd_VarTD": 0.1888992041349411,
  "mechanism": "hardzero_plus_depr",
  "mechanism_tag": "hardzero_plus_depr__c0p54__z1p10__lam0p020__nu0p50__psi1p25",
  "runtime_sec": 24.014362813089974,
  "seed": 30,
  "z_cut": 1.1
}