{
  "alpha": 0.046,
  "c_upd": 0.58,
  "depr_lambda": 0.005,
  "depr_nu": 1.0,
  "depr_psi": 0.5,
  "eval_CSR_post": 0.0,
  "eval_dbar_post_mean": 0.9486374855041504,
  "eval_done_count": 100.0,
  "eval_episodes_per_env": 4.0,
  "eval_len_end_mean": 26.0,
  "eval_occupied_post_mean": 0.08999999612569809,
  "eval_return_end_mean": -29.09728240966797,
  "eval_t_eval": 104.0,
  "final_depr_F_post": 4.72506046295166,
  "final_energy_E_post": 0.36180779337882996,
  "final_episode_return_end_mean": -27.75221061706543,
  "final_funding_alpha_eff": 0.004343199077993631,
  "final_funding_g": 0.0,
  "final_funding_g_raw": 0.09361814707517624,
  "final_update_counter": 2.0,
  "final_vartd_VarTD": 0.1518963724374771,
  "mechanism": "hardzero_plus_depr",
  "mechanism_tag": "hardzero_plus_depr__c0p58__z1p00__lam0p005__nu1p00__psi0p50",
  "runtime_sec": 9.453377922065556,
  "seed": 51,
  "z_cut": 1.0
}