{
  "alpha": 0.08,
  "c_upd": 0.56,
  "depr_lambda": 0.0,
  "depr_nu": 0.5,
  "depr_psi": 0.0,
  "eval_CSR_post": 0.0,
  "eval_dbar_post_mean": 0.5104105472564697,
  "eval_done_count": 100.0,
  "eval_episodes_per_env": 4.0,
  "eval_len_end_mean": 26.0,
  "eval_occupied_post_mean": 0.3400000035762787,
  "eval_return_end_mean": -21.992137908935547,
  "eval_t_eval": 104.0,
  "final_depr_F_post": 0.0,
  "final_energy_E_post": 0.38303831219673157,
  "final_episode_return_end_mean": -26.3856258392334,
  "final_funding_alpha_eff": 0.07999999821186066,
  "final_funding_g": 0.12335621565580368,
  "final_funding_g_raw": 0.12335621565580368,
  "final_update_counter": 11.0,
  "final_vartd_VarTD": 0.22311505675315857,
  "mechanism": "hardzero_only",
  "mechanism_tag": "hardzero_only__c0p56__z1p00__lam0p000__nu0p50__psi0p00",
  "runtime_sec": 9.760181813006056,
  "seed": 38,
  "z_cut": 1.0
}