{
  "alpha": 0.1,
  "c_upd": 0.6,
  "depr_lambda": 0.02,
  "depr_nu": 0.5,
  "depr_psi": 1.25,
  "eval_CSR_post": 0.0,
  "eval_dbar_post_mean": 0.7106447219848633,
  "eval_done_count": 100.0,
  "eval_episodes_per_env": 4.0,
  "eval_len_end_mean": 26.0,
  "eval_occupied_post_mean": 0.14999999105930328,
  "eval_return_end_mean": -26.171775817871094,
  "eval_t_eval": 104.0,
  "final_depr_F_post": 24.350366592407227,
  "final_energy_E_post": 0.15586459636688232,
  "final_episode_return_end_mean": -27.951709747314453,
  "final_funding_alpha_eff": 6.191845572779773e-15,
  "final_funding_g": 0.09234430640935898,
  "final_funding_g_raw": 0.09234430640935898,
  "final_update_counter": 2.0,
  "final_vartd_VarTD": 0.12340439110994339,
  "mechanism": "hardzero_plus_depr",
  "mechanism_tag": "hardzero_plus_depr__c0p60__z1p05__lam0p020__nu0p50__psi1p25",
  "runtime_sec": 10.66368474502815,
  "seed": 31,
  "z_cut": 1.05
}