{
  "alpha": 0.045,
  "c_upd": 0.58,
  "depr_lambda": 0.0,
  "depr_nu": 0.5,
  "depr_psi": 0.0,
  "eval_CSR_post": 0.009999999776482582,
  "eval_dbar_post_mean": 0.5185556411743164,
  "eval_done_count": 100.0,
  "eval_episodes_per_env": 4.0,
  "eval_len_end_mean": 26.0,
  "eval_occupied_post_mean": 0.3700000047683716,
  "eval_return_end_mean": -24.25398063659668,
  "eval_t_eval": 104.0,
  "final_depr_F_post": 0.0,
  "final_energy_E_post": 0.4611058533191681,
  "final_episode_return_end_mean": -25.78617286682129,
  "final_funding_alpha_eff": 0.04500000178813934,
  "final_funding_g": 0.11985566467046738,
  "final_funding_g_raw": 0.11985566467046738,
  "final_update_counter": 9.0,
  "final_vartd_VarTD": 0.17656973004341125,
  "mechanism": "hardzero_only",
  "mechanism_tag": "hardzero_only__c0p58__z1p00__lam0p000__nu0p50__psi0p00",
  "runtime_sec": 10.858537166030146,
  "seed": 37,
  "z_cut": 1.0
}