{
  "alpha": 0.08,
  "c_upd": 0.56,
  "depr_lambda": 0.03,
  "depr_nu": 0.5,
  "depr_psi": 1.25,
  "eval_CSR_post": 0.0,
  "eval_dbar_post_mean": 0.5893312096595764,
  "eval_done_count": 100.0,
  "eval_episodes_per_env": 4.0,
  "eval_len_end_mean": 26.0,
  "eval_occupied_post_mean": 0.29999998211860657,
  "eval_return_end_mean": -24.633390426635742,
  "eval_t_eval": 104.0,
  "final_depr_F_post": 37.110111236572266,
  "final_energy_E_post": 0.15227413177490234,
  "final_episode_return_end_mean": -27.221622467041016,
  "final_funding_alpha_eff": 5.935811018150643e-22,
  "final_funding_g": 0.10607627779245377,
  "final_funding_g_raw": 0.10607627779245377,
  "final_update_counter": 2.0,
  "final_vartd_VarTD": 0.1429848074913025,
  "mechanism": "hardzero_plus_depr",
  "mechanism_tag": "hardzero_plus_depr__c0p56__z1p10__lam0p030__nu0p50__psi1p25",
  "runtime_sec": 10.926103715901263,
  "seed": 35,
  "z_cut": 1.1
}