{
  "alpha": 0.12,
  "c_upd": 0.52,
  "depr_lambda": 0.02,
  "depr_nu": 0.5,
  "depr_psi": 1.0,
  "eval_CSR_post": 0.0,
  "eval_dbar_post_mean": 0.5265243053436279,
  "eval_done_count": 100.0,
  "eval_episodes_per_env": 4.0,
  "eval_len_end_mean": 26.0,
  "eval_occupied_post_mean": 0.29999998211860657,
  "eval_return_end_mean": -23.243846893310547,
  "eval_t_eval": 104.0,
  "final_depr_F_post": 23.525348663330078,
  "final_energy_E_post": 0.15476463735103607,
  "final_episode_return_end_mean": -28.811933517456055,
  "final_funding_alpha_eff": 7.429134564473916e-12,
  "final_funding_g": 0.08109758049249649,
  "final_funding_g_raw": 0.08109758049249649,
  "final_update_counter": 3.0,
  "final_vartd_VarTD": 0.17452110350131989,
  "mechanism": "hardzero_plus_depr",
  "mechanism_tag": "hardzero_plus_depr__c0p52__z1p10__lam0p020__nu0p50__psi1p00",
  "runtime_sec": 10.659547358984128,
  "seed": 36,
  "z_cut": 1.1
}