{
  "alpha": 0.034,
  "c_upd": 0.58,
  "depr_lambda": 0.005,
  "depr_nu": 1.0,
  "depr_psi": 0.5,
  "eval_CSR_post": 0.0,
  "eval_dbar_post_mean": 0.5794918537139893,
  "eval_done_count": 100.0,
  "eval_episodes_per_env": 4.0,
  "eval_len_end_mean": 26.0,
  "eval_occupied_post_mean": 0.35999998450279236,
  "eval_return_end_mean": -24.13813018798828,
  "eval_t_eval": 104.0,
  "final_depr_F_post": 4.0300445556640625,
  "final_energy_E_post": 0.46220770478248596,
  "final_episode_return_end_mean": -27.152936935424805,
  "final_funding_alpha_eff": 0.004544139374047518,
  "final_funding_g": 0.0,
  "final_funding_g_raw": 0.09887265413999557,
  "final_update_counter": 2.0,
  "final_vartd_VarTD": 0.16031897068023682,
  "mechanism": "hardzero_plus_depr",
  "mechanism_tag": "hardzero_plus_depr__c0p58__z1p00__lam0p005__nu1p00__psi0p50",
  "runtime_sec": 9.474571425002068,
  "seed": 59,
  "z_cut": 1.0
}