{
  "alpha": 0.034,
  "c_upd": 0.58,
  "depr_lambda": 0.005,
  "depr_nu": 1.0,
  "depr_psi": 0.5,
  "eval_CSR_post": 0.0,
  "eval_dbar_post_mean": 0.6706406474113464,
  "eval_done_count": 100.0,
  "eval_episodes_per_env": 4.0,
  "eval_len_end_mean": 26.0,
  "eval_occupied_post_mean": 0.17999999225139618,
  "eval_return_end_mean": -25.775983810424805,
  "eval_t_eval": 104.0,
  "final_depr_F_post": 4.215048789978027,
  "final_energy_E_post": 0.3890435993671417,
  "final_episode_return_end_mean": -27.531009674072266,
  "final_funding_alpha_eff": 0.00414265226572752,
  "final_funding_g": 0.0,
  "final_funding_g_raw": 0.09388026595115662,
  "final_update_counter": 2.0,
  "final_vartd_VarTD": 0.1620851457118988,
  "mechanism": "hardzero_plus_depr",
  "mechanism_tag": "hardzero_plus_depr__c0p58__z1p00__lam0p005__nu1p00__psi0p50",
  "runtime_sec": 9.469873683992773,
  "seed": 46,
  "z_cut": 1.0
}