{
  "alpha": 0.12,
  "c_upd": 0.54,
  "depr_lambda": 0.02,
  "depr_nu": 0.5,
  "depr_psi": 1.25,
  "eval_CSR_post": 0.0,
  "eval_dbar_post_mean": 0.7363793253898621,
  "eval_done_count": 100.0,
  "eval_episodes_per_env": 4.0,
  "eval_len_end_mean": 26.0,
  "eval_occupied_post_mean": 0.17000000178813934,
  "eval_return_end_mean": -26.075469970703125,
  "eval_t_eval": 104.0,
  "final_depr_F_post": 24.86037826538086,
  "final_energy_E_post": 0.3389650881290436,
  "final_episode_return_end_mean": -27.49048614501953,
  "final_funding_alpha_eff": 3.92764730718846e-15,
  "final_funding_g": 0.09039557725191116,
  "final_funding_g_raw": 0.09039557725191116,
  "final_update_counter": 2.0,
  "final_vartd_VarTD": 0.19043947756290436,
  "mechanism": "hardzero_plus_depr",
  "mechanism_tag": "hardzero_plus_depr__c0p54__z1p05__lam0p020__nu0p50__psi1p25",
  "runtime_sec": 23.380828585999552,
  "seed": 30,
  "z_cut": 1.05
}