{
  "alpha": 0.1,
  "c_upd": 0.52,
  "depr_lambda": 0.01,
  "depr_nu": 0.5,
  "depr_psi": 1.25,
  "eval_CSR_post": 0.0,
  "eval_dbar_post_mean": 0.5604064464569092,
  "eval_done_count": 100.0,
  "eval_episodes_per_env": 4.0,
  "eval_len_end_mean": 26.0,
  "eval_occupied_post_mean": 0.29999998211860657,
  "eval_return_end_mean": -24.108774185180664,
  "eval_t_eval": 104.0,
  "final_depr_F_post": 11.745173454284668,
  "final_energy_E_post": 0.07069088518619537,
  "final_episode_return_end_mean": -29.143341064453125,
  "final_funding_alpha_eff": 4.2594045623900456e-08,
  "final_funding_g": 0.0,
  "final_funding_g_raw": 0.07350489497184753,
  "final_update_counter": 2.0,
  "final_vartd_VarTD": 0.17997069656848907,
  "mechanism": "hardzero_plus_depr",
  "mechanism_tag": "hardzero_plus_depr__c0p52__z1p00__lam0p010__nu0p50__psi1p25",
  "runtime_sec": 10.74046650598757,
  "seed": 36,
  "z_cut": 1.0
}