{
  "alpha": 0.06,
  "c_upd": 0.58,
  "depr_lambda": 0.01,
  "depr_nu": 0.5,
  "depr_psi": 1.25,
  "eval_CSR_post": 0.0,
  "eval_dbar_post_mean": 0.4897170662879944,
  "eval_done_count": 100.0,
  "eval_episodes_per_env": 4.0,
  "eval_len_end_mean": 26.0,
  "eval_occupied_post_mean": 0.3799999952316284,
  "eval_return_end_mean": -22.48395538330078,
  "eval_t_eval": 104.0,
  "final_depr_F_post": 12.190183639526367,
  "final_energy_E_post": 0.3085227608680725,
  "final_episode_return_end_mean": -27.314315795898438,
  "final_funding_alpha_eff": 1.4652718149932298e-08,
  "final_funding_g": 0.09397242218255997,
  "final_funding_g_raw": 0.09397242218255997,
  "final_update_counter": 2.0,
  "final_vartd_VarTD": 0.19076314568519592,
  "mechanism": "hardzero_plus_depr",
  "mechanism_tag": "hardzero_plus_depr__c0p58__z1p05__lam0p010__nu0p50__psi1p25",
  "runtime_sec": 23.73985185904894,
  "seed": 30,
  "z_cut": 1.05
}