{
  "alpha": 0.12,
  "c_upd": 0.54,
  "depr_lambda": 0.01,
  "depr_nu": 0.5,
  "depr_psi": 1.0,
  "eval_CSR_post": 0.0,
  "eval_dbar_post_mean": 0.5548053979873657,
  "eval_done_count": 100.0,
  "eval_episodes_per_env": 4.0,
  "eval_len_end_mean": 26.0,
  "eval_occupied_post_mean": 0.3799999952316284,
  "eval_return_end_mean": -24.75440216064453,
  "eval_t_eval": 104.0,
  "final_depr_F_post": 12.325186729431152,
  "final_energy_E_post": 0.4064953923225403,
  "final_episode_return_end_mean": -26.81907844543457,
  "final_funding_alpha_eff": 5.379769731916895e-07,
  "final_funding_g": 0.0,
  "final_funding_g_raw": 0.0968903973698616,
  "final_update_counter": 2.0,
  "final_vartd_VarTD": 0.19761069118976593,
  "mechanism": "hardzero_plus_depr",
  "mechanism_tag": "hardzero_plus_depr__c0p54__z1p00__lam0p010__nu0p50__psi1p00",
  "runtime_sec": 10.379549531964585,
  "seed": 37,
  "z_cut": 1.0
}