{
  "alpha": 0.05,
  "c_upd": 0.56,
  "depr_lambda": 0.03,
  "depr_nu": 0.5,
  "depr_psi": 1.0,
  "eval_CSR_post": 0.019999999552965164,
  "eval_dbar_post_mean": 0.5104173421859741,
  "eval_done_count": 100.0,
  "eval_episodes_per_env": 4.0,
  "eval_len_end_mean": 26.0,
  "eval_occupied_post_mean": 0.5199999809265137,
  "eval_return_end_mean": -24.12807273864746,
  "eval_t_eval": 104.0,
  "final_depr_F_post": 36.630130767822266,
  "final_energy_E_post": 0.0761508047580719,
  "final_episode_return_end_mean": -26.177345275878906,
  "final_funding_alpha_eff": 6.364066243909428e-18,
  "final_funding_g": 0.09990770369768143,
  "final_funding_g_raw": 0.09990770369768143,
  "final_update_counter": 2.0,
  "final_vartd_VarTD": 0.1297161728143692,
  "mechanism": "hardzero_plus_depr",
  "mechanism_tag": "hardzero_plus_depr__c0p56__z1p10__lam0p030__nu0p50__psi1p00",
  "runtime_sec": 10.752079319907352,
  "seed": 32,
  "z_cut": 1.1
}