{
  "alpha": 0.12,
  "c_upd": 0.6,
  "depr_lambda": 0.01,
  "depr_nu": 0.5,
  "depr_psi": 1.25,
  "eval_CSR_post": 0.0,
  "eval_dbar_post_mean": 0.5350512862205505,
  "eval_done_count": 100.0,
  "eval_episodes_per_env": 4.0,
  "eval_len_end_mean": 26.0,
  "eval_occupied_post_mean": 0.25999999046325684,
  "eval_return_end_mean": -22.196271896362305,
  "eval_t_eval": 104.0,
  "final_depr_F_post": 11.760173797607422,
  "final_energy_E_post": 0.20222336053848267,
  "final_episode_return_end_mean": -26.85080909729004,
  "final_funding_alpha_eff": 5.01633579119698e-08,
  "final_funding_g": 0.10596612840890884,
  "final_funding_g_raw": 0.10596612840890884,
  "final_update_counter": 2.0,
  "final_vartd_VarTD": 0.12092532217502594,
  "mechanism": "hardzero_plus_depr",
  "mechanism_tag": "hardzero_plus_depr__c0p60__z1p00__lam0p010__nu0p50__psi1p25",
  "runtime_sec": 10.57474433403695,
  "seed": 33,
  "z_cut": 1.0
}