{
  "alpha": 0.041,
  "c_upd": 0.58,
  "depr_lambda": 0.0,
  "depr_nu": 0.5,
  "depr_psi": 0.0,
  "eval_CSR_post": 0.019999999552965164,
  "eval_dbar_post_mean": 0.5356839895248413,
  "eval_done_count": 100.0,
  "eval_episodes_per_env": 4.0,
  "eval_len_end_mean": 26.0,
  "eval_occupied_post_mean": 0.3999999761581421,
  "eval_return_end_mean": -22.936357498168945,
  "eval_t_eval": 104.0,
  "final_depr_F_post": 0.0,
  "final_energy_E_post": 0.006304591428488493,
  "final_episode_return_end_mean": -27.449674606323242,
  "final_funding_alpha_eff": 0.04100000113248825,
  "final_funding_g": 0.10602138936519623,
  "final_funding_g_raw": 0.10602138936519623,
  "final_update_counter": 6.0,
  "final_vartd_VarTD": 0.1445910632610321,
  "mechanism": "hardzero_only",
  "mechanism_tag": "hardzero_only__c0p58__z1p00__lam0p000__nu0p50__psi0p00",
  "runtime_sec": 10.83111010491848,
  "seed": 47,
  "z_cut": 1.0
}