{
  "alpha": 0.1,
  "c_upd": 0.56,
  "depr_lambda": 0.0,
  "depr_nu": 0.5,
  "depr_psi": 0.0,
  "eval_CSR_post": 0.0,
  "eval_dbar_post_mean": 0.4911971986293793,
  "eval_done_count": 100.0,
  "eval_episodes_per_env": 4.0,
  "eval_len_end_mean": 26.0,
  "eval_occupied_post_mean": 0.41999998688697815,
  "eval_return_end_mean": -24.06428337097168,
  "eval_t_eval": 104.0,
  "final_depr_F_post": 0.0,
  "final_energy_E_post": 0.44854870438575745,
  "final_episode_return_end_mean": -24.21489143371582,
  "final_funding_alpha_eff": 0.10000000149011612,
  "final_funding_g": 0.17314037680625916,
  "final_funding_g_raw": 0.17314037680625916,
  "final_update_counter": 32.0,
  "final_vartd_VarTD": 2.250009298324585,
  "mechanism": "hardzero_only",
  "mechanism_tag": "hardzero_only__c0p56__z1p10__lam0p000__nu0p50__psi0p00",
  "runtime_sec": 10.006635746976826,
  "seed": 35,
  "z_cut": 1.1
}