{
  "I_R_full": 1.773588338116531,
  "alpha": 1.0,
  "borrow_interest": 0.0,
  "borrow_limit": 0.0,
  "c_upd": 0.9,
  "condition": "enabled_full__base__t1m__a1p00__c0p90",
  "eval_CSR_post": 0.0,
  "eval_CSR_pre": 0.0,
  "eval_dbar_post_mean": 0.49822765588760376,
  "eval_dbar_pre_mean": 0.5068515539169312,
  "eval_done_count": 100.0,
  "eval_done_per_env_max": 4.0,
  "eval_done_per_env_min": 4.0,
  "eval_episodes_per_env": 4.0,
  "eval_len_end_mean": 26.0,
  "eval_max_tilde_post_mean": 0.7292160391807556,
  "eval_max_tilde_pre_mean": 0.7258872985839844,
  "eval_occupied_post_mean": 0.4599999785423279,
  "eval_occupied_pre_mean": 0.35999998450279236,
  "eval_return_end_mean": -22.863454818725586,
  "eval_t_eval": 104.0,
  "family": "base",
  "final_energy": 0.9216915965080261,
  "final_executed_updates": 53.0,
  "final_vartd": 5.31383752822876,
  "learned_R_full_0p5": 1.0,
  "max_debt_level": 0.0,
  "mean_update_fraction": 0.16987179219722748,
  "metric_horizon": "full",
  "phase": "extension_full",
  "runtime_sec": 2.993961557000148,
  "seed": 44,
  "support_mode": "none",
  "support_total": 0.0,
  "total_debt_charge": 0.0,
  "total_support_injected": 0.0,
  "total_timesteps": 1000000,
  "train_final_return_end_mean": -22.968820571899414
}