{
  "alpha": 0.1,
  "c_upd": 0.52,
  "depr_lambda": 0.01,
  "depr_nu": 0.5,
  "depr_psi": 1.25,
  "eval_CSR_post": 0.0,
  "eval_dbar_post_mean": 0.6559518575668335,
  "eval_done_count": 100.0,
  "eval_episodes_per_env": 4.0,
  "eval_len_end_mean": 26.0,
  "eval_occupied_post_mean": 0.28999999165534973,
  "eval_return_end_mean": -26.294198989868164,
  "eval_t_eval": 104.0,
  "final_depr_F_post": 12.000179290771484,
  "final_energy_E_post": 0.4853529632091522,
  "final_episode_return_end_mean": -25.98434829711914,
  "final_funding_alpha_eff": 3.0968063668979084e-08,
  "final_funding_g": 0.10329718142747879,
  "final_funding_g_raw": 0.10329718142747879,
  "final_update_counter": 3.0,
  "final_vartd_VarTD": 0.12216484546661377,
  "mechanism": "hardzero_plus_depr",
  "mechanism_tag": "hardzero_plus_depr__c0p52__z1p10__lam0p010__nu0p50__psi1p25",
  "runtime_sec": 10.61685753200436,
  "seed": 34,
  "z_cut": 1.1
}