{
  "alpha": 0.05,
  "c_upd": 0.52,
  "depr_lambda": 0.02,
  "depr_nu": 0.5,
  "depr_psi": 1.25,
  "eval_CSR_post": 0.0,
  "eval_dbar_post_mean": 0.5561019778251648,
  "eval_done_count": 100.0,
  "eval_episodes_per_env": 4.0,
  "eval_len_end_mean": 26.0,
  "eval_occupied_post_mean": 0.29999998211860657,
  "eval_return_end_mean": -22.494253158569336,
  "eval_t_eval": 104.0,
  "final_depr_F_post": 24.840377807617188,
  "final_energy_E_post": 0.14411334693431854,
  "final_episode_return_end_mean": -27.400081634521484,
  "final_funding_alpha_eff": 1.6779510926870876e-15,
  "final_funding_g": 0.09157983213663101,
  "final_funding_g_raw": 0.09157983213663101,
  "final_update_counter": 2.0,
  "final_vartd_VarTD": 0.193136528134346,
  "mechanism": "hardzero_plus_depr",
  "mechanism_tag": "hardzero_plus_depr__c0p52__z1p05__lam0p020__nu0p50__psi1p25",
  "runtime_sec": 23.545596354000736,
  "seed": 30,
  "z_cut": 1.05
}