{
  "I_R_full": 1.1637870759965754,
  "alpha": 0.0,
  "borrow_interest": 0.0,
  "borrow_limit": 0.0,
  "c_upd": 0.58,
  "condition": "anchor_fragile_full__base__t1m__a0p00__c0p58",
  "eval_CSR_post": 0.019999999552965164,
  "eval_CSR_pre": 0.019999999552965164,
  "eval_dbar_post_mean": 0.6137814521789551,
  "eval_dbar_pre_mean": 0.6096929311752319,
  "eval_done_count": 100.0,
  "eval_done_per_env_max": 4.0,
  "eval_done_per_env_min": 4.0,
  "eval_episodes_per_env": 4.0,
  "eval_len_end_mean": 26.0,
  "eval_max_tilde_post_mean": 0.8474798202514648,
  "eval_max_tilde_pre_mean": 0.8553405404090881,
  "eval_occupied_post_mean": 0.29999998211860657,
  "eval_occupied_pre_mean": 0.3400000035762787,
  "eval_return_end_mean": -24.373903274536133,
  "eval_t_eval": 104.0,
  "family": "base",
  "final_energy": 0.42000001668930054,
  "final_executed_updates": 1.0,
  "final_vartd": 0.1364232897758484,
  "learned_R_full_0p5": 1.0,
  "max_debt_level": 0.0,
  "mean_update_fraction": 0.0032051282469183207,
  "metric_horizon": "full",
  "phase": "reproduce_baseline",
  "runtime_sec": 2.7798091739987285,
  "seed": 54,
  "support_mode": "none",
  "support_total": 0.0,
  "total_debt_charge": 0.0,
  "total_support_injected": 0.0,
  "total_timesteps": 1000000,
  "train_final_return_end_mean": -26.458526611328125
}