{
  "alpha": 0.02,
  "c_upd": 0.52,
  "depr_lambda": 0.0,
  "depr_nu": 0.5,
  "depr_psi": 0.0,
  "eval_CSR_post": 0.0,
  "eval_dbar_post_mean": 0.5619867444038391,
  "eval_done_count": 100.0,
  "eval_episodes_per_env": 4.0,
  "eval_len_end_mean": 26.0,
  "eval_occupied_post_mean": 0.28999999165534973,
  "eval_return_end_mean": -24.194530487060547,
  "eval_t_eval": 104.0,
  "final_depr_F_post": 0.0,
  "final_energy_E_post": 0.04276830703020096,
  "final_episode_return_end_mean": -27.350122451782227,
  "final_funding_alpha_eff": 0.019999999552965164,
  "final_funding_g": 0.10129481554031372,
  "final_funding_g_raw": 0.10129481554031372,
  "final_update_counter": 4.0,
  "final_vartd_VarTD": 0.16181160509586334,
  "mechanism": "hardzero_only",
  "mechanism_tag": "hardzero_only__c0p52__z1p00__lam0p000__nu0p50__psi0p00",
  "runtime_sec": 9.737118699005805,
  "seed": 40,
  "z_cut": 1.0
}