{
  "alpha": 0.04,
  "c_upd": 0.52,
  "depr_lambda": 0.0,
  "depr_nu": 0.5,
  "depr_psi": 0.0,
  "eval_CSR_post": 0.0,
  "eval_dbar_post_mean": 0.5228762030601501,
  "eval_done_count": 100.0,
  "eval_episodes_per_env": 4.0,
  "eval_len_end_mean": 26.0,
  "eval_occupied_post_mean": 0.3400000035762787,
  "eval_return_end_mean": -22.848129272460938,
  "eval_t_eval": 104.0,
  "final_depr_F_post": 0.0,
  "final_energy_E_post": 0.20884449779987335,
  "final_episode_return_end_mean": -24.68447494506836,
  "final_funding_alpha_eff": 0.03999999910593033,
  "final_funding_g": 0.14607320725917816,
  "final_funding_g_raw": 0.14607320725917816,
  "final_update_counter": 13.0,
  "final_vartd_VarTD": 0.198883056640625,
  "mechanism": "hardzero_only",
  "mechanism_tag": "hardzero_only__c0p52__z1p05__lam0p000__nu0p50__psi0p00",
  "runtime_sec": 9.87562963104574,
  "seed": 33,
  "z_cut": 1.05
}