{
  "alpha": 0.04,
  "c_upd": 0.5,
  "depr_lambda": 0.0,
  "depr_nu": 0.5,
  "depr_psi": 0.0,
  "eval_CSR_post": 0.0,
  "eval_dbar_post_mean": 0.49231597781181335,
  "eval_done_count": 100.0,
  "eval_episodes_per_env": 4.0,
  "eval_len_end_mean": 26.0,
  "eval_occupied_post_mean": 0.4699999988079071,
  "eval_return_end_mean": -23.493896484375,
  "eval_t_eval": 104.0,
  "final_depr_F_post": 0.0,
  "final_energy_E_post": 0.07798333466053009,
  "final_episode_return_end_mean": -26.545759201049805,
  "final_funding_alpha_eff": 0.03999999910593033,
  "final_funding_g": 0.1099090576171875,
  "final_funding_g_raw": 0.1099090576171875,
  "final_update_counter": 9.0,
  "final_vartd_VarTD": 0.14773137867450714,
  "mechanism": "hardzero_only",
  "mechanism_tag": "hardzero_only__c0p50__z1p00__lam0p000__nu0p50__psi0p00",
  "runtime_sec": 9.674230839009397,
  "seed": 40,
  "z_cut": 1.0
}