{
  "alpha": 0.06,
  "c_upd": 0.56,
  "depr_lambda": 0.01,
  "depr_nu": 0.5,
  "depr_psi": 0.75,
  "eval_CSR_post": 0.009999999776482582,
  "eval_dbar_post_mean": 0.5841994285583496,
  "eval_done_count": 100.0,
  "eval_episodes_per_env": 4.0,
  "eval_len_end_mean": 26.0,
  "eval_occupied_post_mean": 0.35999998450279236,
  "eval_return_end_mean": -24.316301345825195,
  "eval_t_eval": 104.0,
  "final_depr_F_post": 10.882654190063477,
  "final_energy_E_post": 0.28024640679359436,
  "final_episode_return_end_mean": -27.569046020507812,
  "final_funding_alpha_eff": 1.724650246615056e-05,
  "final_funding_g": 0.10002923011779785,
  "final_funding_g_raw": 0.10002923011779785,
  "final_update_counter": 3.0,
  "final_vartd_VarTD": 0.16478389501571655,
  "mechanism": "hardzero_plus_depr",
  "mechanism_tag": "hardzero_plus_depr__c0p56__z1p05__lam0p010__nu0p50__psi0p75",
  "runtime_sec": 10.87406664097216,
  "seed": 41,
  "z_cut": 1.05
}