{
  "alpha": 0.04,
  "c_upd": 0.58,
  "depr_lambda": 0.01,
  "depr_nu": 0.5,
  "depr_psi": 1.0,
  "eval_CSR_post": 0.0,
  "eval_dbar_post_mean": 0.5660204291343689,
  "eval_done_count": 100.0,
  "eval_episodes_per_env": 4.0,
  "eval_len_end_mean": 26.0,
  "eval_occupied_post_mean": 0.26999998092651367,
  "eval_return_end_mean": -23.91114616394043,
  "eval_t_eval": 104.0,
  "final_depr_F_post": 11.700172424316406,
  "final_energy_E_post": 0.14045841991901398,
  "final_episode_return_end_mean": -29.07854652404785,
  "final_funding_alpha_eff": 3.350292558934598e-07,
  "final_funding_g": 0.0,
  "final_funding_g_raw": 0.07265227288007736,
  "final_update_counter": 2.0,
  "final_vartd_VarTD": 0.17661449313163757,
  "mechanism": "hardzero_plus_depr",
  "mechanism_tag": "hardzero_plus_depr__c0p58__z1p05__lam0p010__nu0p50__psi1p00",
  "runtime_sec": 10.762781976955011,
  "seed": 36,
  "z_cut": 1.05
}