{
  "alpha": 0.1,
  "c_upd": 0.52,
  "depr_lambda": 0.02,
  "depr_nu": 0.5,
  "depr_psi": 1.0,
  "eval_CSR_post": 0.0,
  "eval_dbar_post_mean": 0.5046716332435608,
  "eval_done_count": 100.0,
  "eval_episodes_per_env": 4.0,
  "eval_len_end_mean": 26.0,
  "eval_occupied_post_mean": 0.3199999928474426,
  "eval_return_end_mean": -22.831512451171875,
  "eval_t_eval": 104.0,
  "final_depr_F_post": 24.580371856689453,
  "final_energy_E_post": 0.16062046587467194,
  "final_episode_return_end_mean": -26.558439254760742,
  "final_funding_alpha_eff": 2.155590376334837e-12,
  "final_funding_g": 0.0,
  "final_funding_g_raw": 0.09411933273077011,
  "final_update_counter": 2.0,
  "final_vartd_VarTD": 0.13533014059066772,
  "mechanism": "hardzero_plus_depr",
  "mechanism_tag": "hardzero_plus_depr__c0p52__z1p00__lam0p020__nu0p50__psi1p00",
  "runtime_sec": 10.751485384011175,
  "seed": 32,
  "z_cut": 1.0
}