{
  "alpha": 0.12,
  "c_upd": 0.58,
  "depr_lambda": 0.01,
  "depr_nu": 0.5,
  "depr_psi": 1.0,
  "eval_CSR_post": 0.0,
  "eval_dbar_post_mean": 0.5497139692306519,
  "eval_done_count": 100.0,
  "eval_episodes_per_env": 4.0,
  "eval_len_end_mean": 26.0,
  "eval_occupied_post_mean": 0.38999998569488525,
  "eval_return_end_mean": -24.16177749633789,
  "eval_t_eval": 104.0,
  "final_depr_F_post": 11.120159149169922,
  "final_energy_E_post": 0.10839393734931946,
  "final_episode_return_end_mean": -26.739116668701172,
  "final_funding_alpha_eff": 1.7951490463019582e-06,
  "final_funding_g": 0.0,
  "final_funding_g_raw": 0.09451489895582199,
  "final_update_counter": 2.0,
  "final_vartd_VarTD": 0.14354978501796722,
  "mechanism": "hardzero_plus_depr",
  "mechanism_tag": "hardzero_plus_depr__c0p58__z1p00__lam0p010__nu0p50__psi1p00",
  "runtime_sec": 10.743092235003132,
  "seed": 39,
  "z_cut": 1.0
}