{
  "alpha": 0.05,
  "c_upd": 0.56,
  "depr_lambda": 0.02,
  "depr_nu": 0.5,
  "depr_psi": 1.25,
  "eval_CSR_post": 0.0,
  "eval_dbar_post_mean": 0.6725907325744629,
  "eval_done_count": 100.0,
  "eval_episodes_per_env": 4.0,
  "eval_len_end_mean": 26.0,
  "eval_occupied_post_mean": 0.2800000011920929,
  "eval_return_end_mean": -26.687335968017578,
  "eval_t_eval": 104.0,
  "final_depr_F_post": 24.140361785888672,
  "final_energy_E_post": 0.05796660855412483,
  "final_episode_return_end_mean": -27.806774139404297,
  "final_funding_alpha_eff": 4.0252716660077806e-15,
  "final_funding_g": 0.09582183510065079,
  "final_funding_g_raw": 0.09582183510065079,
  "final_update_counter": 2.0,
  "final_vartd_VarTD": 0.16422513127326965,
  "mechanism": "hardzero_plus_depr",
  "mechanism_tag": "hardzero_plus_depr__c0p56__z1p05__lam0p020__nu0p50__psi1p25",
  "runtime_sec": 10.620625646959525,
  "seed": 41,
  "z_cut": 1.05
}