{
  "alpha": 0.08,
  "c_upd": 0.54,
  "depr_lambda": 0.03,
  "depr_nu": 0.5,
  "depr_psi": 1.25,
  "eval_CSR_post": 0.0,
  "eval_dbar_post_mean": 0.5607100129127502,
  "eval_done_count": 100.0,
  "eval_episodes_per_env": 4.0,
  "eval_len_end_mean": 26.0,
  "eval_occupied_post_mean": 0.25999999046325684,
  "eval_return_end_mean": -22.400915145874023,
  "eval_t_eval": 104.0,
  "final_depr_F_post": 37.2451057434082,
  "final_energy_E_post": 0.1767708957195282,
  "final_episode_return_end_mean": -27.31778907775879,
  "final_funding_alpha_eff": 5.0141337043942765e-22,
  "final_funding_g": 0.0936918556690216,
  "final_funding_g_raw": 0.0936918556690216,
  "final_update_counter": 2.0,
  "final_vartd_VarTD": 0.19204384088516235,
  "mechanism": "hardzero_plus_depr",
  "mechanism_tag": "hardzero_plus_depr__c0p54__z1p10__lam0p030__nu0p50__psi1p25",
  "runtime_sec": 23.98211464600172,
  "seed": 30,
  "z_cut": 1.1
}