{
  "alpha": 0.088,
  "c_upd": 0.58,
  "depr_lambda": 0.005,
  "depr_nu": 1.0,
  "depr_psi": 0.5,
  "eval_CSR_post": 0.019999999552965164,
  "eval_dbar_post_mean": 0.5132511854171753,
  "eval_done_count": 100.0,
  "eval_episodes_per_env": 4.0,
  "eval_len_end_mean": 26.0,
  "eval_occupied_post_mean": 0.47999998927116394,
  "eval_return_end_mean": -24.637495040893555,
  "eval_t_eval": 104.0,
  "final_depr_F_post": 0.04999999329447746,
  "final_energy_E_post": 0.12323319911956787,
  "final_episode_return_end_mean": -26.938766479492188,
  "final_funding_alpha_eff": 0.08604210615158081,
  "final_funding_g": 0.10969523340463638,
  "final_funding_g_raw": 0.10969523340463638,
  "final_update_counter": 9.0,
  "final_vartd_VarTD": 0.17356634140014648,
  "mechanism": "hardzero_plus_depr",
  "mechanism_tag": "hardzero_plus_depr__c0p58__z1p00__lam0p005__nu1p00__psi0p50",
  "runtime_sec": 9.473902780911885,
  "seed": 36,
  "z_cut": 1.0
}