{
  "alpha": 0.082,
  "c_upd": 0.58,
  "depr_lambda": 0.005,
  "depr_nu": 1.0,
  "depr_psi": 0.5,
  "eval_CSR_post": 0.0,
  "eval_dbar_post_mean": 0.9953057169914246,
  "eval_done_count": 100.0,
  "eval_episodes_per_env": 4.0,
  "eval_len_end_mean": 26.0,
  "eval_occupied_post_mean": 0.10999999940395355,
  "eval_return_end_mean": -31.266542434692383,
  "eval_t_eval": 104.0,
  "final_depr_F_post": 5.420076370239258,
  "final_energy_E_post": 0.5738440752029419,
  "final_episode_return_end_mean": -27.019033432006836,
  "final_funding_alpha_eff": 0.005469466559588909,
  "final_funding_g": 0.0,
  "final_funding_g_raw": 0.09287028014659882,
  "final_update_counter": 2.0,
  "final_vartd_VarTD": 0.140822172164917,
  "mechanism": "hardzero_plus_depr",
  "mechanism_tag": "hardzero_plus_depr__c0p58__z1p00__lam0p005__nu1p00__psi0p50",
  "runtime_sec": 9.453387707937509,
  "seed": 43,
  "z_cut": 1.0
}