{
  "alpha": 0.1,
  "c_upd": 0.52,
  "depr_lambda": 0.02,
  "depr_nu": 0.5,
  "depr_psi": 1.25,
  "eval_CSR_post": 0.0,
  "eval_dbar_post_mean": 0.7082003355026245,
  "eval_done_count": 100.0,
  "eval_episodes_per_env": 4.0,
  "eval_len_end_mean": 26.0,
  "eval_occupied_post_mean": 0.1899999976158142,
  "eval_return_end_mean": -25.600744247436523,
  "eval_t_eval": 104.0,
  "final_depr_F_post": 24.920379638671875,
  "final_energy_E_post": 0.37509655952453613,
  "final_episode_return_end_mean": -26.744552612304688,
  "final_funding_alpha_eff": 3.036539000523782e-15,
  "final_funding_g": 0.09434093534946442,
  "final_funding_g_raw": 0.09434093534946442,
  "final_update_counter": 2.0,
  "final_vartd_VarTD": 0.1437889188528061,
  "mechanism": "hardzero_plus_depr",
  "mechanism_tag": "hardzero_plus_depr__c0p52__z1p10__lam0p020__nu0p50__psi1p25",
  "runtime_sec": 10.666078823036514,
  "seed": 39,
  "z_cut": 1.1
}