{
  "alpha": 0.037,
  "c_upd": 0.58,
  "depr_lambda": 0.005,
  "depr_nu": 1.0,
  "depr_psi": 0.5,
  "eval_CSR_post": 0.009999999776482582,
  "eval_dbar_post_mean": 0.5016262531280518,
  "eval_done_count": 100.0,
  "eval_episodes_per_env": 4.0,
  "eval_len_end_mean": 26.0,
  "eval_occupied_post_mean": 0.4399999976158142,
  "eval_return_end_mean": -24.55880355834961,
  "eval_t_eval": 104.0,
  "final_depr_F_post": 0.7999994158744812,
  "final_energy_E_post": 0.5678061842918396,
  "final_episode_return_end_mean": -25.593488693237305,
  "final_funding_alpha_eff": 0.02486393228173256,
  "final_funding_g": 0.12004280835390091,
  "final_funding_g_raw": 0.12004280835390091,
  "final_update_counter": 5.0,
  "final_vartd_VarTD": 0.1280452460050583,
  "mechanism": "hardzero_plus_depr",
  "mechanism_tag": "hardzero_plus_depr__c0p58__z1p00__lam0p005__nu1p00__psi0p50",
  "runtime_sec": 9.4729794759769,
  "seed": 44,
  "z_cut": 1.0
}