{
  "alpha": 0.03,
  "c_upd": 0.58,
  "depr_lambda": 0.0,
  "depr_nu": 0.5,
  "depr_psi": 0.0,
  "eval_CSR_post": 0.0,
  "eval_dbar_post_mean": 0.5182136297225952,
  "eval_done_count": 100.0,
  "eval_episodes_per_env": 4.0,
  "eval_len_end_mean": 26.0,
  "eval_occupied_post_mean": 0.3400000035762787,
  "eval_return_end_mean": -23.201772689819336,
  "eval_t_eval": 104.0,
  "final_depr_F_post": 0.0,
  "final_energy_E_post": 0.5325843691825867,
  "final_episode_return_end_mean": -26.41836929321289,
  "final_funding_alpha_eff": 0.029999999329447746,
  "final_funding_g": 0.11334269493818283,
  "final_funding_g_raw": 0.11334269493818283,
  "final_update_counter": 7.0,
  "final_vartd_VarTD": 0.1867547333240509,
  "mechanism": "hardzero_only",
  "mechanism_tag": "hardzero_only__c0p58__z1p05__lam0p000__nu0p50__psi0p00",
  "runtime_sec": 19.78928988199914,
  "seed": 30,
  "z_cut": 1.05
}