{
  "alpha": 0.048,
  "c_upd": 0.58,
  "depr_lambda": 0.0,
  "depr_nu": 0.5,
  "depr_psi": 0.0,
  "eval_CSR_post": 0.009999999776482582,
  "eval_dbar_post_mean": 0.49146944284439087,
  "eval_done_count": 100.0,
  "eval_episodes_per_env": 4.0,
  "eval_len_end_mean": 26.0,
  "eval_occupied_post_mean": 0.41999998688697815,
  "eval_return_end_mean": -22.858793258666992,
  "eval_t_eval": 104.0,
  "final_depr_F_post": 0.0,
  "final_energy_E_post": 0.43830201029777527,
  "final_episode_return_end_mean": -26.42217254638672,
  "final_funding_alpha_eff": 0.04800000041723251,
  "final_funding_g": 0.11711711436510086,
  "final_funding_g_raw": 0.11711711436510086,
  "final_update_counter": 8.0,
  "final_vartd_VarTD": 0.20959198474884033,
  "mechanism": "hardzero_only",
  "mechanism_tag": "hardzero_only__c0p58__z1p00__lam0p000__nu0p50__psi0p00",
  "runtime_sec": 21.593205496901646,
  "seed": 30,
  "z_cut": 1.0
}