{
  "alpha": 0.06,
  "c_upd": 0.52,
  "depr_lambda": 0.01,
  "depr_nu": 0.5,
  "depr_psi": 0.75,
  "eval_CSR_post": 0.009999999776482582,
  "eval_dbar_post_mean": 0.5964524745941162,
  "eval_done_count": 100.0,
  "eval_episodes_per_env": 4.0,
  "eval_len_end_mean": 26.0,
  "eval_occupied_post_mean": 0.1899999976158142,
  "eval_return_end_mean": -23.549762725830078,
  "eval_t_eval": 104.0,
  "final_depr_F_post": 11.265162467956543,
  "final_energy_E_post": 0.30297207832336426,
  "final_episode_return_end_mean": -26.45252227783203,
  "final_funding_alpha_eff": 1.2945237358508166e-05,
  "final_funding_g": 0.10009505599737167,
  "final_funding_g_raw": 0.10009505599737167,
  "final_update_counter": 3.0,
  "final_vartd_VarTD": 0.14273008704185486,
  "mechanism": "hardzero_plus_depr",
  "mechanism_tag": "hardzero_plus_depr__c0p52__z1p05__lam0p010__nu0p50__psi0p75",
  "runtime_sec": 10.912542623002082,
  "seed": 39,
  "z_cut": 1.05
}