{
  "alpha": 0.01,
  "c_upd": 0.6,
  "depr_lambda": 0.0,
  "depr_nu": 0.5,
  "depr_psi": 0.0,
  "eval_CSR_post": 0.0,
  "eval_dbar_post_mean": 0.6420363187789917,
  "eval_done_count": 100.0,
  "eval_episodes_per_env": 4.0,
  "eval_len_end_mean": 26.0,
  "eval_occupied_post_mean": 0.3100000023841858,
  "eval_return_end_mean": -24.26462745666504,
  "eval_t_eval": 104.0,
  "final_depr_F_post": 0.0,
  "final_energy_E_post": 0.10390107333660126,
  "final_episode_return_end_mean": -26.663333892822266,
  "final_funding_alpha_eff": 0.009999999776482582,
  "final_funding_g": 0.09475956857204437,
  "final_funding_g_raw": 0.09475956857204437,
  "final_update_counter": 3.0,
  "final_vartd_VarTD": 0.14637233316898346,
  "mechanism": "hardzero_only",
  "mechanism_tag": "hardzero_only__c0p60__z1p05__lam0p000__nu0p50__psi0p00",
  "runtime_sec": 9.89408427599119,
  "seed": 39,
  "z_cut": 1.05
}