{
  "alpha": 0.048,
  "c_upd": 0.58,
  "depr_lambda": 0.0,
  "depr_nu": 0.5,
  "depr_psi": 0.0,
  "eval_CSR_post": 0.009999999776482582,
  "eval_dbar_post_mean": 0.5023699998855591,
  "eval_done_count": 100.0,
  "eval_episodes_per_env": 4.0,
  "eval_len_end_mean": 26.0,
  "eval_occupied_post_mean": 0.47999998927116394,
  "eval_return_end_mean": -22.94077491760254,
  "eval_t_eval": 104.0,
  "final_depr_F_post": 0.0,
  "final_energy_E_post": 0.10763036459684372,
  "final_episode_return_end_mean": -25.49304962158203,
  "final_funding_alpha_eff": 0.04800000041723251,
  "final_funding_g": 0.1306052953004837,
  "final_funding_g_raw": 0.1306052953004837,
  "final_update_counter": 11.0,
  "final_vartd_VarTD": 0.16744105517864227,
  "mechanism": "hardzero_only",
  "mechanism_tag": "hardzero_only__c0p58__z1p00__lam0p000__nu0p50__psi0p00",
  "runtime_sec": 10.860796742956154,
  "seed": 57,
  "z_cut": 1.0
}