{
  "alpha": 0.12,
  "c_upd": 0.54,
  "depr_lambda": 0.02,
  "depr_nu": 0.5,
  "depr_psi": 0.75,
  "eval_CSR_post": 0.0,
  "eval_dbar_post_mean": 0.4916321933269501,
  "eval_done_count": 100.0,
  "eval_episodes_per_env": 4.0,
  "eval_len_end_mean": 26.0,
  "eval_occupied_post_mean": 0.429999977350235,
  "eval_return_end_mean": -22.96181869506836,
  "eval_t_eval": 104.0,
  "final_depr_F_post": 24.02035903930664,
  "final_energy_E_post": 0.4713912904262543,
  "final_episode_return_end_mean": -26.021333694458008,
  "final_funding_alpha_eff": 1.8271061330565885e-09,
  "final_funding_g": 0.10318422317504883,
  "final_funding_g_raw": 0.10318422317504883,
  "final_update_counter": 3.0,
  "final_vartd_VarTD": 0.12648940086364746,
  "mechanism": "hardzero_plus_depr",
  "mechanism_tag": "hardzero_plus_depr__c0p54__z1p10__lam0p020__nu0p50__psi0p75",
  "runtime_sec": 10.643619426060468,
  "seed": 32,
  "z_cut": 1.1
}