{
  "alpha": 0.03,
  "c_upd": 0.52,
  "depr_lambda": 0.0,
  "depr_nu": 0.5,
  "depr_psi": 0.0,
  "eval_CSR_post": 0.0,
  "eval_dbar_post_mean": 0.4966813027858734,
  "eval_done_count": 100.0,
  "eval_episodes_per_env": 4.0,
  "eval_len_end_mean": 26.0,
  "eval_occupied_post_mean": 0.35999998450279236,
  "eval_return_end_mean": -23.890634536743164,
  "eval_t_eval": 104.0,
  "final_depr_F_post": 0.0,
  "final_energy_E_post": 0.46547332406044006,
  "final_episode_return_end_mean": -26.685270309448242,
  "final_funding_alpha_eff": 0.029999999329447746,
  "final_funding_g": 0.1204221099615097,
  "final_funding_g_raw": 0.1204221099615097,
  "final_update_counter": 9.0,
  "final_vartd_VarTD": 0.12574626505374908,
  "mechanism": "hardzero_only",
  "mechanism_tag": "hardzero_only__c0p52__z1p10__lam0p000__nu0p50__psi0p00",
  "runtime_sec": 9.807434070971794,
  "seed": 31,
  "z_cut": 1.1
}