{
  "alpha": 0.12,
  "c_upd": 0.5,
  "depr_lambda": 0.01,
  "depr_nu": 0.5,
  "depr_psi": 0.75,
  "eval_CSR_post": 0.0,
  "eval_dbar_post_mean": 0.47124558687210083,
  "eval_done_count": 100.0,
  "eval_episodes_per_env": 4.0,
  "eval_len_end_mean": 26.0,
  "eval_occupied_post_mean": 0.4599999785423279,
  "eval_return_end_mean": -23.897567749023438,
  "eval_t_eval": 104.0,
  "final_depr_F_post": 0.6675029993057251,
  "final_energy_E_post": 0.2256554365158081,
  "final_episode_return_end_mean": -25.125106811523438,
  "final_funding_alpha_eff": 0.07328562438488007,
  "final_funding_g": 0.15399672091007233,
  "final_funding_g_raw": 0.15399672091007233,
  "final_update_counter": 21.0,
  "final_vartd_VarTD": 0.7430345416069031,
  "mechanism": "hardzero_plus_depr",
  "mechanism_tag": "hardzero_plus_depr__c0p50__z1p10__lam0p010__nu0p50__psi0p75",
  "runtime_sec": 10.716879034007434,
  "seed": 31,
  "z_cut": 1.1
}