{
  "alpha": 0.0,
  "c_upd": 0.58,
  "condition": "fragile_full",
  "eval_CSR_post": 0.0,
  "eval_CSR_pre": 0.0,
  "eval_dbar_post_mean": 0.6502990126609802,
  "eval_dbar_pre_mean": 0.6503030061721802,
  "eval_done_count": 100.0,
  "eval_done_per_env_max": 4.0,
  "eval_done_per_env_min": 4.0,
  "eval_episodes_per_env": 4.0,
  "eval_len_end_mean": 26.0,
  "eval_max_tilde_post_mean": 0.983307957649231,
  "eval_max_tilde_pre_mean": 0.9808200597763062,
  "eval_occupied_post_mean": 0.25,
  "eval_occupied_pre_mean": 0.2800000011920929,
  "eval_return_end_mean": -25.158132553100586,
  "eval_t_eval": 104.0,
  "final_energy": 0.42000001668930054,
  "final_executed_updates": 1.0,
  "final_funding_g": 0.10158012062311172,
  "final_funding_z": 0.9931913018226624,
  "final_vartd": 0.13149839639663696,
  "horizon_label": "full",
  "mean_update_fraction": 0.0032051282469183207,
  "runtime_sec": 2.3741035429993644,
  "seed": 41,
  "train_final_CSR_train": 0.0,
  "train_final_dbar_end": 0.7283548712730408,
  "train_final_min_dists_end_mean": 2.1850645542144775,
  "train_final_occupied_end_mean": 0.20000000298023224,
  "train_final_return_end_mean": -26.616134643554688
}