{
  "alpha": 0.076,
  "c_upd": 0.58,
  "depr_lambda": 0.005,
  "depr_nu": 1.0,
  "depr_psi": 0.5,
  "eval_CSR_post": 0.0,
  "eval_dbar_post_mean": 0.5117178559303284,
  "eval_done_count": 100.0,
  "eval_episodes_per_env": 4.0,
  "eval_len_end_mean": 26.0,
  "eval_occupied_post_mean": 0.35999998450279236,
  "eval_return_end_mean": -23.88356590270996,
  "eval_t_eval": 104.0,
  "final_depr_F_post": 0.2599999010562897,
  "final_energy_E_post": 0.5587408542633057,
  "final_episode_return_end_mean": -25.654680252075195,
  "final_funding_alpha_eff": 0.066902294754982,
  "final_funding_g": 0.1394568532705307,
  "final_funding_g_raw": 0.1394568532705307,
  "final_update_counter": 17.0,
  "final_vartd_VarTD": 0.4069459140300751,
  "mechanism": "hardzero_plus_depr",
  "mechanism_tag": "hardzero_plus_depr__c0p58__z1p00__lam0p005__nu1p00__psi0p50",
  "runtime_sec": 9.495495773036964,
  "seed": 53,
  "z_cut": 1.0
}