{
  "alpha": 0.06,
  "c_upd": 0.58,
  "depr_lambda": 0.03,
  "depr_nu": 0.5,
  "depr_psi": 0.75,
  "eval_CSR_post": 0.0,
  "eval_dbar_post_mean": 0.6103152632713318,
  "eval_done_count": 100.0,
  "eval_episodes_per_env": 4.0,
  "eval_len_end_mean": 26.0,
  "eval_occupied_post_mean": 0.29999998211860657,
  "eval_return_end_mean": -25.32493019104004,
  "eval_t_eval": 104.0,
  "final_depr_F_post": 36.73512649536133,
  "final_energy_E_post": 0.1599939912557602,
  "final_episode_return_end_mean": -26.284719467163086,
  "final_funding_alpha_eff": 6.645459329308531e-14,
  "final_funding_g": 0.09727489948272705,
  "final_funding_g_raw": 0.09727489948272705,
  "final_update_counter": 2.0,
  "final_vartd_VarTD": 0.1261122226715088,
  "mechanism": "hardzero_plus_depr",
  "mechanism_tag": "hardzero_plus_depr__c0p58__z1p10__lam0p030__nu0p50__psi0p75",
  "runtime_sec": 10.914097395958379,
  "seed": 34,
  "z_cut": 1.1
}