{
  "alpha": 0.04,
  "c_upd": 0.6,
  "depr_lambda": 0.01,
  "depr_nu": 0.5,
  "depr_psi": 0.75,
  "eval_CSR_post": 0.0,
  "eval_dbar_post_mean": 0.6588582396507263,
  "eval_done_count": 100.0,
  "eval_episodes_per_env": 4.0,
  "eval_len_end_mean": 26.0,
  "eval_occupied_post_mean": 0.14000000059604645,
  "eval_return_end_mean": -24.528305053710938,
  "eval_t_eval": 104.0,
  "final_depr_F_post": 11.900177001953125,
  "final_energy_E_post": 0.286382257938385,
  "final_episode_return_end_mean": -26.649200439453125,
  "final_funding_alpha_eff": 5.360202067095088e-06,
  "final_funding_g": 0.09681883454322815,
  "final_funding_g_raw": 0.09681883454322815,
  "final_update_counter": 2.0,
  "final_vartd_VarTD": 0.14367131888866425,
  "mechanism": "hardzero_plus_depr",
  "mechanism_tag": "hardzero_plus_depr__c0p60__z1p05__lam0p010__nu0p50__psi0p75",
  "runtime_sec": 10.672523406974506,
  "seed": 39,
  "z_cut": 1.05
}