{
  "alpha": 0.3,
  "borrow_interest": 0.02,
  "borrow_limit": 0.6,
  "c_upd": 0.58,
  "depr_lambda": 0.0,
  "depr_nu": 0.5,
  "depr_psi": 0.0,
  "eval_CSR_post": 0.0,
  "eval_dbar_post_mean": 0.5035306811332703,
  "eval_done_count": 100.0,
  "eval_episodes_per_env": 4.0,
  "eval_len_end_mean": 26.0,
  "eval_occupied_post_mean": 0.3400000035762787,
  "eval_return_end_mean": -21.806798934936523,
  "eval_t_eval": 104.0,
  "family": "borrow",
  "final_depr_F_post": 0.0,
  "final_energy_E_post": 0.0032439252827316523,
  "final_update_counter": 97.0,
  "final_vartd_VarTD": 5.088632583618164,
  "max_debt_level_post": 0.5744674801826477,
  "mean_update_fraction": 0.07760000228881836,
  "mechanism": "hardzero_only",
  "mechanism_tag": "hardzero_only__c0p58__z1p00__lam0p000__nu0p50__psi0p00",
  "runtime_sec": 10.765622753067873,
  "seed": 50,
  "support_mode": "none",
  "support_total": 0.0,
  "total_debt_charge": 6.786736488342285,
  "total_support_s": 0.0,
  "z_cut": 1.0
}