{
  "alpha": 0.04,
  "c_upd": 0.56,
  "depr_lambda": 0.01,
  "depr_nu": 0.5,
  "depr_psi": 1.0,
  "eval_CSR_post": 0.0,
  "eval_dbar_post_mean": 0.6031709909439087,
  "eval_done_count": 100.0,
  "eval_episodes_per_env": 4.0,
  "eval_len_end_mean": 26.0,
  "eval_occupied_post_mean": 0.3499999940395355,
  "eval_return_end_mean": -24.571449279785156,
  "eval_t_eval": 104.0,
  "final_depr_F_post": 12.165183067321777,
  "final_energy_E_post": 0.25860291719436646,
  "final_episode_return_end_mean": -26.606529235839844,
  "final_funding_alpha_eff": 2.104413709957953e-07,
  "final_funding_g": 0.0982113853096962,
  "final_funding_g_raw": 0.0982113853096962,
  "final_update_counter": 2.0,
  "final_vartd_VarTD": 0.14212612807750702,
  "mechanism": "hardzero_plus_depr",
  "mechanism_tag": "hardzero_plus_depr__c0p56__z1p05__lam0p010__nu0p50__psi1p00",
  "runtime_sec": 10.731778460962232,
  "seed": 39,
  "z_cut": 1.05
}