{
  "alpha": 0.031,
  "c_upd": 0.58,
  "depr_lambda": 0.005,
  "depr_nu": 1.0,
  "depr_psi": 0.5,
  "eval_CSR_post": 0.0,
  "eval_dbar_post_mean": 0.7269392013549805,
  "eval_done_count": 100.0,
  "eval_episodes_per_env": 4.0,
  "eval_len_end_mean": 26.0,
  "eval_occupied_post_mean": 0.25999999046325684,
  "eval_return_end_mean": -26.56367301940918,
  "eval_t_eval": 104.0,
  "final_depr_F_post": 2.840017557144165,
  "final_energy_E_post": 0.20447741448879242,
  "final_episode_return_end_mean": -27.553829193115234,
  "final_funding_alpha_eff": 0.007511825300753117,
  "final_funding_g": 0.0,
  "final_funding_g_raw": 0.09758179634809494,
  "final_update_counter": 2.0,
  "final_vartd_VarTD": 0.15231746435165405,
  "mechanism": "hardzero_plus_depr",
  "mechanism_tag": "hardzero_plus_depr__c0p58__z1p00__lam0p005__nu1p00__psi0p50",
  "runtime_sec": 9.46166967204772,
  "seed": 51,
  "z_cut": 1.0
}