{
  "alpha": 0.1,
  "c_upd": 0.56,
  "depr_lambda": 0.03,
  "depr_nu": 0.5,
  "depr_psi": 1.0,
  "eval_CSR_post": 0.0,
  "eval_dbar_post_mean": 0.5526250600814819,
  "eval_done_count": 100.0,
  "eval_episodes_per_env": 4.0,
  "eval_len_end_mean": 26.0,
  "eval_occupied_post_mean": 0.4399999976158142,
  "eval_return_end_mean": -24.786945343017578,
  "eval_t_eval": 104.0,
  "final_depr_F_post": 37.15510940551758,
  "final_energy_E_post": 0.2545926868915558,
  "final_episode_return_end_mean": -27.46443748474121,
  "final_funding_alpha_eff": 7.529554628009906e-18,
  "final_funding_g": 0.1015743613243103,
  "final_funding_g_raw": 0.1015743613243103,
  "final_update_counter": 2.0,
  "final_vartd_VarTD": 0.14499053359031677,
  "mechanism": "hardzero_plus_depr",
  "mechanism_tag": "hardzero_plus_depr__c0p56__z1p05__lam0p030__nu0p50__psi1p00",
  "runtime_sec": 10.918223733024206,
  "seed": 35,
  "z_cut": 1.05
}