{
  "alpha": 0.138,
  "borrow_interest": 0.01,
  "borrow_limit": 0.6,
  "c_upd": 0.58,
  "depr_lambda": 0.0,
  "depr_nu": 0.5,
  "depr_psi": 0.0,
  "eval_CSR_post": 0.009999999776482582,
  "eval_dbar_post_mean": 0.5082666277885437,
  "eval_done_count": 100.0,
  "eval_episodes_per_env": 4.0,
  "eval_len_end_mean": 26.0,
  "eval_occupied_post_mean": 0.41999998688697815,
  "eval_return_end_mean": -23.735790252685547,
  "eval_t_eval": 104.0,
  "family": "borrow",
  "final_depr_F_post": 0.0,
  "final_energy_E_post": -0.28945064544677734,
  "final_update_counter": 40.0,
  "final_vartd_VarTD": 3.7577779293060303,
  "max_debt_level_post": 0.5892945528030396,
  "mean_update_fraction": 0.03200000151991844,
  "mechanism": "hardzero_only",
  "mechanism_tag": "hardzero_only__c0p58__z1p00__lam0p000__nu0p50__psi0p00",
  "runtime_sec": 10.649796917918138,
  "seed": 53,
  "support_mode": "none",
  "support_total": 0.0,
  "total_debt_charge": 3.764921188354492,
  "total_support_s": 0.0,
  "z_cut": 1.0
}