{
  "alpha": 0.06,
  "c_upd": 0.54,
  "depr_lambda": 0.0,
  "depr_nu": 0.5,
  "depr_psi": 0.0,
  "eval_CSR_post": 0.009999999776482582,
  "eval_dbar_post_mean": 0.4864062964916229,
  "eval_done_count": 100.0,
  "eval_episodes_per_env": 4.0,
  "eval_len_end_mean": 26.0,
  "eval_occupied_post_mean": 0.4899999797344208,
  "eval_return_end_mean": -23.709957122802734,
  "eval_t_eval": 104.0,
  "final_depr_F_post": 0.0,
  "final_energy_E_post": 0.548787534236908,
  "final_episode_return_end_mean": -24.43758201599121,
  "final_funding_alpha_eff": 0.05999999865889549,
  "final_funding_g": 0.1568395048379898,
  "final_funding_g_raw": 0.1568395048379898,
  "final_update_counter": 15.0,
  "final_vartd_VarTD": 0.27222514152526855,
  "mechanism": "hardzero_only",
  "mechanism_tag": "hardzero_only__c0p54__z1p00__lam0p000__nu0p50__psi0p00",
  "runtime_sec": 9.798421585001051,
  "seed": 33,
  "z_cut": 1.0
}