{
  "alpha": 0.1,
  "c_upd": 0.5,
  "depr_lambda": 0.01,
  "depr_nu": 0.5,
  "depr_psi": 1.0,
  "eval_CSR_post": 0.0,
  "eval_dbar_post_mean": 0.539763331413269,
  "eval_done_count": 100.0,
  "eval_episodes_per_env": 4.0,
  "eval_len_end_mean": 26.0,
  "eval_occupied_post_mean": 0.41999998688697815,
  "eval_return_end_mean": -24.098649978637695,
  "eval_t_eval": 104.0,
  "final_depr_F_post": 10.48514461517334,
  "final_energy_E_post": 0.11167513579130173,
  "final_episode_return_end_mean": -26.003604888916016,
  "final_funding_alpha_eff": 2.8229460440343246e-06,
  "final_funding_g": 0.1046484112739563,
  "final_funding_g_raw": 0.1046484112739563,
  "final_update_counter": 3.0,
  "final_vartd_VarTD": 0.12787078320980072,
  "mechanism": "hardzero_plus_depr",
  "mechanism_tag": "hardzero_plus_depr__c0p50__z1p00__lam0p010__nu0p50__psi1p00",
  "runtime_sec": 9.77225704403827,
  "seed": 32,
  "z_cut": 1.0
}