{
  "alpha": 0.12,
  "c_upd": 0.54,
  "depr_lambda": 0.02,
  "depr_nu": 0.5,
  "depr_psi": 0.75,
  "eval_CSR_post": 0.0,
  "eval_dbar_post_mean": 0.5174589157104492,
  "eval_done_count": 100.0,
  "eval_episodes_per_env": 4.0,
  "eval_len_end_mean": 26.0,
  "eval_occupied_post_mean": 0.3199999928474426,
  "eval_return_end_mean": -23.845502853393555,
  "eval_t_eval": 104.0,
  "final_depr_F_post": 24.010358810424805,
  "final_energy_E_post": 0.44304654002189636,
  "final_episode_return_end_mean": -27.14659881591797,
  "final_funding_alpha_eff": 1.8408604640640647e-09,
  "final_funding_g": 0.10591869056224823,
  "final_funding_g_raw": 0.10591869056224823,
  "final_update_counter": 3.0,
  "final_vartd_VarTD": 0.1412384808063507,
  "mechanism": "hardzero_plus_depr",
  "mechanism_tag": "hardzero_plus_depr__c0p54__z1p05__lam0p020__nu0p50__psi0p75",
  "runtime_sec": 10.679682378016878,
  "seed": 35,
  "z_cut": 1.05
}