{
  "alpha": 0.085,
  "c_upd": 0.58,
  "depr_lambda": 0.005,
  "depr_nu": 1.0,
  "depr_psi": 0.5,
  "eval_CSR_post": 0.019999999552965164,
  "eval_dbar_post_mean": 0.49235719442367554,
  "eval_done_count": 100.0,
  "eval_episodes_per_env": 4.0,
  "eval_len_end_mean": 26.0,
  "eval_occupied_post_mean": 0.44999998807907104,
  "eval_return_end_mean": -23.93144416809082,
  "eval_t_eval": 104.0,
  "final_depr_F_post": 0.10500001162290573,
  "final_energy_E_post": 0.2794378995895386,
  "final_episode_return_end_mean": -25.027677536010742,
  "final_funding_alpha_eff": 0.08085450530052185,
  "final_funding_g": 0.15363802015781403,
  "final_funding_g_raw": 0.15363802015781403,
  "final_update_counter": 18.0,
  "final_vartd_VarTD": 0.4373551607131958,
  "mechanism": "hardzero_plus_depr",
  "mechanism_tag": "hardzero_plus_depr__c0p58__z1p00__lam0p005__nu1p00__psi0p50",
  "runtime_sec": 9.501049585058354,
  "seed": 42,
  "z_cut": 1.0
}