{
  "alpha": 0.028,
  "c_upd": 0.58,
  "depr_lambda": 0.005,
  "depr_nu": 1.0,
  "depr_psi": 0.5,
  "eval_CSR_post": 0.0,
  "eval_dbar_post_mean": 0.6239951848983765,
  "eval_done_count": 100.0,
  "eval_episodes_per_env": 4.0,
  "eval_len_end_mean": 26.0,
  "eval_occupied_post_mean": 0.2199999988079071,
  "eval_return_end_mean": -25.00001335144043,
  "eval_t_eval": 104.0,
  "final_depr_F_post": 4.5150556564331055,
  "final_energy_E_post": 0.42911016941070557,
  "final_episode_return_end_mean": -26.395864486694336,
  "final_funding_alpha_eff": 0.0029363776557147503,
  "final_funding_g": 0.10792526602745056,
  "final_funding_g_raw": 0.10792526602745056,
  "final_update_counter": 2.0,
  "final_vartd_VarTD": 0.1216529980301857,
  "mechanism": "hardzero_plus_depr",
  "mechanism_tag": "hardzero_plus_depr__c0p58__z1p00__lam0p005__nu1p00__psi0p50",
  "runtime_sec": 9.465210775029846,
  "seed": 45,
  "z_cut": 1.0
}