{
  "alpha": 0.12,
  "c_upd": 0.52,
  "depr_lambda": 0.01,
  "depr_nu": 0.5,
  "depr_psi": 1.0,
  "eval_CSR_post": 0.009999999776482582,
  "eval_dbar_post_mean": 0.5113500356674194,
  "eval_done_count": 100.0,
  "eval_episodes_per_env": 4.0,
  "eval_len_end_mean": 26.0,
  "eval_occupied_post_mean": 0.3799999952316284,
  "eval_return_end_mean": -25.070716857910156,
  "eval_t_eval": 104.0,
  "final_depr_F_post": 8.82573127746582,
  "final_energy_E_post": 0.2623178958892822,
  "final_episode_return_end_mean": -27.000211715698242,
  "final_funding_alpha_eff": 1.780565253284294e-05,
  "final_funding_g": 0.11357267946004868,
  "final_funding_g_raw": 0.11357267946004868,
  "final_update_counter": 6.0,
  "final_vartd_VarTD": 0.1117904931306839,
  "mechanism": "hardzero_plus_depr",
  "mechanism_tag": "hardzero_plus_depr__c0p52__z1p05__lam0p010__nu0p50__psi1p00",
  "runtime_sec": 10.931840865057893,
  "seed": 31,
  "z_cut": 1.05
}