{
  "alpha": 0.048,
  "c_upd": 0.58,
  "depr_lambda": 0.0,
  "depr_nu": 0.5,
  "depr_psi": 0.0,
  "eval_CSR_post": 0.0,
  "eval_dbar_post_mean": 0.5155966281890869,
  "eval_done_count": 100.0,
  "eval_episodes_per_env": 4.0,
  "eval_len_end_mean": 26.0,
  "eval_occupied_post_mean": 0.32999998331069946,
  "eval_return_end_mean": -24.85176658630371,
  "eval_t_eval": 104.0,
  "final_depr_F_post": 0.0,
  "final_energy_E_post": 0.5529739856719971,
  "final_episode_return_end_mean": -26.952970504760742,
  "final_funding_alpha_eff": 0.04800000041723251,
  "final_funding_g": 0.11191762238740921,
  "final_funding_g_raw": 0.11191762238740921,
  "final_update_counter": 7.0,
  "final_vartd_VarTD": 0.15311473608016968,
  "mechanism": "hardzero_only",
  "mechanism_tag": "hardzero_only__c0p58__z1p00__lam0p000__nu0p50__psi0p00",
  "runtime_sec": 10.854835710022599,
  "seed": 51,
  "z_cut": 1.0
}