{
  "alpha": 0.05,
  "c_upd": 0.54,
  "depr_lambda": 0.01,
  "depr_nu": 0.5,
  "depr_psi": 0.75,
  "eval_CSR_post": 0.0,
  "eval_dbar_post_mean": 0.612381100654602,
  "eval_done_count": 100.0,
  "eval_episodes_per_env": 4.0,
  "eval_len_end_mean": 26.0,
  "eval_occupied_post_mean": 0.26999998092651367,
  "eval_return_end_mean": -25.13361358642578,
  "eval_t_eval": 104.0,
  "final_depr_F_post": 10.2051420211792,
  "final_energy_E_post": 0.13096870481967926,
  "final_episode_return_end_mean": -26.753503799438477,
  "final_funding_alpha_eff": 2.3889086151029915e-05,
  "final_funding_g": 0.09976918250322342,
  "final_funding_g_raw": 0.09976918250322342,
  "final_update_counter": 3.0,
  "final_vartd_VarTD": 0.17964312434196472,
  "mechanism": "hardzero_plus_depr",
  "mechanism_tag": "hardzero_plus_depr__c0p54__z1p05__lam0p010__nu0p50__psi0p75",
  "runtime_sec": 10.633027340983972,
  "seed": 37,
  "z_cut": 1.05
}