{
  "alpha": 0.08,
  "c_upd": 0.6,
  "depr_lambda": 0.0,
  "depr_nu": 0.5,
  "depr_psi": 0.0,
  "eval_CSR_post": 0.009999999776482582,
  "eval_dbar_post_mean": 0.4872308373451233,
  "eval_done_count": 100.0,
  "eval_episodes_per_env": 4.0,
  "eval_len_end_mean": 26.0,
  "eval_occupied_post_mean": 0.3999999761581421,
  "eval_return_end_mean": -23.885475158691406,
  "eval_t_eval": 104.0,
  "final_depr_F_post": 0.0,
  "final_energy_E_post": 0.27545806765556335,
  "final_episode_return_end_mean": -25.140979766845703,
  "final_funding_alpha_eff": 0.07999999821186066,
  "final_funding_g": 0.14987759292125702,
  "final_funding_g_raw": 0.14987759292125702,
  "final_update_counter": 22.0,
  "final_vartd_VarTD": 0.7377058863639832,
  "mechanism": "hardzero_only",
  "mechanism_tag": "hardzero_only__c0p60__z1p10__lam0p000__nu0p50__psi0p00",
  "runtime_sec": 9.82617581798695,
  "seed": 31,
  "z_cut": 1.1
}