{
  "I_R_full": 1.0547811828212916,
  "alpha": 0.0,
  "borrow_interest": 0.02,
  "borrow_limit": 0.6,
  "c_upd": 0.58,
  "condition": "fragile_full__borrow__t1m__a0p00__c0p58",
  "eval_CSR_post": 0.009999999776482582,
  "eval_CSR_pre": 0.0,
  "eval_dbar_post_mean": 0.6130632162094116,
  "eval_dbar_pre_mean": 0.6148952841758728,
  "eval_done_count": 100.0,
  "eval_done_per_env_max": 4.0,
  "eval_done_per_env_min": 4.0,
  "eval_episodes_per_env": 4.0,
  "eval_len_end_mean": 26.0,
  "eval_max_tilde_post_mean": 0.8658329844474792,
  "eval_max_tilde_pre_mean": 0.8658841252326965,
  "eval_occupied_post_mean": 0.2199999988079071,
  "eval_occupied_pre_mean": 0.17999999225139618,
  "eval_return_end_mean": -24.643905639648438,
  "eval_t_eval": 104.0,
  "family": "borrow",
  "final_energy": -0.6000000238418579,
  "final_executed_updates": 2.0,
  "final_vartd": 0.15357951819896698,
  "learned_R_full_0p5": 1.0,
  "max_debt_level": 0.6000000238418579,
  "mean_update_fraction": 0.006410256493836641,
  "metric_horizon": "full",
  "phase": "extension_full",
  "runtime_sec": 2.7093617470000027,
  "seed": 36,
  "support_mode": "none",
  "support_total": 0.0,
  "total_debt_charge": 3.3590197563171387,
  "total_support_injected": 0.0,
  "total_timesteps": 1000000,
  "train_final_return_end_mean": -27.537967681884766
}