{
  "alpha": 0.12,
  "c_upd": 0.5,
  "depr_lambda": 0.01,
  "depr_nu": 0.5,
  "depr_psi": 1.25,
  "eval_CSR_post": 0.0,
  "eval_dbar_post_mean": 0.5356433391571045,
  "eval_done_count": 100.0,
  "eval_episodes_per_env": 4.0,
  "eval_len_end_mean": 26.0,
  "eval_occupied_post_mean": 0.28999999165534973,
  "eval_return_end_mean": -23.451889038085938,
  "eval_t_eval": 104.0,
  "final_depr_F_post": 10.992656707763672,
  "final_energy_E_post": 0.2619677186012268,
  "final_episode_return_end_mean": -28.50257110595703,
  "final_funding_alpha_eff": 1.309324062503947e-07,
  "final_funding_g": 0.0,
  "final_funding_g_raw": 0.08412060886621475,
  "final_update_counter": 4.0,
  "final_vartd_VarTD": 0.16508810222148895,
  "mechanism": "hardzero_plus_depr",
  "mechanism_tag": "hardzero_plus_depr__c0p50__z1p05__lam0p010__nu0p50__psi1p25",
  "runtime_sec": 10.752837667998392,
  "seed": 36,
  "z_cut": 1.05
}