{
  "alpha": 0.055,
  "c_upd": 0.58,
  "depr_lambda": 0.005,
  "depr_nu": 1.0,
  "depr_psi": 0.5,
  "eval_CSR_post": 0.009999999776482582,
  "eval_dbar_post_mean": 0.5622341632843018,
  "eval_done_count": 100.0,
  "eval_episodes_per_env": 4.0,
  "eval_len_end_mean": 26.0,
  "eval_occupied_post_mean": 0.3100000023841858,
  "eval_return_end_mean": -24.222448348999023,
  "eval_t_eval": 104.0,
  "final_depr_F_post": 0.014999999664723873,
  "final_energy_E_post": 0.023848356679081917,
  "final_episode_return_end_mean": -26.441429138183594,
  "final_funding_alpha_eff": 0.05472568795084953,
  "final_funding_g": 0.11945036798715591,
  "final_funding_g_raw": 0.11945036798715591,
  "final_update_counter": 7.0,
  "final_vartd_VarTD": 0.14023780822753906,
  "mechanism": "hardzero_plus_depr",
  "mechanism_tag": "hardzero_plus_depr__c0p58__z1p00__lam0p005__nu1p00__psi0p50",
  "runtime_sec": 9.476689505041577,
  "seed": 35,
  "z_cut": 1.0
}