{
  "alpha": 0.12,
  "c_upd": 0.54,
  "depr_lambda": 0.0,
  "depr_nu": 0.5,
  "depr_psi": 0.0,
  "eval_CSR_post": 0.0,
  "eval_dbar_post_mean": 0.47867006063461304,
  "eval_done_count": 100.0,
  "eval_episodes_per_env": 4.0,
  "eval_len_end_mean": 26.0,
  "eval_occupied_post_mean": 0.4599999785423279,
  "eval_return_end_mean": -23.22952651977539,
  "eval_t_eval": 104.0,
  "final_depr_F_post": 0.0,
  "final_energy_E_post": 0.323457270860672,
  "final_episode_return_end_mean": -23.80202865600586,
  "final_funding_alpha_eff": 0.11999999731779099,
  "final_funding_g": 0.16742666065692902,
  "final_funding_g_raw": 0.16742666065692902,
  "final_update_counter": 42.0,
  "final_vartd_VarTD": 3.8787074089050293,
  "mechanism": "hardzero_only",
  "mechanism_tag": "hardzero_only__c0p54__z1p10__lam0p000__nu0p50__psi0p00",
  "runtime_sec": 9.79623719403753,
  "seed": 37,
  "z_cut": 1.1
}