{
  "alpha": 0.08,
  "c_upd": 0.5,
  "depr_lambda": 0.01,
  "depr_nu": 0.5,
  "depr_psi": 0.75,
  "eval_CSR_post": 0.0,
  "eval_dbar_post_mean": 0.5510532855987549,
  "eval_done_count": 100.0,
  "eval_episodes_per_env": 4.0,
  "eval_len_end_mean": 26.0,
  "eval_occupied_post_mean": 0.32999998331069946,
  "eval_return_end_mean": -24.82084846496582,
  "eval_t_eval": 104.0,
  "final_depr_F_post": 10.055144309997559,
  "final_energy_E_post": 0.14195263385772705,
  "final_episode_return_end_mean": -25.94340705871582,
  "final_funding_alpha_eff": 4.277370680938475e-05,
  "final_funding_g": 0.1058209016919136,
  "final_funding_g_raw": 0.1058209016919136,
  "final_update_counter": 3.0,
  "final_vartd_VarTD": 0.1217571571469307,
  "mechanism": "hardzero_plus_depr",
  "mechanism_tag": "hardzero_plus_depr__c0p50__z1p00__lam0p010__nu0p50__psi0p75",
  "runtime_sec": 9.808322002994828,
  "seed": 34,
  "z_cut": 1.0
}