{
  "alpha": 0.12,
  "c_upd": 0.56,
  "depr_lambda": 0.02,
  "depr_nu": 0.5,
  "depr_psi": 0.75,
  "eval_CSR_post": 0.0,
  "eval_dbar_post_mean": 0.5486801862716675,
  "eval_done_count": 100.0,
  "eval_episodes_per_env": 4.0,
  "eval_len_end_mean": 26.0,
  "eval_occupied_post_mean": 0.2800000011920929,
  "eval_return_end_mean": -23.50472640991211,
  "eval_t_eval": 104.0,
  "final_depr_F_post": 23.300342559814453,
  "final_energy_E_post": 0.27016302943229675,
  "final_episode_return_end_mean": -26.242874145507812,
  "final_funding_alpha_eff": 3.135365078676955e-09,
  "final_funding_g": 0.09747032821178436,
  "final_funding_g_raw": 0.09747032821178436,
  "final_update_counter": 3.0,
  "final_vartd_VarTD": 0.12644900381565094,
  "mechanism": "hardzero_plus_depr",
  "mechanism_tag": "hardzero_plus_depr__c0p56__z1p05__lam0p020__nu0p50__psi0p75",
  "runtime_sec": 10.89555954997195,
  "seed": 32,
  "z_cut": 1.05
}