{
  "alpha": 0.07,
  "c_upd": 0.58,
  "depr_lambda": 0.005,
  "depr_nu": 1.0,
  "depr_psi": 0.5,
  "eval_CSR_post": 0.0,
  "eval_dbar_post_mean": 0.4957664906978607,
  "eval_done_count": 100.0,
  "eval_episodes_per_env": 4.0,
  "eval_len_end_mean": 26.0,
  "eval_occupied_post_mean": 0.3499999940395355,
  "eval_return_end_mean": -23.236854553222656,
  "eval_t_eval": 104.0,
  "final_depr_F_post": 0.31499984860420227,
  "final_energy_E_post": 0.5773090720176697,
  "final_episode_return_end_mean": -25.08710289001465,
  "final_funding_alpha_eff": 0.05994906648993492,
  "final_funding_g": 0.15188896656036377,
  "final_funding_g_raw": 0.15188896656036377,
  "final_update_counter": 13.0,
  "final_vartd_VarTD": 0.22618408501148224,
  "mechanism": "hardzero_plus_depr",
  "mechanism_tag": "hardzero_plus_depr__c0p58__z1p00__lam0p005__nu1p00__psi0p50",
  "runtime_sec": 9.486308768042363,
  "seed": 52,
  "z_cut": 1.0
}