{
  "alpha": 0.08,
  "c_upd": 0.56,
  "depr_lambda": 0.01,
  "depr_nu": 0.5,
  "depr_psi": 1.25,
  "eval_CSR_post": 0.0,
  "eval_dbar_post_mean": 0.49428170919418335,
  "eval_done_count": 100.0,
  "eval_episodes_per_env": 4.0,
  "eval_len_end_mean": 26.0,
  "eval_occupied_post_mean": 0.35999998450279236,
  "eval_return_end_mean": -21.70193862915039,
  "eval_t_eval": 104.0,
  "final_depr_F_post": 10.607646942138672,
  "final_energy_E_post": 0.06881788372993469,
  "final_episode_return_end_mean": -27.469640731811523,
  "final_funding_alpha_eff": 1.412425092439662e-07,
  "final_funding_g": 0.09290830045938492,
  "final_funding_g_raw": 0.09290830045938492,
  "final_update_counter": 3.0,
  "final_vartd_VarTD": 0.20024433732032776,
  "mechanism": "hardzero_plus_depr",
  "mechanism_tag": "hardzero_plus_depr__c0p56__z1p10__lam0p010__nu0p50__psi1p25",
  "runtime_sec": 24.192897028988227,
  "seed": 30,
  "z_cut": 1.1
}