{
  "alpha": 0.1,
  "c_upd": 0.5,
  "depr_lambda": 0.02,
  "depr_nu": 0.5,
  "depr_psi": 0.75,
  "eval_CSR_post": 0.0,
  "eval_dbar_post_mean": 0.5805049538612366,
  "eval_done_count": 100.0,
  "eval_episodes_per_env": 4.0,
  "eval_len_end_mean": 26.0,
  "eval_occupied_post_mean": 0.28999999165534973,
  "eval_return_end_mean": -24.593585968017578,
  "eval_t_eval": 104.0,
  "final_depr_F_post": 23.720352172851562,
  "final_energy_E_post": 0.27995961904525757,
  "final_episode_return_end_mean": -27.69119644165039,
  "final_funding_alpha_eff": 1.9067802892180907e-09,
  "final_funding_g": 0.09660119563341141,
  "final_funding_g_raw": 0.09660119563341141,
  "final_update_counter": 3.0,
  "final_vartd_VarTD": 0.15819624066352844,
  "mechanism": "hardzero_plus_depr",
  "mechanism_tag": "hardzero_plus_depr__c0p50__z1p05__lam0p020__nu0p50__psi0p75",
  "runtime_sec": 10.821875805966556,
  "seed": 41,
  "z_cut": 1.05
}