{
  "alpha": 0.048,
  "c_upd": 0.58,
  "depr_lambda": 0.0,
  "depr_nu": 0.5,
  "depr_psi": 0.0,
  "eval_CSR_post": 0.0,
  "eval_dbar_post_mean": 0.5200362801551819,
  "eval_done_count": 100.0,
  "eval_episodes_per_env": 4.0,
  "eval_len_end_mean": 26.0,
  "eval_occupied_post_mean": 0.3100000023841858,
  "eval_return_end_mean": -24.726688385009766,
  "eval_t_eval": 104.0,
  "final_depr_F_post": 0.0,
  "final_energy_E_post": 0.08715633302927017,
  "final_episode_return_end_mean": -26.107376098632812,
  "final_funding_alpha_eff": 0.04800000041723251,
  "final_funding_g": 0.13094550371170044,
  "final_funding_g_raw": 0.13094550371170044,
  "final_update_counter": 9.0,
  "final_vartd_VarTD": 0.14852872490882874,
  "mechanism": "hardzero_only",
  "mechanism_tag": "hardzero_only__c0p58__z1p00__lam0p000__nu0p50__psi0p00",
  "runtime_sec": 10.856041235034354,
  "seed": 50,
  "z_cut": 1.0
}