{
  "alpha": 0.1,
  "c_upd": 0.6,
  "depr_lambda": 0.01,
  "depr_nu": 0.5,
  "depr_psi": 0.75,
  "eval_CSR_post": 0.0,
  "eval_dbar_post_mean": 0.562055230140686,
  "eval_done_count": 100.0,
  "eval_episodes_per_env": 4.0,
  "eval_len_end_mean": 26.0,
  "eval_occupied_post_mean": 0.29999998211860657,
  "eval_return_end_mean": -24.500757217407227,
  "eval_t_eval": 104.0,
  "final_depr_F_post": 9.578873634338379,
  "final_energy_E_post": 0.5144707560539246,
  "final_episode_return_end_mean": -26.568614959716797,
  "final_funding_alpha_eff": 7.642200216650963e-05,
  "final_funding_g": 0.11608937382698059,
  "final_funding_g_raw": 0.11608937382698059,
  "final_update_counter": 5.0,
  "final_vartd_VarTD": 0.13390354812145233,
  "mechanism": "hardzero_plus_depr",
  "mechanism_tag": "hardzero_plus_depr__c0p60__z1p10__lam0p010__nu0p50__psi0p75",
  "runtime_sec": 10.920399754075333,
  "seed": 35,
  "z_cut": 1.1
}