{
  "alpha": 0.073,
  "c_upd": 0.58,
  "depr_lambda": 0.005,
  "depr_nu": 1.0,
  "depr_psi": 0.5,
  "eval_CSR_post": 0.0,
  "eval_dbar_post_mean": 0.632112979888916,
  "eval_done_count": 100.0,
  "eval_episodes_per_env": 4.0,
  "eval_len_end_mean": 26.0,
  "eval_occupied_post_mean": 0.17999999225139618,
  "eval_return_end_mean": -24.847869873046875,
  "eval_t_eval": 104.0,
  "final_depr_F_post": 0.05499999225139618,
  "final_energy_E_post": 0.03774356096982956,
  "final_episode_return_end_mean": -26.914894104003906,
  "final_funding_alpha_eff": 0.07119762152433395,
  "final_funding_g": 0.0,
  "final_funding_g_raw": 0.09793920069932938,
  "final_update_counter": 3.0,
  "final_vartd_VarTD": 0.17514082789421082,
  "mechanism": "hardzero_plus_depr",
  "mechanism_tag": "hardzero_plus_depr__c0p58__z1p00__lam0p005__nu1p00__psi0p50",
  "runtime_sec": 9.47023466299288,
  "seed": 48,
  "z_cut": 1.0
}