{
  "alpha": 0.025,
  "c_upd": 0.58,
  "depr_lambda": 0.005,
  "depr_nu": 1.0,
  "depr_psi": 0.5,
  "eval_CSR_post": 0.0,
  "eval_dbar_post_mean": 0.6407217383384705,
  "eval_done_count": 100.0,
  "eval_episodes_per_env": 4.0,
  "eval_len_end_mean": 26.0,
  "eval_occupied_post_mean": 0.23999999463558197,
  "eval_return_end_mean": -25.83151626586914,
  "eval_t_eval": 104.0,
  "final_depr_F_post": 1.8499984741210938,
  "final_energy_E_post": 0.2601861357688904,
  "final_episode_return_end_mean": -27.481060028076172,
  "final_funding_alpha_eff": 0.009938107803463936,
  "final_funding_g": 0.0,
  "final_funding_g_raw": 0.09287195652723312,
  "final_update_counter": 2.0,
  "final_vartd_VarTD": 0.16190382838249207,
  "mechanism": "hardzero_plus_depr",
  "mechanism_tag": "hardzero_plus_depr__c0p58__z1p00__lam0p005__nu1p00__psi0p50",
  "runtime_sec": 9.471826442983001,
  "seed": 46,
  "z_cut": 1.0
}