{
  "alpha": 0.1,
  "c_upd": 0.56,
  "depr_lambda": 0.01,
  "depr_nu": 0.5,
  "depr_psi": 0.75,
  "eval_CSR_post": 0.009999999776482582,
  "eval_dbar_post_mean": 0.5328725576400757,
  "eval_done_count": 100.0,
  "eval_episodes_per_env": 4.0,
  "eval_len_end_mean": 26.0,
  "eval_occupied_post_mean": 0.5299999713897705,
  "eval_return_end_mean": -23.856958389282227,
  "eval_t_eval": 104.0,
  "final_depr_F_post": 8.42416000366211,
  "final_energy_E_post": 0.4210296869277954,
  "final_episode_return_end_mean": -25.74764060974121,
  "final_funding_alpha_eff": 0.00018169065879192203,
  "final_funding_g": 0.11092232912778854,
  "final_funding_g_raw": 0.11092232912778854,
  "final_update_counter": 6.0,
  "final_vartd_VarTD": 0.13222700357437134,
  "mechanism": "hardzero_plus_depr",
  "mechanism_tag": "hardzero_plus_depr__c0p56__z1p10__lam0p010__nu0p50__psi0p75",
  "runtime_sec": 10.637839186005294,
  "seed": 32,
  "z_cut": 1.1
}