{
  "alpha": 0.1,
  "c_upd": 0.52,
  "depr_lambda": 0.01,
  "depr_nu": 0.5,
  "depr_psi": 1.0,
  "eval_CSR_post": 0.0,
  "eval_dbar_post_mean": 0.7445999979972839,
  "eval_done_count": 100.0,
  "eval_episodes_per_env": 4.0,
  "eval_len_end_mean": 26.0,
  "eval_occupied_post_mean": 0.14000000059604645,
  "eval_return_end_mean": -26.674867630004883,
  "eval_t_eval": 104.0,
  "final_depr_F_post": 11.770174026489258,
  "final_energy_E_post": 0.40923741459846497,
  "final_episode_return_end_mean": -28.127626419067383,
  "final_funding_alpha_eff": 7.809467206243426e-07,
  "final_funding_g": 0.09043163806200027,
  "final_funding_g_raw": 0.09043163806200027,
  "final_update_counter": 3.0,
  "final_vartd_VarTD": 0.12429697811603546,
  "mechanism": "hardzero_plus_depr",
  "mechanism_tag": "hardzero_plus_depr__c0p52__z1p05__lam0p010__nu0p50__psi1p00",
  "runtime_sec": 10.818535421974957,
  "seed": 31,
  "z_cut": 1.05
}