{
  "alpha": 0.08,
  "c_upd": 0.58,
  "depr_lambda": 0.02,
  "depr_nu": 0.5,
  "depr_psi": 1.25,
  "eval_CSR_post": 0.0,
  "eval_dbar_post_mean": 0.5360317230224609,
  "eval_done_count": 100.0,
  "eval_episodes_per_env": 4.0,
  "eval_len_end_mean": 26.0,
  "eval_occupied_post_mean": 0.3400000035762787,
  "eval_return_end_mean": -24.07927131652832,
  "eval_t_eval": 104.0,
  "final_depr_F_post": 24.680374145507812,
  "final_energy_E_post": 0.2290143072605133,
  "final_episode_return_end_mean": -27.610984802246094,
  "final_funding_alpha_eff": 3.2791415185951488e-15,
  "final_funding_g": 0.09957434982061386,
  "final_funding_g_raw": 0.09957434982061386,
  "final_update_counter": 2.0,
  "final_vartd_VarTD": 0.14699417352676392,
  "mechanism": "hardzero_plus_depr",
  "mechanism_tag": "hardzero_plus_depr__c0p58__z1p10__lam0p020__nu0p50__psi1p25",
  "runtime_sec": 10.624790618079714,
  "seed": 35,
  "z_cut": 1.1
}