{
  "alpha": 0.12,
  "c_upd": 0.52,
  "depr_lambda": 0.03,
  "depr_nu": 0.5,
  "depr_psi": 0.75,
  "eval_CSR_post": 0.0,
  "eval_dbar_post_mean": 0.5671263933181763,
  "eval_done_count": 100.0,
  "eval_episodes_per_env": 4.0,
  "eval_len_end_mean": 26.0,
  "eval_occupied_post_mean": 0.35999998450279236,
  "eval_return_end_mean": -23.3132266998291,
  "eval_t_eval": 104.0,
  "final_depr_F_post": 37.2451057434082,
  "final_energy_E_post": 0.15077295899391174,
  "final_episode_return_end_mean": -26.561307907104492,
  "final_funding_alpha_eff": 9.066593233564985e-14,
  "final_funding_g": 0.0,
  "final_funding_g_raw": 0.0969112366437912,
  "final_update_counter": 2.0,
  "final_vartd_VarTD": 0.14278551936149597,
  "mechanism": "hardzero_plus_depr",
  "mechanism_tag": "hardzero_plus_depr__c0p52__z1p00__lam0p030__nu0p50__psi0p75",
  "runtime_sec": 10.612762064964045,
  "seed": 39,
  "z_cut": 1.0
}