{
  "alpha": 0.06,
  "c_upd": 0.6,
  "depr_lambda": 0.02,
  "depr_nu": 0.5,
  "depr_psi": 1.0,
  "eval_CSR_post": 0.0,
  "eval_dbar_post_mean": 0.6267946362495422,
  "eval_done_count": 100.0,
  "eval_episodes_per_env": 4.0,
  "eval_len_end_mean": 26.0,
  "eval_occupied_post_mean": 0.20999999344348907,
  "eval_return_end_mean": -24.381759643554688,
  "eval_t_eval": 104.0,
  "final_depr_F_post": 24.310365676879883,
  "final_energy_E_post": 0.1576843112707138,
  "final_episode_return_end_mean": -26.421100616455078,
  "final_funding_alpha_eff": 1.6942584488144341e-12,
  "final_funding_g": 0.09605532884597778,
  "final_funding_g_raw": 0.09605532884597778,
  "final_update_counter": 2.0,
  "final_vartd_VarTD": 0.1214153841137886,
  "mechanism": "hardzero_plus_depr",
  "mechanism_tag": "hardzero_plus_depr__c0p60__z1p10__lam0p020__nu0p50__psi1p00",
  "runtime_sec": 10.707351168966852,
  "seed": 34,
  "z_cut": 1.1
}