{
  "alpha": 0.04,
  "c_upd": 0.56,
  "depr_lambda": 0.02,
  "depr_nu": 0.5,
  "depr_psi": 0.75,
  "eval_CSR_post": 0.0,
  "eval_dbar_post_mean": 0.6272644996643066,
  "eval_done_count": 100.0,
  "eval_episodes_per_env": 4.0,
  "eval_len_end_mean": 26.0,
  "eval_occupied_post_mean": 0.17999999225139618,
  "eval_return_end_mean": -25.105670928955078,
  "eval_t_eval": 104.0,
  "final_depr_F_post": 24.5103702545166,
  "final_energy_E_post": 0.18659374117851257,
  "final_episode_return_end_mean": -28.02318572998047,
  "final_funding_alpha_eff": 4.2173128877998067e-10,
  "final_funding_g": 0.08734792470932007,
  "final_funding_g_raw": 0.08734792470932007,
  "final_update_counter": 2.0,
  "final_vartd_VarTD": 0.18008147180080414,
  "mechanism": "hardzero_plus_depr",
  "mechanism_tag": "hardzero_plus_depr__c0p56__z1p10__lam0p020__nu0p50__psi0p75",
  "runtime_sec": 10.901049214997329,
  "seed": 40,
  "z_cut": 1.1
}