{
  "alpha": 0.1,
  "c_upd": 0.54,
  "depr_lambda": 0.0,
  "depr_nu": 0.5,
  "depr_psi": 0.0,
  "eval_CSR_post": 0.0,
  "eval_dbar_post_mean": 0.507863461971283,
  "eval_done_count": 100.0,
  "eval_episodes_per_env": 4.0,
  "eval_len_end_mean": 26.0,
  "eval_occupied_post_mean": 0.3100000023841858,
  "eval_return_end_mean": -21.84953498840332,
  "eval_t_eval": 104.0,
  "final_depr_F_post": 0.0,
  "final_energy_E_post": 0.10853883624076843,
  "final_episode_return_end_mean": -24.128965377807617,
  "final_funding_alpha_eff": 0.10000000149011612,
  "final_funding_g": 0.17084233462810516,
  "final_funding_g_raw": 0.17084233462810516,
  "final_update_counter": 31.0,
  "final_vartd_VarTD": 2.088261604309082,
  "mechanism": "hardzero_only",
  "mechanism_tag": "hardzero_only__c0p54__z1p05__lam0p000__nu0p50__psi0p00",
  "runtime_sec": 10.023494594031945,
  "seed": 38,
  "z_cut": 1.05
}