{
  "alpha": 0.03,
  "c_upd": 0.52,
  "depr_lambda": 0.01,
  "depr_nu": 0.5,
  "depr_psi": 1.0,
  "eval_CSR_post": 0.0,
  "eval_dbar_post_mean": 0.6068724989891052,
  "eval_done_count": 100.0,
  "eval_episodes_per_env": 4.0,
  "eval_len_end_mean": 26.0,
  "eval_occupied_post_mean": 0.23999999463558197,
  "eval_return_end_mean": -24.980438232421875,
  "eval_t_eval": 104.0,
  "final_depr_F_post": 10.445144653320312,
  "final_energy_E_post": 0.016164984554052353,
  "final_episode_return_end_mean": -27.70403289794922,
  "final_funding_alpha_eff": 8.814458283268323e-07,
  "final_funding_g": 0.0,
  "final_funding_g_raw": 0.09641599655151367,
  "final_update_counter": 2.0,
  "final_vartd_VarTD": 0.16204053163528442,
  "mechanism": "hardzero_plus_depr",
  "mechanism_tag": "hardzero_plus_depr__c0p52__z1p00__lam0p010__nu0p50__psi1p00",
  "runtime_sec": 10.623538565996569,
  "seed": 41,
  "z_cut": 1.0
}