{
  "alpha": 0.1,
  "c_upd": 0.54,
  "depr_lambda": 0.01,
  "depr_nu": 0.5,
  "depr_psi": 0.75,
  "eval_CSR_post": 0.0,
  "eval_dbar_post_mean": 0.5574390292167664,
  "eval_done_count": 100.0,
  "eval_episodes_per_env": 4.0,
  "eval_len_end_mean": 26.0,
  "eval_occupied_post_mean": 0.32999998331069946,
  "eval_return_end_mean": -23.839651107788086,
  "eval_t_eval": 104.0,
  "final_depr_F_post": 9.415120124816895,
  "final_energy_E_post": 0.46684733033180237,
  "final_episode_return_end_mean": -25.760562896728516,
  "final_funding_alpha_eff": 8.640847954666242e-05,
  "final_funding_g": 0.1120019182562828,
  "final_funding_g_raw": 0.1120019182562828,
  "final_update_counter": 5.0,
  "final_vartd_VarTD": 0.13451704382896423,
  "mechanism": "hardzero_plus_depr",
  "mechanism_tag": "hardzero_plus_depr__c0p54__z1p05__lam0p010__nu0p50__psi0p75",
  "runtime_sec": 10.896966893982608,
  "seed": 39,
  "z_cut": 1.05
}