{
  "alpha": 0.03,
  "c_upd": 0.58,
  "depr_lambda": 0.02,
  "depr_nu": 0.5,
  "depr_psi": 0.75,
  "eval_CSR_post": 0.0,
  "eval_dbar_post_mean": 0.7787419557571411,
  "eval_done_count": 100.0,
  "eval_episodes_per_env": 4.0,
  "eval_len_end_mean": 26.0,
  "eval_occupied_post_mean": 0.17000000178813934,
  "eval_return_end_mean": -28.074459075927734,
  "eval_t_eval": 104.0,
  "final_depr_F_post": 24.98038101196289,
  "final_energy_E_post": 0.45151132345199585,
  "final_episode_return_end_mean": -28.243717193603516,
  "final_funding_alpha_eff": 2.223333323003729e-10,
  "final_funding_g": 0.0,
  "final_funding_g_raw": 0.08741680532693863,
  "final_update_counter": 1.0,
  "final_vartd_VarTD": 0.12513065338134766,
  "mechanism": "hardzero_plus_depr",
  "mechanism_tag": "hardzero_plus_depr__c0p58__z1p00__lam0p020__nu0p50__psi0p75",
  "runtime_sec": 10.847870125027839,
  "seed": 31,
  "z_cut": 1.0
}