{
  "alpha": 0.08,
  "c_upd": 0.54,
  "depr_lambda": 0.01,
  "depr_nu": 0.5,
  "depr_psi": 0.75,
  "eval_CSR_post": 0.0,
  "eval_dbar_post_mean": 0.5372384786605835,
  "eval_done_count": 100.0,
  "eval_episodes_per_env": 4.0,
  "eval_len_end_mean": 26.0,
  "eval_occupied_post_mean": 0.3499999940395355,
  "eval_return_end_mean": -22.684526443481445,
  "eval_t_eval": 104.0,
  "final_depr_F_post": 10.53764533996582,
  "final_energy_E_post": 0.436065673828125,
  "final_episode_return_end_mean": -27.331649780273438,
  "final_funding_alpha_eff": 2.9786286177113652e-05,
  "final_funding_g": 0.10242161899805069,
  "final_funding_g_raw": 0.10242161899805069,
  "final_update_counter": 4.0,
  "final_vartd_VarTD": 0.20871108770370483,
  "mechanism": "hardzero_plus_depr",
  "mechanism_tag": "hardzero_plus_depr__c0p54__z1p10__lam0p010__nu0p50__psi0p75",
  "runtime_sec": 10.680109085980803,
  "seed": 38,
  "z_cut": 1.1
}