{
  "alpha": 0.08,
  "c_upd": 0.56,
  "depr_lambda": 0.0,
  "depr_nu": 0.5,
  "depr_psi": 0.0,
  "eval_CSR_post": 0.0,
  "eval_dbar_post_mean": 0.4980586767196655,
  "eval_done_count": 100.0,
  "eval_episodes_per_env": 4.0,
  "eval_len_end_mean": 26.0,
  "eval_occupied_post_mean": 0.38999998569488525,
  "eval_return_end_mean": -23.24116325378418,
  "eval_t_eval": 104.0,
  "final_depr_F_post": 0.0,
  "final_energy_E_post": 0.33255109190940857,
  "final_episode_return_end_mean": -24.00783348083496,
  "final_funding_alpha_eff": 0.07999999821186066,
  "final_funding_g": 0.16712968051433563,
  "final_funding_g_raw": 0.16712968051433563,
  "final_update_counter": 20.0,
  "final_vartd_VarTD": 0.6347734928131104,
  "mechanism": "hardzero_only",
  "mechanism_tag": "hardzero_only__c0p56__z1p00__lam0p000__nu0p50__psi0p00",
  "runtime_sec": 9.766148303984664,
  "seed": 40,
  "z_cut": 1.0
}