{
  "alpha": 0.01,
  "c_upd": 0.54,
  "depr_lambda": 0.0,
  "depr_nu": 0.5,
  "depr_psi": 0.0,
  "eval_CSR_post": 0.0,
  "eval_dbar_post_mean": 0.5384902358055115,
  "eval_done_count": 100.0,
  "eval_episodes_per_env": 4.0,
  "eval_len_end_mean": 26.0,
  "eval_occupied_post_mean": 0.3700000047683716,
  "eval_return_end_mean": -23.19384002685547,
  "eval_t_eval": 104.0,
  "final_depr_F_post": 0.0,
  "final_energy_E_post": 0.5019145011901855,
  "final_episode_return_end_mean": -27.175556182861328,
  "final_funding_alpha_eff": 0.009999999776482582,
  "final_funding_g": 0.09888587146997452,
  "final_funding_g_raw": 0.09888587146997452,
  "final_update_counter": 3.0,
  "final_vartd_VarTD": 0.19604188203811646,
  "mechanism": "hardzero_only",
  "mechanism_tag": "hardzero_only__c0p54__z1p05__lam0p000__nu0p50__psi0p00",
  "runtime_sec": 19.75573702499969,
  "seed": 30,
  "z_cut": 1.05
}