{
  "alpha": 0.043,
  "c_upd": 0.58,
  "depr_lambda": 0.005,
  "depr_nu": 1.0,
  "depr_psi": 0.5,
  "eval_CSR_post": 0.0,
  "eval_dbar_post_mean": 0.5776900053024292,
  "eval_done_count": 100.0,
  "eval_episodes_per_env": 4.0,
  "eval_len_end_mean": 26.0,
  "eval_occupied_post_mean": 0.29999998211860657,
  "eval_return_end_mean": -26.00007438659668,
  "eval_t_eval": 104.0,
  "final_depr_F_post": 0.16999997198581696,
  "final_energy_E_post": 0.16698536276817322,
  "final_episode_return_end_mean": -24.796724319458008,
  "final_funding_alpha_eff": 0.03959489241242409,
  "final_funding_g": 0.13587114214897156,
  "final_funding_g_raw": 0.13587114214897156,
  "final_update_counter": 6.0,
  "final_vartd_VarTD": 0.12587936222553253,
  "mechanism": "hardzero_plus_depr",
  "mechanism_tag": "hardzero_plus_depr__c0p58__z1p00__lam0p005__nu1p00__psi0p50",
  "runtime_sec": 9.469993051956408,
  "seed": 44,
  "z_cut": 1.0
}