{
  "alpha": 0.08,
  "c_upd": 0.58,
  "depr_lambda": 0.01,
  "depr_nu": 0.5,
  "depr_psi": 0.75,
  "eval_CSR_post": 0.0,
  "eval_dbar_post_mean": 0.5292075276374817,
  "eval_done_count": 100.0,
  "eval_episodes_per_env": 4.0,
  "eval_len_end_mean": 26.0,
  "eval_occupied_post_mean": 0.23999999463558197,
  "eval_return_end_mean": -24.522279739379883,
  "eval_t_eval": 104.0,
  "final_depr_F_post": 8.56637191772461,
  "final_energy_E_post": 0.13411712646484375,
  "final_episode_return_end_mean": -27.103649139404297,
  "final_funding_alpha_eff": 0.00013064753147773445,
  "final_funding_g": 0.10772377997636795,
  "final_funding_g_raw": 0.10772377997636795,
  "final_update_counter": 4.0,
  "final_vartd_VarTD": 0.15287016332149506,
  "mechanism": "hardzero_plus_depr",
  "mechanism_tag": "hardzero_plus_depr__c0p58__z1p05__lam0p010__nu0p50__psi0p75",
  "runtime_sec": 10.64068218797911,
  "seed": 41,
  "z_cut": 1.05
}