{
  "alpha": 0.1,
  "c_upd": 0.52,
  "depr_lambda": 0.01,
  "depr_nu": 0.5,
  "depr_psi": 0.75,
  "eval_CSR_post": 0.0,
  "eval_dbar_post_mean": 0.6063786745071411,
  "eval_done_count": 100.0,
  "eval_episodes_per_env": 4.0,
  "eval_len_end_mean": 26.0,
  "eval_occupied_post_mean": 0.2199999988079071,
  "eval_return_end_mean": -24.616296768188477,
  "eval_t_eval": 104.0,
  "final_depr_F_post": 10.305140495300293,
  "final_energy_E_post": 0.18353043496608734,
  "final_episode_return_end_mean": -25.950084686279297,
  "final_funding_alpha_eff": 4.4325941416900605e-05,
  "final_funding_g": 0.10569848865270615,
  "final_funding_g_raw": 0.10569848865270615,
  "final_update_counter": 3.0,
  "final_vartd_VarTD": 0.1336473673582077,
  "mechanism": "hardzero_plus_depr",
  "mechanism_tag": "hardzero_plus_depr__c0p52__z1p00__lam0p010__nu0p50__psi0p75",
  "runtime_sec": 10.564495919039473,
  "seed": 32,
  "z_cut": 1.0
}