{
  "alpha": 0.12,
  "c_upd": 0.5,
  "depr_lambda": 0.03,
  "depr_nu": 0.5,
  "depr_psi": 0.75,
  "eval_CSR_post": 0.0,
  "eval_dbar_post_mean": 0.541224479675293,
  "eval_done_count": 100.0,
  "eval_episodes_per_env": 4.0,
  "eval_len_end_mean": 26.0,
  "eval_occupied_post_mean": 0.32999998331069946,
  "eval_return_end_mean": -23.3331241607666,
  "eval_t_eval": 104.0,
  "final_depr_F_post": 35.88016128540039,
  "final_energy_E_post": 0.1785033494234085,
  "final_episode_return_end_mean": -26.123146057128906,
  "final_funding_alpha_eff": 2.5236841154178957e-13,
  "final_funding_g": 0.1017598807811737,
  "final_funding_g_raw": 0.1017598807811737,
  "final_update_counter": 3.0,
  "final_vartd_VarTD": 0.1287282407283783,
  "mechanism": "hardzero_plus_depr",
  "mechanism_tag": "hardzero_plus_depr__c0p50__z1p10__lam0p030__nu0p50__psi0p75",
  "runtime_sec": 10.763999485003296,
  "seed": 32,
  "z_cut": 1.1
}