{
  "alpha": 0.08,
  "c_upd": 0.52,
  "depr_lambda": 0.01,
  "depr_nu": 0.5,
  "depr_psi": 1.0,
  "eval_CSR_post": 0.0,
  "eval_dbar_post_mean": 0.5460085272789001,
  "eval_done_count": 100.0,
  "eval_episodes_per_env": 4.0,
  "eval_len_end_mean": 26.0,
  "eval_occupied_post_mean": 0.20999999344348907,
  "eval_return_end_mean": -23.594667434692383,
  "eval_t_eval": 104.0,
  "final_depr_F_post": 11.76517391204834,
  "final_energy_E_post": 0.4305330514907837,
  "final_episode_return_end_mean": -26.12461280822754,
  "final_funding_alpha_eff": 6.278889941313537e-07,
  "final_funding_g": 0.10027756541967392,
  "final_funding_g_raw": 0.10027756541967392,
  "final_update_counter": 3.0,
  "final_vartd_VarTD": 0.1165415495634079,
  "mechanism": "hardzero_plus_depr",
  "mechanism_tag": "hardzero_plus_depr__c0p52__z1p05__lam0p010__nu0p50__psi1p00",
  "runtime_sec": 10.639716272009537,
  "seed": 34,
  "z_cut": 1.05
}