{
  "alpha": 0.06,
  "c_upd": 0.58,
  "depr_lambda": 0.0,
  "depr_nu": 0.5,
  "depr_psi": 0.0,
  "eval_CSR_post": 0.0,
  "eval_dbar_post_mean": 0.5065701007843018,
  "eval_done_count": 100.0,
  "eval_episodes_per_env": 4.0,
  "eval_len_end_mean": 26.0,
  "eval_occupied_post_mean": 0.3499999940395355,
  "eval_return_end_mean": -24.303041458129883,
  "eval_t_eval": 104.0,
  "final_depr_F_post": 0.0,
  "final_energy_E_post": 0.3562687933444977,
  "final_episode_return_end_mean": -24.993024826049805,
  "final_funding_alpha_eff": 0.05999999865889549,
  "final_funding_g": 0.14590686559677124,
  "final_funding_g_raw": 0.14590686559677124,
  "final_update_counter": 14.0,
  "final_vartd_VarTD": 0.27086567878723145,
  "mechanism": "hardzero_only",
  "mechanism_tag": "hardzero_only__c0p58__z1p00__lam0p000__nu0p50__psi0p00",
  "runtime_sec": 9.563869633013383,
  "seed": 58,
  "z_cut": 1.0
}