{
  "alpha": 0.08,
  "c_upd": 0.6,
  "depr_lambda": 0.03,
  "depr_nu": 0.5,
  "depr_psi": 1.0,
  "eval_CSR_post": 0.0,
  "eval_dbar_post_mean": 0.5629181861877441,
  "eval_done_count": 100.0,
  "eval_episodes_per_env": 4.0,
  "eval_len_end_mean": 26.0,
  "eval_occupied_post_mean": 0.35999998450279236,
  "eval_return_end_mean": -24.072980880737305,
  "eval_t_eval": 104.0,
  "final_depr_F_post": 36.73512649536133,
  "final_energy_E_post": 0.13316036760807037,
  "final_episode_return_end_mean": -27.5905818939209,
  "final_funding_alpha_eff": 9.167598061172128e-18,
  "final_funding_g": 0.10058201849460602,
  "final_funding_g_raw": 0.10058201849460602,
  "final_update_counter": 2.0,
  "final_vartd_VarTD": 0.1509305089712143,
  "mechanism": "hardzero_plus_depr",
  "mechanism_tag": "hardzero_plus_depr__c0p60__z1p10__lam0p030__nu0p50__psi1p00",
  "runtime_sec": 10.853108766954392,
  "seed": 35,
  "z_cut": 1.1
}