{
  "alpha": 0.12,
  "c_upd": 0.54,
  "depr_lambda": 0.01,
  "depr_nu": 0.5,
  "depr_psi": 1.25,
  "eval_CSR_post": 0.0,
  "eval_dbar_post_mean": 0.5635883212089539,
  "eval_done_count": 100.0,
  "eval_episodes_per_env": 4.0,
  "eval_len_end_mean": 26.0,
  "eval_occupied_post_mean": 0.23999999463558197,
  "eval_return_end_mean": -23.07689094543457,
  "eval_t_eval": 104.0,
  "final_depr_F_post": 11.492668151855469,
  "final_energy_E_post": 0.27635809779167175,
  "final_episode_return_end_mean": -28.951934814453125,
  "final_funding_alpha_eff": 7.008213032122512e-08,
  "final_funding_g": 0.0,
  "final_funding_g_raw": 0.07535544037818909,
  "final_update_counter": 3.0,
  "final_vartd_VarTD": 0.1777711808681488,
  "mechanism": "hardzero_plus_depr",
  "mechanism_tag": "hardzero_plus_depr__c0p54__z1p05__lam0p010__nu0p50__psi1p25",
  "runtime_sec": 10.75532201497117,
  "seed": 36,
  "z_cut": 1.05
}