{
  "alpha": 0.06,
  "c_upd": 0.54,
  "depr_lambda": 0.01,
  "depr_nu": 0.5,
  "depr_psi": 1.0,
  "eval_CSR_post": 0.0,
  "eval_dbar_post_mean": 0.5215834379196167,
  "eval_done_count": 100.0,
  "eval_episodes_per_env": 4.0,
  "eval_len_end_mean": 26.0,
  "eval_occupied_post_mean": 0.3499999940395355,
  "eval_return_end_mean": -22.10545539855957,
  "eval_t_eval": 104.0,
  "final_depr_F_post": 12.30518627166748,
  "final_energy_E_post": 0.42266568541526794,
  "final_episode_return_end_mean": -27.99241828918457,
  "final_funding_alpha_eff": 2.744225469086814e-07,
  "final_funding_g": 0.09074342995882034,
  "final_funding_g_raw": 0.09074342995882034,
  "final_update_counter": 2.0,
  "final_vartd_VarTD": 0.21408846974372864,
  "mechanism": "hardzero_plus_depr",
  "mechanism_tag": "hardzero_plus_depr__c0p54__z1p05__lam0p010__nu0p50__psi1p00",
  "runtime_sec": 10.61552412196761,
  "seed": 38,
  "z_cut": 1.05
}