{
  "alpha": 0.12,
  "c_upd": 0.52,
  "depr_lambda": 0.03,
  "depr_nu": 0.5,
  "depr_psi": 0.75,
  "eval_CSR_post": 0.0,
  "eval_dbar_post_mean": 0.5517230033874512,
  "eval_done_count": 100.0,
  "eval_episodes_per_env": 4.0,
  "eval_len_end_mean": 26.0,
  "eval_occupied_post_mean": 0.28999999165534973,
  "eval_return_end_mean": -24.644733428955078,
  "eval_t_eval": 104.0,
  "final_depr_F_post": 35.15269088745117,
  "final_energy_E_post": 0.11029760539531708,
  "final_episode_return_end_mean": -27.041513442993164,
  "final_funding_alpha_eff": 4.3549994339919795e-13,
  "final_funding_g": 0.10957467555999756,
  "final_funding_g_raw": 0.10957467555999756,
  "final_update_counter": 3.0,
  "final_vartd_VarTD": 0.1365070343017578,
  "mechanism": "hardzero_plus_depr",
  "mechanism_tag": "hardzero_plus_depr__c0p52__z1p10__lam0p030__nu0p50__psi0p75",
  "runtime_sec": 10.604604166990612,
  "seed": 35,
  "z_cut": 1.1
}