{
  "alpha": 0.053,
  "c_upd": 0.58,
  "depr_lambda": 0.0,
  "depr_nu": 0.5,
  "depr_psi": 0.0,
  "eval_CSR_post": 0.009999999776482582,
  "eval_dbar_post_mean": 0.47773677110671997,
  "eval_done_count": 100.0,
  "eval_episodes_per_env": 4.0,
  "eval_len_end_mean": 26.0,
  "eval_occupied_post_mean": 0.4899999797344208,
  "eval_return_end_mean": -23.43514633178711,
  "eval_t_eval": 104.0,
  "final_depr_F_post": 0.0,
  "final_energy_E_post": 0.1014290377497673,
  "final_episode_return_end_mean": -26.22897720336914,
  "final_funding_alpha_eff": 0.05299999937415123,
  "final_funding_g": 0.12644705176353455,
  "final_funding_g_raw": 0.12644705176353455,
  "final_update_counter": 10.0,
  "final_vartd_VarTD": 0.14530302584171295,
  "mechanism": "hardzero_only",
  "mechanism_tag": "hardzero_only__c0p58__z1p00__lam0p000__nu0p50__psi0p00",
  "runtime_sec": 10.867538156919181,
  "seed": 42,
  "z_cut": 1.0
}