{
  "alpha": 0.12,
  "c_upd": 0.6,
  "depr_lambda": 0.02,
  "depr_nu": 0.5,
  "depr_psi": 0.75,
  "eval_CSR_post": 0.0,
  "eval_dbar_post_mean": 0.5701345801353455,
  "eval_done_count": 100.0,
  "eval_episodes_per_env": 4.0,
  "eval_len_end_mean": 26.0,
  "eval_occupied_post_mean": 0.35999998450279236,
  "eval_return_end_mean": -23.830951690673828,
  "eval_t_eval": 104.0,
  "final_depr_F_post": 23.275341033935547,
  "final_energy_E_post": 0.29179418087005615,
  "final_episode_return_end_mean": -25.936220169067383,
  "final_funding_alpha_eff": 3.194711606369083e-09,
  "final_funding_g": 0.10775935649871826,
  "final_funding_g_raw": 0.10775935649871826,
  "final_update_counter": 3.0,
  "final_vartd_VarTD": 0.13477817177772522,
  "mechanism": "hardzero_plus_depr",
  "mechanism_tag": "hardzero_plus_depr__c0p60__z1p10__lam0p020__nu0p50__psi0p75",
  "runtime_sec": 10.691939078969881,
  "seed": 32,
  "z_cut": 1.1
}