{
  "alpha": 0.12,
  "c_upd": 0.58,
  "depr_lambda": 0.03,
  "depr_nu": 0.5,
  "depr_psi": 1.25,
  "eval_CSR_post": 0.0,
  "eval_dbar_post_mean": 0.7951434850692749,
  "eval_done_count": 100.0,
  "eval_episodes_per_env": 4.0,
  "eval_len_end_mean": 26.0,
  "eval_occupied_post_mean": 0.14999999105930328,
  "eval_return_end_mean": -27.50436782836914,
  "eval_t_eval": 104.0,
  "final_depr_F_post": 36.030155181884766,
  "final_energy_E_post": 0.03699532896280289,
  "final_episode_return_end_mean": -29.149106979370117,
  "final_funding_alpha_eff": 3.434354140814653e-21,
  "final_funding_g": 0.0,
  "final_funding_g_raw": 0.07070586830377579,
  "final_update_counter": 2.0,
  "final_vartd_VarTD": 0.17599570751190186,
  "mechanism": "hardzero_plus_depr",
  "mechanism_tag": "hardzero_plus_depr__c0p58__z1p05__lam0p030__nu0p50__psi1p25",
  "runtime_sec": 10.686679245962296,
  "seed": 36,
  "z_cut": 1.05
}