{
  "alpha": 0.12,
  "c_upd": 0.56,
  "depr_lambda": 0.01,
  "depr_nu": 0.5,
  "depr_psi": 1.0,
  "eval_CSR_post": 0.0,
  "eval_dbar_post_mean": 0.5554746389389038,
  "eval_done_count": 100.0,
  "eval_episodes_per_env": 4.0,
  "eval_len_end_mean": 26.0,
  "eval_occupied_post_mean": 0.3400000035762787,
  "eval_return_end_mean": -23.746294021606445,
  "eval_t_eval": 104.0,
  "final_depr_F_post": 12.325186729431152,
  "final_energy_E_post": 0.5447629690170288,
  "final_episode_return_end_mean": -26.612560272216797,
  "final_funding_alpha_eff": 5.379769731916895e-07,
  "final_funding_g": 0.11281224340200424,
  "final_funding_g_raw": 0.11281224340200424,
  "final_update_counter": 2.0,
  "final_vartd_VarTD": 0.11863637715578079,
  "mechanism": "hardzero_plus_depr",
  "mechanism_tag": "hardzero_plus_depr__c0p56__z1p00__lam0p010__nu0p50__psi1p00",
  "runtime_sec": 9.882271634996869,
  "seed": 33,
  "z_cut": 1.0
}