{
  "alpha": 0.05,
  "c_upd": 0.56,
  "depr_lambda": 0.02,
  "depr_nu": 0.5,
  "depr_psi": 0.75,
  "eval_CSR_post": 0.0,
  "eval_dbar_post_mean": 0.6204060316085815,
  "eval_done_count": 100.0,
  "eval_episodes_per_env": 4.0,
  "eval_len_end_mean": 26.0,
  "eval_occupied_post_mean": 0.17999999225139618,
  "eval_return_end_mean": -23.341432571411133,
  "eval_t_eval": 104.0,
  "final_depr_F_post": 24.080360412597656,
  "final_energy_E_post": 0.12022622674703598,
  "final_episode_return_end_mean": -28.1251220703125,
  "final_funding_alpha_eff": 7.27795324007019e-10,
  "final_funding_g": 0.08937399089336395,
  "final_funding_g_raw": 0.08937399089336395,
  "final_update_counter": 2.0,
  "final_vartd_VarTD": 0.21386387944221497,
  "mechanism": "hardzero_plus_depr",
  "mechanism_tag": "hardzero_plus_depr__c0p56__z1p05__lam0p020__nu0p50__psi0p75",
  "runtime_sec": 10.866588826000225,
  "seed": 38,
  "z_cut": 1.05
}