{
  "alpha": 0.12,
  "c_upd": 0.58,
  "depr_lambda": 0.02,
  "depr_nu": 0.5,
  "depr_psi": 0.75,
  "eval_CSR_post": 0.0,
  "eval_dbar_post_mean": 0.5544067621231079,
  "eval_done_count": 100.0,
  "eval_episodes_per_env": 4.0,
  "eval_len_end_mean": 26.0,
  "eval_occupied_post_mean": 0.25999999046325684,
  "eval_return_end_mean": -24.16799545288086,
  "eval_t_eval": 104.0,
  "final_depr_F_post": 21.385299682617188,
  "final_energy_E_post": 0.0700126364827156,
  "final_episode_return_end_mean": -26.226606369018555,
  "final_funding_alpha_eff": 1.3184301650426278e-08,
  "final_funding_g": 0.0993620753288269,
  "final_funding_g_raw": 0.0993620753288269,
  "final_update_counter": 3.0,
  "final_vartd_VarTD": 0.11975545436143875,
  "mechanism": "hardzero_plus_depr",
  "mechanism_tag": "hardzero_plus_depr__c0p58__z1p05__lam0p020__nu0p50__psi0p75",
  "runtime_sec": 10.769271875964478,
  "seed": 34,
  "z_cut": 1.05
}