{
  "alpha": 0.08,
  "c_upd": 0.52,
  "depr_lambda": 0.02,
  "depr_nu": 0.5,
  "depr_psi": 1.0,
  "eval_CSR_post": 0.0,
  "eval_dbar_post_mean": 0.6571134328842163,
  "eval_done_count": 100.0,
  "eval_episodes_per_env": 4.0,
  "eval_len_end_mean": 26.0,
  "eval_occupied_post_mean": 0.23999999463558197,
  "eval_return_end_mean": -26.098398208618164,
  "eval_t_eval": 104.0,
  "final_depr_F_post": 24.91037940979004,
  "final_energy_E_post": 0.3793468773365021,
  "final_episode_return_end_mean": -27.9442138671875,
  "final_funding_alpha_eff": 1.2397546097359102e-12,
  "final_funding_g": 0.09250584989786148,
  "final_funding_g_raw": 0.09250584989786148,
  "final_update_counter": 2.0,
  "final_vartd_VarTD": 0.12756101787090302,
  "mechanism": "hardzero_plus_depr",
  "mechanism_tag": "hardzero_plus_depr__c0p52__z1p10__lam0p020__nu0p50__psi1p00",
  "runtime_sec": 10.744122441974469,
  "seed": 31,
  "z_cut": 1.1
}