{
  "alpha": 0.12,
  "c_upd": 0.58,
  "depr_lambda": 0.02,
  "depr_nu": 0.5,
  "depr_psi": 0.75,
  "eval_CSR_post": 0.0,
  "eval_dbar_post_mean": 0.46907925605773926,
  "eval_done_count": 100.0,
  "eval_episodes_per_env": 4.0,
  "eval_len_end_mean": 26.0,
  "eval_occupied_post_mean": 0.4899999797344208,
  "eval_return_end_mean": -22.515228271484375,
  "eval_t_eval": 104.0,
  "final_depr_F_post": 23.080337524414062,
  "final_energy_E_post": 0.24340170621871948,
  "final_episode_return_end_mean": -27.030290603637695,
  "final_funding_alpha_eff": 3.6978384798658226e-09,
  "final_funding_g": 0.10312158614397049,
  "final_funding_g_raw": 0.10312158614397049,
  "final_update_counter": 3.0,
  "final_vartd_VarTD": 0.18413054943084717,
  "mechanism": "hardzero_plus_depr",
  "mechanism_tag": "hardzero_plus_depr__c0p58__z1p05__lam0p020__nu0p50__psi0p75",
  "runtime_sec": 23.664229520014487,
  "seed": 30,
  "z_cut": 1.05
}