{
  "alpha": 0.03,
  "c_upd": 0.58,
  "depr_lambda": 0.01,
  "depr_nu": 0.5,
  "depr_psi": 1.0,
  "eval_CSR_post": 0.009999999776482582,
  "eval_dbar_post_mean": 0.6242056488990784,
  "eval_done_count": 100.0,
  "eval_episodes_per_env": 4.0,
  "eval_len_end_mean": 26.0,
  "eval_occupied_post_mean": 0.25999999046325684,
  "eval_return_end_mean": -26.060443878173828,
  "eval_t_eval": 104.0,
  "final_depr_F_post": 11.870176315307617,
  "final_energy_E_post": 0.15056554973125458,
  "final_episode_return_end_mean": -26.83954620361328,
  "final_funding_alpha_eff": 2.119884641160752e-07,
  "final_funding_g": 0.09866280853748322,
  "final_funding_g_raw": 0.09866280853748322,
  "final_update_counter": 2.0,
  "final_vartd_VarTD": 0.19684402644634247,
  "mechanism": "hardzero_plus_depr",
  "mechanism_tag": "hardzero_plus_depr__c0p58__z1p05__lam0p010__nu0p50__psi1p00",
  "runtime_sec": 10.682330882002134,
  "seed": 37,
  "z_cut": 1.05
}