{
  "alpha": 0.04,
  "c_upd": 0.58,
  "depr_lambda": 0.01,
  "depr_nu": 0.5,
  "depr_psi": 0.75,
  "eval_CSR_post": 0.0,
  "eval_dbar_post_mean": 0.6658535003662109,
  "eval_done_count": 100.0,
  "eval_episodes_per_env": 4.0,
  "eval_len_end_mean": 26.0,
  "eval_occupied_post_mean": 0.19999998807907104,
  "eval_return_end_mean": -25.699316024780273,
  "eval_t_eval": 104.0,
  "final_depr_F_post": 12.105181694030762,
  "final_energy_E_post": 0.3612002730369568,
  "final_episode_return_end_mean": -26.376277923583984,
  "final_funding_alpha_eff": 4.596284725266742e-06,
  "final_funding_g": 0.09577298164367676,
  "final_funding_g_raw": 0.09577298164367676,
  "final_update_counter": 2.0,
  "final_vartd_VarTD": 0.12662869691848755,
  "mechanism": "hardzero_plus_depr",
  "mechanism_tag": "hardzero_plus_depr__c0p58__z1p05__lam0p010__nu0p50__psi0p75",
  "runtime_sec": 10.652819743962027,
  "seed": 34,
  "z_cut": 1.05
}