{
  "alpha": 0.1,
  "c_upd": 0.52,
  "depr_lambda": 0.01,
  "depr_nu": 0.5,
  "depr_psi": 0.75,
  "eval_CSR_post": 0.0,
  "eval_dbar_post_mean": 0.5860742330551147,
  "eval_done_count": 100.0,
  "eval_episodes_per_env": 4.0,
  "eval_len_end_mean": 26.0,
  "eval_occupied_post_mean": 0.25999999046325684,
  "eval_return_end_mean": -24.469573974609375,
  "eval_t_eval": 104.0,
  "final_depr_F_post": 7.804150581359863,
  "final_energy_E_post": 0.27582067251205444,
  "final_episode_return_end_mean": -25.59868621826172,
  "final_funding_alpha_eff": 0.0002892562479246408,
  "final_funding_g": 0.11107532680034637,
  "final_funding_g_raw": 0.11107532680034637,
  "final_update_counter": 6.0,
  "final_vartd_VarTD": 0.1251499205827713,
  "mechanism": "hardzero_plus_depr",
  "mechanism_tag": "hardzero_plus_depr__c0p52__z1p05__lam0p010__nu0p50__psi0p75",
  "runtime_sec": 10.885779103962705,
  "seed": 34,
  "z_cut": 1.05
}