{
  "alpha": 0.08,
  "c_upd": 0.52,
  "depr_lambda": 0.02,
  "depr_nu": 0.5,
  "depr_psi": 0.75,
  "eval_CSR_post": 0.0,
  "eval_dbar_post_mean": 0.5727578401565552,
  "eval_done_count": 100.0,
  "eval_episodes_per_env": 4.0,
  "eval_len_end_mean": 26.0,
  "eval_occupied_post_mean": 0.25,
  "eval_return_end_mean": -24.25511360168457,
  "eval_t_eval": 104.0,
  "final_depr_F_post": 24.900379180908203,
  "final_energy_E_post": 0.5137104988098145,
  "final_episode_return_end_mean": -27.814130783081055,
  "final_funding_alpha_eff": 6.295519106025438e-10,
  "final_funding_g": 0.09637533128261566,
  "final_funding_g_raw": 0.09637533128261566,
  "final_update_counter": 2.0,
  "final_vartd_VarTD": 0.16140088438987732,
  "mechanism": "hardzero_plus_depr",
  "mechanism_tag": "hardzero_plus_depr__c0p52__z1p10__lam0p020__nu0p50__psi0p75",
  "runtime_sec": 10.681830085988622,
  "seed": 41,
  "z_cut": 1.1
}