{
  "alpha": 0.12,
  "c_upd": 0.52,
  "depr_lambda": 0.01,
  "depr_nu": 0.5,
  "depr_psi": 1.25,
  "eval_CSR_post": 0.0,
  "eval_dbar_post_mean": 0.6235819458961487,
  "eval_done_count": 100.0,
  "eval_episodes_per_env": 4.0,
  "eval_len_end_mean": 26.0,
  "eval_occupied_post_mean": 0.23999999463558197,
  "eval_return_end_mean": -24.775558471679688,
  "eval_t_eval": 104.0,
  "final_depr_F_post": 11.29641342163086,
  "final_energy_E_post": 0.3542289435863495,
  "final_episode_return_end_mean": -27.38714599609375,
  "final_funding_alpha_eff": 8.956684638405932e-08,
  "final_funding_g": 0.09696757793426514,
  "final_funding_g_raw": 0.09696757793426514,
  "final_update_counter": 4.0,
  "final_vartd_VarTD": 0.19142931699752808,
  "mechanism": "hardzero_plus_depr",
  "mechanism_tag": "hardzero_plus_depr__c0p52__z1p10__lam0p010__nu0p50__psi1p25",
  "runtime_sec": 23.962188806035556,
  "seed": 30,
  "z_cut": 1.1
}