{
  "alpha": 0.046,
  "c_upd": 0.58,
  "depr_lambda": 0.0,
  "depr_nu": 0.5,
  "depr_psi": 0.0,
  "eval_CSR_post": 0.009999999776482582,
  "eval_dbar_post_mean": 0.5204893946647644,
  "eval_done_count": 100.0,
  "eval_episodes_per_env": 4.0,
  "eval_len_end_mean": 26.0,
  "eval_occupied_post_mean": 0.3400000035762787,
  "eval_return_end_mean": -24.42753028869629,
  "eval_t_eval": 104.0,
  "final_depr_F_post": 0.0,
  "final_energy_E_post": 0.014105583541095257,
  "final_episode_return_end_mean": -26.600177764892578,
  "final_funding_alpha_eff": 0.04600000008940697,
  "final_funding_g": 0.11818242073059082,
  "final_funding_g_raw": 0.11818242073059082,
  "final_update_counter": 8.0,
  "final_vartd_VarTD": 0.12511606514453888,
  "mechanism": "hardzero_only",
  "mechanism_tag": "hardzero_only__c0p58__z1p00__lam0p000__nu0p50__psi0p00",
  "runtime_sec": 10.868134065996855,
  "seed": 42,
  "z_cut": 1.0
}