{
  "alpha": 0.138,
  "borrow_interest": 0.02,
  "borrow_limit": 0.3,
  "c_upd": 0.58,
  "depr_lambda": 0.0,
  "depr_nu": 0.5,
  "depr_psi": 0.0,
  "eval_CSR_post": 0.019999999552965164,
  "eval_dbar_post_mean": 0.46185803413391113,
  "eval_done_count": 100.0,
  "eval_episodes_per_env": 4.0,
  "eval_len_end_mean": 26.0,
  "eval_occupied_post_mean": 0.5299999713897705,
  "eval_return_end_mean": -22.94964027404785,
  "eval_t_eval": 104.0,
  "family": "borrow",
  "final_depr_F_post": 0.0,
  "final_energy_E_post": 0.1543758511543274,
  "final_update_counter": 39.0,
  "final_vartd_VarTD": 3.4754321575164795,
  "max_debt_level_post": 0.2924298048019409,
  "mean_update_fraction": 0.031199999153614044,
  "mechanism": "hardzero_only",
  "mechanism_tag": "hardzero_only__c0p58__z1p00__lam0p000__nu0p50__psi0p00",
  "runtime_sec": 10.637215123977512,
  "seed": 32,
  "support_mode": "none",
  "support_total": 0.0,
  "total_debt_charge": 1.9321362972259521,
  "total_support_s": 0.0,
  "z_cut": 1.0
}