{
  "alpha": 0.06,
  "c_upd": 0.54,
  "depr_lambda": 0.01,
  "depr_nu": 0.5,
  "depr_psi": 0.75,
  "eval_CSR_post": 0.009999999776482582,
  "eval_dbar_post_mean": 0.5148820877075195,
  "eval_done_count": 100.0,
  "eval_episodes_per_env": 4.0,
  "eval_len_end_mean": 26.0,
  "eval_occupied_post_mean": 0.35999998450279236,
  "eval_return_end_mean": -23.28436279296875,
  "eval_t_eval": 104.0,
  "final_depr_F_post": 11.54516887664795,
  "final_energy_E_post": 0.44416436553001404,
  "final_episode_return_end_mean": -26.36121940612793,
  "final_funding_alpha_eff": 1.0493155059521087e-05,
  "final_funding_g": 0.11624175310134888,
  "final_funding_g_raw": 0.11624175310134888,
  "final_update_counter": 3.0,
  "final_vartd_VarTD": 0.11290940642356873,
  "mechanism": "hardzero_plus_depr",
  "mechanism_tag": "hardzero_plus_depr__c0p54__z1p10__lam0p010__nu0p50__psi0p75",
  "runtime_sec": 10.761191055062227,
  "seed": 33,
  "z_cut": 1.1
}