{
  "alpha": 0.04,
  "c_upd": 0.6,
  "depr_lambda": 0.0,
  "depr_nu": 0.5,
  "depr_psi": 0.0,
  "eval_CSR_post": 0.009999999776482582,
  "eval_dbar_post_mean": 0.5337782502174377,
  "eval_done_count": 100.0,
  "eval_episodes_per_env": 4.0,
  "eval_len_end_mean": 26.0,
  "eval_occupied_post_mean": 0.23999999463558197,
  "eval_return_end_mean": -24.530115127563477,
  "eval_t_eval": 104.0,
  "final_depr_F_post": 0.0,
  "final_energy_E_post": 0.5845497846603394,
  "final_episode_return_end_mean": -24.878843307495117,
  "final_funding_alpha_eff": 0.03999999910593033,
  "final_funding_g": 0.12683172523975372,
  "final_funding_g_raw": 0.12683172523975372,
  "final_update_counter": 10.0,
  "final_vartd_VarTD": 0.14532308280467987,
  "mechanism": "hardzero_only",
  "mechanism_tag": "hardzero_only__c0p60__z1p10__lam0p000__nu0p50__psi0p00",
  "runtime_sec": 9.878225992026273,
  "seed": 34,
  "z_cut": 1.1
}