{
  "alpha": 0.1,
  "c_upd": 0.5,
  "depr_lambda": 0.01,
  "depr_nu": 0.5,
  "depr_psi": 1.25,
  "eval_CSR_post": 0.0,
  "eval_dbar_post_mean": 0.5800371766090393,
  "eval_done_count": 100.0,
  "eval_episodes_per_env": 4.0,
  "eval_len_end_mean": 26.0,
  "eval_occupied_post_mean": 0.4099999964237213,
  "eval_return_end_mean": -23.933170318603516,
  "eval_t_eval": 104.0,
  "final_depr_F_post": 10.235138893127441,
  "final_energy_E_post": 0.08593972772359848,
  "final_episode_return_end_mean": -26.92935562133789,
  "final_funding_alpha_eff": 2.8125373319198843e-07,
  "final_funding_g": 0.10244418680667877,
  "final_funding_g_raw": 0.10244418680667877,
  "final_update_counter": 4.0,
  "final_vartd_VarTD": 0.18280357122421265,
  "mechanism": "hardzero_plus_depr",
  "mechanism_tag": "hardzero_plus_depr__c0p50__z1p10__lam0p010__nu0p50__psi1p25",
  "runtime_sec": 24.21140607597772,
  "seed": 30,
  "z_cut": 1.1
}