{
  "alpha": 0.12,
  "c_upd": 0.54,
  "depr_lambda": 0.02,
  "depr_nu": 0.5,
  "depr_psi": 1.0,
  "eval_CSR_post": 0.0,
  "eval_dbar_post_mean": 0.6195296049118042,
  "eval_done_count": 100.0,
  "eval_episodes_per_env": 4.0,
  "eval_len_end_mean": 26.0,
  "eval_occupied_post_mean": 0.2199999988079071,
  "eval_return_end_mean": -24.381839752197266,
  "eval_t_eval": 104.0,
  "final_depr_F_post": 23.135337829589844,
  "final_energy_E_post": 0.10724253207445145,
  "final_episode_return_end_mean": -26.538110733032227,
  "final_funding_alpha_eff": 1.0972808599241102e-11,
  "final_funding_g": 0.10027694702148438,
  "final_funding_g_raw": 0.10027694702148438,
  "final_update_counter": 3.0,
  "final_vartd_VarTD": 0.14220929145812988,
  "mechanism": "hardzero_plus_depr",
  "mechanism_tag": "hardzero_plus_depr__c0p54__z1p10__lam0p020__nu0p50__psi1p00",
  "runtime_sec": 10.686987733934075,
  "seed": 39,
  "z_cut": 1.1
}