{
  "alpha": 0.12,
  "c_upd": 0.52,
  "depr_lambda": 0.03,
  "depr_nu": 0.5,
  "depr_psi": 1.0,
  "eval_CSR_post": 0.0,
  "eval_dbar_post_mean": 0.5326473712921143,
  "eval_done_count": 100.0,
  "eval_episodes_per_env": 4.0,
  "eval_len_end_mean": 26.0,
  "eval_occupied_post_mean": 0.3799999952316284,
  "eval_return_end_mean": -23.271408081054688,
  "eval_t_eval": 104.0,
  "final_depr_F_post": 37.350101470947266,
  "final_energy_E_post": 0.35291188955307007,
  "final_episode_return_end_mean": -26.68800163269043,
  "final_funding_alpha_eff": 7.434753112366429e-18,
  "final_funding_g": 0.11026272177696228,
  "final_funding_g_raw": 0.11026272177696228,
  "final_update_counter": 2.0,
  "final_vartd_VarTD": 0.12171048671007156,
  "mechanism": "hardzero_plus_depr",
  "mechanism_tag": "hardzero_plus_depr__c0p52__z1p05__lam0p030__nu0p50__psi1p00",
  "runtime_sec": 10.755249551031739,
  "seed": 33,
  "z_cut": 1.05
}