{
  "alpha": 0.03,
  "c_upd": 0.54,
  "depr_lambda": 0.01,
  "depr_nu": 0.5,
  "depr_psi": 0.75,
  "eval_CSR_post": 0.0,
  "eval_dbar_post_mean": 0.6544129848480225,
  "eval_done_count": 100.0,
  "eval_episodes_per_env": 4.0,
  "eval_len_end_mean": 26.0,
  "eval_occupied_post_mean": 0.28999999165534973,
  "eval_return_end_mean": -24.14512062072754,
  "eval_t_eval": 104.0,
  "final_depr_F_post": 12.300186157226562,
  "final_energy_E_post": 0.3291661739349365,
  "final_episode_return_end_mean": -28.127819061279297,
  "final_funding_alpha_eff": 2.978181100843358e-06,
  "final_funding_g": 0.08872732520103455,
  "final_funding_g_raw": 0.08872732520103455,
  "final_update_counter": 2.0,
  "final_vartd_VarTD": 0.2158789187669754,
  "mechanism": "hardzero_plus_depr",
  "mechanism_tag": "hardzero_plus_depr__c0p54__z1p10__lam0p010__nu0p50__psi0p75",
  "runtime_sec": 10.767493210965768,
  "seed": 38,
  "z_cut": 1.1
}