{
  "I_R_full_anchor_compat": 1.1672992220188874,
  "above_R_THRESH_FULL_anchor": 1.0,
  "alpha": 0.1,
  "borrow_interest": 0.0,
  "borrow_limit": 0.0,
  "c_upd": 1.0,
  "condition": "anchor_edge_full_probe__base__t4m__a0p10__c1p00",
  "eval_CSR_post": 0.0,
  "eval_CSR_pre": 0.009999999776482582,
  "eval_dbar_post_mean": 0.5161631107330322,
  "eval_dbar_pre_mean": 0.5219172239303589,
  "eval_done_count": 100.0,
  "eval_done_per_env_max": 4.0,
  "eval_done_per_env_min": 4.0,
  "eval_episodes_per_env": 4.0,
  "eval_len_end_mean": 26.0,
  "eval_max_tilde_post_mean": 0.747675895690918,
  "eval_max_tilde_pre_mean": 0.7519833445549011,
  "eval_occupied_post_mean": 0.25999999046325684,
  "eval_occupied_pre_mean": 0.32999998331069946,
  "eval_return_end_mean": -24.365203857421875,
  "eval_t_eval": 104.0,
  "family": "base",
  "final_energy": 0.6254535913467407,
  "final_executed_updates": 16.0,
  "final_vartd": 0.37797510623931885,
  "max_debt_level": 0.0,
  "mean_update_fraction": 0.012799999676644802,
  "metric_horizon": "long4m",
  "phase": "baseline_4m",
  "runtime_sec": 11.507345865000389,
  "seed": 53,
  "support_mode": "none",
  "support_total": 0.0,
  "total_debt_charge": 0.0,
  "total_support_injected": 0.0,
  "total_timesteps": 4000000,
  "train_final_return_end_mean": -25.665687561035156
}