{
  "alpha": 0.12,
  "c_upd": 0.56,
  "depr_lambda": 0.01,
  "depr_nu": 0.5,
  "depr_psi": 0.75,
  "eval_CSR_post": 0.029999999329447746,
  "eval_dbar_post_mean": 0.49838340282440186,
  "eval_done_count": 100.0,
  "eval_episodes_per_env": 4.0,
  "eval_len_end_mean": 26.0,
  "eval_occupied_post_mean": 0.38999998569488525,
  "eval_return_end_mean": -23.22632598876953,
  "eval_t_eval": 104.0,
  "final_depr_F_post": 2.3075661659240723,
  "final_energy_E_post": 0.21590779721736908,
  "final_episode_return_end_mean": -25.84691619873047,
  "final_funding_alpha_eff": 0.02141983062028885,
  "final_funding_g": 0.13179393112659454,
  "final_funding_g_raw": 0.13179393112659454,
  "final_update_counter": 12.0,
  "final_vartd_VarTD": 0.19689099490642548,
  "mechanism": "hardzero_plus_depr",
  "mechanism_tag": "hardzero_plus_depr__c0p56__z1p10__lam0p010__nu0p50__psi0p75",
  "runtime_sec": 10.675047077937052,
  "seed": 41,
  "z_cut": 1.1
}