{
  "alpha": 0.12,
  "c_upd": 0.56,
  "depr_lambda": 0.01,
  "depr_nu": 0.5,
  "depr_psi": 1.25,
  "eval_CSR_post": 0.0,
  "eval_dbar_post_mean": 0.5813654661178589,
  "eval_done_count": 100.0,
  "eval_episodes_per_env": 4.0,
  "eval_len_end_mean": 26.0,
  "eval_occupied_post_mean": 0.2800000011920929,
  "eval_return_end_mean": -23.667587280273438,
  "eval_t_eval": 104.0,
  "final_depr_F_post": 11.875176429748535,
  "final_energy_E_post": 0.5105462670326233,
  "final_episode_return_end_mean": -26.956445693969727,
  "final_funding_alpha_eff": 4.344656545640646e-08,
  "final_funding_g": 0.10255762934684753,
  "final_funding_g_raw": 0.10255762934684753,
  "final_update_counter": 3.0,
  "final_vartd_VarTD": 0.18211375176906586,
  "mechanism": "hardzero_plus_depr",
  "mechanism_tag": "hardzero_plus_depr__c0p56__z1p05__lam0p010__nu0p50__psi1p25",
  "runtime_sec": 23.576908889983315,
  "seed": 30,
  "z_cut": 1.05
}