{
  "alpha": 0.1,
  "c_upd": 0.56,
  "depr_lambda": 0.02,
  "depr_nu": 0.5,
  "depr_psi": 1.0,
  "eval_CSR_post": 0.0,
  "eval_dbar_post_mean": 0.6323519349098206,
  "eval_done_count": 100.0,
  "eval_episodes_per_env": 4.0,
  "eval_len_end_mean": 26.0,
  "eval_occupied_post_mean": 0.28999999165534973,
  "eval_return_end_mean": -25.765974044799805,
  "eval_t_eval": 104.0,
  "final_depr_F_post": 24.820377349853516,
  "final_energy_E_post": 0.4398537278175354,
  "final_episode_return_end_mean": -27.943710327148438,
  "final_funding_alpha_eff": 1.695638096078922e-12,
  "final_funding_g": 0.09264297783374786,
  "final_funding_g_raw": 0.09264297783374786,
  "final_update_counter": 2.0,
  "final_vartd_VarTD": 0.12164401262998581,
  "mechanism": "hardzero_plus_depr",
  "mechanism_tag": "hardzero_plus_depr__c0p56__z1p10__lam0p020__nu0p50__psi1p00",
  "runtime_sec": 10.76303834002465,
  "seed": 31,
  "z_cut": 1.1
}