{
  "alpha": 0.12,
  "c_upd": 0.6,
  "depr_lambda": 0.0,
  "depr_nu": 0.5,
  "depr_psi": 0.0,
  "eval_CSR_post": 0.019999999552965164,
  "eval_dbar_post_mean": 0.4944659471511841,
  "eval_done_count": 100.0,
  "eval_episodes_per_env": 4.0,
  "eval_len_end_mean": 26.0,
  "eval_occupied_post_mean": 0.5099999904632568,
  "eval_return_end_mean": -23.63132095336914,
  "eval_t_eval": 104.0,
  "final_depr_F_post": 0.0,
  "final_energy_E_post": 0.04387786239385605,
  "final_episode_return_end_mean": -22.978317260742188,
  "final_funding_alpha_eff": 0.11999999731779099,
  "final_funding_g": 0.16629929840564728,
  "final_funding_g_raw": 0.16629929840564728,
  "final_update_counter": 37.0,
  "final_vartd_VarTD": 3.194363832473755,
  "mechanism": "hardzero_only",
  "mechanism_tag": "hardzero_only__c0p60__z1p05__lam0p000__nu0p50__psi0p00",
  "runtime_sec": 10.01821738196304,
  "seed": 39,
  "z_cut": 1.05
}