{
  "alpha": 0.02,
  "c_upd": 0.5,
  "depr_lambda": 0.0,
  "depr_nu": 0.5,
  "depr_psi": 0.0,
  "eval_CSR_post": 0.0,
  "eval_dbar_post_mean": 0.5448020696640015,
  "eval_done_count": 100.0,
  "eval_episodes_per_env": 4.0,
  "eval_len_end_mean": 26.0,
  "eval_occupied_post_mean": 0.23999999463558197,
  "eval_return_end_mean": -24.251373291015625,
  "eval_t_eval": 104.0,
  "final_depr_F_post": 0.0,
  "final_energy_E_post": 0.49878165125846863,
  "final_episode_return_end_mean": -27.31573486328125,
  "final_funding_alpha_eff": 0.019999999552965164,
  "final_funding_g": 0.10261202603578568,
  "final_funding_g_raw": 0.10261202603578568,
  "final_update_counter": 4.0,
  "final_vartd_VarTD": 0.15795613825321198,
  "mechanism": "hardzero_only",
  "mechanism_tag": "hardzero_only__c0p50__z1p00__lam0p000__nu0p50__psi0p00",
  "runtime_sec": 9.864181950018974,
  "seed": 41,
  "z_cut": 1.0
}