{
  "alpha": 0.08,
  "c_upd": 0.58,
  "depr_lambda": 0.0,
  "depr_nu": 0.5,
  "depr_psi": 0.0,
  "eval_CSR_post": 0.009999999776482582,
  "eval_dbar_post_mean": 0.4818653464317322,
  "eval_done_count": 100.0,
  "eval_episodes_per_env": 4.0,
  "eval_len_end_mean": 26.0,
  "eval_occupied_post_mean": 0.38999998569488525,
  "eval_return_end_mean": -24.160675048828125,
  "eval_t_eval": 104.0,
  "final_depr_F_post": 0.0,
  "final_energy_E_post": 0.32125937938690186,
  "final_episode_return_end_mean": -24.285261154174805,
  "final_funding_alpha_eff": 0.07999999821186066,
  "final_funding_g": 0.17199556529521942,
  "final_funding_g_raw": 0.17199556529521942,
  "final_update_counter": 25.0,
  "final_vartd_VarTD": 1.221131443977356,
  "mechanism": "hardzero_only",
  "mechanism_tag": "hardzero_only__c0p58__z1p05__lam0p000__nu0p50__psi0p00",
  "runtime_sec": 9.901485783047974,
  "seed": 35,
  "z_cut": 1.05
}