{
  "alpha": 0.043,
  "c_upd": 0.58,
  "depr_lambda": 0.005,
  "depr_nu": 1.0,
  "depr_psi": 0.5,
  "eval_CSR_post": 0.0,
  "eval_dbar_post_mean": 0.5495833158493042,
  "eval_done_count": 100.0,
  "eval_episodes_per_env": 4.0,
  "eval_len_end_mean": 26.0,
  "eval_occupied_post_mean": 0.3499999940395355,
  "eval_return_end_mean": -24.550539016723633,
  "eval_t_eval": 104.0,
  "final_depr_F_post": 0.629999577999115,
  "final_energy_E_post": 0.2644799053668976,
  "final_episode_return_end_mean": -27.379396438598633,
  "final_funding_alpha_eff": 0.03145948052406311,
  "final_funding_g": 0.10063140839338303,
  "final_funding_g_raw": 0.10063140839338303,
  "final_update_counter": 3.0,
  "final_vartd_VarTD": 0.15192726254463196,
  "mechanism": "hardzero_plus_depr",
  "mechanism_tag": "hardzero_plus_depr__c0p58__z1p00__lam0p005__nu1p00__psi0p50",
  "runtime_sec": 9.46506766800303,
  "seed": 51,
  "z_cut": 1.0
}