{
  "alpha": 0.06,
  "c_upd": 0.6,
  "depr_lambda": 0.01,
  "depr_nu": 0.5,
  "depr_psi": 1.0,
  "eval_CSR_post": 0.009999999776482582,
  "eval_dbar_post_mean": 0.506747841835022,
  "eval_done_count": 100.0,
  "eval_episodes_per_env": 4.0,
  "eval_len_end_mean": 26.0,
  "eval_occupied_post_mean": 0.5399999618530273,
  "eval_return_end_mean": -22.995656967163086,
  "eval_t_eval": 104.0,
  "final_depr_F_post": 12.16018295288086,
  "final_energy_E_post": 0.3989015817642212,
  "final_episode_return_end_mean": -26.425451278686523,
  "final_funding_alpha_eff": 3.172443996390939e-07,
  "final_funding_g": 0.09542427957057953,
  "final_funding_g_raw": 0.09542427957057953,
  "final_update_counter": 2.0,
  "final_vartd_VarTD": 0.13584841787815094,
  "mechanism": "hardzero_plus_depr",
  "mechanism_tag": "hardzero_plus_depr__c0p60__z1p05__lam0p010__nu0p50__psi1p00",
  "runtime_sec": 10.89570436597569,
  "seed": 32,
  "z_cut": 1.05
}