{
  "alpha": 0.05,
  "c_upd": 0.56,
  "depr_lambda": 0.03,
  "depr_nu": 0.5,
  "depr_psi": 0.75,
  "eval_CSR_post": 0.009999999776482582,
  "eval_dbar_post_mean": 0.5124223232269287,
  "eval_done_count": 100.0,
  "eval_episodes_per_env": 4.0,
  "eval_len_end_mean": 26.0,
  "eval_occupied_post_mean": 0.4599999785423279,
  "eval_return_end_mean": -23.770797729492188,
  "eval_t_eval": 104.0,
  "final_depr_F_post": 36.810123443603516,
  "final_energy_E_post": 0.14551138877868652,
  "final_episode_return_end_mean": -26.241254806518555,
  "final_funding_alpha_eff": 5.234988535870143e-14,
  "final_funding_g": 0.09929434955120087,
  "final_funding_g_raw": 0.09929434955120087,
  "final_update_counter": 2.0,
  "final_vartd_VarTD": 0.1302342712879181,
  "mechanism": "hardzero_plus_depr",
  "mechanism_tag": "hardzero_plus_depr__c0p56__z1p10__lam0p030__nu0p50__psi0p75",
  "runtime_sec": 10.772503996035084,
  "seed": 32,
  "z_cut": 1.1
}