{
  "I_R_full": 1.861485933382668,
  "alpha": 1.0,
  "borrow_interest": 0.0,
  "borrow_limit": 0.0,
  "c_upd": 0.9,
  "condition": "enabled_full__support__t1m__a1p00__c0p90",
  "eval_CSR_post": 0.0,
  "eval_CSR_pre": 0.009999999776482582,
  "eval_dbar_post_mean": 0.476642906665802,
  "eval_dbar_pre_mean": 0.4738793969154358,
  "eval_done_count": 100.0,
  "eval_done_per_env_max": 4.0,
  "eval_done_per_env_min": 4.0,
  "eval_episodes_per_env": 4.0,
  "eval_len_end_mean": 26.0,
  "eval_max_tilde_post_mean": 0.6923811435699463,
  "eval_max_tilde_pre_mean": 0.694707989692688,
  "eval_occupied_post_mean": 0.38999998569488525,
  "eval_occupied_pre_mean": 0.44999998807907104,
  "eval_return_end_mean": -22.645736694335938,
  "eval_t_eval": 104.0,
  "family": "support",
  "final_energy": 1.0,
  "final_executed_updates": 51.0,
  "final_vartd": 5.171286582946777,
  "learned_R_full_0p5": 1.0,
  "max_debt_level": 0.0,
  "mean_update_fraction": 0.16346153616905212,
  "metric_horizon": "full",
  "phase": "extension_full",
  "runtime_sec": 2.9889844579993223,
  "seed": 40,
  "support_mode": "frontload",
  "support_total": 0.6,
  "total_debt_charge": 0.0,
  "total_support_injected": 0.6000000238418579,
  "total_timesteps": 1000000,
  "train_final_return_end_mean": -23.642568588256836
}