{
  "alpha": 0.12,
  "c_upd": 0.52,
  "depr_lambda": 0.02,
  "depr_nu": 0.5,
  "depr_psi": 1.25,
  "eval_CSR_post": 0.0,
  "eval_dbar_post_mean": 0.5575722455978394,
  "eval_done_count": 100.0,
  "eval_episodes_per_env": 4.0,
  "eval_len_end_mean": 26.0,
  "eval_occupied_post_mean": 0.26999998092651367,
  "eval_return_end_mean": -23.307374954223633,
  "eval_t_eval": 104.0,
  "final_depr_F_post": 24.88037872314453,
  "final_energy_E_post": 0.3956265449523926,
  "final_episode_return_end_mean": -26.39604377746582,
  "final_funding_alpha_eff": 3.8306675404419996e-15,
  "final_funding_g": 0.09582416713237762,
  "final_funding_g_raw": 0.09582416713237762,
  "final_update_counter": 2.0,
  "final_vartd_VarTD": 0.13291919231414795,
  "mechanism": "hardzero_plus_depr",
  "mechanism_tag": "hardzero_plus_depr__c0p52__z1p05__lam0p020__nu0p50__psi1p25",
  "runtime_sec": 10.712996987975203,
  "seed": 32,
  "z_cut": 1.05
}