{
  "I_R_full": 1.2636503009581095,
  "alpha": 0.1,
  "borrow_interest": 0.0,
  "borrow_limit": 0.0,
  "c_upd": 1.0,
  "condition": "anchor_edge_full__base__t1m__a0p10__c1p00",
  "eval_CSR_post": 0.0,
  "eval_CSR_pre": 0.0,
  "eval_dbar_post_mean": 0.5205835103988647,
  "eval_dbar_pre_mean": 0.5259166359901428,
  "eval_done_count": 100.0,
  "eval_done_per_env_max": 4.0,
  "eval_done_per_env_min": 4.0,
  "eval_episodes_per_env": 4.0,
  "eval_len_end_mean": 26.0,
  "eval_max_tilde_post_mean": 0.7550814151763916,
  "eval_max_tilde_pre_mean": 0.7661018371582031,
  "eval_occupied_post_mean": 0.38999998569488525,
  "eval_occupied_pre_mean": 0.3199999928474426,
  "eval_return_end_mean": -24.12654685974121,
  "eval_t_eval": 104.0,
  "family": "base",
  "final_energy": 0.06543805450201035,
  "final_executed_updates": 4.0,
  "final_vartd": 0.13389313220977783,
  "learned_R_full_0p5": 1.0,
  "max_debt_level": 0.0,
  "mean_update_fraction": 0.012820512987673283,
  "metric_horizon": "full",
  "phase": "reproduce_baseline",
  "runtime_sec": 2.762207927000418,
  "seed": 40,
  "support_mode": "none",
  "support_total": 0.0,
  "total_debt_charge": 0.0,
  "total_support_injected": 0.0,
  "total_timesteps": 1000000,
  "train_final_return_end_mean": -26.505380630493164
}