{
  "alpha": 0.1,
  "c_upd": 0.52,
  "depr_lambda": 0.03,
  "depr_nu": 0.5,
  "depr_psi": 0.75,
  "eval_CSR_post": 0.0,
  "eval_dbar_post_mean": 0.6289495825767517,
  "eval_done_count": 100.0,
  "eval_episodes_per_env": 4.0,
  "eval_len_end_mean": 26.0,
  "eval_occupied_post_mean": 0.1899999976158142,
  "eval_return_end_mean": -25.03145408630371,
  "eval_t_eval": 104.0,
  "final_depr_F_post": 37.38010025024414,
  "final_energy_E_post": 0.4264904260635376,
  "final_episode_return_end_mean": -28.02362060546875,
  "final_funding_alpha_eff": 6.827982054541035e-14,
  "final_funding_g": 0.09095063805580139,
  "final_funding_g_raw": 0.09095063805580139,
  "final_update_counter": 2.0,
  "final_vartd_VarTD": 0.12140556424856186,
  "mechanism": "hardzero_plus_depr",
  "mechanism_tag": "hardzero_plus_depr__c0p52__z1p10__lam0p030__nu0p50__psi0p75",
  "runtime_sec": 11.069031743973028,
  "seed": 31,
  "z_cut": 1.1
}