{
  "alpha": 0.03,
  "c_upd": 0.58,
  "depr_lambda": 0.01,
  "depr_nu": 0.5,
  "depr_psi": 0.75,
  "eval_CSR_post": 0.0,
  "eval_dbar_post_mean": 0.589705765247345,
  "eval_done_count": 100.0,
  "eval_episodes_per_env": 4.0,
  "eval_len_end_mean": 26.0,
  "eval_occupied_post_mean": 0.29999998211860657,
  "eval_return_end_mean": -23.932636260986328,
  "eval_t_eval": 104.0,
  "final_depr_F_post": 12.120182037353516,
  "final_energy_E_post": 0.3056167960166931,
  "final_episode_return_end_mean": -27.459922790527344,
  "final_funding_alpha_eff": 3.4086515370290726e-06,
  "final_funding_g": 0.10476874560117722,
  "final_funding_g_raw": 0.10476874560117722,
  "final_update_counter": 2.0,
  "final_vartd_VarTD": 0.1482250690460205,
  "mechanism": "hardzero_plus_depr",
  "mechanism_tag": "hardzero_plus_depr__c0p58__z1p10__lam0p010__nu0p50__psi0p75",
  "runtime_sec": 10.63096525403671,
  "seed": 35,
  "z_cut": 1.1
}