{
  "alpha": 0.276,
  "borrow_interest": 0.02,
  "borrow_limit": 0.3,
  "c_upd": 0.58,
  "depr_lambda": 0.0,
  "depr_nu": 0.5,
  "depr_psi": 0.0,
  "eval_CSR_post": 0.0,
  "eval_dbar_post_mean": 0.6102695465087891,
  "eval_done_count": 100.0,
  "eval_episodes_per_env": 4.0,
  "eval_len_end_mean": 26.0,
  "eval_occupied_post_mean": 0.3799999952316284,
  "eval_return_end_mean": -23.65692901611328,
  "eval_t_eval": 104.0,
  "family": "borrow",
  "final_depr_F_post": 0.0,
  "final_energy_E_post": -0.14921623468399048,
  "final_update_counter": 89.0,
  "final_vartd_VarTD": 4.7332329750061035,
  "max_debt_level_post": 0.29849347472190857,
  "mean_update_fraction": 0.07119999825954437,
  "mechanism": "hardzero_only",
  "mechanism_tag": "hardzero_only__c0p58__z1p00__lam0p000__nu0p50__psi0p00",
  "runtime_sec": 10.749887295998633,
  "seed": 37,
  "support_mode": "none",
  "support_total": 0.0,
  "total_debt_charge": 1.4522042274475098,
  "total_support_s": 0.0,
  "z_cut": 1.0
}