{
  "alpha": 0.12,
  "c_upd": 0.52,
  "depr_lambda": 0.01,
  "depr_nu": 0.5,
  "depr_psi": 1.0,
  "eval_CSR_post": 0.0,
  "eval_dbar_post_mean": 0.5025346875190735,
  "eval_done_count": 100.0,
  "eval_episodes_per_env": 4.0,
  "eval_len_end_mean": 26.0,
  "eval_occupied_post_mean": 0.3499999940395355,
  "eval_return_end_mean": -24.363073348999023,
  "eval_t_eval": 104.0,
  "final_depr_F_post": 8.894170761108398,
  "final_energy_E_post": 0.2507363557815552,
  "final_episode_return_end_mean": -26.500776290893555,
  "final_funding_alpha_eff": 1.6627807781333104e-05,
  "final_funding_g": 0.11522209644317627,
  "final_funding_g_raw": 0.11522209644317627,
  "final_update_counter": 6.0,
  "final_vartd_VarTD": 0.10470780730247498,
  "mechanism": "hardzero_plus_depr",
  "mechanism_tag": "hardzero_plus_depr__c0p52__z1p10__lam0p010__nu0p50__psi1p00",
  "runtime_sec": 10.794548157020472,
  "seed": 31,
  "z_cut": 1.1
}