{
  "alpha": 0.1,
  "c_upd": 0.52,
  "depr_lambda": 0.01,
  "depr_nu": 0.5,
  "depr_psi": 1.25,
  "eval_CSR_post": 0.0,
  "eval_dbar_post_mean": 0.5020689368247986,
  "eval_done_count": 100.0,
  "eval_episodes_per_env": 4.0,
  "eval_len_end_mean": 26.0,
  "eval_occupied_post_mean": 0.35999998450279236,
  "eval_return_end_mean": -23.614370346069336,
  "eval_t_eval": 104.0,
  "final_depr_F_post": 11.910177230834961,
  "final_energy_E_post": 0.45805197954177856,
  "final_episode_return_end_mean": -25.849506378173828,
  "final_funding_alpha_eff": 3.465560638460374e-08,
  "final_funding_g": 0.10669498890638351,
  "final_funding_g_raw": 0.10669498890638351,
  "final_update_counter": 3.0,
  "final_vartd_VarTD": 0.12926854193210602,
  "mechanism": "hardzero_plus_depr",
  "mechanism_tag": "hardzero_plus_depr__c0p52__z1p05__lam0p010__nu0p50__psi1p25",
  "runtime_sec": 10.71721409598831,
  "seed": 32,
  "z_cut": 1.05
}