{
  "alpha": 0.06,
  "c_upd": 0.52,
  "depr_lambda": 0.03,
  "depr_nu": 0.5,
  "depr_psi": 1.25,
  "eval_CSR_post": 0.0,
  "eval_dbar_post_mean": 0.5639970898628235,
  "eval_done_count": 100.0,
  "eval_episodes_per_env": 4.0,
  "eval_len_end_mean": 26.0,
  "eval_occupied_post_mean": 0.32999998331069946,
  "eval_return_end_mean": -24.58783721923828,
  "eval_t_eval": 104.0,
  "final_depr_F_post": 37.27510452270508,
  "final_energy_E_post": 0.12058985978364944,
  "final_episode_return_end_mean": -26.58584213256836,
  "final_funding_alpha_eff": 3.622194821801298e-22,
  "final_funding_g": 0.09768669307231903,
  "final_funding_g_raw": 0.09768669307231903,
  "final_update_counter": 2.0,
  "final_vartd_VarTD": 0.14294041693210602,
  "mechanism": "hardzero_plus_depr",
  "mechanism_tag": "hardzero_plus_depr__c0p52__z1p05__lam0p030__nu0p50__psi1p25",
  "runtime_sec": 10.780759622983169,
  "seed": 39,
  "z_cut": 1.05
}