{
  "alpha": 0.05,
  "c_upd": 0.52,
  "depr_lambda": 0.01,
  "depr_nu": 0.5,
  "depr_psi": 0.75,
  "eval_CSR_post": 0.0,
  "eval_dbar_post_mean": 0.5549092292785645,
  "eval_done_count": 100.0,
  "eval_episodes_per_env": 4.0,
  "eval_len_end_mean": 26.0,
  "eval_occupied_post_mean": 0.2800000011920929,
  "eval_return_end_mean": -24.006744384765625,
  "eval_t_eval": 104.0,
  "final_depr_F_post": 12.03518009185791,
  "final_energy_E_post": 0.21706686913967133,
  "final_episode_return_end_mean": -27.883928298950195,
  "final_funding_alpha_eff": 6.055056019249605e-06,
  "final_funding_g": 0.0,
  "final_funding_g_raw": 0.09463347494602203,
  "final_update_counter": 2.0,
  "final_vartd_VarTD": 0.1627020537853241,
  "mechanism": "hardzero_plus_depr",
  "mechanism_tag": "hardzero_plus_depr__c0p52__z1p00__lam0p010__nu0p50__psi0p75",
  "runtime_sec": 10.64878873701673,
  "seed": 41,
  "z_cut": 1.0
}