{
  "alpha": 0.12,
  "c_upd": 0.58,
  "depr_lambda": 0.02,
  "depr_nu": 0.5,
  "depr_psi": 1.0,
  "eval_CSR_post": 0.0,
  "eval_dbar_post_mean": 0.6754807829856873,
  "eval_done_count": 100.0,
  "eval_episodes_per_env": 4.0,
  "eval_len_end_mean": 26.0,
  "eval_occupied_post_mean": 0.25999999046325684,
  "eval_return_end_mean": -26.195234298706055,
  "eval_t_eval": 104.0,
  "final_depr_F_post": 24.790376663208008,
  "final_energy_E_post": 0.5008984804153442,
  "final_episode_return_end_mean": -26.42491340637207,
  "final_funding_alpha_eff": 2.0967348950823306e-12,
  "final_funding_g": 0.09434808790683746,
  "final_funding_g_raw": 0.09434808790683746,
  "final_update_counter": 2.0,
  "final_vartd_VarTD": 0.12593956291675568,
  "mechanism": "hardzero_plus_depr",
  "mechanism_tag": "hardzero_plus_depr__c0p58__z1p10__lam0p020__nu0p50__psi1p00",
  "runtime_sec": 10.698174996068701,
  "seed": 34,
  "z_cut": 1.1
}