{
  "alpha": 0.06,
  "c_upd": 0.6,
  "depr_lambda": 0.0,
  "depr_nu": 0.5,
  "depr_psi": 0.0,
  "eval_CSR_post": 0.009999999776482582,
  "eval_dbar_post_mean": 0.4761687219142914,
  "eval_done_count": 100.0,
  "eval_episodes_per_env": 4.0,
  "eval_len_end_mean": 26.0,
  "eval_occupied_post_mean": 0.4899999797344208,
  "eval_return_end_mean": -22.422101974487305,
  "eval_t_eval": 104.0,
  "final_depr_F_post": 0.0,
  "final_energy_E_post": 0.11616051942110062,
  "final_episode_return_end_mean": -25.294281005859375,
  "final_funding_alpha_eff": 0.05999999865889549,
  "final_funding_g": 0.14227989315986633,
  "final_funding_g_raw": 0.14227989315986633,
  "final_update_counter": 16.0,
  "final_vartd_VarTD": 0.38859423995018005,
  "mechanism": "hardzero_only",
  "mechanism_tag": "hardzero_only__c0p60__z1p10__lam0p000__nu0p50__psi0p00",
  "runtime_sec": 20.241952763986774,
  "seed": 30,
  "z_cut": 1.1
}