{
  "alpha": 0.08,
  "c_upd": 0.56,
  "depr_lambda": 0.02,
  "depr_nu": 0.5,
  "depr_psi": 1.0,
  "eval_CSR_post": 0.0,
  "eval_dbar_post_mean": 0.6885229349136353,
  "eval_done_count": 100.0,
  "eval_episodes_per_env": 4.0,
  "eval_len_end_mean": 26.0,
  "eval_occupied_post_mean": 0.17000000178813934,
  "eval_return_end_mean": -25.37309455871582,
  "eval_t_eval": 104.0,
  "final_depr_F_post": 24.460369110107422,
  "final_energy_E_post": 0.18203291296958923,
  "final_episode_return_end_mean": -29.17061424255371,
  "final_funding_alpha_eff": 1.944342473483851e-12,
  "final_funding_g": 0.0,
  "final_funding_g_raw": 0.07248363643884659,
  "final_update_counter": 2.0,
  "final_vartd_VarTD": 0.1755126416683197,
  "mechanism": "hardzero_plus_depr",
  "mechanism_tag": "hardzero_plus_depr__c0p56__z1p05__lam0p020__nu0p50__psi1p00",
  "runtime_sec": 10.683872804045677,
  "seed": 36,
  "z_cut": 1.05
}