{
  "alpha": 0.09,
  "c_upd": 0.58,
  "depr_lambda": 0.0,
  "depr_nu": 0.5,
  "depr_psi": 0.0,
  "eval_CSR_post": 0.0,
  "eval_dbar_post_mean": 0.49425798654556274,
  "eval_done_count": 100.0,
  "eval_episodes_per_env": 4.0,
  "eval_len_end_mean": 26.0,
  "eval_occupied_post_mean": 0.429999977350235,
  "eval_return_end_mean": -23.877914428710938,
  "eval_t_eval": 104.0,
  "final_depr_F_post": 0.0,
  "final_energy_E_post": 0.3256513774394989,
  "final_episode_return_end_mean": -24.76869773864746,
  "final_funding_alpha_eff": 0.09000000357627869,
  "final_funding_g": 0.1511276811361313,
  "final_funding_g_raw": 0.1511276811361313,
  "final_update_counter": 22.0,
  "final_vartd_VarTD": 0.7681472897529602,
  "mechanism": "hardzero_only",
  "mechanism_tag": "hardzero_only__c0p58__z1p00__lam0p000__nu0p50__psi0p00",
  "runtime_sec": 9.509081486961804,
  "seed": 56,
  "z_cut": 1.0
}