{
  "alpha": 0.06,
  "c_upd": 0.5,
  "depr_lambda": 0.0,
  "depr_nu": 0.5,
  "depr_psi": 0.0,
  "eval_CSR_post": 0.0,
  "eval_dbar_post_mean": 0.48368293046951294,
  "eval_done_count": 100.0,
  "eval_episodes_per_env": 4.0,
  "eval_len_end_mean": 26.0,
  "eval_occupied_post_mean": 0.4599999785423279,
  "eval_return_end_mean": -23.46614646911621,
  "eval_t_eval": 104.0,
  "final_depr_F_post": 0.0,
  "final_energy_E_post": 0.4983947277069092,
  "final_episode_return_end_mean": -26.135700225830078,
  "final_funding_alpha_eff": 0.05999999865889549,
  "final_funding_g": 0.1250116527080536,
  "final_funding_g_raw": 0.1250116527080536,
  "final_update_counter": 13.0,
  "final_vartd_VarTD": 0.23951910436153412,
  "mechanism": "hardzero_only",
  "mechanism_tag": "hardzero_only__c0p50__z1p00__lam0p000__nu0p50__psi0p00",
  "runtime_sec": 10.032871631003218,
  "seed": 36,
  "z_cut": 1.0
}