{
  "alpha": 0.065,
  "c_upd": 0.58,
  "depr_lambda": 0.0,
  "depr_nu": 0.5,
  "depr_psi": 0.0,
  "eval_CSR_post": 0.009999999776482582,
  "eval_dbar_post_mean": 0.5089635848999023,
  "eval_done_count": 100.0,
  "eval_episodes_per_env": 4.0,
  "eval_len_end_mean": 26.0,
  "eval_occupied_post_mean": 0.4099999964237213,
  "eval_return_end_mean": -24.08528709411621,
  "eval_t_eval": 104.0,
  "final_depr_F_post": 0.0,
  "final_energy_E_post": 0.18694910407066345,
  "final_episode_return_end_mean": -25.61644172668457,
  "final_funding_alpha_eff": 0.06499999761581421,
  "final_funding_g": 0.11688533425331116,
  "final_funding_g_raw": 0.11688533425331116,
  "final_update_counter": 9.0,
  "final_vartd_VarTD": 0.1552286297082901,
  "mechanism": "hardzero_only",
  "mechanism_tag": "hardzero_only__c0p58__z1p00__lam0p000__nu0p50__psi0p00",
  "runtime_sec": 9.480257750023156,
  "seed": 39,
  "z_cut": 1.0
}