{
  "alpha": 0.08,
  "c_upd": 0.5,
  "depr_lambda": 0.0,
  "depr_nu": 0.5,
  "depr_psi": 0.0,
  "eval_CSR_post": 0.0,
  "eval_dbar_post_mean": 0.4717860221862793,
  "eval_done_count": 100.0,
  "eval_episodes_per_env": 4.0,
  "eval_len_end_mean": 26.0,
  "eval_occupied_post_mean": 0.47999998927116394,
  "eval_return_end_mean": -23.120773315429688,
  "eval_t_eval": 104.0,
  "final_depr_F_post": 0.0,
  "final_energy_E_post": 0.28455227613449097,
  "final_episode_return_end_mean": -24.21759796142578,
  "final_funding_alpha_eff": 0.07999999821186066,
  "final_funding_g": 0.1686265468597412,
  "final_funding_g_raw": 0.1686265468597412,
  "final_update_counter": 28.0,
  "final_vartd_VarTD": 1.6828516721725464,
  "mechanism": "hardzero_only",
  "mechanism_tag": "hardzero_only__c0p50__z1p10__lam0p000__nu0p50__psi0p00",
  "runtime_sec": 9.826186195015907,
  "seed": 38,
  "z_cut": 1.1
}