{
  "alpha": 0.1,
  "c_upd": 0.5,
  "depr_lambda": 0.0,
  "depr_nu": 0.5,
  "depr_psi": 0.0,
  "eval_CSR_post": 0.0,
  "eval_dbar_post_mean": 0.47560781240463257,
  "eval_done_count": 100.0,
  "eval_episodes_per_env": 4.0,
  "eval_len_end_mean": 26.0,
  "eval_occupied_post_mean": 0.5099999904632568,
  "eval_return_end_mean": -22.637104034423828,
  "eval_t_eval": 104.0,
  "final_depr_F_post": 0.0,
  "final_energy_E_post": 0.36575576663017273,
  "final_episode_return_end_mean": -24.06616973876953,
  "final_funding_alpha_eff": 0.10000000149011612,
  "final_funding_g": 0.1720750331878662,
  "final_funding_g_raw": 0.1720750331878662,
  "final_update_counter": 37.0,
  "final_vartd_VarTD": 3.053351879119873,
  "mechanism": "hardzero_only",
  "mechanism_tag": "hardzero_only__c0p50__z1p05__lam0p000__nu0p50__psi0p00",
  "runtime_sec": 10.19049442600226,
  "seed": 35,
  "z_cut": 1.05
}