{
  "alpha": 0.12,
  "c_upd": 0.52,
  "depr_lambda": 0.03,
  "depr_nu": 0.5,
  "depr_psi": 1.25,
  "eval_CSR_post": 0.0,
  "eval_dbar_post_mean": 0.6739702224731445,
  "eval_done_count": 100.0,
  "eval_episodes_per_env": 4.0,
  "eval_len_end_mean": 26.0,
  "eval_occupied_post_mean": 0.22999998927116394,
  "eval_return_end_mean": -26.425416946411133,
  "eval_t_eval": 104.0,
  "final_depr_F_post": 37.350101470947266,
  "final_energy_E_post": 0.27557456493377686,
  "final_episode_return_end_mean": -27.959957122802734,
  "final_funding_alpha_eff": 6.596116625901942e-22,
  "final_funding_g": 0.0925806537270546,
  "final_funding_g_raw": 0.0925806537270546,
  "final_update_counter": 2.0,
  "final_vartd_VarTD": 0.12278032302856445,
  "mechanism": "hardzero_plus_depr",
  "mechanism_tag": "hardzero_plus_depr__c0p52__z1p05__lam0p030__nu0p50__psi1p25",
  "runtime_sec": 10.68185432604514,
  "seed": 31,
  "z_cut": 1.05
}