{
  "alpha": 0.03,
  "c_upd": 0.58,
  "depr_lambda": 0.02,
  "depr_nu": 0.5,
  "depr_psi": 0.75,
  "eval_CSR_post": 0.0,
  "eval_dbar_post_mean": 0.5224872827529907,
  "eval_done_count": 100.0,
  "eval_episodes_per_env": 4.0,
  "eval_len_end_mean": 26.0,
  "eval_occupied_post_mean": 0.3799999952316284,
  "eval_return_end_mean": -23.69355583190918,
  "eval_t_eval": 104.0,
  "final_depr_F_post": 24.98038101196289,
  "final_energy_E_post": 0.46031543612480164,
  "final_episode_return_end_mean": -26.595474243164062,
  "final_funding_alpha_eff": 2.223333323003729e-10,
  "final_funding_g": 0.0,
  "final_funding_g_raw": 0.09466265887022018,
  "final_update_counter": 1.0,
  "final_vartd_VarTD": 0.13567014038562775,
  "mechanism": "hardzero_plus_depr",
  "mechanism_tag": "hardzero_plus_depr__c0p58__z1p00__lam0p020__nu0p50__psi0p75",
  "runtime_sec": 10.882064763980452,
  "seed": 32,
  "z_cut": 1.0
}