{
  "alpha": 0.02,
  "c_upd": 0.54,
  "depr_lambda": 0.0,
  "depr_nu": 0.5,
  "depr_psi": 0.0,
  "eval_CSR_post": 0.019999999552965164,
  "eval_dbar_post_mean": 0.5190777778625488,
  "eval_done_count": 100.0,
  "eval_episodes_per_env": 4.0,
  "eval_len_end_mean": 26.0,
  "eval_occupied_post_mean": 0.4099999964237213,
  "eval_return_end_mean": -23.742799758911133,
  "eval_t_eval": 104.0,
  "final_depr_F_post": 0.0,
  "final_energy_E_post": 0.47081100940704346,
  "final_episode_return_end_mean": -28.592884063720703,
  "final_funding_alpha_eff": 0.019999999552965164,
  "final_funding_g": 0.0,
  "final_funding_g_raw": 0.08338066935539246,
  "final_update_counter": 5.0,
  "final_vartd_VarTD": 0.17717987298965454,
  "mechanism": "hardzero_only",
  "mechanism_tag": "hardzero_only__c0p54__z1p05__lam0p000__nu0p50__psi0p00",
  "runtime_sec": 9.86471833102405,
  "seed": 36,
  "z_cut": 1.05
}