{
  "I_R_full": 1.7408532274928725,
  "alpha": 0.1,
  "borrow_interest": 0.02,
  "borrow_limit": 0.6,
  "c_upd": 1.0,
  "condition": "edge_full__borrow__t1m__a0p10__c1p00",
  "eval_CSR_post": 0.009999999776482582,
  "eval_CSR_pre": 0.0,
  "eval_dbar_post_mean": 0.49393266439437866,
  "eval_dbar_pre_mean": 0.4851018190383911,
  "eval_done_count": 100.0,
  "eval_done_per_env_max": 4.0,
  "eval_done_per_env_min": 4.0,
  "eval_episodes_per_env": 4.0,
  "eval_len_end_mean": 26.0,
  "eval_max_tilde_post_mean": 0.724170446395874,
  "eval_max_tilde_pre_mean": 0.7135422825813293,
  "eval_occupied_post_mean": 0.3999999761581421,
  "eval_occupied_pre_mean": 0.4099999964237213,
  "eval_return_end_mean": -22.944538116455078,
  "eval_t_eval": 104.0,
  "family": "borrow",
  "final_energy": -0.6000000238418579,
  "final_executed_updates": 2.0,
  "final_vartd": 0.14281129837036133,
  "learned_R_full_0p5": 1.0,
  "max_debt_level": 0.6000000238418579,
  "mean_update_fraction": 0.006410256493836641,
  "metric_horizon": "full",
  "phase": "extension_full",
  "runtime_sec": 2.7891362409991416,
  "seed": 50,
  "support_mode": "none",
  "support_total": 0.0,
  "total_debt_charge": 3.215371608734131,
  "total_support_injected": 0.0,
  "total_timesteps": 1000000,
  "train_final_return_end_mean": -26.391937255859375
}