{
  "alpha": 0.03,
  "c_upd": 0.56,
  "depr_lambda": 0.02,
  "depr_nu": 0.5,
  "depr_psi": 0.75,
  "eval_CSR_post": 0.0,
  "eval_dbar_post_mean": 1.3597183227539062,
  "eval_done_count": 100.0,
  "eval_episodes_per_env": 4.0,
  "eval_len_end_mean": 26.0,
  "eval_occupied_post_mean": 0.05999999865889549,
  "eval_return_end_mean": -33.60022735595703,
  "eval_t_eval": 104.0,
  "final_depr_F_post": 24.19036293029785,
  "final_energy_E_post": 0.10762301087379456,
  "final_episode_return_end_mean": -29.07465934753418,
  "final_funding_alpha_eff": 4.0209641172239685e-10,
  "final_funding_g": 0.0,
  "final_funding_g_raw": 0.07399164140224457,
  "final_update_counter": 2.0,
  "final_vartd_VarTD": 0.1746854931116104,
  "mechanism": "hardzero_plus_depr",
  "mechanism_tag": "hardzero_plus_depr__c0p56__z1p10__lam0p020__nu0p50__psi0p75",
  "runtime_sec": 10.690297203022055,
  "seed": 36,
  "z_cut": 1.1
}