{
  "alpha": 0.085,
  "c_upd": 0.58,
  "depr_lambda": 0.005,
  "depr_nu": 1.0,
  "depr_psi": 0.5,
  "eval_CSR_post": 0.0,
  "eval_dbar_post_mean": 0.4994339644908905,
  "eval_done_count": 100.0,
  "eval_episodes_per_env": 4.0,
  "eval_len_end_mean": 26.0,
  "eval_occupied_post_mean": 0.5,
  "eval_return_end_mean": -22.621240615844727,
  "eval_t_eval": 104.0,
  "final_depr_F_post": 0.16499997675418854,
  "final_energy_E_post": 0.37879452109336853,
  "final_episode_return_end_mean": -25.49863052368164,
  "final_funding_alpha_eff": 0.07846489548683167,
  "final_funding_g": 0.1270415037870407,
  "final_funding_g_raw": 0.1270415037870407,
  "final_update_counter": 15.0,
  "final_vartd_VarTD": 0.2664550244808197,
  "mechanism": "hardzero_plus_depr",
  "mechanism_tag": "hardzero_plus_depr__c0p58__z1p00__lam0p005__nu1p00__psi0p50",
  "runtime_sec": 9.490218139952049,
  "seed": 57,
  "z_cut": 1.0
}