{
  "alpha": 0.12,
  "c_upd": 0.6,
  "depr_lambda": 0.03,
  "depr_nu": 0.5,
  "depr_psi": 1.25,
  "eval_CSR_post": 0.0,
  "eval_dbar_post_mean": 0.6221650838851929,
  "eval_done_count": 100.0,
  "eval_episodes_per_env": 4.0,
  "eval_len_end_mean": 26.0,
  "eval_occupied_post_mean": 0.28999999165534973,
  "eval_return_end_mean": -24.79244613647461,
  "eval_t_eval": 104.0,
  "final_depr_F_post": 36.72012710571289,
  "final_energy_E_post": 0.11171995848417282,
  "final_episode_return_end_mean": -26.58350372314453,
  "final_funding_alpha_eff": 1.4497105619396492e-21,
  "final_funding_g": 0.09771755337715149,
  "final_funding_g_raw": 0.09771755337715149,
  "final_update_counter": 2.0,
  "final_vartd_VarTD": 0.1431659460067749,
  "mechanism": "hardzero_plus_depr",
  "mechanism_tag": "hardzero_plus_depr__c0p60__z1p05__lam0p030__nu0p50__psi1p25",
  "runtime_sec": 10.887951086973771,
  "seed": 39,
  "z_cut": 1.05
}