{
  "alpha": 0.03,
  "c_upd": 0.52,
  "depr_lambda": 0.03,
  "depr_nu": 0.5,
  "depr_psi": 1.0,
  "eval_CSR_post": 0.0,
  "eval_dbar_post_mean": 0.5669325590133667,
  "eval_done_count": 100.0,
  "eval_episodes_per_env": 4.0,
  "eval_len_end_mean": 26.0,
  "eval_occupied_post_mean": 0.2800000011920929,
  "eval_return_end_mean": -24.443376541137695,
  "eval_t_eval": 104.0,
  "final_depr_F_post": 36.94511795043945,
  "final_energy_E_post": 0.05705605074763298,
  "final_episode_return_end_mean": -26.158058166503906,
  "final_funding_alpha_eff": 2.786690213195967e-18,
  "final_funding_g": 0.10086344182491302,
  "final_funding_g_raw": 0.10086344182491302,
  "final_update_counter": 2.0,
  "final_vartd_VarTD": 0.1289004236459732,
  "mechanism": "hardzero_plus_depr",
  "mechanism_tag": "hardzero_plus_depr__c0p52__z1p05__lam0p030__nu0p50__psi1p00",
  "runtime_sec": 10.84124024497578,
  "seed": 32,
  "z_cut": 1.05
}