{
  "alpha": 0.1,
  "c_upd": 0.56,
  "depr_lambda": 0.03,
  "depr_nu": 0.5,
  "depr_psi": 1.25,
  "eval_CSR_post": 0.0,
  "eval_dbar_post_mean": 0.6099470257759094,
  "eval_done_count": 100.0,
  "eval_episodes_per_env": 4.0,
  "eval_len_end_mean": 26.0,
  "eval_occupied_post_mean": 0.29999998211860657,
  "eval_return_end_mean": -25.305509567260742,
  "eval_t_eval": 104.0,
  "final_depr_F_post": 37.170108795166016,
  "final_energy_E_post": 0.20014025270938873,
  "final_episode_return_end_mean": -26.266220092773438,
  "final_funding_alpha_eff": 6.883658823992153e-22,
  "final_funding_g": 0.09661116451025009,
  "final_funding_g_raw": 0.09661116451025009,
  "final_update_counter": 2.0,
  "final_vartd_VarTD": 0.11904358118772507,
  "mechanism": "hardzero_plus_depr",
  "mechanism_tag": "hardzero_plus_depr__c0p56__z1p10__lam0p030__nu0p50__psi1p25",
  "runtime_sec": 10.850368159008212,
  "seed": 34,
  "z_cut": 1.1
}