{
  "alpha": 0.1,
  "c_upd": 0.58,
  "depr_lambda": 0.01,
  "depr_nu": 0.5,
  "depr_psi": 0.75,
  "eval_CSR_post": 0.0,
  "eval_dbar_post_mean": 0.5569863319396973,
  "eval_done_count": 100.0,
  "eval_episodes_per_env": 4.0,
  "eval_len_end_mean": 26.0,
  "eval_occupied_post_mean": 0.3499999940395355,
  "eval_return_end_mean": -23.549474716186523,
  "eval_t_eval": 104.0,
  "final_depr_F_post": 11.96017837524414,
  "final_energy_E_post": 0.402090847492218,
  "final_episode_return_end_mean": -26.509151458740234,
  "final_funding_alpha_eff": 1.2810848602384795e-05,
  "final_funding_g": 0.0,
  "final_funding_g_raw": 0.09588751941919327,
  "final_update_counter": 2.0,
  "final_vartd_VarTD": 0.13616737723350525,
  "mechanism": "hardzero_plus_depr",
  "mechanism_tag": "hardzero_plus_depr__c0p58__z1p00__lam0p010__nu0p50__psi0p75",
  "runtime_sec": 10.838248738960829,
  "seed": 32,
  "z_cut": 1.0
}