{
  "alpha": 0.08,
  "c_upd": 0.52,
  "depr_lambda": 0.02,
  "depr_nu": 0.5,
  "depr_psi": 0.75,
  "eval_CSR_post": 0.009999999776482582,
  "eval_dbar_post_mean": 0.5790356397628784,
  "eval_done_count": 100.0,
  "eval_episodes_per_env": 4.0,
  "eval_len_end_mean": 26.0,
  "eval_occupied_post_mean": 0.32999998331069946,
  "eval_return_end_mean": -23.387924194335938,
  "eval_t_eval": 104.0,
  "final_depr_F_post": 24.410367965698242,
  "final_energy_E_post": 0.11531962454319,
  "final_episode_return_end_mean": -27.489547729492188,
  "final_funding_alpha_eff": 9.091556951723589e-10,
  "final_funding_g": 0.0,
  "final_funding_g_raw": 0.09002171456813812,
  "final_update_counter": 2.0,
  "final_vartd_VarTD": 0.1933116614818573,
  "mechanism": "hardzero_plus_depr",
  "mechanism_tag": "hardzero_plus_depr__c0p52__z1p00__lam0p020__nu0p50__psi0p75",
  "runtime_sec": 22.871862825995777,
  "seed": 30,
  "z_cut": 1.0
}