{
  "alpha": 0.228,
  "borrow_interest": 0.01,
  "borrow_limit": 0.6,
  "c_upd": 0.58,
  "depr_lambda": 0.0,
  "depr_nu": 0.5,
  "depr_psi": 0.0,
  "eval_CSR_post": 0.0,
  "eval_dbar_post_mean": 0.5608935356140137,
  "eval_done_count": 100.0,
  "eval_episodes_per_env": 4.0,
  "eval_len_end_mean": 26.0,
  "eval_occupied_post_mean": 0.25999999046325684,
  "eval_return_end_mean": -22.73499870300293,
  "eval_t_eval": 104.0,
  "family": "borrow",
  "final_depr_F_post": 0.0,
  "final_energy_E_post": -0.1199517548084259,
  "final_update_counter": 73.0,
  "final_vartd_VarTD": 5.846685409545898,
  "max_debt_level_post": 0.5977696180343628,
  "mean_update_fraction": 0.058400001376867294,
  "mechanism": "hardzero_only",
  "mechanism_tag": "hardzero_only__c0p58__z1p00__lam0p000__nu0p50__psi0p00",
  "runtime_sec": 10.73171890899539,
  "seed": 45,
  "support_mode": "none",
  "support_total": 0.0,
  "total_debt_charge": 3.4978885650634766,
  "total_support_s": 0.0,
  "z_cut": 1.0
}