{
  "alpha": 0.12,
  "c_upd": 0.5,
  "depr_lambda": 0.01,
  "depr_nu": 0.5,
  "depr_psi": 1.0,
  "eval_CSR_post": 0.009999999776482582,
  "eval_dbar_post_mean": 0.5013068914413452,
  "eval_done_count": 100.0,
  "eval_episodes_per_env": 4.0,
  "eval_len_end_mean": 26.0,
  "eval_occupied_post_mean": 0.4099999964237213,
  "eval_return_end_mean": -22.746234893798828,
  "eval_t_eval": 104.0,
  "final_depr_F_post": 9.583873748779297,
  "final_energy_E_post": 0.38633403182029724,
  "final_episode_return_end_mean": -27.866819381713867,
  "final_funding_alpha_eff": 8.342588444065768e-06,
  "final_funding_g": 0.0934767946600914,
  "final_funding_g_raw": 0.0934767946600914,
  "final_update_counter": 6.0,
  "final_vartd_VarTD": 0.1584530621767044,
  "mechanism": "hardzero_plus_depr",
  "mechanism_tag": "hardzero_plus_depr__c0p50__z1p10__lam0p010__nu0p50__psi1p00",
  "runtime_sec": 10.713577746995725,
  "seed": 36,
  "z_cut": 1.1
}