{
  "alpha": 0.12,
  "c_upd": 0.52,
  "depr_lambda": 0.0,
  "depr_nu": 0.5,
  "depr_psi": 0.0,
  "eval_CSR_post": 0.009999999776482582,
  "eval_dbar_post_mean": 0.47892946004867554,
  "eval_done_count": 100.0,
  "eval_episodes_per_env": 4.0,
  "eval_len_end_mean": 26.0,
  "eval_occupied_post_mean": 0.47999998927116394,
  "eval_return_end_mean": -23.92506217956543,
  "eval_t_eval": 104.0,
  "final_depr_F_post": 0.0,
  "final_energy_E_post": 0.31452468037605286,
  "final_episode_return_end_mean": -23.3092041015625,
  "final_funding_alpha_eff": 0.11999999731779099,
  "final_funding_g": 0.17825210094451904,
  "final_funding_g_raw": 0.17825210094451904,
  "final_update_counter": 45.0,
  "final_vartd_VarTD": 4.23374080657959,
  "mechanism": "hardzero_only",
  "mechanism_tag": "hardzero_only__c0p52__z1p10__lam0p000__nu0p50__psi0p00",
  "runtime_sec": 10.01619076699717,
  "seed": 37,
  "z_cut": 1.1
}