{
  "alpha": 0.082,
  "c_upd": 0.58,
  "depr_lambda": 0.005,
  "depr_nu": 1.0,
  "depr_psi": 0.5,
  "eval_CSR_post": 0.0,
  "eval_dbar_post_mean": 0.5015264749526978,
  "eval_done_count": 100.0,
  "eval_episodes_per_env": 4.0,
  "eval_len_end_mean": 26.0,
  "eval_occupied_post_mean": 0.3499999940395355,
  "eval_return_end_mean": -24.59490203857422,
  "eval_t_eval": 104.0,
  "final_depr_F_post": 0.029999997466802597,
  "final_energy_E_post": 0.08936157822608948,
  "final_episode_return_end_mean": -24.926986694335938,
  "final_funding_alpha_eff": 0.08098138123750687,
  "final_funding_g": 0.14863738417625427,
  "final_funding_g_raw": 0.14863738417625427,
  "final_update_counter": 16.0,
  "final_vartd_VarTD": 0.34232640266418457,
  "mechanism": "hardzero_plus_depr",
  "mechanism_tag": "hardzero_plus_depr__c0p58__z1p00__lam0p005__nu1p00__psi0p50",
  "runtime_sec": 9.490111140999943,
  "seed": 35,
  "z_cut": 1.0
}