{
  "alpha": 0.01,
  "c_upd": 0.52,
  "depr_lambda": 0.03,
  "depr_nu": 0.5,
  "depr_psi": 0.75,
  "eval_CSR_post": 0.0,
  "eval_dbar_post_mean": 0.6724503040313721,
  "eval_done_count": 100.0,
  "eval_episodes_per_env": 4.0,
  "eval_len_end_mean": 26.0,
  "eval_occupied_post_mean": 0.17999999225139618,
  "eval_return_end_mean": -25.200225830078125,
  "eval_t_eval": 104.0,
  "final_depr_F_post": 37.470096588134766,
  "final_energy_E_post": 0.48640647530555725,
  "final_episode_return_end_mean": -27.64298439025879,
  "final_funding_alpha_eff": 6.38232168327711e-15,
  "final_funding_g": 0.0,
  "final_funding_g_raw": 0.08767160773277283,
  "final_update_counter": 1.0,
  "final_vartd_VarTD": 0.19475676119327545,
  "mechanism": "hardzero_plus_depr",
  "mechanism_tag": "hardzero_plus_depr__c0p52__z1p00__lam0p030__nu0p50__psi0p75",
  "runtime_sec": 22.30288304295391,
  "seed": 30,
  "z_cut": 1.0
}