{
  "alpha": 0.085,
  "c_upd": 0.58,
  "depr_lambda": 0.005,
  "depr_nu": 1.0,
  "depr_psi": 0.5,
  "eval_CSR_post": 0.0,
  "eval_dbar_post_mean": 0.5039956569671631,
  "eval_done_count": 100.0,
  "eval_episodes_per_env": 4.0,
  "eval_len_end_mean": 26.0,
  "eval_occupied_post_mean": 0.3799999952316284,
  "eval_return_end_mean": -24.317970275878906,
  "eval_t_eval": 104.0,
  "final_depr_F_post": 0.11000001430511475,
  "final_energy_E_post": 0.26804763078689575,
  "final_episode_return_end_mean": -25.77758026123047,
  "final_funding_alpha_eff": 0.080652616918087,
  "final_funding_g": 0.13899445533752441,
  "final_funding_g_raw": 0.13899445533752441,
  "final_update_counter": 16.0,
  "final_vartd_VarTD": 0.3636411130428314,
  "mechanism": "hardzero_plus_depr",
  "mechanism_tag": "hardzero_plus_depr__c0p58__z1p00__lam0p005__nu1p00__psi0p50",
  "runtime_sec": 9.49878074892331,
  "seed": 51,
  "z_cut": 1.0
}