{
  "I_R_full": 0.517183359405153,
  "alpha": 0.0,
  "borrow_interest": 0.0,
  "borrow_limit": 0.0,
  "c_upd": 0.58,
  "condition": "fragile_full__base__t1m__a0p00__c0p58",
  "eval_CSR_post": 0.0,
  "eval_CSR_pre": 0.0,
  "eval_dbar_post_mean": 0.7396109104156494,
  "eval_dbar_pre_mean": 0.7268620729446411,
  "eval_done_count": 100.0,
  "eval_done_per_env_max": 4.0,
  "eval_done_per_env_min": 4.0,
  "eval_episodes_per_env": 4.0,
  "eval_len_end_mean": 26.0,
  "eval_max_tilde_post_mean": 1.06533944606781,
  "eval_max_tilde_pre_mean": 1.0615798234939575,
  "eval_occupied_post_mean": 0.14999999105930328,
  "eval_occupied_pre_mean": 0.14999999105930328,
  "eval_return_end_mean": -25.975509643554688,
  "eval_t_eval": 104.0,
  "family": "base",
  "final_energy": 0.42000001668930054,
  "final_executed_updates": 1.0,
  "final_vartd": 0.17541979253292084,
  "learned_R_full_0p5": 1.0,
  "max_debt_level": 0.0,
  "mean_update_fraction": 0.0032051282469183207,
  "metric_horizon": "full",
  "phase": "extension_full",
  "runtime_sec": 2.903982783000174,
  "seed": 52,
  "support_mode": "none",
  "support_total": 0.0,
  "total_debt_charge": 0.0,
  "total_support_injected": 0.0,
  "total_timesteps": 1000000,
  "train_final_return_end_mean": -28.342496871948242
}