{
  "alpha": 0.12,
  "c_upd": 0.5,
  "depr_lambda": 0.01,
  "depr_nu": 0.5,
  "depr_psi": 1.0,
  "eval_CSR_post": 0.0,
  "eval_dbar_post_mean": 0.4942767024040222,
  "eval_done_count": 100.0,
  "eval_episodes_per_env": 4.0,
  "eval_len_end_mean": 26.0,
  "eval_occupied_post_mean": 0.4899999797344208,
  "eval_return_end_mean": -23.140167236328125,
  "eval_t_eval": 104.0,
  "final_depr_F_post": 10.390142440795898,
  "final_energy_E_post": 0.4368629455566406,
  "final_episode_return_end_mean": -26.674196243286133,
  "final_funding_alpha_eff": 3.7251411413308233e-06,
  "final_funding_g": 0.10860250145196915,
  "final_funding_g_raw": 0.10860250145196915,
  "final_update_counter": 5.0,
  "final_vartd_VarTD": 0.18639805912971497,
  "mechanism": "hardzero_plus_depr",
  "mechanism_tag": "hardzero_plus_depr__c0p50__z1p05__lam0p010__nu0p50__psi1p00",
  "runtime_sec": 23.46672295697499,
  "seed": 30,
  "z_cut": 1.05
}