{
  "alpha": 0.02,
  "c_upd": 0.52,
  "depr_lambda": 0.0,
  "depr_nu": 0.5,
  "depr_psi": 0.0,
  "eval_CSR_post": 0.009999999776482582,
  "eval_dbar_post_mean": 0.5386796593666077,
  "eval_done_count": 100.0,
  "eval_episodes_per_env": 4.0,
  "eval_len_end_mean": 26.0,
  "eval_occupied_post_mean": 0.3499999940395355,
  "eval_return_end_mean": -22.768207550048828,
  "eval_t_eval": 104.0,
  "final_depr_F_post": 0.0,
  "final_energy_E_post": 0.369905561208725,
  "final_episode_return_end_mean": -27.52908706665039,
  "final_funding_alpha_eff": 0.019999999552965164,
  "final_funding_g": 0.09664415568113327,
  "final_funding_g_raw": 0.09664415568113327,
  "final_update_counter": 6.0,
  "final_vartd_VarTD": 0.17482605576515198,
  "mechanism": "hardzero_only",
  "mechanism_tag": "hardzero_only__c0p52__z1p10__lam0p000__nu0p50__psi0p00",
  "runtime_sec": 9.863029262982309,
  "seed": 40,
  "z_cut": 1.1
}