{
  "alpha": 0.1,
  "c_upd": 0.58,
  "depr_lambda": 0.0,
  "depr_nu": 0.5,
  "depr_psi": 0.0,
  "eval_CSR_post": 0.0,
  "eval_dbar_post_mean": 0.46430104970932007,
  "eval_done_count": 100.0,
  "eval_episodes_per_env": 4.0,
  "eval_len_end_mean": 26.0,
  "eval_occupied_post_mean": 0.5299999713897705,
  "eval_return_end_mean": -23.863582611083984,
  "eval_t_eval": 104.0,
  "final_depr_F_post": 0.0,
  "final_energy_E_post": 0.2112443596124649,
  "final_episode_return_end_mean": -24.606727600097656,
  "final_funding_alpha_eff": 0.10000000149011612,
  "final_funding_g": 0.16478706896305084,
  "final_funding_g_raw": 0.16478706896305084,
  "final_update_counter": 28.0,
  "final_vartd_VarTD": 1.640089988708496,
  "mechanism": "hardzero_only",
  "mechanism_tag": "hardzero_only__c0p58__z1p05__lam0p000__nu0p50__psi0p00",
  "runtime_sec": 9.906907789991237,
  "seed": 31,
  "z_cut": 1.05
}