{
  "alpha": 0.1,
  "c_upd": 0.58,
  "depr_lambda": 0.01,
  "depr_nu": 0.5,
  "depr_psi": 1.0,
  "eval_CSR_post": 0.009999999776482582,
  "eval_dbar_post_mean": 0.514751136302948,
  "eval_done_count": 100.0,
  "eval_episodes_per_env": 4.0,
  "eval_len_end_mean": 26.0,
  "eval_occupied_post_mean": 0.44999998807907104,
  "eval_return_end_mean": -24.02256965637207,
  "eval_t_eval": 104.0,
  "final_depr_F_post": 9.561379432678223,
  "final_energy_E_post": 0.11797446757555008,
  "final_episode_return_end_mean": -25.766860961914062,
  "final_funding_alpha_eff": 7.110313163138926e-06,
  "final_funding_g": 0.10824568569660187,
  "final_funding_g_raw": 0.10824568569660187,
  "final_update_counter": 4.0,
  "final_vartd_VarTD": 0.12460511922836304,
  "mechanism": "hardzero_plus_depr",
  "mechanism_tag": "hardzero_plus_depr__c0p58__z1p10__lam0p010__nu0p50__psi1p00",
  "runtime_sec": 10.86669878999237,
  "seed": 32,
  "z_cut": 1.1
}