{
  "alpha": 0.12,
  "c_upd": 0.5,
  "depr_lambda": 0.01,
  "depr_nu": 0.5,
  "depr_psi": 1.25,
  "eval_CSR_post": 0.0,
  "eval_dbar_post_mean": 0.5314891338348389,
  "eval_done_count": 100.0,
  "eval_episodes_per_env": 4.0,
  "eval_len_end_mean": 26.0,
  "eval_occupied_post_mean": 0.3700000047683716,
  "eval_return_end_mean": -24.549388885498047,
  "eval_t_eval": 104.0,
  "final_depr_F_post": 11.530168533325195,
  "final_energy_E_post": 0.47865933179855347,
  "final_episode_return_end_mean": -27.11141014099121,
  "final_funding_alpha_eff": 6.687277220862597e-08,
  "final_funding_g": 0.10861364006996155,
  "final_funding_g_raw": 0.10861364006996155,
  "final_update_counter": 4.0,
  "final_vartd_VarTD": 0.11240789294242859,
  "mechanism": "hardzero_plus_depr",
  "mechanism_tag": "hardzero_plus_depr__c0p50__z1p10__lam0p010__nu0p50__psi1p25",
  "runtime_sec": 10.62313775595976,
  "seed": 31,
  "z_cut": 1.1
}