{
  "alpha": 0.12,
  "c_upd": 0.5,
  "depr_lambda": 0.01,
  "depr_nu": 0.5,
  "depr_psi": 1.0,
  "eval_CSR_post": 0.019999999552965164,
  "eval_dbar_post_mean": 0.4700095057487488,
  "eval_done_count": 100.0,
  "eval_episodes_per_env": 4.0,
  "eval_len_end_mean": 26.0,
  "eval_occupied_post_mean": 0.47999998927116394,
  "eval_return_end_mean": -23.397682189941406,
  "eval_t_eval": 104.0,
  "final_depr_F_post": 8.193841934204102,
  "final_energy_E_post": 0.27990037202835083,
  "final_episode_return_end_mean": -25.073606491088867,
  "final_funding_alpha_eff": 3.349530743435025e-05,
  "final_funding_g": 0.1265016496181488,
  "final_funding_g_raw": 0.1265016496181488,
  "final_update_counter": 7.0,
  "final_vartd_VarTD": 0.12277248501777649,
  "mechanism": "hardzero_plus_depr",
  "mechanism_tag": "hardzero_plus_depr__c0p50__z1p05__lam0p010__nu0p50__psi1p00",
  "runtime_sec": 10.739253187028226,
  "seed": 32,
  "z_cut": 1.05
}