{
  "alpha": 0.04,
  "c_upd": 0.58,
  "depr_lambda": 0.005,
  "depr_nu": 1.0,
  "depr_psi": 0.5,
  "eval_CSR_post": 0.0,
  "eval_dbar_post_mean": 0.624760627746582,
  "eval_done_count": 100.0,
  "eval_episodes_per_env": 4.0,
  "eval_len_end_mean": 26.0,
  "eval_occupied_post_mean": 0.3100000023841858,
  "eval_return_end_mean": -23.731218338012695,
  "eval_t_eval": 104.0,
  "final_depr_F_post": 4.545056343078613,
  "final_energy_E_post": 0.4488716125488281,
  "final_episode_return_end_mean": -27.886817932128906,
  "final_funding_alpha_eff": 0.004132370930165052,
  "final_funding_g": 0.0,
  "final_funding_g_raw": 0.09747888147830963,
  "final_update_counter": 2.0,
  "final_vartd_VarTD": 0.1444881409406662,
  "mechanism": "hardzero_plus_depr",
  "mechanism_tag": "hardzero_plus_depr__c0p58__z1p00__lam0p005__nu1p00__psi0p50",
  "runtime_sec": 9.463987726019695,
  "seed": 42,
  "z_cut": 1.0
}