{
  "alpha": 0.02,
  "c_upd": 0.5,
  "depr_lambda": 0.0,
  "depr_nu": 0.5,
  "depr_psi": 0.0,
  "eval_CSR_post": 0.0,
  "eval_dbar_post_mean": 0.5476886034011841,
  "eval_done_count": 100.0,
  "eval_episodes_per_env": 4.0,
  "eval_len_end_mean": 26.0,
  "eval_occupied_post_mean": 0.28999999165534973,
  "eval_return_end_mean": -23.12067413330078,
  "eval_t_eval": 104.0,
  "final_depr_F_post": 0.0,
  "final_energy_E_post": 0.04082462936639786,
  "final_episode_return_end_mean": -26.6418399810791,
  "final_funding_alpha_eff": 0.019999999552965164,
  "final_funding_g": 0.11092770099639893,
  "final_funding_g_raw": 0.11092770099639893,
  "final_update_counter": 7.0,
  "final_vartd_VarTD": 0.14843478798866272,
  "mechanism": "hardzero_only",
  "mechanism_tag": "hardzero_only__c0p50__z1p10__lam0p000__nu0p50__psi0p00",
  "runtime_sec": 9.982980736996979,
  "seed": 40,
  "z_cut": 1.1
}