{
  "alpha": 0.05,
  "c_upd": 0.52,
  "depr_lambda": 0.01,
  "depr_nu": 0.5,
  "depr_psi": 1.0,
  "eval_CSR_post": 0.0,
  "eval_dbar_post_mean": 0.536938488483429,
  "eval_done_count": 100.0,
  "eval_episodes_per_env": 4.0,
  "eval_len_end_mean": 26.0,
  "eval_occupied_post_mean": 0.29999998211860657,
  "eval_return_end_mean": -23.304500579833984,
  "eval_t_eval": 104.0,
  "final_depr_F_post": 12.395188331604004,
  "final_energy_E_post": 0.41843128204345703,
  "final_episode_return_end_mean": -26.530868530273438,
  "final_funding_alpha_eff": 2.090023372147698e-07,
  "final_funding_g": 0.09565317630767822,
  "final_funding_g_raw": 0.09565317630767822,
  "final_update_counter": 2.0,
  "final_vartd_VarTD": 0.13271111249923706,
  "mechanism": "hardzero_plus_depr",
  "mechanism_tag": "hardzero_plus_depr__c0p52__z1p05__lam0p010__nu0p50__psi1p00",
  "runtime_sec": 10.759860819962341,
  "seed": 32,
  "z_cut": 1.05
}