{
  "alpha": 0.055,
  "c_upd": 0.58,
  "depr_lambda": 0.005,
  "depr_nu": 1.0,
  "depr_psi": 0.5,
  "eval_CSR_post": 0.0,
  "eval_dbar_post_mean": 0.5258762240409851,
  "eval_done_count": 100.0,
  "eval_episodes_per_env": 4.0,
  "eval_len_end_mean": 26.0,
  "eval_occupied_post_mean": 0.29999998211860657,
  "eval_return_end_mean": -24.611251831054688,
  "eval_t_eval": 104.0,
  "final_depr_F_post": 0.14999999105930328,
  "final_energy_E_post": 0.23534560203552246,
  "final_episode_return_end_mean": -25.81427001953125,
  "final_funding_alpha_eff": 0.05115361511707306,
  "final_funding_g": 0.13000431656837463,
  "final_funding_g_raw": 0.13000431656837463,
  "final_update_counter": 12.0,
  "final_vartd_VarTD": 0.2126762866973877,
  "mechanism": "hardzero_plus_depr",
  "mechanism_tag": "hardzero_plus_depr__c0p58__z1p00__lam0p005__nu1p00__psi0p50",
  "runtime_sec": 9.497958395979367,
  "seed": 53,
  "z_cut": 1.0
}