{
  "alpha": 0.03,
  "c_upd": 0.58,
  "depr_lambda": 0.01,
  "depr_nu": 0.5,
  "depr_psi": 1.25,
  "eval_CSR_post": 0.0,
  "eval_dbar_post_mean": 0.5296931266784668,
  "eval_done_count": 100.0,
  "eval_episodes_per_env": 4.0,
  "eval_len_end_mean": 26.0,
  "eval_occupied_post_mean": 0.41999998688697815,
  "eval_return_end_mean": -23.952438354492188,
  "eval_t_eval": 104.0,
  "final_depr_F_post": 11.07515811920166,
  "final_energy_E_post": 0.03991252928972244,
  "final_episode_return_end_mean": -26.708263397216797,
  "final_funding_alpha_eff": 2.9525679678954475e-08,
  "final_funding_g": 0.10658909380435944,
  "final_funding_g_raw": 0.10658909380435944,
  "final_update_counter": 2.0,
  "final_vartd_VarTD": 0.11836232990026474,
  "mechanism": "hardzero_plus_depr",
  "mechanism_tag": "hardzero_plus_depr__c0p58__z1p05__lam0p010__nu0p50__psi1p25",
  "runtime_sec": 10.659360492019914,
  "seed": 33,
  "z_cut": 1.05
}