{
  "I_R_full": 1.4170720201730682,
  "alpha": 0.1,
  "borrow_interest": 0.02,
  "borrow_limit": 0.6,
  "c_upd": 1.0,
  "condition": "edge_full__borrow__t1m__a0p10__c1p00",
  "eval_CSR_post": 0.0,
  "eval_CSR_pre": 0.0,
  "eval_dbar_post_mean": 0.5575880408287048,
  "eval_dbar_pre_mean": 0.5537856817245483,
  "eval_done_count": 100.0,
  "eval_done_per_env_max": 4.0,
  "eval_done_per_env_min": 4.0,
  "eval_episodes_per_env": 4.0,
  "eval_len_end_mean": 26.0,
  "eval_max_tilde_post_mean": 0.8452790379524231,
  "eval_max_tilde_pre_mean": 0.8425121903419495,
  "eval_occupied_post_mean": 0.3499999940395355,
  "eval_occupied_pre_mean": 0.3999999761581421,
  "eval_return_end_mean": -23.74652862548828,
  "eval_t_eval": 104.0,
  "family": "borrow",
  "final_energy": -0.6000000238418579,
  "final_executed_updates": 2.0,
  "final_vartd": 0.1347418576478958,
  "learned_R_full_0p5": 1.0,
  "max_debt_level": 0.6000000238418579,
  "mean_update_fraction": 0.006410256493836641,
  "metric_horizon": "full",
  "phase": "extension_full",
  "runtime_sec": 2.8926531269989937,
  "seed": 58,
  "support_mode": "none",
  "support_total": 0.0,
  "total_debt_charge": 3.2268147468566895,
  "total_support_injected": 0.0,
  "total_timesteps": 1000000,
  "train_final_return_end_mean": -25.92601776123047
}