{
  "I_R_full": 1.7471359723725137,
  "alpha": 0.1,
  "borrow_interest": 0.0,
  "borrow_limit": 0.0,
  "c_upd": 1.0,
  "condition": "edge_full__support__t1m__a0p10__c1p00",
  "eval_CSR_post": 0.009999999776482582,
  "eval_CSR_pre": 0.0,
  "eval_dbar_post_mean": 0.5034886598587036,
  "eval_dbar_pre_mean": 0.5059465765953064,
  "eval_done_count": 100.0,
  "eval_done_per_env_max": 4.0,
  "eval_done_per_env_min": 4.0,
  "eval_episodes_per_env": 4.0,
  "eval_len_end_mean": 26.0,
  "eval_max_tilde_post_mean": 0.7484464049339294,
  "eval_max_tilde_pre_mean": 0.7540301084518433,
  "eval_occupied_post_mean": 0.4399999976158142,
  "eval_occupied_pre_mean": 0.3400000035762787,
  "eval_return_end_mean": -22.92897605895996,
  "eval_t_eval": 104.0,
  "family": "support",
  "final_energy": 0.963005542755127,
  "final_executed_updates": 4.0,
  "final_vartd": 0.13943997025489807,
  "learned_R_full_0p5": 1.0,
  "max_debt_level": 0.0,
  "mean_update_fraction": 0.012820512987673283,
  "metric_horizon": "full",
  "phase": "extension_full",
  "runtime_sec": 2.7857823909998842,
  "seed": 53,
  "support_mode": "frontload",
  "support_total": 0.6,
  "total_debt_charge": 0.0,
  "total_support_injected": 0.6000000238418579,
  "total_timesteps": 1000000,
  "train_final_return_end_mean": -26.559158325195312
}