{
  "alpha": 0.043,
  "c_upd": 0.58,
  "depr_lambda": 0.005,
  "depr_nu": 1.0,
  "depr_psi": 0.5,
  "eval_CSR_post": 0.0,
  "eval_dbar_post_mean": 0.5121038556098938,
  "eval_done_count": 100.0,
  "eval_episodes_per_env": 4.0,
  "eval_len_end_mean": 26.0,
  "eval_occupied_post_mean": 0.35999998450279236,
  "eval_return_end_mean": -23.530155181884766,
  "eval_t_eval": 104.0,
  "final_depr_F_post": 0.8649993538856506,
  "final_energy_E_post": 0.4683142602443695,
  "final_episode_return_end_mean": -26.789955139160156,
  "final_funding_alpha_eff": 0.02797190099954605,
  "final_funding_g": 0.10203712433576584,
  "final_funding_g_raw": 0.10203712433576584,
  "final_update_counter": 3.0,
  "final_vartd_VarTD": 0.2018403708934784,
  "mechanism": "hardzero_plus_depr",
  "mechanism_tag": "hardzero_plus_depr__c0p58__z1p00__lam0p005__nu1p00__psi0p50",
  "runtime_sec": 9.458409783081152,
  "seed": 37,
  "z_cut": 1.0
}