{
  "alpha": 0.076,
  "c_upd": 0.58,
  "depr_lambda": 0.005,
  "depr_nu": 1.0,
  "depr_psi": 0.5,
  "eval_CSR_post": 0.0,
  "eval_dbar_post_mean": 0.48755359649658203,
  "eval_done_count": 100.0,
  "eval_episodes_per_env": 4.0,
  "eval_len_end_mean": 26.0,
  "eval_occupied_post_mean": 0.3199999928474426,
  "eval_return_end_mean": -24.7904052734375,
  "eval_t_eval": 104.0,
  "final_depr_F_post": 0.10000000894069672,
  "final_energy_E_post": 0.2545623481273651,
  "final_episode_return_end_mean": -25.02399253845215,
  "final_funding_alpha_eff": 0.0724743977189064,
  "final_funding_g": 0.1459776908159256,
  "final_funding_g_raw": 0.1459776908159256,
  "final_update_counter": 18.0,
  "final_vartd_VarTD": 0.4387695789337158,
  "mechanism": "hardzero_plus_depr",
  "mechanism_tag": "hardzero_plus_depr__c0p58__z1p00__lam0p005__nu1p00__psi0p50",
  "runtime_sec": 9.502704746904783,
  "seed": 55,
  "z_cut": 1.0
}