{
  "alpha": 0.1,
  "c_upd": 0.5,
  "depr_lambda": 0.0,
  "depr_nu": 0.5,
  "depr_psi": 0.0,
  "eval_CSR_post": 0.0,
  "eval_dbar_post_mean": 0.5122232437133789,
  "eval_done_count": 100.0,
  "eval_episodes_per_env": 4.0,
  "eval_len_end_mean": 26.0,
  "eval_occupied_post_mean": 0.41999998688697815,
  "eval_return_end_mean": -23.521408081054688,
  "eval_t_eval": 104.0,
  "final_depr_F_post": 0.0,
  "final_energy_E_post": 0.321613609790802,
  "final_episode_return_end_mean": -22.776926040649414,
  "final_funding_alpha_eff": 0.10000000149011612,
  "final_funding_g": 0.20223566889762878,
  "final_funding_g_raw": 0.20223566889762878,
  "final_update_counter": 35.0,
  "final_vartd_VarTD": 2.868147373199463,
  "mechanism": "hardzero_only",
  "mechanism_tag": "hardzero_only__c0p50__z1p00__lam0p000__nu0p50__psi0p00",
  "runtime_sec": 9.859418413980165,
  "seed": 34,
  "z_cut": 1.0
}