{
  "alpha": 0.1,
  "c_upd": 0.56,
  "depr_lambda": 0.01,
  "depr_nu": 0.5,
  "depr_psi": 1.25,
  "eval_CSR_post": 0.0,
  "eval_dbar_post_mean": 0.5912941694259644,
  "eval_done_count": 100.0,
  "eval_episodes_per_env": 4.0,
  "eval_len_end_mean": 26.0,
  "eval_occupied_post_mean": 0.23999999463558197,
  "eval_return_end_mean": -24.197412490844727,
  "eval_t_eval": 104.0,
  "final_depr_F_post": 12.175183296203613,
  "final_energy_E_post": 0.31151530146598816,
  "final_episode_return_end_mean": -26.706079483032227,
  "final_funding_alpha_eff": 2.4883419769139437e-08,
  "final_funding_g": 0.10978829860687256,
  "final_funding_g_raw": 0.10978829860687256,
  "final_update_counter": 2.0,
  "final_vartd_VarTD": 0.1154765635728836,
  "mechanism": "hardzero_plus_depr",
  "mechanism_tag": "hardzero_plus_depr__c0p56__z1p00__lam0p010__nu0p50__psi1p25",
  "runtime_sec": 9.594605150981806,
  "seed": 33,
  "z_cut": 1.0
}