{
  "alpha": 0.05,
  "c_upd": 0.56,
  "depr_lambda": 0.01,
  "depr_nu": 0.5,
  "depr_psi": 0.75,
  "eval_CSR_post": 0.0,
  "eval_dbar_post_mean": 0.5460429191589355,
  "eval_done_count": 100.0,
  "eval_episodes_per_env": 4.0,
  "eval_len_end_mean": 26.0,
  "eval_occupied_post_mean": 0.35999998450279236,
  "eval_return_end_mean": -22.78730010986328,
  "eval_t_eval": 104.0,
  "final_depr_F_post": 10.310140609741211,
  "final_energy_E_post": 0.1486358344554901,
  "final_episode_return_end_mean": -26.067039489746094,
  "final_funding_alpha_eff": 2.2080017515690997e-05,
  "final_funding_g": 0.1030275896191597,
  "final_funding_g_raw": 0.1030275896191597,
  "final_update_counter": 3.0,
  "final_vartd_VarTD": 0.13469892740249634,
  "mechanism": "hardzero_plus_depr",
  "mechanism_tag": "hardzero_plus_depr__c0p56__z1p10__lam0p010__nu0p50__psi0p75",
  "runtime_sec": 10.75304049497936,
  "seed": 32,
  "z_cut": 1.1
}