{
  "alpha": 0.1,
  "c_upd": 0.58,
  "depr_lambda": 0.0,
  "depr_nu": 0.5,
  "depr_psi": 0.0,
  "eval_CSR_post": 0.0,
  "eval_dbar_post_mean": 0.49378693103790283,
  "eval_done_count": 100.0,
  "eval_episodes_per_env": 4.0,
  "eval_len_end_mean": 26.0,
  "eval_occupied_post_mean": 0.3999999761581421,
  "eval_return_end_mean": -23.77918815612793,
  "eval_t_eval": 104.0,
  "final_depr_F_post": 0.0,
  "final_energy_E_post": 0.1131644919514656,
  "final_episode_return_end_mean": -24.849441528320312,
  "final_funding_alpha_eff": 0.10000000149011612,
  "final_funding_g": 0.15921276807785034,
  "final_funding_g_raw": 0.15921276807785034,
  "final_update_counter": 31.0,
  "final_vartd_VarTD": 2.0953874588012695,
  "mechanism": "hardzero_only",
  "mechanism_tag": "hardzero_only__c0p58__z1p10__lam0p000__nu0p50__psi0p00",
  "runtime_sec": 10.013667926948983,
  "seed": 35,
  "z_cut": 1.1
}