{
  "alpha": 0.057,
  "c_upd": 0.58,
  "depr_lambda": 0.0,
  "depr_nu": 0.5,
  "depr_psi": 0.0,
  "eval_CSR_post": 0.0,
  "eval_dbar_post_mean": 0.5075644254684448,
  "eval_done_count": 100.0,
  "eval_episodes_per_env": 4.0,
  "eval_len_end_mean": 26.0,
  "eval_occupied_post_mean": 0.4099999964237213,
  "eval_return_end_mean": -25.059101104736328,
  "eval_t_eval": 104.0,
  "final_depr_F_post": 0.0,
  "final_energy_E_post": 0.3859732449054718,
  "final_episode_return_end_mean": -24.892316818237305,
  "final_funding_alpha_eff": 0.05700000002980232,
  "final_funding_g": 0.14170604944229126,
  "final_funding_g_raw": 0.14170604944229126,
  "final_update_counter": 11.0,
  "final_vartd_VarTD": 0.17028595507144928,
  "mechanism": "hardzero_only",
  "mechanism_tag": "hardzero_only__c0p58__z1p00__lam0p000__nu0p50__psi0p00",
  "runtime_sec": 10.84154110995587,
  "seed": 59,
  "z_cut": 1.0
}