{
  "I_R_full_anchor_compat": 1.4468871444523708,
  "above_R_THRESH_FULL_anchor": 1.0,
  "alpha": 0.1,
  "borrow_interest": 0.0,
  "borrow_limit": 0.0,
  "c_upd": 1.0,
  "condition": "edge_full__support__t4m__a0p10__c1p00",
  "eval_CSR_post": 0.0,
  "eval_CSR_pre": 0.0,
  "eval_dbar_post_mean": 0.4925294816493988,
  "eval_dbar_pre_mean": 0.503605842590332,
  "eval_done_count": 100.0,
  "eval_done_per_env_max": 4.0,
  "eval_done_per_env_min": 4.0,
  "eval_episodes_per_env": 4.0,
  "eval_len_end_mean": 26.0,
  "eval_max_tilde_post_mean": 0.695866048336029,
  "eval_max_tilde_pre_mean": 0.7132053971290588,
  "eval_occupied_post_mean": 0.35999998450279236,
  "eval_occupied_pre_mean": 0.3700000047683716,
  "eval_return_end_mean": -23.672677993774414,
  "eval_t_eval": 104.0,
  "family": "support",
  "final_energy": 0.4186243414878845,
  "final_executed_updates": 15.0,
  "final_vartd": 0.2598836421966553,
  "max_debt_level": 0.0,
  "mean_update_fraction": 0.012000000104308128,
  "metric_horizon": "long4m",
  "phase": "extension_full",
  "runtime_sec": 10.83421509800064,
  "seed": 45,
  "support_mode": "frontload",
  "support_total": 0.6,
  "total_debt_charge": 0.0,
  "total_support_injected": 0.5999999642372131,
  "total_timesteps": 4000000,
  "train_final_return_end_mean": -24.79072380065918
}