{
  "alpha": 0.08,
  "c_upd": 0.54,
  "depr_lambda": 0.01,
  "depr_nu": 0.5,
  "depr_psi": 1.25,
  "eval_CSR_post": 0.0,
  "eval_dbar_post_mean": 0.5886369347572327,
  "eval_done_count": 100.0,
  "eval_episodes_per_env": 4.0,
  "eval_len_end_mean": 26.0,
  "eval_occupied_post_mean": 0.29999998211860657,
  "eval_return_end_mean": -23.71849250793457,
  "eval_t_eval": 104.0,
  "final_depr_F_post": 10.717649459838867,
  "final_energy_E_post": 0.07537087798118591,
  "final_episode_return_end_mean": -28.948698043823242,
  "final_funding_alpha_eff": 1.230973651900058e-07,
  "final_funding_g": 0.0,
  "final_funding_g_raw": 0.07672453671693802,
  "final_update_counter": 3.0,
  "final_vartd_VarTD": 0.17785489559173584,
  "mechanism": "hardzero_plus_depr",
  "mechanism_tag": "hardzero_plus_depr__c0p54__z1p10__lam0p010__nu0p50__psi1p25",
  "runtime_sec": 10.649201252963394,
  "seed": 36,
  "z_cut": 1.1
}