{
  "alpha": 0.07,
  "c_upd": 0.58,
  "depr_lambda": 0.0,
  "depr_nu": 0.5,
  "depr_psi": 0.0,
  "eval_CSR_post": 0.009999999776482582,
  "eval_dbar_post_mean": 0.5100994110107422,
  "eval_done_count": 100.0,
  "eval_episodes_per_env": 4.0,
  "eval_len_end_mean": 26.0,
  "eval_occupied_post_mean": 0.3400000035762787,
  "eval_return_end_mean": -25.05616569519043,
  "eval_t_eval": 104.0,
  "final_depr_F_post": 0.0,
  "final_energy_E_post": 0.11511886119842529,
  "final_episode_return_end_mean": -25.15241050720215,
  "final_funding_alpha_eff": 0.07000000029802322,
  "final_funding_g": 0.1404905766248703,
  "final_funding_g_raw": 0.1404905766248703,
  "final_update_counter": 16.0,
  "final_vartd_VarTD": 0.33289870619773865,
  "mechanism": "hardzero_only",
  "mechanism_tag": "hardzero_only__c0p58__z1p00__lam0p000__nu0p50__psi0p00",
  "runtime_sec": 10.868078532046638,
  "seed": 46,
  "z_cut": 1.0
}