{
  "alpha": 0.1,
  "c_upd": 0.52,
  "depr_lambda": 0.03,
  "depr_nu": 0.5,
  "depr_psi": 0.75,
  "eval_CSR_post": 0.0,
  "eval_dbar_post_mean": 0.5392957925796509,
  "eval_done_count": 100.0,
  "eval_episodes_per_env": 4.0,
  "eval_len_end_mean": 26.0,
  "eval_occupied_post_mean": 0.3799999952316284,
  "eval_return_end_mean": -24.0074462890625,
  "eval_t_eval": 104.0,
  "final_depr_F_post": 37.350101470947266,
  "final_energy_E_post": 0.42690595984458923,
  "final_episode_return_end_mean": -26.25143814086914,
  "final_funding_alpha_eff": 6.983346870605492e-14,
  "final_funding_g": 0.09877163916826248,
  "final_funding_g_raw": 0.09877163916826248,
  "final_update_counter": 2.0,
  "final_vartd_VarTD": 0.13339190185070038,
  "mechanism": "hardzero_plus_depr",
  "mechanism_tag": "hardzero_plus_depr__c0p52__z1p10__lam0p030__nu0p50__psi0p75",
  "runtime_sec": 11.037834218994249,
  "seed": 32,
  "z_cut": 1.1
}