{
  "alpha": 0.04,
  "c_upd": 0.56,
  "depr_lambda": 0.03,
  "depr_nu": 0.5,
  "depr_psi": 0.75,
  "eval_CSR_post": 0.0,
  "eval_dbar_post_mean": 0.6104808449745178,
  "eval_done_count": 100.0,
  "eval_episodes_per_env": 4.0,
  "eval_len_end_mean": 26.0,
  "eval_occupied_post_mean": 0.2800000011920929,
  "eval_return_end_mean": -24.103572845458984,
  "eval_t_eval": 104.0,
  "final_depr_F_post": 36.630130767822266,
  "final_energy_E_post": 0.09713634103536606,
  "final_episode_return_end_mean": -27.403554916381836,
  "final_funding_alpha_eff": 4.793282876733654e-14,
  "final_funding_g": 0.09131155908107758,
  "final_funding_g_raw": 0.09131155908107758,
  "final_update_counter": 2.0,
  "final_vartd_VarTD": 0.19400851428508759,
  "mechanism": "hardzero_plus_depr",
  "mechanism_tag": "hardzero_plus_depr__c0p56__z1p10__lam0p030__nu0p50__psi0p75",
  "runtime_sec": 24.10797528096009,
  "seed": 30,
  "z_cut": 1.1
}