{
  "alpha": 0.08,
  "c_upd": 0.56,
  "depr_lambda": 0.01,
  "depr_nu": 0.5,
  "depr_psi": 1.0,
  "eval_CSR_post": 0.0,
  "eval_dbar_post_mean": 0.6182560920715332,
  "eval_done_count": 100.0,
  "eval_episodes_per_env": 4.0,
  "eval_len_end_mean": 26.0,
  "eval_occupied_post_mean": 0.25,
  "eval_return_end_mean": -25.968509674072266,
  "eval_t_eval": 104.0,
  "final_depr_F_post": 12.020179748535156,
  "final_energy_E_post": 0.21106423437595367,
  "final_episode_return_end_mean": -26.81981086730957,
  "final_funding_alpha_eff": 4.865587470703758e-07,
  "final_funding_g": 0.0,
  "final_funding_g_raw": 0.09805579483509064,
  "final_update_counter": 2.0,
  "final_vartd_VarTD": 0.19819658994674683,
  "mechanism": "hardzero_plus_depr",
  "mechanism_tag": "hardzero_plus_depr__c0p56__z1p00__lam0p010__nu0p50__psi1p00",
  "runtime_sec": 9.824193404987454,
  "seed": 37,
  "z_cut": 1.0
}