{
  "alpha": 0.1,
  "c_upd": 0.52,
  "depr_lambda": 0.03,
  "depr_nu": 0.5,
  "depr_psi": 1.25,
  "eval_CSR_post": 0.0,
  "eval_dbar_post_mean": 0.4842650294303894,
  "eval_done_count": 100.0,
  "eval_episodes_per_env": 4.0,
  "eval_len_end_mean": 26.0,
  "eval_occupied_post_mean": 0.4699999988079071,
  "eval_return_end_mean": -23.022279739379883,
  "eval_t_eval": 104.0,
  "final_depr_F_post": 37.290103912353516,
  "final_energy_E_post": 0.22129206359386444,
  "final_episode_return_end_mean": -26.20693588256836,
  "final_funding_alpha_eff": 5.924856832511872e-22,
  "final_funding_g": 0.0985400453209877,
  "final_funding_g_raw": 0.0985400453209877,
  "final_update_counter": 2.0,
  "final_vartd_VarTD": 0.13332325220108032,
  "mechanism": "hardzero_plus_depr",
  "mechanism_tag": "hardzero_plus_depr__c0p52__z1p05__lam0p030__nu0p50__psi1p25",
  "runtime_sec": 10.617446369025856,
  "seed": 32,
  "z_cut": 1.05
}