{
  "alpha": 0.08,
  "c_upd": 0.52,
  "depr_lambda": 0.01,
  "depr_nu": 0.5,
  "depr_psi": 1.25,
  "eval_CSR_post": 0.0,
  "eval_dbar_post_mean": 0.49553486704826355,
  "eval_done_count": 100.0,
  "eval_episodes_per_env": 4.0,
  "eval_len_end_mean": 26.0,
  "eval_occupied_post_mean": 0.38999998569488525,
  "eval_return_end_mean": -23.619789123535156,
  "eval_t_eval": 104.0,
  "final_depr_F_post": 11.69017219543457,
  "final_energy_E_post": 0.2661037743091583,
  "final_episode_return_end_mean": -27.25647735595703,
  "final_funding_alpha_eff": 3.650036362046194e-08,
  "final_funding_g": 0.10673839598894119,
  "final_funding_g_raw": 0.10673839598894119,
  "final_update_counter": 3.0,
  "final_vartd_VarTD": 0.1502435803413391,
  "mechanism": "hardzero_plus_depr",
  "mechanism_tag": "hardzero_plus_depr__c0p52__z1p10__lam0p010__nu0p50__psi1p25",
  "runtime_sec": 10.818482550967019,
  "seed": 41,
  "z_cut": 1.1
}