{
  "alpha": 0.12,
  "c_upd": 0.52,
  "depr_lambda": 0.02,
  "depr_nu": 0.5,
  "depr_psi": 1.25,
  "eval_CSR_post": 0.0,
  "eval_dbar_post_mean": 0.5439697504043579,
  "eval_done_count": 100.0,
  "eval_episodes_per_env": 4.0,
  "eval_len_end_mean": 26.0,
  "eval_occupied_post_mean": 0.3799999952316284,
  "eval_return_end_mean": -23.919389724731445,
  "eval_t_eval": 104.0,
  "final_depr_F_post": 24.850378036499023,
  "final_energy_E_post": 0.23430167138576508,
  "final_episode_return_end_mean": -26.79304313659668,
  "final_funding_alpha_eff": 3.9770543154853295e-15,
  "final_funding_g": 0.10848162323236465,
  "final_funding_g_raw": 0.10848162323236465,
  "final_update_counter": 2.0,
  "final_vartd_VarTD": 0.1182713583111763,
  "mechanism": "hardzero_plus_depr",
  "mechanism_tag": "hardzero_plus_depr__c0p52__z1p00__lam0p020__nu0p50__psi1p25",
  "runtime_sec": 10.60284263297217,
  "seed": 33,
  "z_cut": 1.0
}