{
  "alpha": 0.1,
  "c_upd": 0.52,
  "depr_lambda": 0.01,
  "depr_nu": 0.5,
  "depr_psi": 1.0,
  "eval_CSR_post": 0.0,
  "eval_dbar_post_mean": 0.5288189649581909,
  "eval_done_count": 100.0,
  "eval_episodes_per_env": 4.0,
  "eval_len_end_mean": 26.0,
  "eval_occupied_post_mean": 0.3100000023841858,
  "eval_return_end_mean": -23.847719192504883,
  "eval_t_eval": 104.0,
  "final_depr_F_post": 11.168910026550293,
  "final_energy_E_post": 0.46128979325294495,
  "final_episode_return_end_mean": -26.80954933166504,
  "final_funding_alpha_eff": 1.4247774515752099e-06,
  "final_funding_g": 0.11312027275562286,
  "final_funding_g_raw": 0.11312027275562286,
  "final_update_counter": 4.0,
  "final_vartd_VarTD": 0.13598069548606873,
  "mechanism": "hardzero_plus_depr",
  "mechanism_tag": "hardzero_plus_depr__c0p52__z1p05__lam0p010__nu0p50__psi1p00",
  "runtime_sec": 10.833365738973953,
  "seed": 35,
  "z_cut": 1.05
}