{
  "alpha": 0.04,
  "c_upd": 0.56,
  "depr_lambda": 0.03,
  "depr_nu": 0.5,
  "depr_psi": 0.75,
  "eval_CSR_post": 0.0,
  "eval_dbar_post_mean": 0.614780843257904,
  "eval_done_count": 100.0,
  "eval_episodes_per_env": 4.0,
  "eval_len_end_mean": 26.0,
  "eval_occupied_post_mean": 0.22999998927116394,
  "eval_return_end_mean": -25.57095718383789,
  "eval_t_eval": 104.0,
  "final_depr_F_post": 36.66012954711914,
  "final_energy_E_post": 0.10026223212480545,
  "final_episode_return_end_mean": -26.983423233032227,
  "final_funding_alpha_eff": 4.686642445113874e-14,
  "final_funding_g": 0.09566257894039154,
  "final_funding_g_raw": 0.09566257894039154,
  "final_update_counter": 2.0,
  "final_vartd_VarTD": 0.20121188461780548,
  "mechanism": "hardzero_plus_depr",
  "mechanism_tag": "hardzero_plus_depr__c0p56__z1p10__lam0p030__nu0p50__psi0p75",
  "runtime_sec": 10.720456622890197,
  "seed": 37,
  "z_cut": 1.1
}