{
  "I_R_short": 0.8334908377587887,
  "alpha": 0.0,
  "borrow_interest": 0.0,
  "borrow_limit": 0.0,
  "c_upd": 0.6,
  "condition": "rescue_short_anchor__support__t400k__a0p00__c0p60",
  "eval_CSR_post": 0.0,
  "eval_CSR_pre": 0.0,
  "eval_dbar_post_mean": 0.5396485328674316,
  "eval_dbar_pre_mean": 0.5413464307785034,
  "eval_done_count": 100.0,
  "eval_done_per_env_max": 4.0,
  "eval_done_per_env_min": 4.0,
  "eval_episodes_per_env": 4.0,
  "eval_len_end_mean": 26.0,
  "eval_max_tilde_post_mean": 0.8238748908042908,
  "eval_max_tilde_pre_mean": 0.822388231754303,
  "eval_occupied_post_mean": 0.3400000035762787,
  "eval_occupied_pre_mean": 0.3700000047683716,
  "eval_return_end_mean": -23.138463973999023,
  "eval_t_eval": 104.0,
  "family": "support",
  "final_energy": 0.40000003576278687,
  "final_executed_updates": 2.0,
  "final_vartd": 0.1731768548488617,
  "learned_R_short_0p5": 1.0,
  "max_debt_level": 0.0,
  "mean_update_fraction": 0.01600000075995922,
  "metric_horizon": "short",
  "phase": "rescue_short",
  "runtime_sec": 1.1049119070012239,
  "seed": 56,
  "support_mode": "frontload",
  "support_total": 0.6,
  "total_debt_charge": 0.0,
  "total_support_injected": 0.6000000238418579,
  "total_timesteps": 400000,
  "train_final_return_end_mean": -26.952774047851562
}