{
  "alpha": 0.03,
  "c_upd": 0.54,
  "depr_lambda": 0.0,
  "depr_nu": 0.5,
  "depr_psi": 0.0,
  "eval_CSR_post": 0.0,
  "eval_dbar_post_mean": 0.5321515798568726,
  "eval_done_count": 100.0,
  "eval_episodes_per_env": 4.0,
  "eval_len_end_mean": 26.0,
  "eval_occupied_post_mean": 0.32999998331069946,
  "eval_return_end_mean": -23.791555404663086,
  "eval_t_eval": 104.0,
  "final_depr_F_post": 0.0,
  "final_energy_E_post": 0.3118375539779663,
  "final_episode_return_end_mean": -26.214988708496094,
  "final_funding_alpha_eff": 0.029999999329447746,
  "final_funding_g": 0.11798813194036484,
  "final_funding_g_raw": 0.11798813194036484,
  "final_update_counter": 9.0,
  "final_vartd_VarTD": 0.15641143918037415,
  "mechanism": "hardzero_only",
  "mechanism_tag": "hardzero_only__c0p54__z1p05__lam0p000__nu0p50__psi0p00",
  "runtime_sec": 9.76217759103747,
  "seed": 41,
  "z_cut": 1.05
}