{
  "alpha": 0.01,
  "c_upd": 0.52,
  "depr_lambda": 0.0,
  "depr_nu": 0.5,
  "depr_psi": 0.0,
  "eval_CSR_post": 0.0,
  "eval_dbar_post_mean": 0.6324211359024048,
  "eval_done_count": 100.0,
  "eval_episodes_per_env": 4.0,
  "eval_len_end_mean": 26.0,
  "eval_occupied_post_mean": 0.2199999988079071,
  "eval_return_end_mean": -25.147043228149414,
  "eval_t_eval": 104.0,
  "final_depr_F_post": 0.0,
  "final_energy_E_post": 0.43100640177726746,
  "final_episode_return_end_mean": -27.621667861938477,
  "final_funding_alpha_eff": 0.009999999776482582,
  "final_funding_g": 0.0,
  "final_funding_g_raw": 0.09864509850740433,
  "final_update_counter": 2.0,
  "final_vartd_VarTD": 0.14198830723762512,
  "mechanism": "hardzero_only",
  "mechanism_tag": "hardzero_only__c0p52__z1p00__lam0p000__nu0p50__psi0p00",
  "runtime_sec": 9.57708202797221,
  "seed": 35,
  "z_cut": 1.0
}