{
  "alpha": 0.08,
  "c_upd": 0.58,
  "depr_lambda": 0.01,
  "depr_nu": 0.5,
  "depr_psi": 0.75,
  "eval_CSR_post": 0.009999999776482582,
  "eval_dbar_post_mean": 0.6611137986183167,
  "eval_done_count": 100.0,
  "eval_episodes_per_env": 4.0,
  "eval_len_end_mean": 26.0,
  "eval_occupied_post_mean": 0.25,
  "eval_return_end_mean": -25.950241088867188,
  "eval_t_eval": 104.0,
  "final_depr_F_post": 11.070158004760742,
  "final_energy_E_post": 0.4073209762573242,
  "final_episode_return_end_mean": -27.740636825561523,
  "final_funding_alpha_eff": 1.9978635464212857e-05,
  "final_funding_g": 0.09737090021371841,
  "final_funding_g_raw": 0.09737090021371841,
  "final_update_counter": 3.0,
  "final_vartd_VarTD": 0.11911708116531372,
  "mechanism": "hardzero_plus_depr",
  "mechanism_tag": "hardzero_plus_depr__c0p58__z1p05__lam0p010__nu0p50__psi0p75",
  "runtime_sec": 10.616047546034679,
  "seed": 31,
  "z_cut": 1.05
}