{
  "alpha": 0.04,
  "c_upd": 0.56,
  "depr_lambda": 0.02,
  "depr_nu": 0.5,
  "depr_psi": 1.25,
  "eval_CSR_post": 0.009999999776482582,
  "eval_dbar_post_mean": 0.5429785847663879,
  "eval_done_count": 100.0,
  "eval_episodes_per_env": 4.0,
  "eval_len_end_mean": 26.0,
  "eval_occupied_post_mean": 0.3700000047683716,
  "eval_return_end_mean": -23.44244384765625,
  "eval_t_eval": 104.0,
  "final_depr_F_post": 24.29036521911621,
  "final_energy_E_post": 0.07104353606700897,
  "final_episode_return_end_mean": -26.341882705688477,
  "final_funding_alpha_eff": 2.6696437148052664e-15,
  "final_funding_g": 0.09737426042556763,
  "final_funding_g_raw": 0.09737426042556763,
  "final_update_counter": 2.0,
  "final_vartd_VarTD": 0.12289348989725113,
  "mechanism": "hardzero_plus_depr",
  "mechanism_tag": "hardzero_plus_depr__c0p56__z1p10__lam0p020__nu0p50__psi1p25",
  "runtime_sec": 10.7766193280695,
  "seed": 34,
  "z_cut": 1.1
}