{
  "alpha": 0.03,
  "c_upd": 0.6,
  "depr_lambda": 0.01,
  "depr_nu": 0.5,
  "depr_psi": 0.75,
  "eval_CSR_post": 0.0,
  "eval_dbar_post_mean": 0.6747199892997742,
  "eval_done_count": 100.0,
  "eval_episodes_per_env": 4.0,
  "eval_len_end_mean": 26.0,
  "eval_occupied_post_mean": 0.25,
  "eval_return_end_mean": -25.50296401977539,
  "eval_t_eval": 104.0,
  "final_depr_F_post": 11.950178146362305,
  "final_energy_E_post": 0.2646077275276184,
  "final_episode_return_end_mean": -26.362224578857422,
  "final_funding_alpha_eff": 3.872185970976716e-06,
  "final_funding_g": 0.09475911408662796,
  "final_funding_g_raw": 0.09475911408662796,
  "final_update_counter": 2.0,
  "final_vartd_VarTD": 0.12261226028203964,
  "mechanism": "hardzero_plus_depr",
  "mechanism_tag": "hardzero_plus_depr__c0p60__z1p10__lam0p010__nu0p50__psi0p75",
  "runtime_sec": 10.710017968085594,
  "seed": 34,
  "z_cut": 1.1
}