{
  "alpha": 0.043,
  "c_upd": 0.58,
  "depr_lambda": 0.0,
  "depr_nu": 0.5,
  "depr_psi": 0.0,
  "eval_CSR_post": 0.0,
  "eval_dbar_post_mean": 0.5805822610855103,
  "eval_done_count": 100.0,
  "eval_episodes_per_env": 4.0,
  "eval_len_end_mean": 26.0,
  "eval_occupied_post_mean": 0.3199999928474426,
  "eval_return_end_mean": -25.521442413330078,
  "eval_t_eval": 104.0,
  "final_depr_F_post": 0.0,
  "final_energy_E_post": 0.4409109950065613,
  "final_episode_return_end_mean": -26.843303680419922,
  "final_funding_alpha_eff": 0.0430000014603138,
  "final_funding_g": 0.0,
  "final_funding_g_raw": 0.0985761433839798,
  "final_update_counter": 4.0,
  "final_vartd_VarTD": 0.1940450817346573,
  "mechanism": "hardzero_only",
  "mechanism_tag": "hardzero_only__c0p58__z1p00__lam0p000__nu0p50__psi0p00",
  "runtime_sec": 10.824670864036307,
  "seed": 37,
  "z_cut": 1.0
}