{
  "alpha": 0.12,
  "c_upd": 0.54,
  "depr_lambda": 0.02,
  "depr_nu": 0.5,
  "depr_psi": 0.75,
  "eval_CSR_post": 0.0,
  "eval_dbar_post_mean": 0.5344225168228149,
  "eval_done_count": 100.0,
  "eval_episodes_per_env": 4.0,
  "eval_len_end_mean": 26.0,
  "eval_occupied_post_mean": 0.3499999940395355,
  "eval_return_end_mean": -24.73320960998535,
  "eval_t_eval": 104.0,
  "final_depr_F_post": 24.015357971191406,
  "final_energy_E_post": 0.4484415650367737,
  "final_episode_return_end_mean": -26.344755172729492,
  "final_funding_alpha_eff": 1.8339737506423148e-09,
  "final_funding_g": 0.11484263837337494,
  "final_funding_g_raw": 0.11484263837337494,
  "final_update_counter": 3.0,
  "final_vartd_VarTD": 0.11774726957082748,
  "mechanism": "hardzero_plus_depr",
  "mechanism_tag": "hardzero_plus_depr__c0p54__z1p10__lam0p020__nu0p50__psi0p75",
  "runtime_sec": 10.682253009057604,
  "seed": 33,
  "z_cut": 1.1
}