{
  "alpha": 0.0,
  "c_upd": 0.58,
  "condition": "fragile_full",
  "eval_CSR_post": 0.0,
  "eval_CSR_pre": 0.0,
  "eval_dbar_post_mean": 0.7639579772949219,
  "eval_dbar_pre_mean": 0.7662791609764099,
  "eval_done_count": 100.0,
  "eval_done_per_env_max": 4.0,
  "eval_done_per_env_min": 4.0,
  "eval_episodes_per_env": 4.0,
  "eval_len_end_mean": 26.0,
  "eval_max_tilde_post_mean": 1.1588743925094604,
  "eval_max_tilde_pre_mean": 1.148382544517517,
  "eval_occupied_post_mean": 0.17999999225139618,
  "eval_occupied_pre_mean": 0.17000000178813934,
  "eval_return_end_mean": -28.71475601196289,
  "eval_t_eval": 104.0,
  "final_energy": 0.42000001668930054,
  "final_executed_updates": 1.0,
  "final_funding_g": 0.08634820580482483,
  "final_funding_z": 1.063746690750122,
  "final_vartd": 0.19287334382534027,
  "horizon_label": "full",
  "mean_update_fraction": 0.0032051282469183207,
  "runtime_sec": 2.531335717998445,
  "seed": 34,
  "train_final_CSR_train": 0.0,
  "train_final_dbar_end": 0.7800964713096619,
  "train_final_min_dists_end_mean": 2.340289354324341,
  "train_final_occupied_end_mean": 0.15200001001358032,
  "train_final_return_end_mean": -27.568180084228516
}