{
  "alpha": 0.05,
  "c_upd": 0.54,
  "depr_lambda": 0.02,
  "depr_nu": 0.5,
  "depr_psi": 1.0,
  "eval_CSR_post": 0.0,
  "eval_dbar_post_mean": 0.6178784370422363,
  "eval_done_count": 100.0,
  "eval_episodes_per_env": 4.0,
  "eval_len_end_mean": 26.0,
  "eval_occupied_post_mean": 0.19999998807907104,
  "eval_return_end_mean": -23.96101188659668,
  "eval_t_eval": 104.0,
  "final_depr_F_post": 24.770376205444336,
  "final_energy_E_post": 0.19644835591316223,
  "final_episode_return_end_mean": -26.848487854003906,
  "final_funding_alpha_eff": 8.91288724682443e-13,
  "final_funding_g": 0.09252142161130905,
  "final_funding_g_raw": 0.09252142161130905,
  "final_update_counter": 2.0,
  "final_vartd_VarTD": 0.14555762708187103,
  "mechanism": "hardzero_plus_depr",
  "mechanism_tag": "hardzero_plus_depr__c0p54__z1p10__lam0p020__nu0p50__psi1p00",
  "runtime_sec": 10.606178035959601,
  "seed": 39,
  "z_cut": 1.1
}