{
  "alpha": 0.12,
  "c_upd": 0.5,
  "depr_lambda": 0.01,
  "depr_nu": 0.5,
  "depr_psi": 1.0,
  "eval_CSR_post": 0.0,
  "eval_dbar_post_mean": 0.60374915599823,
  "eval_done_count": 100.0,
  "eval_episodes_per_env": 4.0,
  "eval_len_end_mean": 26.0,
  "eval_occupied_post_mean": 0.3400000035762787,
  "eval_return_end_mean": -25.99722671508789,
  "eval_t_eval": 104.0,
  "final_depr_F_post": 10.285144805908203,
  "final_energy_E_post": 0.10000329464673996,
  "final_episode_return_end_mean": -26.66132926940918,
  "final_funding_alpha_eff": 4.1375437831447925e-06,
  "final_funding_g": 0.10042870789766312,
  "final_funding_g_raw": 0.10042870789766312,
  "final_update_counter": 3.0,
  "final_vartd_VarTD": 0.188947394490242,
  "mechanism": "hardzero_plus_depr",
  "mechanism_tag": "hardzero_plus_depr__c0p50__z1p00__lam0p010__nu0p50__psi1p00",
  "runtime_sec": 9.837082945974544,
  "seed": 37,
  "z_cut": 1.0
}