{
  "alpha": 0.052,
  "c_upd": 0.58,
  "depr_lambda": 0.005,
  "depr_nu": 1.0,
  "depr_psi": 0.5,
  "eval_CSR_post": 0.0,
  "eval_dbar_post_mean": 0.5403895378112793,
  "eval_done_count": 100.0,
  "eval_episodes_per_env": 4.0,
  "eval_len_end_mean": 26.0,
  "eval_occupied_post_mean": 0.26999998092651367,
  "eval_return_end_mean": -23.34895133972168,
  "eval_t_eval": 104.0,
  "final_depr_F_post": 0.454999715089798,
  "final_energy_E_post": 0.49237746000289917,
  "final_episode_return_end_mean": -26.407434463500977,
  "final_funding_alpha_eff": 0.04152284935116768,
  "final_funding_g": 0.11900307983160019,
  "final_funding_g_raw": 0.11900307983160019,
  "final_update_counter": 7.0,
  "final_vartd_VarTD": 0.1480172723531723,
  "mechanism": "hardzero_plus_depr",
  "mechanism_tag": "hardzero_plus_depr__c0p58__z1p00__lam0p005__nu1p00__psi0p50",
  "runtime_sec": 9.458177226013504,
  "seed": 52,
  "z_cut": 1.0
}