{
  "alpha": 0.05,
  "c_upd": 0.56,
  "depr_lambda": 0.02,
  "depr_nu": 0.5,
  "depr_psi": 1.25,
  "eval_CSR_post": 0.0,
  "eval_dbar_post_mean": 0.6961843967437744,
  "eval_done_count": 100.0,
  "eval_episodes_per_env": 4.0,
  "eval_len_end_mean": 26.0,
  "eval_occupied_post_mean": 0.22999998927116394,
  "eval_return_end_mean": -26.5841064453125,
  "eval_t_eval": 104.0,
  "final_depr_F_post": 23.840354919433594,
  "final_energy_E_post": 0.038104865700006485,
  "final_episode_return_end_mean": -28.02130889892578,
  "final_funding_alpha_eff": 5.856780938186127e-15,
  "final_funding_g": 0.0908803939819336,
  "final_funding_g_raw": 0.0908803939819336,
  "final_update_counter": 2.0,
  "final_vartd_VarTD": 0.12476862967014313,
  "mechanism": "hardzero_plus_depr",
  "mechanism_tag": "hardzero_plus_depr__c0p56__z1p05__lam0p020__nu0p50__psi1p25",
  "runtime_sec": 10.684111671987921,
  "seed": 31,
  "z_cut": 1.05
}