{
  "alpha": 0.034,
  "c_upd": 0.58,
  "depr_lambda": 0.0,
  "depr_nu": 0.5,
  "depr_psi": 0.0,
  "eval_CSR_post": 0.0,
  "eval_dbar_post_mean": 0.5176066160202026,
  "eval_done_count": 100.0,
  "eval_episodes_per_env": 4.0,
  "eval_len_end_mean": 26.0,
  "eval_occupied_post_mean": 0.3999999761581421,
  "eval_return_end_mean": -24.22020721435547,
  "eval_t_eval": 104.0,
  "final_depr_F_post": 0.0,
  "final_energy_E_post": 0.4200896620750427,
  "final_episode_return_end_mean": -26.032445907592773,
  "final_funding_alpha_eff": 0.03400000184774399,
  "final_funding_g": 0.11585675179958344,
  "final_funding_g_raw": 0.11585675179958344,
  "final_update_counter": 6.0,
  "final_vartd_VarTD": 0.16074474155902863,
  "mechanism": "hardzero_only",
  "mechanism_tag": "hardzero_only__c0p58__z1p00__lam0p000__nu0p50__psi0p00",
  "runtime_sec": 9.474256320972927,
  "seed": 58,
  "z_cut": 1.0
}