{
  "alpha": 0.02,
  "c_upd": 0.58,
  "depr_lambda": 0.01,
  "depr_nu": 0.5,
  "depr_psi": 0.75,
  "eval_CSR_post": 0.0,
  "eval_dbar_post_mean": 0.600326418876648,
  "eval_done_count": 100.0,
  "eval_episodes_per_env": 4.0,
  "eval_len_end_mean": 26.0,
  "eval_occupied_post_mean": 0.25999999046325684,
  "eval_return_end_mean": -24.32602310180664,
  "eval_t_eval": 104.0,
  "final_depr_F_post": 11.755173683166504,
  "final_energy_E_post": 0.15185537934303284,
  "final_episode_return_end_mean": -27.956785202026367,
  "final_funding_alpha_eff": 2.9880102374590933e-06,
  "final_funding_g": 0.08904627710580826,
  "final_funding_g_raw": 0.08904627710580826,
  "final_update_counter": 2.0,
  "final_vartd_VarTD": 0.17410443723201752,
  "mechanism": "hardzero_plus_depr",
  "mechanism_tag": "hardzero_plus_depr__c0p58__z1p10__lam0p010__nu0p50__psi0p75",
  "runtime_sec": 10.63624871300999,
  "seed": 40,
  "z_cut": 1.1
}