{
  "alpha": 0.081,
  "borrow_interest": 0.01,
  "borrow_limit": 0.6,
  "c_upd": 0.58,
  "depr_lambda": 0.0,
  "depr_nu": 0.5,
  "depr_psi": 0.0,
  "eval_CSR_post": 0.0,
  "eval_dbar_post_mean": 0.8261665105819702,
  "eval_done_count": 100.0,
  "eval_episodes_per_env": 4.0,
  "eval_len_end_mean": 26.0,
  "eval_occupied_post_mean": 0.09999999403953552,
  "eval_return_end_mean": -27.001108169555664,
  "eval_t_eval": 104.0,
  "family": "borrow",
  "final_depr_F_post": 0.0,
  "final_energy_E_post": -0.6000000238418579,
  "final_update_counter": 3.0,
  "final_vartd_VarTD": 0.13527154922485352,
  "max_debt_level_post": 0.6000000238418579,
  "mean_update_fraction": 0.002400000113993883,
  "mechanism": "hardzero_only",
  "mechanism_tag": "hardzero_only__c0p58__z1p00__lam0p000__nu0p50__psi0p00",
  "runtime_sec": 10.550000890973024,
  "seed": 43,
  "support_mode": "none",
  "support_total": 0.0,
  "total_debt_charge": 6.735123634338379,
  "total_support_s": 0.0,
  "z_cut": 1.0
}