{
  "alpha": 0.056,
  "c_upd": 0.58,
  "depr_lambda": 0.0,
  "depr_nu": 0.5,
  "depr_psi": 0.0,
  "eval_CSR_post": 0.0,
  "eval_dbar_post_mean": 0.5107698440551758,
  "eval_done_count": 100.0,
  "eval_episodes_per_env": 4.0,
  "eval_len_end_mean": 26.0,
  "eval_occupied_post_mean": 0.38999998569488525,
  "eval_return_end_mean": -24.7308292388916,
  "eval_t_eval": 104.0,
  "final_depr_F_post": 0.0,
  "final_energy_E_post": 0.285237580537796,
  "final_episode_return_end_mean": -25.44996452331543,
  "final_funding_alpha_eff": 0.0560000017285347,
  "final_funding_g": 0.12595804035663605,
  "final_funding_g_raw": 0.12595804035663605,
  "final_update_counter": 12.0,
  "final_vartd_VarTD": 0.21256090700626373,
  "mechanism": "hardzero_only",
  "mechanism_tag": "hardzero_only__c0p58__z1p00__lam0p000__nu0p50__psi0p00",
  "runtime_sec": 10.86035820003599,
  "seed": 37,
  "z_cut": 1.0
}