{
  "I_R_full": 1.5497204082668008,
  "alpha": 1.0,
  "borrow_interest": 0.02,
  "borrow_limit": 0.6,
  "c_upd": 0.9,
  "condition": "enabled_full__borrow__t1m__a1p00__c0p90",
  "eval_CSR_post": 0.0,
  "eval_CSR_pre": 0.0,
  "eval_dbar_post_mean": 0.4961123466491699,
  "eval_dbar_pre_mean": 0.4952083230018616,
  "eval_done_count": 100.0,
  "eval_done_per_env_max": 4.0,
  "eval_done_per_env_min": 4.0,
  "eval_episodes_per_env": 4.0,
  "eval_len_end_mean": 26.0,
  "eval_max_tilde_post_mean": 0.7141114473342896,
  "eval_max_tilde_pre_mean": 0.7139140367507935,
  "eval_occupied_post_mean": 0.35999998450279236,
  "eval_occupied_pre_mean": 0.3799999952316284,
  "eval_return_end_mean": -23.417964935302734,
  "eval_t_eval": 104.0,
  "family": "borrow",
  "final_energy": -0.1819019466638565,
  "final_executed_updates": 55.0,
  "final_vartd": 5.152598857879639,
  "learned_R_full_0p5": 1.0,
  "max_debt_level": 0.48443111777305603,
  "mean_update_fraction": 0.17628204822540283,
  "metric_horizon": "full",
  "phase": "extension_full",
  "runtime_sec": 2.8142742449999787,
  "seed": 50,
  "support_mode": "none",
  "support_total": 0.0,
  "total_debt_charge": 0.7230948209762573,
  "total_support_injected": 0.0,
  "total_timesteps": 1000000,
  "train_final_return_end_mean": -22.84588050842285
}