{
  "alpha": 0.1,
  "c_upd": 0.52,
  "depr_lambda": 0.03,
  "depr_nu": 0.5,
  "depr_psi": 0.75,
  "eval_CSR_post": 0.0,
  "eval_dbar_post_mean": 0.5808147192001343,
  "eval_done_count": 100.0,
  "eval_episodes_per_env": 4.0,
  "eval_len_end_mean": 26.0,
  "eval_occupied_post_mean": 0.19999998807907104,
  "eval_return_end_mean": -22.51777458190918,
  "eval_t_eval": 104.0,
  "final_depr_F_post": 37.38010025024414,
  "final_energy_E_post": 0.4149836003780365,
  "final_episode_return_end_mean": -27.989194869995117,
  "final_funding_alpha_eff": 6.827982054541035e-14,
  "final_funding_g": 0.09028400480747223,
  "final_funding_g_raw": 0.09028400480747223,
  "final_update_counter": 2.0,
  "final_vartd_VarTD": 0.21656464040279388,
  "mechanism": "hardzero_plus_depr",
  "mechanism_tag": "hardzero_plus_depr__c0p52__z1p10__lam0p030__nu0p50__psi0p75",
  "runtime_sec": 11.032362782978453,
  "seed": 38,
  "z_cut": 1.1
}