{
  "alpha": 0.04,
  "c_upd": 0.6,
  "depr_lambda": 0.01,
  "depr_nu": 0.5,
  "depr_psi": 1.0,
  "eval_CSR_post": 0.0,
  "eval_dbar_post_mean": 0.5584672093391418,
  "eval_done_count": 100.0,
  "eval_episodes_per_env": 4.0,
  "eval_len_end_mean": 26.0,
  "eval_occupied_post_mean": 0.3799999952316284,
  "eval_return_end_mean": -24.812538146972656,
  "eval_t_eval": 104.0,
  "final_depr_F_post": 12.01017951965332,
  "final_energy_E_post": 0.22596555948257446,
  "final_episode_return_end_mean": -27.509653091430664,
  "final_funding_alpha_eff": 2.457244363540667e-07,
  "final_funding_g": 0.10076888650655746,
  "final_funding_g_raw": 0.10076888650655746,
  "final_update_counter": 2.0,
  "final_vartd_VarTD": 0.14341357350349426,
  "mechanism": "hardzero_plus_depr",
  "mechanism_tag": "hardzero_plus_depr__c0p60__z1p05__lam0p010__nu0p50__psi1p00",
  "runtime_sec": 10.70339583302848,
  "seed": 35,
  "z_cut": 1.05
}