{
  "alpha": 0.025,
  "c_upd": 0.58,
  "depr_lambda": 0.005,
  "depr_nu": 1.0,
  "depr_psi": 0.5,
  "eval_CSR_post": 0.0,
  "eval_dbar_post_mean": 0.7028269171714783,
  "eval_done_count": 100.0,
  "eval_episodes_per_env": 4.0,
  "eval_len_end_mean": 26.0,
  "eval_occupied_post_mean": 0.19999998807907104,
  "eval_return_end_mean": -26.177370071411133,
  "eval_t_eval": 104.0,
  "final_depr_F_post": 6.245095252990723,
  "final_energy_E_post": 0.5657324194908142,
  "final_episode_return_end_mean": -28.267641067504883,
  "final_funding_alpha_eff": 0.0011038767406716943,
  "final_funding_g": 0.0,
  "final_funding_g_raw": 0.08558963239192963,
  "final_update_counter": 1.0,
  "final_vartd_VarTD": 0.19073650240898132,
  "mechanism": "hardzero_plus_depr",
  "mechanism_tag": "hardzero_plus_depr__c0p58__z1p00__lam0p005__nu1p00__psi0p50",
  "runtime_sec": 9.462625270010903,
  "seed": 40,
  "z_cut": 1.0
}