{
  "alpha": 0.061,
  "c_upd": 0.58,
  "depr_lambda": 0.005,
  "depr_nu": 1.0,
  "depr_psi": 0.5,
  "eval_CSR_post": 0.0,
  "eval_dbar_post_mean": 0.5141317248344421,
  "eval_done_count": 100.0,
  "eval_episodes_per_env": 4.0,
  "eval_len_end_mean": 26.0,
  "eval_occupied_post_mean": 0.3700000047683716,
  "eval_return_end_mean": -24.52621078491211,
  "eval_t_eval": 104.0,
  "final_depr_F_post": 0.17499996721744537,
  "final_energy_E_post": 0.3093276619911194,
  "final_episode_return_end_mean": -24.9942626953125,
  "final_funding_alpha_eff": 0.05602925270795822,
  "final_funding_g": 0.14691703021526337,
  "final_funding_g_raw": 0.14691703021526337,
  "final_update_counter": 11.0,
  "final_vartd_VarTD": 0.18317489326000214,
  "mechanism": "hardzero_plus_depr",
  "mechanism_tag": "hardzero_plus_depr__c0p58__z1p00__lam0p005__nu1p00__psi0p50",
  "runtime_sec": 9.480940482928418,
  "seed": 35,
  "z_cut": 1.0
}