{
  "alpha": 0.1,
  "c_upd": 0.52,
  "depr_lambda": 0.0,
  "depr_nu": 0.5,
  "depr_psi": 0.0,
  "eval_CSR_post": 0.029999999329447746,
  "eval_dbar_post_mean": 0.473610520362854,
  "eval_done_count": 100.0,
  "eval_episodes_per_env": 4.0,
  "eval_len_end_mean": 26.0,
  "eval_occupied_post_mean": 0.4899999797344208,
  "eval_return_end_mean": -23.200029373168945,
  "eval_t_eval": 104.0,
  "final_depr_F_post": 0.0,
  "final_energy_E_post": 0.3753582537174225,
  "final_episode_return_end_mean": -24.304548263549805,
  "final_funding_alpha_eff": 0.10000000149011612,
  "final_funding_g": 0.16045473515987396,
  "final_funding_g_raw": 0.16045473515987396,
  "final_update_counter": 34.0,
  "final_vartd_VarTD": 2.4446449279785156,
  "mechanism": "hardzero_only",
  "mechanism_tag": "hardzero_only__c0p52__z1p05__lam0p000__nu0p50__psi0p00",
  "runtime_sec": 10.053774916974362,
  "seed": 36,
  "z_cut": 1.05
}