{
  "alpha": 0.04,
  "c_upd": 0.58,
  "depr_lambda": 0.01,
  "depr_nu": 0.5,
  "depr_psi": 1.25,
  "eval_CSR_post": 0.0,
  "eval_dbar_post_mean": 0.49167487025260925,
  "eval_done_count": 100.0,
  "eval_episodes_per_env": 4.0,
  "eval_len_end_mean": 26.0,
  "eval_occupied_post_mean": 0.4399999976158142,
  "eval_return_end_mean": -21.81523323059082,
  "eval_t_eval": 104.0,
  "final_depr_F_post": 11.910177230834961,
  "final_energy_E_post": 0.14416727423667908,
  "final_episode_return_end_mean": -27.443599700927734,
  "final_funding_alpha_eff": 1.3862242020934445e-08,
  "final_funding_g": 0.09130720794200897,
  "final_funding_g_raw": 0.09130720794200897,
  "final_update_counter": 2.0,
  "final_vartd_VarTD": 0.1904519498348236,
  "mechanism": "hardzero_plus_depr",
  "mechanism_tag": "hardzero_plus_depr__c0p58__z1p05__lam0p010__nu0p50__psi1p25",
  "runtime_sec": 23.897255930001847,
  "seed": 30,
  "z_cut": 1.05
}