{
  "alpha": 0.02,
  "c_upd": 0.54,
  "depr_lambda": 0.01,
  "depr_nu": 0.5,
  "depr_psi": 1.0,
  "eval_CSR_post": 0.009999999776482582,
  "eval_dbar_post_mean": 0.6555294990539551,
  "eval_done_count": 100.0,
  "eval_episodes_per_env": 4.0,
  "eval_len_end_mean": 26.0,
  "eval_occupied_post_mean": 0.3799999952316284,
  "eval_return_end_mean": -24.999305725097656,
  "eval_t_eval": 104.0,
  "final_depr_F_post": 12.01017951965332,
  "final_energy_E_post": 0.11642808467149734,
  "final_episode_return_end_mean": -26.618629455566406,
  "final_funding_alpha_eff": 1.2286221817703336e-07,
  "final_funding_g": 0.11121797561645508,
  "final_funding_g_raw": 0.11121797561645508,
  "final_update_counter": 2.0,
  "final_vartd_VarTD": 0.11914684623479843,
  "mechanism": "hardzero_plus_depr",
  "mechanism_tag": "hardzero_plus_depr__c0p54__z1p05__lam0p010__nu0p50__psi1p00",
  "runtime_sec": 10.928639302030206,
  "seed": 33,
  "z_cut": 1.05
}