{
  "alpha": 0.12,
  "c_upd": 0.54,
  "depr_lambda": 0.01,
  "depr_nu": 0.5,
  "depr_psi": 0.75,
  "eval_CSR_post": 0.0,
  "eval_dbar_post_mean": 0.5260424613952637,
  "eval_done_count": 100.0,
  "eval_episodes_per_env": 4.0,
  "eval_len_end_mean": 26.0,
  "eval_occupied_post_mean": 0.3499999940395355,
  "eval_return_end_mean": -23.441057205200195,
  "eval_t_eval": 104.0,
  "final_depr_F_post": 2.9668917655944824,
  "final_energy_E_post": 0.2474641352891922,
  "final_episode_return_end_mean": -26.444669723510742,
  "final_funding_alpha_eff": 0.013063511811196804,
  "final_funding_g": 0.11735962331295013,
  "final_funding_g_raw": 0.11735962331295013,
  "final_update_counter": 11.0,
  "final_vartd_VarTD": 0.18110674619674683,
  "mechanism": "hardzero_plus_depr",
  "mechanism_tag": "hardzero_plus_depr__c0p54__z1p10__lam0p010__nu0p50__psi0p75",
  "runtime_sec": 10.695188719080761,
  "seed": 41,
  "z_cut": 1.1
}