{
  "alpha": 0.08,
  "c_upd": 0.52,
  "depr_lambda": 0.01,
  "depr_nu": 0.5,
  "depr_psi": 1.25,
  "eval_CSR_post": 0.0,
  "eval_dbar_post_mean": 0.49103158712387085,
  "eval_done_count": 100.0,
  "eval_episodes_per_env": 4.0,
  "eval_len_end_mean": 26.0,
  "eval_occupied_post_mean": 0.5,
  "eval_return_end_mean": -25.096996307373047,
  "eval_t_eval": 104.0,
  "final_depr_F_post": 11.757673263549805,
  "final_energy_E_post": 0.29114243388175964,
  "final_episode_return_end_mean": -26.4867000579834,
  "final_funding_alpha_eff": 3.354694655399726e-08,
  "final_funding_g": 0.10593545436859131,
  "final_funding_g_raw": 0.10593545436859131,
  "final_update_counter": 3.0,
  "final_vartd_VarTD": 0.1881602257490158,
  "mechanism": "hardzero_plus_depr",
  "mechanism_tag": "hardzero_plus_depr__c0p52__z1p10__lam0p010__nu0p50__psi1p25",
  "runtime_sec": 10.835607576998882,
  "seed": 37,
  "z_cut": 1.1
}