{
  "I_R_full_anchor_compat": 0.23454377402792423,
  "above_R_THRESH_FULL_anchor": 0.0,
  "alpha": 1.0,
  "borrow_interest": 0.0,
  "borrow_limit": 0.0,
  "c_upd": 0.9,
  "condition": "enabled_full__support__t4m__a1p00__c0p90",
  "eval_CSR_post": 0.0,
  "eval_CSR_pre": 0.0,
  "eval_dbar_post_mean": 0.6574447154998779,
  "eval_dbar_pre_mean": 0.6559094190597534,
  "eval_done_count": 100.0,
  "eval_done_per_env_max": 4.0,
  "eval_done_per_env_min": 4.0,
  "eval_episodes_per_env": 4.0,
  "eval_len_end_mean": 26.0,
  "eval_max_tilde_post_mean": 0.9428823590278625,
  "eval_max_tilde_pre_mean": 0.9428892135620117,
  "eval_occupied_post_mean": 0.11999999731779099,
  "eval_occupied_pre_mean": 0.10999999940395355,
  "eval_return_end_mean": -26.675594329833984,
  "eval_t_eval": 104.0,
  "family": "support",
  "final_energy": 0.18991318345069885,
  "final_executed_updates": 183.0,
  "final_vartd": 1.702280879020691,
  "max_debt_level": 0.0,
  "mean_update_fraction": 0.14640000462532043,
  "metric_horizon": "long4m",
  "phase": "extension_full",
  "runtime_sec": 11.097233275999315,
  "seed": 34,
  "support_mode": "frontload",
  "support_total": 0.6,
  "total_debt_charge": 0.0,
  "total_support_injected": 0.5999999642372131,
  "total_timesteps": 4000000,
  "train_final_return_end_mean": -24.4390869140625
}