{
  "alpha": 0.12,
  "c_upd": 0.54,
  "depr_lambda": 0.01,
  "depr_nu": 0.5,
  "depr_psi": 0.75,
  "eval_CSR_post": 0.0,
  "eval_dbar_post_mean": 0.5102536678314209,
  "eval_done_count": 100.0,
  "eval_episodes_per_env": 4.0,
  "eval_len_end_mean": 26.0,
  "eval_occupied_post_mean": 0.3700000047683716,
  "eval_return_end_mean": -24.402318954467773,
  "eval_t_eval": 104.0,
  "final_depr_F_post": 1.9187604188919067,
  "final_energy_E_post": 0.359876811504364,
  "final_episode_return_end_mean": -24.57706069946289,
  "final_funding_alpha_eff": 0.02867201156914234,
  "final_funding_g": 0.15182167291641235,
  "final_funding_g_raw": 0.15182167291641235,
  "final_update_counter": 13.0,
  "final_vartd_VarTD": 0.1875801980495453,
  "mechanism": "hardzero_plus_depr",
  "mechanism_tag": "hardzero_plus_depr__c0p54__z1p10__lam0p010__nu0p50__psi0p75",
  "runtime_sec": 10.73202349001076,
  "seed": 33,
  "z_cut": 1.1
}