{
  "alpha": 0.1,
  "c_upd": 0.56,
  "depr_lambda": 0.0,
  "depr_nu": 0.5,
  "depr_psi": 0.0,
  "eval_CSR_post": 0.0,
  "eval_dbar_post_mean": 0.4941973090171814,
  "eval_done_count": 100.0,
  "eval_episodes_per_env": 4.0,
  "eval_len_end_mean": 26.0,
  "eval_occupied_post_mean": 0.3799999952316284,
  "eval_return_end_mean": -23.688167572021484,
  "eval_t_eval": 104.0,
  "final_depr_F_post": 0.0,
  "final_energy_E_post": 0.04610441252589226,
  "final_episode_return_end_mean": -24.953746795654297,
  "final_funding_alpha_eff": 0.10000000149011612,
  "final_funding_g": 0.15701991319656372,
  "final_funding_g_raw": 0.15701991319656372,
  "final_update_counter": 33.0,
  "final_vartd_VarTD": 2.392960786819458,
  "mechanism": "hardzero_only",
  "mechanism_tag": "hardzero_only__c0p56__z1p10__lam0p000__nu0p50__psi0p00",
  "runtime_sec": 9.936549140955321,
  "seed": 31,
  "z_cut": 1.1
}