{
  "I_R_full": 2.4273803649728696,
  "alpha": 0.1,
  "borrow_interest": 0.0,
  "borrow_limit": 0.0,
  "c_upd": 1.0,
  "condition": "edge_full__base__t1m__a0p10__c1p00",
  "eval_CSR_post": 0.0,
  "eval_CSR_pre": 0.0,
  "eval_dbar_post_mean": 0.517393946647644,
  "eval_dbar_pre_mean": 0.5138614177703857,
  "eval_done_count": 100.0,
  "eval_done_per_env_max": 4.0,
  "eval_done_per_env_min": 4.0,
  "eval_episodes_per_env": 4.0,
  "eval_len_end_mean": 26.0,
  "eval_max_tilde_post_mean": 0.7419986724853516,
  "eval_max_tilde_pre_mean": 0.7335318326950073,
  "eval_occupied_post_mean": 0.3400000035762787,
  "eval_occupied_pre_mean": 0.3799999952316284,
  "eval_return_end_mean": -21.244043350219727,
  "eval_t_eval": 104.0,
  "family": "base",
  "final_energy": 0.9360422492027283,
  "final_executed_updates": 3.0,
  "final_vartd": 0.1506441980600357,
  "learned_R_full_0p5": 1.0,
  "max_debt_level": 0.0,
  "mean_update_fraction": 0.009615384973585606,
  "metric_horizon": "full",
  "phase": "extension_full",
  "runtime_sec": 2.8790065409993986,
  "seed": 38,
  "support_mode": "none",
  "support_total": 0.0,
  "total_debt_charge": 0.0,
  "total_support_injected": 0.0,
  "total_timesteps": 1000000,
  "train_final_return_end_mean": -26.572433471679688
}