{
  "alpha": 0.1,
  "c_upd": 0.6,
  "depr_lambda": 0.0,
  "depr_nu": 0.5,
  "depr_psi": 0.0,
  "eval_CSR_post": 0.029999999329447746,
  "eval_dbar_post_mean": 0.48021969199180603,
  "eval_done_count": 100.0,
  "eval_episodes_per_env": 4.0,
  "eval_len_end_mean": 26.0,
  "eval_occupied_post_mean": 0.4599999785423279,
  "eval_return_end_mean": -24.48021125793457,
  "eval_t_eval": 104.0,
  "final_depr_F_post": 0.0,
  "final_energy_E_post": 0.5534860491752625,
  "final_episode_return_end_mean": -24.925657272338867,
  "final_funding_alpha_eff": 0.10000000149011612,
  "final_funding_g": 0.15169285237789154,
  "final_funding_g_raw": 0.15169285237789154,
  "final_update_counter": 27.0,
  "final_vartd_VarTD": 1.391798734664917,
  "mechanism": "hardzero_only",
  "mechanism_tag": "hardzero_only__c0p60__z1p10__lam0p000__nu0p50__psi0p00",
  "runtime_sec": 9.963593119988218,
  "seed": 36,
  "z_cut": 1.1
}