{
  "alpha": 0.05,
  "c_upd": 0.56,
  "depr_lambda": 0.0,
  "depr_nu": 0.5,
  "depr_psi": 0.0,
  "eval_CSR_post": 0.0,
  "eval_dbar_post_mean": 0.5032931566238403,
  "eval_done_count": 100.0,
  "eval_episodes_per_env": 4.0,
  "eval_len_end_mean": 26.0,
  "eval_occupied_post_mean": 0.35999998450279236,
  "eval_return_end_mean": -23.625926971435547,
  "eval_t_eval": 104.0,
  "final_depr_F_post": 0.0,
  "final_energy_E_post": 0.08146186172962189,
  "final_episode_return_end_mean": -26.42380142211914,
  "final_funding_alpha_eff": 0.05000000074505806,
  "final_funding_g": 0.12399941682815552,
  "final_funding_g_raw": 0.12399941682815552,
  "final_update_counter": 10.0,
  "final_vartd_VarTD": 0.18282906711101532,
  "mechanism": "hardzero_only",
  "mechanism_tag": "hardzero_only__c0p56__z1p00__lam0p000__nu0p50__psi0p00",
  "runtime_sec": 9.642748678015778,
  "seed": 41,
  "z_cut": 1.0
}