{
  "alpha": 0.03,
  "c_upd": 0.54,
  "depr_lambda": 0.01,
  "depr_nu": 0.5,
  "depr_psi": 0.75,
  "eval_CSR_post": 0.0,
  "eval_dbar_post_mean": 0.6262778043746948,
  "eval_done_count": 100.0,
  "eval_episodes_per_env": 4.0,
  "eval_len_end_mean": 26.0,
  "eval_occupied_post_mean": 0.19999998807907104,
  "eval_return_end_mean": -25.2064151763916,
  "eval_t_eval": 104.0,
  "final_depr_F_post": 12.325186729431152,
  "final_energy_E_post": 0.34831711649894714,
  "final_episode_return_end_mean": -27.847021102905273,
  "final_funding_alpha_eff": 2.922859721365967e-06,
  "final_funding_g": 0.09013863652944565,
  "final_funding_g_raw": 0.09013863652944565,
  "final_update_counter": 2.0,
  "final_vartd_VarTD": 0.170322984457016,
  "mechanism": "hardzero_plus_depr",
  "mechanism_tag": "hardzero_plus_depr__c0p54__z1p10__lam0p010__nu0p50__psi0p75",
  "runtime_sec": 10.794369164970703,
  "seed": 40,
  "z_cut": 1.1
}