{
  "alpha": 0.01,
  "c_upd": 0.54,
  "depr_lambda": 0.01,
  "depr_nu": 0.5,
  "depr_psi": 0.75,
  "eval_CSR_post": 0.009999999776482582,
  "eval_dbar_post_mean": 0.5722849369049072,
  "eval_done_count": 100.0,
  "eval_episodes_per_env": 4.0,
  "eval_len_end_mean": 26.0,
  "eval_occupied_post_mean": 0.2800000011920929,
  "eval_return_end_mean": -24.273284912109375,
  "eval_t_eval": 104.0,
  "final_depr_F_post": 11.535168647766113,
  "final_energy_E_post": 0.05686775594949722,
  "final_episode_return_end_mean": -27.477937698364258,
  "final_funding_alpha_eff": 1.7620259313844144e-06,
  "final_funding_g": 0.1032341793179512,
  "final_funding_g_raw": 0.1032341793179512,
  "final_update_counter": 2.0,
  "final_vartd_VarTD": 0.15004286170005798,
  "mechanism": "hardzero_plus_depr",
  "mechanism_tag": "hardzero_plus_depr__c0p54__z1p05__lam0p010__nu0p50__psi0p75",
  "runtime_sec": 10.744232275988907,
  "seed": 35,
  "z_cut": 1.05
}