{
  "alpha": 0.02,
  "c_upd": 0.52,
  "depr_lambda": 0.03,
  "depr_nu": 0.5,
  "depr_psi": 1.25,
  "eval_CSR_post": 0.0,
  "eval_dbar_post_mean": 0.6683231592178345,
  "eval_done_count": 100.0,
  "eval_episodes_per_env": 4.0,
  "eval_len_end_mean": 26.0,
  "eval_occupied_post_mean": 0.29999998211860657,
  "eval_return_end_mean": -26.177330017089844,
  "eval_t_eval": 104.0,
  "final_depr_F_post": 36.78012466430664,
  "final_energy_E_post": 0.024185219779610634,
  "final_episode_return_end_mean": -27.731441497802734,
  "final_funding_alpha_eff": 2.2416061961303845e-22,
  "final_funding_g": 0.09577209502458572,
  "final_funding_g_raw": 0.09577209502458572,
  "final_update_counter": 2.0,
  "final_vartd_VarTD": 0.1613844335079193,
  "mechanism": "hardzero_plus_depr",
  "mechanism_tag": "hardzero_plus_depr__c0p52__z1p10__lam0p030__nu0p50__psi1p25",
  "runtime_sec": 10.674977002025116,
  "seed": 41,
  "z_cut": 1.1
}