{
  "alpha": 0.04,
  "c_upd": 0.6,
  "depr_lambda": 0.02,
  "depr_nu": 0.5,
  "depr_psi": 0.75,
  "eval_CSR_post": 0.0,
  "eval_dbar_post_mean": 0.5494036674499512,
  "eval_done_count": 100.0,
  "eval_episodes_per_env": 4.0,
  "eval_len_end_mean": 26.0,
  "eval_occupied_post_mean": 0.4099999964237213,
  "eval_return_end_mean": -23.90020751953125,
  "eval_t_eval": 104.0,
  "final_depr_F_post": 23.92035675048828,
  "final_energy_E_post": 0.1229521706700325,
  "final_episode_return_end_mean": -27.347490310668945,
  "final_funding_alpha_eff": 6.564713217471763e-10,
  "final_funding_g": 0.09441021084785461,
  "final_funding_g_raw": 0.09441021084785461,
  "final_update_counter": 2.0,
  "final_vartd_VarTD": 0.1877082735300064,
  "mechanism": "hardzero_plus_depr",
  "mechanism_tag": "hardzero_plus_depr__c0p60__z1p10__lam0p020__nu0p50__psi0p75",
  "runtime_sec": 24.110165198915638,
  "seed": 30,
  "z_cut": 1.1
}