{
  "alpha": 0.073,
  "c_upd": 0.58,
  "depr_lambda": 0.0,
  "depr_nu": 0.5,
  "depr_psi": 0.0,
  "eval_CSR_post": 0.009999999776482582,
  "eval_dbar_post_mean": 0.6390950083732605,
  "eval_done_count": 100.0,
  "eval_episodes_per_env": 4.0,
  "eval_len_end_mean": 26.0,
  "eval_occupied_post_mean": 0.23999999463558197,
  "eval_return_end_mean": -24.5378360748291,
  "eval_t_eval": 104.0,
  "final_depr_F_post": 0.0,
  "final_energy_E_post": 0.08834854513406754,
  "final_episode_return_end_mean": -26.334274291992188,
  "final_funding_alpha_eff": 0.0729999989271164,
  "final_funding_g": 0.10514705628156662,
  "final_funding_g_raw": 0.10514705628156662,
  "final_update_counter": 5.0,
  "final_vartd_VarTD": 0.13454660773277283,
  "mechanism": "hardzero_only",
  "mechanism_tag": "hardzero_only__c0p58__z1p00__lam0p000__nu0p50__psi0p00",
  "runtime_sec": 9.460575115983374,
  "seed": 60,
  "z_cut": 1.0
}