{
  "alpha": 0.028,
  "c_upd": 0.58,
  "depr_lambda": 0.0,
  "depr_nu": 0.5,
  "depr_psi": 0.0,
  "eval_CSR_post": 0.0,
  "eval_dbar_post_mean": 0.5197730660438538,
  "eval_done_count": 100.0,
  "eval_episodes_per_env": 4.0,
  "eval_len_end_mean": 26.0,
  "eval_occupied_post_mean": 0.4399999976158142,
  "eval_return_end_mean": -24.275714874267578,
  "eval_t_eval": 104.0,
  "final_depr_F_post": 0.0,
  "final_energy_E_post": 0.47544705867767334,
  "final_episode_return_end_mean": -26.313486099243164,
  "final_funding_alpha_eff": 0.02800000086426735,
  "final_funding_g": 0.11242231726646423,
  "final_funding_g_raw": 0.11242231726646423,
  "final_update_counter": 5.0,
  "final_vartd_VarTD": 0.1270829737186432,
  "mechanism": "hardzero_only",
  "mechanism_tag": "hardzero_only__c0p58__z1p00__lam0p000__nu0p50__psi0p00",
  "runtime_sec": 9.528298971941695,
  "seed": 57,
  "z_cut": 1.0
}