{
  "alpha": 0.08,
  "c_upd": 0.54,
  "depr_lambda": 0.01,
  "depr_nu": 0.5,
  "depr_psi": 0.75,
  "eval_CSR_post": 0.0,
  "eval_dbar_post_mean": 0.49301695823669434,
  "eval_done_count": 100.0,
  "eval_episodes_per_env": 4.0,
  "eval_len_end_mean": 26.0,
  "eval_occupied_post_mean": 0.41999998688697815,
  "eval_return_end_mean": -22.90150260925293,
  "eval_t_eval": 104.0,
  "final_depr_F_post": 10.713899612426758,
  "final_energy_E_post": 0.4957793653011322,
  "final_episode_return_end_mean": -26.58155632019043,
  "final_funding_alpha_eff": 2.6097965019289404e-05,
  "final_funding_g": 0.11996952444314957,
  "final_funding_g_raw": 0.11996952444314957,
  "final_update_counter": 4.0,
  "final_vartd_VarTD": 0.131392702460289,
  "mechanism": "hardzero_plus_depr",
  "mechanism_tag": "hardzero_plus_depr__c0p54__z1p05__lam0p010__nu0p50__psi0p75",
  "runtime_sec": 10.896898910985328,
  "seed": 35,
  "z_cut": 1.05
}