{
  "alpha": 0.063,
  "c_upd": 0.58,
  "depr_lambda": 0.0,
  "depr_nu": 0.5,
  "depr_psi": 0.0,
  "eval_CSR_post": 0.0,
  "eval_dbar_post_mean": 0.4797532558441162,
  "eval_done_count": 100.0,
  "eval_episodes_per_env": 4.0,
  "eval_len_end_mean": 26.0,
  "eval_occupied_post_mean": 0.41999998688697815,
  "eval_return_end_mean": -23.689369201660156,
  "eval_t_eval": 104.0,
  "final_depr_F_post": 0.0,
  "final_energy_E_post": 0.21877431869506836,
  "final_episode_return_end_mean": -25.914878845214844,
  "final_funding_alpha_eff": 0.06300000101327896,
  "final_funding_g": 0.12211450189352036,
  "final_funding_g_raw": 0.12211450189352036,
  "final_update_counter": 15.0,
  "final_vartd_VarTD": 0.2725186347961426,
  "mechanism": "hardzero_only",
  "mechanism_tag": "hardzero_only__c0p58__z1p00__lam0p000__nu0p50__psi0p00",
  "runtime_sec": 10.866489342064597,
  "seed": 55,
  "z_cut": 1.0
}