{
  "alpha": 0.05,
  "c_upd": 0.5,
  "depr_lambda": 0.0,
  "depr_nu": 0.5,
  "depr_psi": 0.0,
  "eval_CSR_post": 0.0,
  "eval_dbar_post_mean": 0.501815915107727,
  "eval_done_count": 100.0,
  "eval_episodes_per_env": 4.0,
  "eval_len_end_mean": 26.0,
  "eval_occupied_post_mean": 0.3999999761581421,
  "eval_return_end_mean": -24.044477462768555,
  "eval_t_eval": 104.0,
  "final_depr_F_post": 0.0,
  "final_energy_E_post": 0.22787398099899292,
  "final_episode_return_end_mean": -25.818002700805664,
  "final_funding_alpha_eff": 0.05000000074505806,
  "final_funding_g": 0.13547775149345398,
  "final_funding_g_raw": 0.13547775149345398,
  "final_update_counter": 17.0,
  "final_vartd_VarTD": 0.3747027516365051,
  "mechanism": "hardzero_only",
  "mechanism_tag": "hardzero_only__c0p50__z1p10__lam0p000__nu0p50__psi0p00",
  "runtime_sec": 9.839822451001965,
  "seed": 31,
  "z_cut": 1.1
}