{
  "I_R_full": 1.4818592171884644,
  "alpha": 1.0,
  "borrow_interest": 0.0,
  "borrow_limit": 0.0,
  "c_upd": 0.9,
  "condition": "enabled_full__base__t1m__a1p00__c0p90",
  "eval_CSR_post": 0.009999999776482582,
  "eval_CSR_pre": 0.009999999776482582,
  "eval_dbar_post_mean": 0.47920629382133484,
  "eval_dbar_pre_mean": 0.4741700291633606,
  "eval_done_count": 100.0,
  "eval_done_per_env_max": 4.0,
  "eval_done_per_env_min": 4.0,
  "eval_episodes_per_env": 4.0,
  "eval_len_end_mean": 26.0,
  "eval_max_tilde_post_mean": 0.6699928045272827,
  "eval_max_tilde_pre_mean": 0.6591878533363342,
  "eval_occupied_post_mean": 0.3400000035762787,
  "eval_occupied_pre_mean": 0.35999998450279236,
  "eval_return_end_mean": -23.5860538482666,
  "eval_t_eval": 104.0,
  "family": "base",
  "final_energy": 0.818771243095398,
  "final_executed_updates": 50.0,
  "final_vartd": 5.306826591491699,
  "learned_R_full_0p5": 1.0,
  "max_debt_level": 0.0,
  "mean_update_fraction": 0.16025641560554504,
  "metric_horizon": "full",
  "phase": "extension_full",
  "runtime_sec": 2.7928539799995633,
  "seed": 41,
  "support_mode": "none",
  "support_total": 0.0,
  "total_debt_charge": 0.0,
  "total_support_injected": 0.0,
  "total_timesteps": 1000000,
  "train_final_return_end_mean": -24.016050338745117
}