{
  "alpha": 0.12,
  "c_upd": 0.54,
  "depr_lambda": 0.01,
  "depr_nu": 0.5,
  "depr_psi": 0.75,
  "eval_CSR_post": 0.0,
  "eval_dbar_post_mean": 0.569299578666687,
  "eval_done_count": 100.0,
  "eval_episodes_per_env": 4.0,
  "eval_len_end_mean": 26.0,
  "eval_occupied_post_mean": 0.3100000023841858,
  "eval_return_end_mean": -24.24227523803711,
  "eval_t_eval": 104.0,
  "final_depr_F_post": 2.3363382816314697,
  "final_energy_E_post": 0.4068591296672821,
  "final_episode_return_end_mean": -25.417665481567383,
  "final_funding_alpha_eff": 0.020962560549378395,
  "final_funding_g": 0.12310169637203217,
  "final_funding_g_raw": 0.12310169637203217,
  "final_update_counter": 13.0,
  "final_vartd_VarTD": 0.22310245037078857,
  "mechanism": "hardzero_plus_depr",
  "mechanism_tag": "hardzero_plus_depr__c0p54__z1p10__lam0p010__nu0p50__psi0p75",
  "runtime_sec": 10.708044058992527,
  "seed": 39,
  "z_cut": 1.1
}