{
  "alpha": 0.08,
  "c_upd": 0.5,
  "depr_lambda": 0.03,
  "depr_nu": 0.5,
  "depr_psi": 0.75,
  "eval_CSR_post": 0.0,
  "eval_dbar_post_mean": 0.5949341058731079,
  "eval_done_count": 100.0,
  "eval_episodes_per_env": 4.0,
  "eval_len_end_mean": 26.0,
  "eval_occupied_post_mean": 0.2800000011920929,
  "eval_return_end_mean": -25.229522705078125,
  "eval_t_eval": 104.0,
  "final_depr_F_post": 37.44009780883789,
  "final_energy_E_post": 0.32353103160858154,
  "final_episode_return_end_mean": -27.908580780029297,
  "final_funding_alpha_eff": 5.222036385667088e-14,
  "final_funding_g": 0.09459474682807922,
  "final_funding_g_raw": 0.09459474682807922,
  "final_update_counter": 2.0,
  "final_vartd_VarTD": 0.16098706424236298,
  "mechanism": "hardzero_plus_depr",
  "mechanism_tag": "hardzero_plus_depr__c0p50__z1p05__lam0p030__nu0p50__psi0p75",
  "runtime_sec": 10.770897463953588,
  "seed": 41,
  "z_cut": 1.05
}