{
  "alpha": 0.12,
  "c_upd": 0.52,
  "depr_lambda": 0.01,
  "depr_nu": 0.5,
  "depr_psi": 1.25,
  "eval_CSR_post": 0.009999999776482582,
  "eval_dbar_post_mean": 0.5333297848701477,
  "eval_done_count": 100.0,
  "eval_episodes_per_env": 4.0,
  "eval_len_end_mean": 26.0,
  "eval_occupied_post_mean": 0.429999977350235,
  "eval_return_end_mean": -23.255151748657227,
  "eval_t_eval": 104.0,
  "final_depr_F_post": 10.767650604248047,
  "final_energy_E_post": 0.21580515801906586,
  "final_episode_return_end_mean": -26.33396339416504,
  "final_funding_alpha_eff": 1.73458573726748e-07,
  "final_funding_g": 0.09527353942394257,
  "final_funding_g_raw": 0.09527353942394257,
  "final_update_counter": 4.0,
  "final_vartd_VarTD": 0.13079358637332916,
  "mechanism": "hardzero_plus_depr",
  "mechanism_tag": "hardzero_plus_depr__c0p52__z1p05__lam0p010__nu0p50__psi1p25",
  "runtime_sec": 10.813454180024564,
  "seed": 32,
  "z_cut": 1.05
}