{
  "alpha": 0.069,
  "c_upd": 0.58,
  "depr_lambda": 0.0,
  "depr_nu": 0.5,
  "depr_psi": 0.0,
  "eval_CSR_post": 0.0,
  "eval_dbar_post_mean": 0.5051337480545044,
  "eval_done_count": 100.0,
  "eval_episodes_per_env": 4.0,
  "eval_len_end_mean": 26.0,
  "eval_occupied_post_mean": 0.35999998450279236,
  "eval_return_end_mean": -22.59963607788086,
  "eval_t_eval": 104.0,
  "final_depr_F_post": 0.0,
  "final_energy_E_post": 0.5153899192810059,
  "final_episode_return_end_mean": -24.37583351135254,
  "final_funding_alpha_eff": 0.0689999982714653,
  "final_funding_g": 0.15706652402877808,
  "final_funding_g_raw": 0.15706652402877808,
  "final_update_counter": 16.0,
  "final_vartd_VarTD": 0.3523620069026947,
  "mechanism": "hardzero_only",
  "mechanism_tag": "hardzero_only__c0p58__z1p00__lam0p000__nu0p50__psi0p00",
  "runtime_sec": 9.496891240938567,
  "seed": 45,
  "z_cut": 1.0
}