{
  "alpha": 0.1,
  "c_upd": 0.6,
  "depr_lambda": 0.0,
  "depr_nu": 0.5,
  "depr_psi": 0.0,
  "eval_CSR_post": 0.009999999776482582,
  "eval_dbar_post_mean": 0.5174686908721924,
  "eval_done_count": 100.0,
  "eval_episodes_per_env": 4.0,
  "eval_len_end_mean": 26.0,
  "eval_occupied_post_mean": 0.29999998211860657,
  "eval_return_end_mean": -23.843158721923828,
  "eval_t_eval": 104.0,
  "final_depr_F_post": 0.0,
  "final_energy_E_post": 0.08044750243425369,
  "final_episode_return_end_mean": -25.287708282470703,
  "final_funding_alpha_eff": 0.10000000149011612,
  "final_funding_g": 0.1463349461555481,
  "final_funding_g_raw": 0.1463349461555481,
  "final_update_counter": 18.0,
  "final_vartd_VarTD": 0.44310933351516724,
  "mechanism": "hardzero_only",
  "mechanism_tag": "hardzero_only__c0p60__z1p00__lam0p000__nu0p50__psi0p00",
  "runtime_sec": 9.825574627961032,
  "seed": 31,
  "z_cut": 1.0
}