{
  "alpha": 0.03,
  "c_upd": 0.5,
  "depr_lambda": 0.0,
  "depr_nu": 0.5,
  "depr_psi": 0.0,
  "eval_CSR_post": 0.0,
  "eval_dbar_post_mean": 0.5459138751029968,
  "eval_done_count": 100.0,
  "eval_episodes_per_env": 4.0,
  "eval_len_end_mean": 26.0,
  "eval_occupied_post_mean": 0.28999999165534973,
  "eval_return_end_mean": -23.913299560546875,
  "eval_t_eval": 104.0,
  "final_depr_F_post": 0.0,
  "final_energy_E_post": 0.4132309854030609,
  "final_episode_return_end_mean": -26.095766067504883,
  "final_funding_alpha_eff": 0.029999999329447746,
  "final_funding_g": 0.12150109559297562,
  "final_funding_g_raw": 0.12150109559297562,
  "final_update_counter": 9.0,
  "final_vartd_VarTD": 0.15092825889587402,
  "mechanism": "hardzero_only",
  "mechanism_tag": "hardzero_only__c0p50__z1p05__lam0p000__nu0p50__psi0p00",
  "runtime_sec": 9.936005335010123,
  "seed": 40,
  "z_cut": 1.05
}