{
  "alpha": 0.04,
  "c_upd": 0.5,
  "depr_lambda": 0.01,
  "depr_nu": 0.5,
  "depr_psi": 0.75,
  "eval_CSR_post": 0.0,
  "eval_dbar_post_mean": 0.5695763230323792,
  "eval_done_count": 100.0,
  "eval_episodes_per_env": 4.0,
  "eval_len_end_mean": 26.0,
  "eval_occupied_post_mean": 0.23999999463558197,
  "eval_return_end_mean": -24.199121475219727,
  "eval_t_eval": 104.0,
  "final_depr_F_post": 10.500144958496094,
  "final_energy_E_post": 0.12606480717658997,
  "final_episode_return_end_mean": -27.596643447875977,
  "final_funding_alpha_eff": 1.5317960787797347e-05,
  "final_funding_g": 0.09744735062122345,
  "final_funding_g_raw": 0.09744735062122345,
  "final_update_counter": 3.0,
  "final_vartd_VarTD": 0.15605726838111877,
  "mechanism": "hardzero_plus_depr",
  "mechanism_tag": "hardzero_plus_depr__c0p50__z1p10__lam0p010__nu0p50__psi0p75",
  "runtime_sec": 10.778093072003685,
  "seed": 41,
  "z_cut": 1.1
}