{
  "alpha": 0.08,
  "c_upd": 0.54,
  "depr_lambda": 0.01,
  "depr_nu": 0.5,
  "depr_psi": 1.25,
  "eval_CSR_post": 0.0,
  "eval_dbar_post_mean": 0.5506572723388672,
  "eval_done_count": 100.0,
  "eval_episodes_per_env": 4.0,
  "eval_len_end_mean": 26.0,
  "eval_occupied_post_mean": 0.35999998450279236,
  "eval_return_end_mean": -24.451915740966797,
  "eval_t_eval": 104.0,
  "final_depr_F_post": 12.18518352508545,
  "final_energy_E_post": 0.1334536075592041,
  "final_episode_return_end_mean": -27.685033798217773,
  "final_funding_alpha_eff": 1.965945273241232e-08,
  "final_funding_g": 0.0,
  "final_funding_g_raw": 0.09923435002565384,
  "final_update_counter": 2.0,
  "final_vartd_VarTD": 0.1529974639415741,
  "mechanism": "hardzero_plus_depr",
  "mechanism_tag": "hardzero_plus_depr__c0p54__z1p00__lam0p010__nu0p50__psi1p25",
  "runtime_sec": 10.198879325005691,
  "seed": 35,
  "z_cut": 1.0
}