{
  "alpha": 0.08,
  "c_upd": 0.5,
  "depr_lambda": 0.01,
  "depr_nu": 0.5,
  "depr_psi": 0.75,
  "eval_CSR_post": 0.0,
  "eval_dbar_post_mean": 0.5301381945610046,
  "eval_done_count": 100.0,
  "eval_episodes_per_env": 4.0,
  "eval_len_end_mean": 26.0,
  "eval_occupied_post_mean": 0.3400000035762787,
  "eval_return_end_mean": -24.08173942565918,
  "eval_t_eval": 104.0,
  "final_depr_F_post": 9.805129051208496,
  "final_energy_E_post": 0.42484402656555176,
  "final_episode_return_end_mean": -26.625192642211914,
  "final_funding_alpha_eff": 5.159552893019281e-05,
  "final_funding_g": 0.12147688120603561,
  "final_funding_g_raw": 0.12147688120603561,
  "final_update_counter": 5.0,
  "final_vartd_VarTD": 0.13339723646640778,
  "mechanism": "hardzero_plus_depr",
  "mechanism_tag": "hardzero_plus_depr__c0p50__z1p10__lam0p010__nu0p50__psi0p75",
  "runtime_sec": 10.865109767997637,
  "seed": 35,
  "z_cut": 1.1
}