{
  "alpha": 0.1,
  "c_upd": 0.58,
  "depr_lambda": 0.0,
  "depr_nu": 0.5,
  "depr_psi": 0.0,
  "eval_CSR_post": 0.0,
  "eval_dbar_post_mean": 0.4826558828353882,
  "eval_done_count": 100.0,
  "eval_episodes_per_env": 4.0,
  "eval_len_end_mean": 26.0,
  "eval_occupied_post_mean": 0.3700000047683716,
  "eval_return_end_mean": -22.288787841796875,
  "eval_t_eval": 104.0,
  "final_depr_F_post": 0.0,
  "final_energy_E_post": 0.10113168507814407,
  "final_episode_return_end_mean": -24.040851593017578,
  "final_funding_alpha_eff": 0.10000000149011612,
  "final_funding_g": 0.17075419425964355,
  "final_funding_g_raw": 0.17075419425964355,
  "final_update_counter": 31.0,
  "final_vartd_VarTD": 2.1956067085266113,
  "mechanism": "hardzero_only",
  "mechanism_tag": "hardzero_only__c0p58__z1p10__lam0p000__nu0p50__psi0p00",
  "runtime_sec": 10.026752003992442,
  "seed": 38,
  "z_cut": 1.1
}