{
  "alpha": 0.049,
  "c_upd": 0.58,
  "depr_lambda": 0.0,
  "depr_nu": 0.5,
  "depr_psi": 0.0,
  "eval_CSR_post": 0.0,
  "eval_dbar_post_mean": 0.5166943073272705,
  "eval_done_count": 100.0,
  "eval_episodes_per_env": 4.0,
  "eval_len_end_mean": 26.0,
  "eval_occupied_post_mean": 0.3700000047683716,
  "eval_return_end_mean": -24.36231231689453,
  "eval_t_eval": 104.0,
  "final_depr_F_post": 0.0,
  "final_energy_E_post": 0.2827357053756714,
  "final_episode_return_end_mean": -24.931589126586914,
  "final_funding_alpha_eff": 0.04899999871850014,
  "final_funding_g": 0.13774147629737854,
  "final_funding_g_raw": 0.13774147629737854,
  "final_update_counter": 9.0,
  "final_vartd_VarTD": 0.1491900086402893,
  "mechanism": "hardzero_only",
  "mechanism_tag": "hardzero_only__c0p58__z1p00__lam0p000__nu0p50__psi0p00",
  "runtime_sec": 9.473847990040667,
  "seed": 43,
  "z_cut": 1.0
}