{
  "alpha": 0.12,
  "c_upd": 0.54,
  "depr_lambda": 0.0,
  "depr_nu": 0.5,
  "depr_psi": 0.0,
  "eval_CSR_post": 0.0,
  "eval_dbar_post_mean": 0.501197338104248,
  "eval_done_count": 100.0,
  "eval_episodes_per_env": 4.0,
  "eval_len_end_mean": 26.0,
  "eval_occupied_post_mean": 0.3100000023841858,
  "eval_return_end_mean": -22.859638214111328,
  "eval_t_eval": 104.0,
  "final_depr_F_post": 0.0,
  "final_energy_E_post": 0.03355315327644348,
  "final_episode_return_end_mean": -24.113279342651367,
  "final_funding_alpha_eff": 0.11999999731779099,
  "final_funding_g": 0.1778033822774887,
  "final_funding_g_raw": 0.1778033822774887,
  "final_update_counter": 41.0,
  "final_vartd_VarTD": 3.728402614593506,
  "mechanism": "hardzero_only",
  "mechanism_tag": "hardzero_only__c0p54__z1p10__lam0p000__nu0p50__psi0p00",
  "runtime_sec": 9.74550455500139,
  "seed": 31,
  "z_cut": 1.1
}