{
  "alpha": 0.12,
  "c_upd": 0.54,
  "depr_lambda": 0.03,
  "depr_nu": 0.5,
  "depr_psi": 0.75,
  "eval_CSR_post": 0.0,
  "eval_dbar_post_mean": 0.6176888942718506,
  "eval_done_count": 100.0,
  "eval_episodes_per_env": 4.0,
  "eval_len_end_mean": 26.0,
  "eval_occupied_post_mean": 0.23999999463558197,
  "eval_return_end_mean": -24.998085021972656,
  "eval_t_eval": 104.0,
  "final_depr_F_post": 36.090152740478516,
  "final_energy_E_post": 0.05626269429922104,
  "final_episode_return_end_mean": -28.0821590423584,
  "final_funding_alpha_eff": 2.1559385949675852e-13,
  "final_funding_g": 0.0,
  "final_funding_g_raw": 0.0899016484618187,
  "final_update_counter": 2.0,
  "final_vartd_VarTD": 0.11881073564291,
  "mechanism": "hardzero_plus_depr",
  "mechanism_tag": "hardzero_plus_depr__c0p54__z1p00__lam0p030__nu0p50__psi0p75",
  "runtime_sec": 10.007398947956972,
  "seed": 31,
  "z_cut": 1.0
}