{
  "alpha": 0.05,
  "c_upd": 0.56,
  "depr_lambda": 0.02,
  "depr_nu": 0.5,
  "depr_psi": 0.75,
  "eval_CSR_post": 0.0,
  "eval_dbar_post_mean": 0.7268115282058716,
  "eval_done_count": 100.0,
  "eval_episodes_per_env": 4.0,
  "eval_len_end_mean": 26.0,
  "eval_occupied_post_mean": 0.1899999976158142,
  "eval_return_end_mean": -27.22994041442871,
  "eval_t_eval": 104.0,
  "final_depr_F_post": 24.630373001098633,
  "final_energy_E_post": 0.24865087866783142,
  "final_episode_return_end_mean": -27.827228546142578,
  "final_funding_alpha_eff": 4.817907739429472e-10,
  "final_funding_g": 0.09519295394420624,
  "final_funding_g_raw": 0.09519295394420624,
  "final_update_counter": 2.0,
  "final_vartd_VarTD": 0.16160649061203003,
  "mechanism": "hardzero_plus_depr",
  "mechanism_tag": "hardzero_plus_depr__c0p56__z1p10__lam0p020__nu0p50__psi0p75",
  "runtime_sec": 10.64484300406184,
  "seed": 41,
  "z_cut": 1.1
}