{
  "alpha": 0.04,
  "c_upd": 0.56,
  "depr_lambda": 0.01,
  "depr_nu": 0.5,
  "depr_psi": 1.25,
  "eval_CSR_post": 0.009999999776482582,
  "eval_dbar_post_mean": 0.5002421140670776,
  "eval_done_count": 100.0,
  "eval_episodes_per_env": 4.0,
  "eval_len_end_mean": 26.0,
  "eval_occupied_post_mean": 0.3999999761581421,
  "eval_return_end_mean": -23.62639617919922,
  "eval_t_eval": 104.0,
  "final_depr_F_post": 12.175183296203613,
  "final_energy_E_post": 0.2115112543106079,
  "final_episode_return_end_mean": -26.12763214111328,
  "final_funding_alpha_eff": 9.953367907655775e-09,
  "final_funding_g": 0.10024967044591904,
  "final_funding_g_raw": 0.10024967044591904,
  "final_update_counter": 2.0,
  "final_vartd_VarTD": 0.13274851441383362,
  "mechanism": "hardzero_plus_depr",
  "mechanism_tag": "hardzero_plus_depr__c0p56__z1p05__lam0p010__nu0p50__psi1p25",
  "runtime_sec": 10.636820441985037,
  "seed": 32,
  "z_cut": 1.05
}