{
  "alpha": 0.078,
  "borrow_interest": 0.01,
  "borrow_limit": 0.6,
  "c_upd": 0.58,
  "depr_lambda": 0.0,
  "depr_nu": 0.5,
  "depr_psi": 0.0,
  "eval_CSR_post": 0.009999999776482582,
  "eval_dbar_post_mean": 0.5125246047973633,
  "eval_done_count": 100.0,
  "eval_episodes_per_env": 4.0,
  "eval_len_end_mean": 26.0,
  "eval_occupied_post_mean": 0.38999998569488525,
  "eval_return_end_mean": -25.060068130493164,
  "eval_t_eval": 104.0,
  "family": "borrow",
  "final_depr_F_post": 0.0,
  "final_energy_E_post": -0.33966901898384094,
  "final_update_counter": 16.0,
  "final_vartd_VarTD": 0.37161582708358765,
  "max_debt_level_post": 0.5896549820899963,
  "mean_update_fraction": 0.012799999676644802,
  "mechanism": "hardzero_only",
  "mechanism_tag": "hardzero_only__c0p58__z1p00__lam0p000__nu0p50__psi0p00",
  "runtime_sec": 10.595776809030212,
  "seed": 53,
  "support_mode": "none",
  "support_total": 0.0,
  "total_debt_charge": 4.280694484710693,
  "total_support_s": 0.0,
  "z_cut": 1.0
}