{
  "alpha": 0.1,
  "c_upd": 0.56,
  "depr_lambda": 0.01,
  "depr_nu": 0.5,
  "depr_psi": 0.75,
  "eval_CSR_post": 0.0,
  "eval_dbar_post_mean": 0.5048414468765259,
  "eval_done_count": 100.0,
  "eval_episodes_per_env": 4.0,
  "eval_len_end_mean": 26.0,
  "eval_occupied_post_mean": 0.3799999952316284,
  "eval_return_end_mean": -24.42599105834961,
  "eval_t_eval": 104.0,
  "final_depr_F_post": 7.966024398803711,
  "final_energy_E_post": 0.36652958393096924,
  "final_episode_return_end_mean": -26.100004196166992,
  "final_funding_alpha_eff": 0.0002561869041528553,
  "final_funding_g": 0.11346950381994247,
  "final_funding_g_raw": 0.11346950381994247,
  "final_update_counter": 6.0,
  "final_vartd_VarTD": 0.17435966432094574,
  "mechanism": "hardzero_plus_depr",
  "mechanism_tag": "hardzero_plus_depr__c0p56__z1p05__lam0p010__nu0p50__psi0p75",
  "runtime_sec": 10.772302651021164,
  "seed": 37,
  "z_cut": 1.05
}