{
  "alpha": 0.12,
  "c_upd": 0.54,
  "depr_lambda": 0.01,
  "depr_nu": 0.5,
  "depr_psi": 1.0,
  "eval_CSR_post": 0.0,
  "eval_dbar_post_mean": 0.5248412489891052,
  "eval_done_count": 100.0,
  "eval_episodes_per_env": 4.0,
  "eval_len_end_mean": 26.0,
  "eval_occupied_post_mean": 0.4599999785423279,
  "eval_return_end_mean": -24.034990310668945,
  "eval_t_eval": 104.0,
  "final_depr_F_post": 10.201388359069824,
  "final_energy_E_post": 0.41830503940582275,
  "final_episode_return_end_mean": -25.965269088745117,
  "final_funding_alpha_eff": 4.499016995396232e-06,
  "final_funding_g": 0.12565328180789948,
  "final_funding_g_raw": 0.12565328180789948,
  "final_update_counter": 5.0,
  "final_vartd_VarTD": 0.11062261462211609,
  "mechanism": "hardzero_plus_depr",
  "mechanism_tag": "hardzero_plus_depr__c0p54__z1p05__lam0p010__nu0p50__psi1p00",
  "runtime_sec": 10.68297262804117,
  "seed": 33,
  "z_cut": 1.05
}