{
  "alpha": 0.08,
  "c_upd": 0.54,
  "depr_lambda": 0.01,
  "depr_nu": 0.5,
  "depr_psi": 1.0,
  "eval_CSR_post": 0.0,
  "eval_dbar_post_mean": 0.5740342736244202,
  "eval_done_count": 100.0,
  "eval_episodes_per_env": 4.0,
  "eval_len_end_mean": 26.0,
  "eval_occupied_post_mean": 0.29999998211860657,
  "eval_return_end_mean": -23.86150360107422,
  "eval_t_eval": 104.0,
  "final_depr_F_post": 11.722673416137695,
  "final_energy_E_post": 0.4069998860359192,
  "final_episode_return_end_mean": -27.413684844970703,
  "final_funding_alpha_eff": 6.551498472617823e-07,
  "final_funding_g": 0.09537503868341446,
  "final_funding_g_raw": 0.09537503868341446,
  "final_update_counter": 3.0,
  "final_vartd_VarTD": 0.15696090459823608,
  "mechanism": "hardzero_plus_depr",
  "mechanism_tag": "hardzero_plus_depr__c0p54__z1p10__lam0p010__nu0p50__psi1p00",
  "runtime_sec": 10.829045929014683,
  "seed": 40,
  "z_cut": 1.1
}