{
  "alpha": 0.03,
  "c_upd": 0.58,
  "depr_lambda": 0.01,
  "depr_nu": 0.5,
  "depr_psi": 0.75,
  "eval_CSR_post": 0.0,
  "eval_dbar_post_mean": 0.6333432197570801,
  "eval_done_count": 100.0,
  "eval_episodes_per_env": 4.0,
  "eval_len_end_mean": 26.0,
  "eval_occupied_post_mean": 0.19999998807907104,
  "eval_return_end_mean": -24.40715217590332,
  "eval_t_eval": 104.0,
  "final_depr_F_post": 11.850175857543945,
  "final_energy_E_post": 0.21865083277225494,
  "final_episode_return_end_mean": -27.409582138061523,
  "final_funding_alpha_eff": 4.173775323579321e-06,
  "final_funding_g": 0.09241689741611481,
  "final_funding_g_raw": 0.09241689741611481,
  "final_update_counter": 2.0,
  "final_vartd_VarTD": 0.19473297894001007,
  "mechanism": "hardzero_plus_depr",
  "mechanism_tag": "hardzero_plus_depr__c0p58__z1p05__lam0p010__nu0p50__psi0p75",
  "runtime_sec": 23.552355463034473,
  "seed": 30,
  "z_cut": 1.05
}