{
  "alpha": 0.1,
  "c_upd": 0.54,
  "depr_lambda": 0.01,
  "depr_nu": 0.5,
  "depr_psi": 0.75,
  "eval_CSR_post": 0.0,
  "eval_dbar_post_mean": 0.6087012887001038,
  "eval_done_count": 100.0,
  "eval_episodes_per_env": 4.0,
  "eval_len_end_mean": 26.0,
  "eval_occupied_post_mean": 0.17999999225139618,
  "eval_return_end_mean": -24.990034103393555,
  "eval_t_eval": 104.0,
  "final_depr_F_post": 8.8301420211792,
  "final_energy_E_post": 0.055808816105127335,
  "final_episode_return_end_mean": -26.756954193115234,
  "final_funding_alpha_eff": 0.00013399720774032176,
  "final_funding_g": 0.0,
  "final_funding_g_raw": 0.09987838566303253,
  "final_update_counter": 3.0,
  "final_vartd_VarTD": 0.19632822275161743,
  "mechanism": "hardzero_plus_depr",
  "mechanism_tag": "hardzero_plus_depr__c0p54__z1p00__lam0p010__nu0p50__psi0p75",
  "runtime_sec": 10.117975701985415,
  "seed": 37,
  "z_cut": 1.0
}