{
  "alpha": 0.04,
  "c_upd": 0.6,
  "depr_lambda": 0.01,
  "depr_nu": 0.5,
  "depr_psi": 0.75,
  "eval_CSR_post": 0.0,
  "eval_dbar_post_mean": 0.5202974677085876,
  "eval_done_count": 100.0,
  "eval_episodes_per_env": 4.0,
  "eval_len_end_mean": 26.0,
  "eval_occupied_post_mean": 0.4099999964237213,
  "eval_return_end_mean": -23.80165672302246,
  "eval_t_eval": 104.0,
  "final_depr_F_post": 12.130182266235352,
  "final_energy_E_post": 0.4146449565887451,
  "final_episode_return_end_mean": -26.712575912475586,
  "final_funding_alpha_eff": 4.51090681963251e-06,
  "final_funding_g": 0.10957862436771393,
  "final_funding_g_raw": 0.10957862436771393,
  "final_update_counter": 2.0,
  "final_vartd_VarTD": 0.1178821325302124,
  "mechanism": "hardzero_plus_depr",
  "mechanism_tag": "hardzero_plus_depr__c0p60__z1p10__lam0p010__nu0p50__psi0p75",
  "runtime_sec": 10.601800005068071,
  "seed": 33,
  "z_cut": 1.1
}