{
  "alpha": 0.03,
  "c_upd": 0.6,
  "depr_lambda": 0.01,
  "depr_nu": 0.5,
  "depr_psi": 1.0,
  "eval_CSR_post": 0.0,
  "eval_dbar_post_mean": 0.6807710528373718,
  "eval_done_count": 100.0,
  "eval_episodes_per_env": 4.0,
  "eval_len_end_mean": 26.0,
  "eval_occupied_post_mean": 0.2199999988079071,
  "eval_return_end_mean": -26.298336029052734,
  "eval_t_eval": 104.0,
  "final_depr_F_post": 11.825175285339355,
  "final_energy_E_post": 0.1528487652540207,
  "final_episode_return_end_mean": -27.76095199584961,
  "final_funding_alpha_eff": 2.2174606328917434e-07,
  "final_funding_g": 0.09607571363449097,
  "final_funding_g_raw": 0.09607571363449097,
  "final_update_counter": 2.0,
  "final_vartd_VarTD": 0.16032174229621887,
  "mechanism": "hardzero_plus_depr",
  "mechanism_tag": "hardzero_plus_depr__c0p60__z1p10__lam0p010__nu0p50__psi1p00",
  "runtime_sec": 10.7669691570336,
  "seed": 41,
  "z_cut": 1.1
}