{
  "alpha": 0.04,
  "c_upd": 0.52,
  "depr_lambda": 0.01,
  "depr_nu": 0.5,
  "depr_psi": 1.25,
  "eval_CSR_post": 0.0,
  "eval_dbar_post_mean": 0.5639970898628235,
  "eval_done_count": 100.0,
  "eval_episodes_per_env": 4.0,
  "eval_len_end_mean": 26.0,
  "eval_occupied_post_mean": 0.32999998331069946,
  "eval_return_end_mean": -24.58783721923828,
  "eval_t_eval": 104.0,
  "final_depr_F_post": 12.425189018249512,
  "final_energy_E_post": 0.2938690185546875,
  "final_episode_return_end_mean": -26.58584213256836,
  "final_funding_alpha_eff": 7.281990122010029e-09,
  "final_funding_g": 0.09768669307231903,
  "final_funding_g_raw": 0.09768669307231903,
  "final_update_counter": 2.0,
  "final_vartd_VarTD": 0.14294041693210602,
  "mechanism": "hardzero_plus_depr",
  "mechanism_tag": "hardzero_plus_depr__c0p52__z1p10__lam0p010__nu0p50__psi1p25",
  "runtime_sec": 10.62868751998758,
  "seed": 39,
  "z_cut": 1.1
}