{
  "I_R_full": -0.4006464305392251,
  "alpha": 0.0,
  "borrow_interest": 0.0,
  "borrow_limit": 0.0,
  "c_upd": 0.58,
  "condition": "fragile_full__support__t1m__a0p00__c0p58",
  "eval_CSR_post": 0.0,
  "eval_CSR_pre": 0.0,
  "eval_dbar_post_mean": 0.7527873516082764,
  "eval_dbar_pre_mean": 0.7450931072235107,
  "eval_done_count": 100.0,
  "eval_done_per_env_max": 4.0,
  "eval_done_per_env_min": 4.0,
  "eval_episodes_per_env": 4.0,
  "eval_len_end_mean": 26.0,
  "eval_max_tilde_post_mean": 1.0658053159713745,
  "eval_max_tilde_pre_mean": 1.057488203048706,
  "eval_occupied_post_mean": 0.14999999105930328,
  "eval_occupied_pre_mean": 0.1599999964237213,
  "eval_return_end_mean": -28.248929977416992,
  "eval_t_eval": 104.0,
  "family": "support",
  "final_energy": 0.440000057220459,
  "final_executed_updates": 2.0,
  "final_vartd": 0.15924066305160522,
  "learned_R_full_0p5": 0.0,
  "max_debt_level": 0.0,
  "mean_update_fraction": 0.006410256493836641,
  "metric_horizon": "full",
  "phase": "extension_full",
  "runtime_sec": 2.7054864420006197,
  "seed": 41,
  "support_mode": "frontload",
  "support_total": 0.6,
  "total_debt_charge": 0.0,
  "total_support_injected": 0.6000000238418579,
  "total_timesteps": 1000000,
  "train_final_return_end_mean": -27.337509155273438
}