{
  "alpha": 0.06,
  "c_upd": 0.6,
  "depr_lambda": 0.01,
  "depr_nu": 0.5,
  "depr_psi": 1.0,
  "eval_CSR_post": 0.0,
  "eval_dbar_post_mean": 0.6297797560691833,
  "eval_done_count": 100.0,
  "eval_episodes_per_env": 4.0,
  "eval_len_end_mean": 26.0,
  "eval_occupied_post_mean": 0.23999999463558197,
  "eval_return_end_mean": -24.93639373779297,
  "eval_t_eval": 104.0,
  "final_depr_F_post": 12.260185241699219,
  "final_energy_E_post": 0.47113755345344543,
  "final_episode_return_end_mean": -27.92562484741211,
  "final_funding_alpha_eff": 2.8705392196570756e-07,
  "final_funding_g": 0.09219440817832947,
  "final_funding_g_raw": 0.09219440817832947,
  "final_update_counter": 2.0,
  "final_vartd_VarTD": 0.12338247895240784,
  "mechanism": "hardzero_plus_depr",
  "mechanism_tag": "hardzero_plus_depr__c0p60__z1p10__lam0p010__nu0p50__psi1p00",
  "runtime_sec": 10.752881445921957,
  "seed": 31,
  "z_cut": 1.1
}