{
  "alpha": 0.12,
  "c_upd": 0.54,
  "depr_lambda": 0.03,
  "depr_nu": 0.5,
  "depr_psi": 1.25,
  "eval_CSR_post": 0.0,
  "eval_dbar_post_mean": 0.536938488483429,
  "eval_done_count": 100.0,
  "eval_episodes_per_env": 4.0,
  "eval_len_end_mean": 26.0,
  "eval_occupied_post_mean": 0.29999998211860657,
  "eval_return_end_mean": -23.304500579833984,
  "eval_t_eval": 104.0,
  "final_depr_F_post": 37.18510818481445,
  "final_energy_E_post": 0.22357971966266632,
  "final_episode_return_end_mean": -26.530868530273438,
  "final_funding_alpha_eff": 8.106958177710604e-22,
  "final_funding_g": 0.09565317630767822,
  "final_funding_g_raw": 0.09565317630767822,
  "final_update_counter": 2.0,
  "final_vartd_VarTD": 0.13271111249923706,
  "mechanism": "hardzero_plus_depr",
  "mechanism_tag": "hardzero_plus_depr__c0p54__z1p05__lam0p030__nu0p50__psi1p25",
  "runtime_sec": 10.743973898002878,
  "seed": 32,
  "z_cut": 1.05
}