{
  "alpha": 0.065,
  "c_upd": 0.58,
  "depr_lambda": 0.0,
  "depr_nu": 0.5,
  "depr_psi": 0.0,
  "eval_CSR_post": 0.009999999776482582,
  "eval_dbar_post_mean": 0.5369834303855896,
  "eval_done_count": 100.0,
  "eval_episodes_per_env": 4.0,
  "eval_len_end_mean": 26.0,
  "eval_occupied_post_mean": 0.3499999940395355,
  "eval_return_end_mean": -24.4728946685791,
  "eval_t_eval": 104.0,
  "final_depr_F_post": 0.0,
  "final_energy_E_post": 0.29913780093193054,
  "final_episode_return_end_mean": -25.162649154663086,
  "final_funding_alpha_eff": 0.06499999761581421,
  "final_funding_g": 0.1394152045249939,
  "final_funding_g_raw": 0.1394152045249939,
  "final_update_counter": 11.0,
  "final_vartd_VarTD": 0.19420328736305237,
  "mechanism": "hardzero_only",
  "mechanism_tag": "hardzero_only__c0p58__z1p00__lam0p000__nu0p50__psi0p00",
  "runtime_sec": 9.494138641050085,
  "seed": 54,
  "z_cut": 1.0
}