{
  "alpha": 0.08,
  "c_upd": 0.58,
  "depr_lambda": 0.01,
  "depr_nu": 0.5,
  "depr_psi": 1.0,
  "eval_CSR_post": 0.0,
  "eval_dbar_post_mean": 0.512500524520874,
  "eval_done_count": 100.0,
  "eval_episodes_per_env": 4.0,
  "eval_len_end_mean": 26.0,
  "eval_occupied_post_mean": 0.4399999976158142,
  "eval_return_end_mean": -24.39483642578125,
  "eval_t_eval": 104.0,
  "final_depr_F_post": 10.577646255493164,
  "final_energy_E_post": 0.1526302546262741,
  "final_episode_return_end_mean": -26.019067764282227,
  "final_funding_alpha_eff": 2.0588261122611584e-06,
  "final_funding_g": 0.10208705812692642,
  "final_funding_g_raw": 0.10208705812692642,
  "final_update_counter": 3.0,
  "final_vartd_VarTD": 0.13009978830814362,
  "mechanism": "hardzero_plus_depr",
  "mechanism_tag": "hardzero_plus_depr__c0p58__z1p05__lam0p010__nu0p50__psi1p00",
  "runtime_sec": 10.681627507030498,
  "seed": 32,
  "z_cut": 1.05
}