{
  "alpha": 0.12,
  "c_upd": 0.52,
  "depr_lambda": 0.01,
  "depr_nu": 0.5,
  "depr_psi": 1.25,
  "eval_CSR_post": 0.009999999776482582,
  "eval_dbar_post_mean": 0.6148218512535095,
  "eval_done_count": 100.0,
  "eval_episodes_per_env": 4.0,
  "eval_len_end_mean": 26.0,
  "eval_occupied_post_mean": 0.28999999165534973,
  "eval_return_end_mean": -25.21005630493164,
  "eval_t_eval": 104.0,
  "final_depr_F_post": 12.230184555053711,
  "final_energy_E_post": 0.19015760719776154,
  "final_episode_return_end_mean": -27.89150047302246,
  "final_funding_alpha_eff": 2.787616004695792e-08,
  "final_funding_g": 0.0,
  "final_funding_g_raw": 0.09432177245616913,
  "final_update_counter": 2.0,
  "final_vartd_VarTD": 0.1633940488100052,
  "mechanism": "hardzero_plus_depr",
  "mechanism_tag": "hardzero_plus_depr__c0p52__z1p00__lam0p010__nu0p50__psi1p25",
  "runtime_sec": 10.596270482055843,
  "seed": 41,
  "z_cut": 1.0
}