{
  "alpha": 0.06,
  "c_upd": 0.5,
  "depr_lambda": 0.01,
  "depr_nu": 0.5,
  "depr_psi": 1.0,
  "eval_CSR_post": 0.0,
  "eval_dbar_post_mean": 0.5328295230865479,
  "eval_done_count": 100.0,
  "eval_episodes_per_env": 4.0,
  "eval_len_end_mean": 26.0,
  "eval_occupied_post_mean": 0.32999998331069946,
  "eval_return_end_mean": -24.70359992980957,
  "eval_t_eval": 104.0,
  "final_depr_F_post": 11.390165328979492,
  "final_energy_E_post": 0.21573099493980408,
  "final_episode_return_end_mean": -26.13202476501465,
  "final_funding_alpha_eff": 6.851857392575766e-07,
  "final_funding_g": 0.12030055373907089,
  "final_funding_g_raw": 0.12030055373907089,
  "final_update_counter": 3.0,
  "final_vartd_VarTD": 0.11482091248035431,
  "mechanism": "hardzero_plus_depr",
  "mechanism_tag": "hardzero_plus_depr__c0p50__z1p05__lam0p010__nu0p50__psi1p00",
  "runtime_sec": 10.71807004197035,
  "seed": 33,
  "z_cut": 1.05
}