{
  "alpha": 0.12,
  "c_upd": 0.6,
  "depr_lambda": 0.03,
  "depr_nu": 0.5,
  "depr_psi": 0.75,
  "eval_CSR_post": 0.0,
  "eval_dbar_post_mean": 0.6238566040992737,
  "eval_done_count": 100.0,
  "eval_episodes_per_env": 4.0,
  "eval_len_end_mean": 26.0,
  "eval_occupied_post_mean": 0.25999999046325684,
  "eval_return_end_mean": -24.79732322692871,
  "eval_t_eval": 104.0,
  "final_depr_F_post": 37.0051155090332,
  "final_energy_E_post": 0.32525232434272766,
  "final_episode_return_end_mean": -26.76957130432129,
  "final_funding_alpha_eff": 1.0854602535814023e-13,
  "final_funding_g": 0.09415709972381592,
  "final_funding_g_raw": 0.09415709972381592,
  "final_update_counter": 2.0,
  "final_vartd_VarTD": 0.1438761204481125,
  "mechanism": "hardzero_plus_depr",
  "mechanism_tag": "hardzero_plus_depr__c0p60__z1p05__lam0p030__nu0p50__psi0p75",
  "runtime_sec": 10.74193393700989,
  "seed": 39,
  "z_cut": 1.05
}