{
  "I_R_full_anchor_compat": -0.49504238149102125,
  "above_R_THRESH_FULL_anchor": 0.0,
  "alpha": 1.0,
  "borrow_interest": 0.02,
  "borrow_limit": 0.6,
  "c_upd": 0.9,
  "condition": "enabled_full__borrow__t4m__a1p00__c0p90",
  "eval_CSR_post": 0.0,
  "eval_CSR_pre": 0.0,
  "eval_dbar_post_mean": 0.8001208305358887,
  "eval_dbar_pre_mean": 0.7966837286949158,
  "eval_done_count": 100.0,
  "eval_done_per_env_max": 4.0,
  "eval_done_per_env_min": 4.0,
  "eval_episodes_per_env": 4.0,
  "eval_len_end_mean": 26.0,
  "eval_max_tilde_post_mean": 1.1841495037078857,
  "eval_max_tilde_pre_mean": 1.1816092729568481,
  "eval_occupied_post_mean": 0.10999999940395355,
  "eval_occupied_pre_mean": 0.1599999964237213,
  "eval_return_end_mean": -28.482744216918945,
  "eval_t_eval": 104.0,
  "family": "borrow",
  "final_energy": -0.23914819955825806,
  "final_executed_updates": 187.0,
  "final_vartd": 1.1819356679916382,
  "max_debt_level": 0.5166254043579102,
  "mean_update_fraction": 0.14959999918937683,
  "metric_horizon": "long4m",
  "phase": "extension_full",
  "runtime_sec": 11.390062747999764,
  "seed": 44,
  "support_mode": "none",
  "support_total": 0.0,
  "total_debt_charge": 3.1929779052734375,
  "total_support_injected": 0.0,
  "total_timesteps": 4000000,
  "train_final_return_end_mean": -26.70698356628418
}