{
  "alpha": 0.034,
  "c_upd": 0.58,
  "depr_lambda": 0.005,
  "depr_nu": 1.0,
  "depr_psi": 0.5,
  "eval_CSR_post": 0.0,
  "eval_dbar_post_mean": 0.4989907443523407,
  "eval_done_count": 100.0,
  "eval_episodes_per_env": 4.0,
  "eval_len_end_mean": 26.0,
  "eval_occupied_post_mean": 0.28999999165534973,
  "eval_return_end_mean": -23.197284698486328,
  "eval_t_eval": 104.0,
  "final_depr_F_post": 0.2699998915195465,
  "final_energy_E_post": 0.14372895658016205,
  "final_episode_return_end_mean": -26.863737106323242,
  "final_funding_alpha_eff": 0.02978070266544819,
  "final_funding_g": 0.11183155328035355,
  "final_funding_g_raw": 0.11183155328035355,
  "final_update_counter": 3.0,
  "final_vartd_VarTD": 0.1471947580575943,
  "mechanism": "hardzero_plus_depr",
  "mechanism_tag": "hardzero_plus_depr__c0p58__z1p00__lam0p005__nu1p00__psi0p50",
  "runtime_sec": 9.462055476033129,
  "seed": 52,
  "z_cut": 1.0
}