{
  "alpha": 0.06,
  "c_upd": 0.5,
  "depr_lambda": 0.01,
  "depr_nu": 0.5,
  "depr_psi": 0.75,
  "eval_CSR_post": 0.0,
  "eval_dbar_post_mean": 0.5450674891471863,
  "eval_done_count": 100.0,
  "eval_episodes_per_env": 4.0,
  "eval_len_end_mean": 26.0,
  "eval_occupied_post_mean": 0.25999999046325684,
  "eval_return_end_mean": -24.425519943237305,
  "eval_t_eval": 104.0,
  "final_depr_F_post": 11.71517276763916,
  "final_energy_E_post": 0.48094627261161804,
  "final_episode_return_end_mean": -25.921083450317383,
  "final_funding_alpha_eff": 9.237031918019056e-06,
  "final_funding_g": 0.10588429868221283,
  "final_funding_g_raw": 0.10588429868221283,
  "final_update_counter": 3.0,
  "final_vartd_VarTD": 0.11423444747924805,
  "mechanism": "hardzero_plus_depr",
  "mechanism_tag": "hardzero_plus_depr__c0p50__z1p05__lam0p010__nu0p50__psi0p75",
  "runtime_sec": 10.583427291014232,
  "seed": 34,
  "z_cut": 1.05
}