{
  "alpha": 0.03,
  "c_upd": 0.6,
  "depr_lambda": 0.01,
  "depr_nu": 0.5,
  "depr_psi": 1.25,
  "eval_CSR_post": 0.0,
  "eval_dbar_post_mean": 0.6871938705444336,
  "eval_done_count": 100.0,
  "eval_episodes_per_env": 4.0,
  "eval_len_end_mean": 26.0,
  "eval_occupied_post_mean": 0.11999999731779099,
  "eval_return_end_mean": -25.423452377319336,
  "eval_t_eval": 104.0,
  "final_depr_F_post": 11.525168418884277,
  "final_energy_E_post": 0.07038892805576324,
  "final_episode_return_end_mean": -26.397478103637695,
  "final_funding_alpha_eff": 1.6823014092892663e-08,
  "final_funding_g": 0.09496387094259262,
  "final_funding_g_raw": 0.09496387094259262,
  "final_update_counter": 2.0,
  "final_vartd_VarTD": 0.12129677087068558,
  "mechanism": "hardzero_plus_depr",
  "mechanism_tag": "hardzero_plus_depr__c0p60__z1p10__lam0p010__nu0p50__psi1p25",
  "runtime_sec": 10.889618139946833,
  "seed": 34,
  "z_cut": 1.1
}