{
  "alpha": 0.04,
  "c_upd": 0.5,
  "depr_lambda": 0.0,
  "depr_nu": 0.5,
  "depr_psi": 0.0,
  "eval_CSR_post": 0.0,
  "eval_dbar_post_mean": 0.4957442879676819,
  "eval_done_count": 100.0,
  "eval_episodes_per_env": 4.0,
  "eval_len_end_mean": 26.0,
  "eval_occupied_post_mean": 0.3400000035762787,
  "eval_return_end_mean": -24.969736099243164,
  "eval_t_eval": 104.0,
  "final_depr_F_post": 0.0,
  "final_energy_E_post": 0.016896430402994156,
  "final_episode_return_end_mean": -25.62375831604004,
  "final_funding_alpha_eff": 0.03999999910593033,
  "final_funding_g": 0.12199624627828598,
  "final_funding_g_raw": 0.12199624627828598,
  "final_update_counter": 11.0,
  "final_vartd_VarTD": 0.19025881588459015,
  "mechanism": "hardzero_only",
  "mechanism_tag": "hardzero_only__c0p50__z1p00__lam0p000__nu0p50__psi0p00",
  "runtime_sec": 9.718096581025748,
  "seed": 37,
  "z_cut": 1.0
}