{
  "alpha": 0.05,
  "c_upd": 0.56,
  "depr_lambda": 0.01,
  "depr_nu": 0.5,
  "depr_psi": 0.75,
  "eval_CSR_post": 0.0,
  "eval_dbar_post_mean": 0.5846049785614014,
  "eval_done_count": 100.0,
  "eval_episodes_per_env": 4.0,
  "eval_len_end_mean": 26.0,
  "eval_occupied_post_mean": 0.25,
  "eval_return_end_mean": -23.74379539489746,
  "eval_t_eval": 104.0,
  "final_depr_F_post": 12.260185241699219,
  "final_energy_E_post": 0.4690227508544922,
  "final_episode_return_end_mean": -27.513349533081055,
  "final_funding_alpha_eff": 5.11480402565212e-06,
  "final_funding_g": 0.08971705287694931,
  "final_funding_g_raw": 0.08971705287694931,
  "final_update_counter": 2.0,
  "final_vartd_VarTD": 0.1911998987197876,
  "mechanism": "hardzero_plus_depr",
  "mechanism_tag": "hardzero_plus_depr__c0p56__z1p05__lam0p010__nu0p50__psi0p75",
  "runtime_sec": 23.61419496999588,
  "seed": 30,
  "z_cut": 1.05
}