{
  "alpha": 0.067,
  "c_upd": 0.58,
  "depr_lambda": 0.005,
  "depr_nu": 1.0,
  "depr_psi": 0.5,
  "eval_CSR_post": 0.009999999776482582,
  "eval_dbar_post_mean": 0.4802870750427246,
  "eval_done_count": 100.0,
  "eval_episodes_per_env": 4.0,
  "eval_len_end_mean": 26.0,
  "eval_occupied_post_mean": 0.3400000035762787,
  "eval_return_end_mean": -22.97881507873535,
  "eval_t_eval": 104.0,
  "final_depr_F_post": 0.19499994814395905,
  "final_energy_E_post": 0.30872824788093567,
  "final_episode_return_end_mean": -25.51097869873047,
  "final_funding_alpha_eff": 0.060927990823984146,
  "final_funding_g": 0.1193678006529808,
  "final_funding_g_raw": 0.1193678006529808,
  "final_update_counter": 9.0,
  "final_vartd_VarTD": 0.14460903406143188,
  "mechanism": "hardzero_plus_depr",
  "mechanism_tag": "hardzero_plus_depr__c0p58__z1p00__lam0p005__nu1p00__psi0p50",
  "runtime_sec": 9.483930876012892,
  "seed": 61,
  "z_cut": 1.0
}