{
  "alpha": 0.1,
  "c_upd": 0.52,
  "depr_lambda": 0.0,
  "depr_nu": 0.5,
  "depr_psi": 0.0,
  "eval_CSR_post": 0.0,
  "eval_dbar_post_mean": 0.496319979429245,
  "eval_done_count": 100.0,
  "eval_episodes_per_env": 4.0,
  "eval_len_end_mean": 26.0,
  "eval_occupied_post_mean": 0.3999999761581421,
  "eval_return_end_mean": -22.390243530273438,
  "eval_t_eval": 104.0,
  "final_depr_F_post": 0.0,
  "final_energy_E_post": 0.4888697862625122,
  "final_episode_return_end_mean": -23.200319290161133,
  "final_funding_alpha_eff": 0.10000000149011612,
  "final_funding_g": 0.17496998608112335,
  "final_funding_g_raw": 0.17496998608112335,
  "final_update_counter": 37.0,
  "final_vartd_VarTD": 3.0896105766296387,
  "mechanism": "hardzero_only",
  "mechanism_tag": "hardzero_only__c0p52__z1p10__lam0p000__nu0p50__psi0p00",
  "runtime_sec": 9.85573418502463,
  "seed": 33,
  "z_cut": 1.1
}