{
  "alpha": 0.085,
  "c_upd": 0.58,
  "depr_lambda": 0.005,
  "depr_nu": 1.0,
  "depr_psi": 0.5,
  "eval_CSR_post": 0.0,
  "eval_dbar_post_mean": 0.5168547630310059,
  "eval_done_count": 100.0,
  "eval_episodes_per_env": 4.0,
  "eval_len_end_mean": 26.0,
  "eval_occupied_post_mean": 0.3100000023841858,
  "eval_return_end_mean": -23.359743118286133,
  "eval_t_eval": 104.0,
  "final_depr_F_post": 0.22499991953372955,
  "final_energy_E_post": 0.5448423624038696,
  "final_episode_return_end_mean": -24.52696418762207,
  "final_funding_alpha_eff": 0.07614590972661972,
  "final_funding_g": 0.137167826294899,
  "final_funding_g_raw": 0.137167826294899,
  "final_update_counter": 15.0,
  "final_vartd_VarTD": 0.31202811002731323,
  "mechanism": "hardzero_plus_depr",
  "mechanism_tag": "hardzero_plus_depr__c0p58__z1p00__lam0p005__nu1p00__psi0p50",
  "runtime_sec": 9.491833545034751,
  "seed": 39,
  "z_cut": 1.0
}