{
  "alpha": 0.05,
  "c_upd": 0.54,
  "depr_lambda": 0.01,
  "depr_nu": 0.5,
  "depr_psi": 0.75,
  "eval_CSR_post": 0.0,
  "eval_dbar_post_mean": 0.6441895961761475,
  "eval_done_count": 100.0,
  "eval_episodes_per_env": 4.0,
  "eval_len_end_mean": 26.0,
  "eval_occupied_post_mean": 0.28999999165534973,
  "eval_return_end_mean": -25.035844802856445,
  "eval_t_eval": 104.0,
  "final_depr_F_post": 11.940177917480469,
  "final_energy_E_post": 0.1772020012140274,
  "final_episode_return_end_mean": -27.30466079711914,
  "final_funding_alpha_eff": 6.502225915028248e-06,
  "final_funding_g": 0.1039038673043251,
  "final_funding_g_raw": 0.1039038673043251,
  "final_update_counter": 2.0,
  "final_vartd_VarTD": 0.1410326212644577,
  "mechanism": "hardzero_plus_depr",
  "mechanism_tag": "hardzero_plus_depr__c0p54__z1p00__lam0p010__nu0p50__psi0p75",
  "runtime_sec": 10.161043001979124,
  "seed": 35,
  "z_cut": 1.0
}