{
  "alpha": 0.06,
  "c_upd": 0.58,
  "depr_lambda": 0.0,
  "depr_nu": 0.5,
  "depr_psi": 0.0,
  "eval_CSR_post": 0.0,
  "eval_dbar_post_mean": 0.8030272722244263,
  "eval_done_count": 100.0,
  "eval_episodes_per_env": 4.0,
  "eval_len_end_mean": 26.0,
  "eval_occupied_post_mean": 0.20999999344348907,
  "eval_return_end_mean": -27.7342529296875,
  "eval_t_eval": 104.0,
  "final_depr_F_post": 0.0,
  "final_energy_E_post": 0.23125270009040833,
  "final_episode_return_end_mean": -26.77837562561035,
  "final_funding_alpha_eff": 0.05999999865889549,
  "final_funding_g": 0.10017015784978867,
  "final_funding_g_raw": 0.10017015784978867,
  "final_update_counter": 5.0,
  "final_vartd_VarTD": 0.1861448734998703,
  "mechanism": "hardzero_only",
  "mechanism_tag": "hardzero_only__c0p58__z1p00__lam0p000__nu0p50__psi0p00",
  "runtime_sec": 10.866767215076834,
  "seed": 48,
  "z_cut": 1.0
}