{
  "alpha": 0.04,
  "c_upd": 0.52,
  "depr_lambda": 0.0,
  "depr_nu": 0.5,
  "depr_psi": 0.0,
  "eval_CSR_post": 0.009999999776482582,
  "eval_dbar_post_mean": 0.5139234066009521,
  "eval_done_count": 100.0,
  "eval_episodes_per_env": 4.0,
  "eval_len_end_mean": 26.0,
  "eval_occupied_post_mean": 0.3700000047683716,
  "eval_return_end_mean": -23.543521881103516,
  "eval_t_eval": 104.0,
  "final_depr_F_post": 0.0,
  "final_energy_E_post": 0.04213638976216316,
  "final_episode_return_end_mean": -25.063692092895508,
  "final_funding_alpha_eff": 0.03999999910593033,
  "final_funding_g": 0.1512601673603058,
  "final_funding_g_raw": 0.1512601673603058,
  "final_update_counter": 14.0,
  "final_vartd_VarTD": 0.27003005146980286,
  "mechanism": "hardzero_only",
  "mechanism_tag": "hardzero_only__c0p52__z1p10__lam0p000__nu0p50__psi0p00",
  "runtime_sec": 9.719757967977785,
  "seed": 35,
  "z_cut": 1.1
}