{
  "I_R_full": 1.649368022422317,
  "alpha": 1.0,
  "borrow_interest": 0.0,
  "borrow_limit": 0.0,
  "c_upd": 0.9,
  "condition": "anchor_enabled_full__base__t1m__a1p00__c0p90",
  "eval_CSR_post": 0.009999999776482582,
  "eval_CSR_pre": 0.0,
  "eval_dbar_post_mean": 0.47836166620254517,
  "eval_dbar_pre_mean": 0.48396778106689453,
  "eval_done_count": 100.0,
  "eval_done_per_env_max": 4.0,
  "eval_done_per_env_min": 4.0,
  "eval_episodes_per_env": 4.0,
  "eval_len_end_mean": 26.0,
  "eval_max_tilde_post_mean": 0.688575029373169,
  "eval_max_tilde_pre_mean": 0.6933533549308777,
  "eval_occupied_post_mean": 0.3999999761581421,
  "eval_occupied_pre_mean": 0.3700000047683716,
  "eval_return_end_mean": -23.171142578125,
  "eval_t_eval": 104.0,
  "family": "base",
  "final_energy": 0.5831027030944824,
  "final_executed_updates": 53.0,
  "final_vartd": 5.214379787445068,
  "learned_R_full_0p5": 1.0,
  "max_debt_level": 0.0,
  "mean_update_fraction": 0.16987179219722748,
  "metric_horizon": "full",
  "phase": "reproduce_baseline",
  "runtime_sec": 2.852965469999617,
  "seed": 49,
  "support_mode": "none",
  "support_total": 0.0,
  "total_debt_charge": 0.0,
  "total_support_injected": 0.0,
  "total_timesteps": 1000000,
  "train_final_return_end_mean": -22.16855812072754
}