{
  "alpha": 0.06,
  "c_upd": 0.52,
  "depr_lambda": 0.01,
  "depr_nu": 0.5,
  "depr_psi": 0.75,
  "eval_CSR_post": 0.0,
  "eval_dbar_post_mean": 0.5892704725265503,
  "eval_done_count": 100.0,
  "eval_episodes_per_env": 4.0,
  "eval_len_end_mean": 26.0,
  "eval_occupied_post_mean": 0.26999998092651367,
  "eval_return_end_mean": -24.91891098022461,
  "eval_t_eval": 104.0,
  "final_depr_F_post": 11.69017219543457,
  "final_energy_E_post": 0.4847784638404846,
  "final_episode_return_end_mean": -26.04229736328125,
  "final_funding_alpha_eff": 9.411862265551463e-06,
  "final_funding_g": 0.10079596191644669,
  "final_funding_g_raw": 0.10079596191644669,
  "final_update_counter": 3.0,
  "final_vartd_VarTD": 0.11972071975469589,
  "mechanism": "hardzero_plus_depr",
  "mechanism_tag": "hardzero_plus_depr__c0p52__z1p10__lam0p010__nu0p50__psi0p75",
  "runtime_sec": 10.609274443995673,
  "seed": 34,
  "z_cut": 1.1
}