{
  "alpha": 0.04,
  "c_upd": 0.52,
  "depr_lambda": 0.01,
  "depr_nu": 0.5,
  "depr_psi": 1.25,
  "eval_CSR_post": 0.0,
  "eval_dbar_post_mean": 0.8034056425094604,
  "eval_done_count": 100.0,
  "eval_episodes_per_env": 4.0,
  "eval_len_end_mean": 26.0,
  "eval_occupied_post_mean": 0.14000000059604645,
  "eval_return_end_mean": -27.75741195678711,
  "eval_t_eval": 104.0,
  "final_depr_F_post": 12.375187873840332,
  "final_energy_E_post": 0.15679147839546204,
  "final_episode_return_end_mean": -29.17463493347168,
  "final_funding_alpha_eff": 7.75164643584958e-09,
  "final_funding_g": 0.0,
  "final_funding_g_raw": 0.07193716615438461,
  "final_update_counter": 2.0,
  "final_vartd_VarTD": 0.178872749209404,
  "mechanism": "hardzero_plus_depr",
  "mechanism_tag": "hardzero_plus_depr__c0p52__z1p05__lam0p010__nu0p50__psi1p25",
  "runtime_sec": 10.665822697978001,
  "seed": 36,
  "z_cut": 1.05
}