{
  "alpha": 0.12,
  "c_upd": 0.54,
  "depr_lambda": 0.01,
  "depr_nu": 0.5,
  "depr_psi": 1.0,
  "eval_CSR_post": 0.0,
  "eval_dbar_post_mean": 0.6792385578155518,
  "eval_done_count": 100.0,
  "eval_episodes_per_env": 4.0,
  "eval_len_end_mean": 26.0,
  "eval_occupied_post_mean": 0.22999998927116394,
  "eval_return_end_mean": -25.704696655273438,
  "eval_t_eval": 104.0,
  "final_depr_F_post": 11.027656555175781,
  "final_energy_E_post": 0.49580612778663635,
  "final_episode_return_end_mean": -27.130054473876953,
  "final_funding_alpha_eff": 1.9691276520461543e-06,
  "final_funding_g": 0.09836670011281967,
  "final_funding_g_raw": 0.09836670011281967,
  "final_update_counter": 4.0,
  "final_vartd_VarTD": 0.1884101927280426,
  "mechanism": "hardzero_plus_depr",
  "mechanism_tag": "hardzero_plus_depr__c0p54__z1p05__lam0p010__nu0p50__psi1p00",
  "runtime_sec": 23.562593056005426,
  "seed": 30,
  "z_cut": 1.05
}