{
  "alpha": 0.138,
  "borrow_interest": 0.01,
  "borrow_limit": 0.6,
  "c_upd": 0.58,
  "depr_lambda": 0.0,
  "depr_nu": 0.5,
  "depr_psi": 0.0,
  "eval_CSR_post": 0.0,
  "eval_dbar_post_mean": 0.4873109459877014,
  "eval_done_count": 100.0,
  "eval_episodes_per_env": 4.0,
  "eval_len_end_mean": 26.0,
  "eval_occupied_post_mean": 0.35999998450279236,
  "eval_return_end_mean": -23.921106338500977,
  "eval_t_eval": 104.0,
  "family": "borrow",
  "final_depr_F_post": 0.0,
  "final_energy_E_post": -0.5410977005958557,
  "final_update_counter": 32.0,
  "final_vartd_VarTD": 2.2648091316223145,
  "max_debt_level_post": 0.5922799706459045,
  "mean_update_fraction": 0.025599999353289604,
  "mechanism": "hardzero_only",
  "mechanism_tag": "hardzero_only__c0p58__z1p00__lam0p000__nu0p50__psi0p00",
  "runtime_sec": 10.626905274926685,
  "seed": 36,
  "support_mode": "none",
  "support_total": 0.0,
  "total_debt_charge": 3.714067220687866,
  "total_support_s": 0.0,
  "z_cut": 1.0
}