{
  "alpha": 0.04,
  "c_upd": 0.56,
  "depr_lambda": 0.03,
  "depr_nu": 0.5,
  "depr_psi": 0.75,
  "eval_CSR_post": 0.0,
  "eval_dbar_post_mean": 0.5387784242630005,
  "eval_done_count": 100.0,
  "eval_episodes_per_env": 4.0,
  "eval_len_end_mean": 26.0,
  "eval_occupied_post_mean": 0.35999998450279236,
  "eval_return_end_mean": -23.580047607421875,
  "eval_t_eval": 104.0,
  "final_depr_F_post": 36.60013198852539,
  "final_energy_E_post": 0.09695140272378922,
  "final_episode_return_end_mean": -26.70533561706543,
  "final_funding_alpha_eff": 4.902349549527549e-14,
  "final_funding_g": 0.11080235987901688,
  "final_funding_g_raw": 0.11080235987901688,
  "final_update_counter": 2.0,
  "final_vartd_VarTD": 0.11950566619634628,
  "mechanism": "hardzero_plus_depr",
  "mechanism_tag": "hardzero_plus_depr__c0p56__z1p10__lam0p030__nu0p50__psi0p75",
  "runtime_sec": 10.73772497009486,
  "seed": 33,
  "z_cut": 1.1
}