{
  "alpha": 0.06,
  "c_upd": 0.54,
  "depr_lambda": 0.02,
  "depr_nu": 0.5,
  "depr_psi": 1.0,
  "eval_CSR_post": 0.0,
  "eval_dbar_post_mean": 0.6522198915481567,
  "eval_done_count": 100.0,
  "eval_episodes_per_env": 4.0,
  "eval_len_end_mean": 26.0,
  "eval_occupied_post_mean": 0.17999999225139618,
  "eval_return_end_mean": -24.513696670532227,
  "eval_t_eval": 104.0,
  "final_depr_F_post": 24.550371170043945,
  "final_energy_E_post": 0.15805082023143768,
  "final_episode_return_end_mean": -28.046043395996094,
  "final_funding_alpha_eff": 1.332743594303909e-12,
  "final_funding_g": 0.09059768170118332,
  "final_funding_g_raw": 0.09059768170118332,
  "final_update_counter": 2.0,
  "final_vartd_VarTD": 0.22663472592830658,
  "mechanism": "hardzero_plus_depr",
  "mechanism_tag": "hardzero_plus_depr__c0p54__z1p05__lam0p020__nu0p50__psi1p00",
  "runtime_sec": 10.830162236990873,
  "seed": 38,
  "z_cut": 1.05
}