{
  "I_R_full": 1.2560577204319099,
  "alpha": 0.0,
  "borrow_interest": 0.0,
  "borrow_limit": 0.0,
  "c_upd": 0.58,
  "condition": "anchor_fragile_full__base__t1m__a0p00__c0p58",
  "eval_CSR_post": 0.0,
  "eval_CSR_pre": 0.0,
  "eval_dbar_post_mean": 0.5540908575057983,
  "eval_dbar_pre_mean": 0.5533486008644104,
  "eval_done_count": 100.0,
  "eval_done_per_env_max": 4.0,
  "eval_done_per_env_min": 4.0,
  "eval_episodes_per_env": 4.0,
  "eval_len_end_mean": 26.0,
  "eval_max_tilde_post_mean": 0.8088131546974182,
  "eval_max_tilde_pre_mean": 0.8032121658325195,
  "eval_occupied_post_mean": 0.25999999046325684,
  "eval_occupied_pre_mean": 0.25999999046325684,
  "eval_return_end_mean": -24.145353317260742,
  "eval_t_eval": 104.0,
  "family": "base",
  "final_energy": 0.42000001668930054,
  "final_executed_updates": 1.0,
  "final_vartd": 0.14509513974189758,
  "learned_R_full_0p5": 1.0,
  "max_debt_level": 0.0,
  "mean_update_fraction": 0.0032051282469183207,
  "metric_horizon": "full",
  "phase": "reproduce_baseline",
  "runtime_sec": 2.9448059249989456,
  "seed": 44,
  "support_mode": "none",
  "support_total": 0.0,
  "total_debt_charge": 0.0,
  "total_support_injected": 0.0,
  "total_timesteps": 1000000,
  "train_final_return_end_mean": -26.64383316040039
}