{
  "alpha": 0.025,
  "c_upd": 0.58,
  "depr_lambda": 0.005,
  "depr_nu": 1.0,
  "depr_psi": 0.5,
  "eval_CSR_post": 0.0,
  "eval_dbar_post_mean": 0.6134756803512573,
  "eval_done_count": 100.0,
  "eval_episodes_per_env": 4.0,
  "eval_len_end_mean": 26.0,
  "eval_occupied_post_mean": 0.28999999165534973,
  "eval_return_end_mean": -24.407140731811523,
  "eval_t_eval": 104.0,
  "final_depr_F_post": 6.245095252990723,
  "final_energy_E_post": 0.5620624423027039,
  "final_episode_return_end_mean": -27.150774002075195,
  "final_funding_alpha_eff": 0.0011038767406716943,
  "final_funding_g": 0.0,
  "final_funding_g_raw": 0.0894857868552208,
  "final_update_counter": 1.0,
  "final_vartd_VarTD": 0.15224218368530273,
  "mechanism": "hardzero_plus_depr",
  "mechanism_tag": "hardzero_plus_depr__c0p58__z1p00__lam0p005__nu1p00__psi0p50",
  "runtime_sec": 9.471483292989433,
  "seed": 61,
  "z_cut": 1.0
}