{
  "alpha": 0.082,
  "c_upd": 0.58,
  "depr_lambda": 0.0,
  "depr_nu": 0.5,
  "depr_psi": 0.0,
  "eval_CSR_post": 0.029999999329447746,
  "eval_dbar_post_mean": 0.5104508996009827,
  "eval_done_count": 100.0,
  "eval_episodes_per_env": 4.0,
  "eval_len_end_mean": 26.0,
  "eval_occupied_post_mean": 0.35999998450279236,
  "eval_return_end_mean": -24.346282958984375,
  "eval_t_eval": 104.0,
  "final_depr_F_post": 0.0,
  "final_energy_E_post": 0.4920780062675476,
  "final_episode_return_end_mean": -25.18479347229004,
  "final_funding_alpha_eff": 0.0820000022649765,
  "final_funding_g": 0.15457475185394287,
  "final_funding_g_raw": 0.15457475185394287,
  "final_update_counter": 17.0,
  "final_vartd_VarTD": 0.4163036048412323,
  "mechanism": "hardzero_only",
  "mechanism_tag": "hardzero_only__c0p58__z1p00__lam0p000__nu0p50__psi0p00",
  "runtime_sec": 9.49289376300294,
  "seed": 50,
  "z_cut": 1.0
}