{
  "alpha": 0.04,
  "c_upd": 0.56,
  "depr_lambda": 0.0,
  "depr_nu": 0.5,
  "depr_psi": 0.0,
  "eval_CSR_post": 0.0,
  "eval_dbar_post_mean": 0.4978245496749878,
  "eval_done_count": 100.0,
  "eval_episodes_per_env": 4.0,
  "eval_len_end_mean": 26.0,
  "eval_occupied_post_mean": 0.3100000023841858,
  "eval_return_end_mean": -24.213336944580078,
  "eval_t_eval": 104.0,
  "final_depr_F_post": 0.0,
  "final_energy_E_post": 0.010742498561739922,
  "final_episode_return_end_mean": -24.541704177856445,
  "final_funding_alpha_eff": 0.03999999910593033,
  "final_funding_g": 0.14846061170101166,
  "final_funding_g_raw": 0.14846061170101166,
  "final_update_counter": 12.0,
  "final_vartd_VarTD": 0.15496104955673218,
  "mechanism": "hardzero_only",
  "mechanism_tag": "hardzero_only__c0p56__z1p05__lam0p000__nu0p50__psi0p00",
  "runtime_sec": 9.790028900955804,
  "seed": 33,
  "z_cut": 1.05
}