{
  "alpha": 0.12,
  "c_upd": 0.6,
  "depr_lambda": 0.03,
  "depr_nu": 0.5,
  "depr_psi": 0.75,
  "eval_CSR_post": 0.0,
  "eval_dbar_post_mean": 0.5822391510009766,
  "eval_done_count": 100.0,
  "eval_episodes_per_env": 4.0,
  "eval_len_end_mean": 26.0,
  "eval_occupied_post_mean": 0.32999998331069946,
  "eval_return_end_mean": -22.56503677368164,
  "eval_t_eval": 104.0,
  "final_depr_F_post": 37.050113677978516,
  "final_energy_E_post": 0.3823665380477905,
  "final_episode_return_end_mean": -28.199382781982422,
  "final_funding_alpha_eff": 1.0494388561280155e-13,
  "final_funding_g": 0.08743254095315933,
  "final_funding_g_raw": 0.08743254095315933,
  "final_update_counter": 2.0,
  "final_vartd_VarTD": 0.2158500999212265,
  "mechanism": "hardzero_plus_depr",
  "mechanism_tag": "hardzero_plus_depr__c0p60__z1p10__lam0p030__nu0p50__psi0p75",
  "runtime_sec": 10.663790286052972,
  "seed": 38,
  "z_cut": 1.1
}