{
  "alpha": 0.057,
  "c_upd": 0.58,
  "depr_lambda": 0.0,
  "depr_nu": 0.5,
  "depr_psi": 0.0,
  "eval_CSR_post": 0.0,
  "eval_dbar_post_mean": 0.49000439047813416,
  "eval_done_count": 100.0,
  "eval_episodes_per_env": 4.0,
  "eval_len_end_mean": 26.0,
  "eval_occupied_post_mean": 0.41999998688697815,
  "eval_return_end_mean": -23.385055541992188,
  "eval_t_eval": 104.0,
  "final_depr_F_post": 0.0,
  "final_energy_E_post": 0.44881051778793335,
  "final_episode_return_end_mean": -25.271352767944336,
  "final_funding_alpha_eff": 0.05700000002980232,
  "final_funding_g": 0.13001777231693268,
  "final_funding_g_raw": 0.13001777231693268,
  "final_update_counter": 12.0,
  "final_vartd_VarTD": 0.17786969244480133,
  "mechanism": "hardzero_only",
  "mechanism_tag": "hardzero_only__c0p58__z1p00__lam0p000__nu0p50__psi0p00",
  "runtime_sec": 9.474888814962469,
  "seed": 57,
  "z_cut": 1.0
}