{
  "alpha": 0.02,
  "c_upd": 0.58,
  "depr_lambda": 0.01,
  "depr_nu": 0.5,
  "depr_psi": 1.0,
  "eval_CSR_post": 0.0,
  "eval_dbar_post_mean": 0.6777915358543396,
  "eval_done_count": 100.0,
  "eval_episodes_per_env": 4.0,
  "eval_len_end_mean": 26.0,
  "eval_occupied_post_mean": 0.2800000011920929,
  "eval_return_end_mean": -26.19752311706543,
  "eval_t_eval": 104.0,
  "final_depr_F_post": 11.455166816711426,
  "final_energy_E_post": 0.070877306163311,
  "final_episode_return_end_mean": -26.39002799987793,
  "final_funding_alpha_eff": 2.1402144056992256e-07,
  "final_funding_g": 0.09519348293542862,
  "final_funding_g_raw": 0.09519348293542862,
  "final_update_counter": 2.0,
  "final_vartd_VarTD": 0.12185335904359818,
  "mechanism": "hardzero_plus_depr",
  "mechanism_tag": "hardzero_plus_depr__c0p58__z1p10__lam0p010__nu0p50__psi1p00",
  "runtime_sec": 10.888647234998643,
  "seed": 34,
  "z_cut": 1.1
}