{
  "alpha": 0.1,
  "c_upd": 0.5,
  "depr_lambda": 0.01,
  "depr_nu": 0.5,
  "depr_psi": 1.25,
  "eval_CSR_post": 0.019999999552965164,
  "eval_dbar_post_mean": 0.5187647342681885,
  "eval_done_count": 100.0,
  "eval_episodes_per_env": 4.0,
  "eval_len_end_mean": 26.0,
  "eval_occupied_post_mean": 0.4099999964237213,
  "eval_return_end_mean": -24.46198272705078,
  "eval_t_eval": 104.0,
  "final_depr_F_post": 10.547645568847656,
  "final_energy_E_post": 0.1339072734117508,
  "final_episode_return_end_mean": -27.318115234375,
  "final_funding_alpha_eff": 1.903043482798239e-07,
  "final_funding_g": 0.10303134471178055,
  "final_funding_g_raw": 0.10303134471178055,
  "final_update_counter": 4.0,
  "final_vartd_VarTD": 0.14877542853355408,
  "mechanism": "hardzero_plus_depr",
  "mechanism_tag": "hardzero_plus_depr__c0p50__z1p10__lam0p010__nu0p50__psi1p25",
  "runtime_sec": 11.021440115000587,
  "seed": 41,
  "z_cut": 1.1
}