{
  "alpha": 0.046,
  "c_upd": 0.58,
  "depr_lambda": 0.005,
  "depr_nu": 1.0,
  "depr_psi": 0.5,
  "eval_CSR_post": 0.0,
  "eval_dbar_post_mean": 0.5082294940948486,
  "eval_done_count": 100.0,
  "eval_episodes_per_env": 4.0,
  "eval_len_end_mean": 26.0,
  "eval_occupied_post_mean": 0.28999999165534973,
  "eval_return_end_mean": -24.339136123657227,
  "eval_t_eval": 104.0,
  "final_depr_F_post": 0.534999668598175,
  "final_energy_E_post": 0.4974397122859955,
  "final_episode_return_end_mean": -25.406417846679688,
  "final_funding_alpha_eff": 0.035291481763124466,
  "final_funding_g": 0.12209232896566391,
  "final_funding_g_raw": 0.12209232896566391,
  "final_update_counter": 7.0,
  "final_vartd_VarTD": 0.12915778160095215,
  "mechanism": "hardzero_plus_depr",
  "mechanism_tag": "hardzero_plus_depr__c0p58__z1p00__lam0p005__nu1p00__psi0p50",
  "runtime_sec": 9.462169437902048,
  "seed": 44,
  "z_cut": 1.0
}