{
  "alpha": 0.06,
  "c_upd": 0.6,
  "depr_lambda": 0.0,
  "depr_nu": 0.5,
  "depr_psi": 0.0,
  "eval_CSR_post": 0.0,
  "eval_dbar_post_mean": 0.4825774133205414,
  "eval_done_count": 100.0,
  "eval_episodes_per_env": 4.0,
  "eval_len_end_mean": 26.0,
  "eval_occupied_post_mean": 0.4399999976158142,
  "eval_return_end_mean": -23.841293334960938,
  "eval_t_eval": 104.0,
  "final_depr_F_post": 0.0,
  "final_energy_E_post": 0.3978521227836609,
  "final_episode_return_end_mean": -24.153200149536133,
  "final_funding_alpha_eff": 0.05999999865889549,
  "final_funding_g": 0.14933544397354126,
  "final_funding_g_raw": 0.14933544397354126,
  "final_update_counter": 16.0,
  "final_vartd_VarTD": 0.3450332581996918,
  "mechanism": "hardzero_only",
  "mechanism_tag": "hardzero_only__c0p60__z1p10__lam0p000__nu0p50__psi0p00",
  "runtime_sec": 9.769190446997527,
  "seed": 32,
  "z_cut": 1.1
}