{
  "alpha": 0.02,
  "c_upd": 0.54,
  "depr_lambda": 0.0,
  "depr_nu": 0.5,
  "depr_psi": 0.0,
  "eval_CSR_post": 0.0,
  "eval_dbar_post_mean": 0.5405235886573792,
  "eval_done_count": 100.0,
  "eval_episodes_per_env": 4.0,
  "eval_len_end_mean": 26.0,
  "eval_occupied_post_mean": 0.32999998331069946,
  "eval_return_end_mean": -24.652156829833984,
  "eval_t_eval": 104.0,
  "final_depr_F_post": 0.0,
  "final_energy_E_post": 0.01382102258503437,
  "final_episode_return_end_mean": -27.860837936401367,
  "final_funding_alpha_eff": 0.019999999552965164,
  "final_funding_g": 0.0,
  "final_funding_g_raw": 0.09522242844104767,
  "final_update_counter": 3.0,
  "final_vartd_VarTD": 0.1172986850142479,
  "mechanism": "hardzero_only",
  "mechanism_tag": "hardzero_only__c0p54__z1p00__lam0p000__nu0p50__psi0p00",
  "runtime_sec": 9.707497495983262,
  "seed": 31,
  "z_cut": 1.0
}