{
  "alpha": 0.1,
  "c_upd": 0.56,
  "depr_lambda": 0.02,
  "depr_nu": 0.5,
  "depr_psi": 0.75,
  "eval_CSR_post": 0.0,
  "eval_dbar_post_mean": 0.5144590735435486,
  "eval_done_count": 100.0,
  "eval_episodes_per_env": 4.0,
  "eval_len_end_mean": 26.0,
  "eval_occupied_post_mean": 0.35999998450279236,
  "eval_return_end_mean": -22.81666374206543,
  "eval_t_eval": 104.0,
  "final_depr_F_post": 24.7603759765625,
  "final_energy_E_post": 0.5553609132766724,
  "final_episode_return_end_mean": -27.233854293823242,
  "final_funding_alpha_eff": 8.740638768323095e-10,
  "final_funding_g": 0.0951492041349411,
  "final_funding_g_raw": 0.0951492041349411,
  "final_update_counter": 2.0,
  "final_vartd_VarTD": 0.1881050169467926,
  "mechanism": "hardzero_plus_depr",
  "mechanism_tag": "hardzero_plus_depr__c0p56__z1p05__lam0p020__nu0p50__psi0p75",
  "runtime_sec": 23.5941657180083,
  "seed": 30,
  "z_cut": 1.05
}