{
  "alpha": 0.1,
  "c_upd": 0.56,
  "depr_lambda": 0.01,
  "depr_nu": 0.5,
  "depr_psi": 1.0,
  "eval_CSR_post": 0.0,
  "eval_dbar_post_mean": 0.5997500419616699,
  "eval_done_count": 100.0,
  "eval_episodes_per_env": 4.0,
  "eval_len_end_mean": 26.0,
  "eval_occupied_post_mean": 0.2199999988079071,
  "eval_return_end_mean": -24.23402976989746,
  "eval_t_eval": 104.0,
  "final_depr_F_post": 11.71517276763916,
  "final_energy_E_post": 0.2057337462902069,
  "final_episode_return_end_mean": -27.403076171875,
  "final_funding_alpha_eff": 8.251029726125125e-07,
  "final_funding_g": 0.0,
  "final_funding_g_raw": 0.09289959818124771,
  "final_update_counter": 2.0,
  "final_vartd_VarTD": 0.19373935461044312,
  "mechanism": "hardzero_plus_depr",
  "mechanism_tag": "hardzero_plus_depr__c0p56__z1p00__lam0p010__nu0p50__psi1p00",
  "runtime_sec": 21.285169812035747,
  "seed": 30,
  "z_cut": 1.0
}