{
  "alpha": 0.067,
  "c_upd": 0.58,
  "depr_lambda": 0.0,
  "depr_nu": 0.5,
  "depr_psi": 0.0,
  "eval_CSR_post": 0.019999999552965164,
  "eval_dbar_post_mean": 0.5231881141662598,
  "eval_done_count": 100.0,
  "eval_episodes_per_env": 4.0,
  "eval_len_end_mean": 26.0,
  "eval_occupied_post_mean": 0.429999977350235,
  "eval_return_end_mean": -24.87218475341797,
  "eval_t_eval": 104.0,
  "final_depr_F_post": 0.0,
  "final_energy_E_post": 0.4966278076171875,
  "final_episode_return_end_mean": -24.952978134155273,
  "final_funding_alpha_eff": 0.06700000166893005,
  "final_funding_g": 0.15104283392429352,
  "final_funding_g_raw": 0.15104283392429352,
  "final_update_counter": 16.0,
  "final_vartd_VarTD": 0.35635945200920105,
  "mechanism": "hardzero_only",
  "mechanism_tag": "hardzero_only__c0p58__z1p00__lam0p000__nu0p50__psi0p00",
  "runtime_sec": 10.862339604995213,
  "seed": 46,
  "z_cut": 1.0
}