{
  "alpha": 0.034,
  "c_upd": 0.58,
  "depr_lambda": 0.0,
  "depr_nu": 0.5,
  "depr_psi": 0.0,
  "eval_CSR_post": 0.0,
  "eval_dbar_post_mean": 0.488270103931427,
  "eval_done_count": 100.0,
  "eval_episodes_per_env": 4.0,
  "eval_len_end_mean": 26.0,
  "eval_occupied_post_mean": 0.41999998688697815,
  "eval_return_end_mean": -23.315673828125,
  "eval_t_eval": 104.0,
  "final_depr_F_post": 0.0,
  "final_energy_E_post": 0.18965141475200653,
  "final_episode_return_end_mean": -26.175148010253906,
  "final_funding_alpha_eff": 0.03400000184774399,
  "final_funding_g": 0.11214897036552429,
  "final_funding_g_raw": 0.11214897036552429,
  "final_update_counter": 5.0,
  "final_vartd_VarTD": 0.1337297558784485,
  "mechanism": "hardzero_only",
  "mechanism_tag": "hardzero_only__c0p58__z1p00__lam0p000__nu0p50__psi0p00",
  "runtime_sec": 10.851152780931443,
  "seed": 61,
  "z_cut": 1.0
}