{
  "alpha": 0.06,
  "c_upd": 0.6,
  "depr_lambda": 0.01,
  "depr_nu": 0.5,
  "depr_psi": 1.0,
  "eval_CSR_post": 0.0,
  "eval_dbar_post_mean": 0.6197295784950256,
  "eval_done_count": 100.0,
  "eval_episodes_per_env": 4.0,
  "eval_len_end_mean": 26.0,
  "eval_occupied_post_mean": 0.3100000023841858,
  "eval_return_end_mean": -24.503665924072266,
  "eval_t_eval": 104.0,
  "final_depr_F_post": 12.225184440612793,
  "final_energy_E_post": 0.41581279039382935,
  "final_episode_return_end_mean": -27.546428680419922,
  "final_funding_alpha_eff": 2.9727894457209914e-07,
  "final_funding_g": 0.09979959577322006,
  "final_funding_g_raw": 0.09979959577322006,
  "final_update_counter": 2.0,
  "final_vartd_VarTD": 0.14371518790721893,
  "mechanism": "hardzero_plus_depr",
  "mechanism_tag": "hardzero_plus_depr__c0p60__z1p05__lam0p010__nu0p50__psi1p00",
  "runtime_sec": 10.89526726299664,
  "seed": 35,
  "z_cut": 1.05
}