{
  "alpha": 0.06,
  "c_upd": 0.52,
  "depr_lambda": 0.01,
  "depr_nu": 0.5,
  "depr_psi": 0.75,
  "eval_CSR_post": 0.0,
  "eval_dbar_post_mean": 0.5070673823356628,
  "eval_done_count": 100.0,
  "eval_episodes_per_env": 4.0,
  "eval_len_end_mean": 26.0,
  "eval_occupied_post_mean": 0.32999998331069946,
  "eval_return_end_mean": -23.438602447509766,
  "eval_t_eval": 104.0,
  "final_depr_F_post": 11.655171394348145,
  "final_energy_E_post": 0.47136491537094116,
  "final_episode_return_end_mean": -27.1617431640625,
  "final_funding_alpha_eff": 9.662202501203865e-06,
  "final_funding_g": 0.10763687640428543,
  "final_funding_g_raw": 0.10763687640428543,
  "final_update_counter": 3.0,
  "final_vartd_VarTD": 0.14219413697719574,
  "mechanism": "hardzero_plus_depr",
  "mechanism_tag": "hardzero_plus_depr__c0p52__z1p05__lam0p010__nu0p50__psi0p75",
  "runtime_sec": 10.940302003000397,
  "seed": 35,
  "z_cut": 1.05
}