{
  "alpha": 0.1,
  "c_upd": 0.54,
  "depr_lambda": 0.03,
  "depr_nu": 0.5,
  "depr_psi": 1.0,
  "eval_CSR_post": 0.0,
  "eval_dbar_post_mean": 0.6777934432029724,
  "eval_done_count": 100.0,
  "eval_episodes_per_env": 4.0,
  "eval_len_end_mean": 26.0,
  "eval_occupied_post_mean": 0.17000000178813934,
  "eval_return_end_mean": -26.04612159729004,
  "eval_t_eval": 104.0,
  "final_depr_F_post": 37.230106353759766,
  "final_energy_E_post": 0.22209830582141876,
  "final_episode_return_end_mean": -26.5214900970459,
  "final_funding_alpha_eff": 6.985517111953167e-18,
  "final_funding_g": 0.09234996140003204,
  "final_funding_g_raw": 0.09234996140003204,
  "final_update_counter": 2.0,
  "final_vartd_VarTD": 0.12540891766548157,
  "mechanism": "hardzero_plus_depr",
  "mechanism_tag": "hardzero_plus_depr__c0p54__z1p05__lam0p030__nu0p50__psi1p00",
  "runtime_sec": 10.85804860299686,
  "seed": 34,
  "z_cut": 1.05
}