{
  "alpha": 0.264,
  "borrow_interest": 0.02,
  "borrow_limit": 0.3,
  "c_upd": 0.58,
  "depr_lambda": 0.0,
  "depr_nu": 0.5,
  "depr_psi": 0.0,
  "eval_CSR_post": 0.0,
  "eval_dbar_post_mean": 0.6933900713920593,
  "eval_done_count": 100.0,
  "eval_episodes_per_env": 4.0,
  "eval_len_end_mean": 26.0,
  "eval_occupied_post_mean": 0.17000000178813934,
  "eval_return_end_mean": -23.788782119750977,
  "eval_t_eval": 104.0,
  "family": "borrow",
  "final_depr_F_post": 0.0,
  "final_energy_E_post": 0.17160719633102417,
  "final_update_counter": 88.0,
  "final_vartd_VarTD": 5.317036151885986,
  "max_debt_level_post": 0.26159799098968506,
  "mean_update_fraction": 0.07039999961853027,
  "mechanism": "hardzero_only",
  "mechanism_tag": "hardzero_only__c0p58__z1p00__lam0p000__nu0p50__psi0p00",
  "runtime_sec": 10.776499877101742,
  "seed": 34,
  "support_mode": "none",
  "support_total": 0.0,
  "total_debt_charge": 1.458740234375,
  "total_support_s": 0.0,
  "z_cut": 1.0
}