{
  "alpha": 0.05,
  "c_upd": 0.56,
  "depr_lambda": 0.01,
  "depr_nu": 0.5,
  "depr_psi": 1.0,
  "eval_CSR_post": 0.0,
  "eval_dbar_post_mean": 0.6541293263435364,
  "eval_done_count": 100.0,
  "eval_episodes_per_env": 4.0,
  "eval_len_end_mean": 26.0,
  "eval_occupied_post_mean": 0.25999999046325684,
  "eval_return_end_mean": -24.20041847229004,
  "eval_t_eval": 104.0,
  "final_depr_F_post": 12.120182037353516,
  "final_energy_E_post": 0.28778189420700073,
  "final_episode_return_end_mean": -29.109161376953125,
  "final_funding_alpha_eff": 2.751597492078872e-07,
  "final_funding_g": 0.0,
  "final_funding_g_raw": 0.07293371111154556,
  "final_update_counter": 2.0,
  "final_vartd_VarTD": 0.18076986074447632,
  "mechanism": "hardzero_plus_depr",
  "mechanism_tag": "hardzero_plus_depr__c0p56__z1p05__lam0p010__nu0p50__psi1p00",
  "runtime_sec": 10.69914498901926,
  "seed": 36,
  "z_cut": 1.05
}