{
  "alpha": 0.1,
  "c_upd": 0.52,
  "depr_lambda": 0.01,
  "depr_nu": 0.5,
  "depr_psi": 0.75,
  "eval_CSR_post": 0.009999999776482582,
  "eval_dbar_post_mean": 0.5041025876998901,
  "eval_done_count": 100.0,
  "eval_episodes_per_env": 4.0,
  "eval_len_end_mean": 26.0,
  "eval_occupied_post_mean": 0.4099999964237213,
  "eval_return_end_mean": -23.345943450927734,
  "eval_t_eval": 104.0,
  "final_depr_F_post": 7.546639919281006,
  "final_energy_E_post": 0.3961925506591797,
  "final_episode_return_end_mean": -26.6634464263916,
  "final_funding_alpha_eff": 0.00035088055301457644,
  "final_funding_g": 0.11133205145597458,
  "final_funding_g_raw": 0.11133205145597458,
  "final_update_counter": 7.0,
  "final_vartd_VarTD": 0.17306256294250488,
  "mechanism": "hardzero_plus_depr",
  "mechanism_tag": "hardzero_plus_depr__c0p52__z1p10__lam0p010__nu0p50__psi0p75",
  "runtime_sec": 23.790614361991175,
  "seed": 30,
  "z_cut": 1.1
}