{
  "alpha": 0.1,
  "c_upd": 0.52,
  "depr_lambda": 0.0,
  "depr_nu": 0.5,
  "depr_psi": 0.0,
  "eval_CSR_post": 0.0,
  "eval_dbar_post_mean": 0.5039176344871521,
  "eval_done_count": 100.0,
  "eval_episodes_per_env": 4.0,
  "eval_len_end_mean": 26.0,
  "eval_occupied_post_mean": 0.3499999940395355,
  "eval_return_end_mean": -23.771257400512695,
  "eval_t_eval": 104.0,
  "final_depr_F_post": 0.0,
  "final_energy_E_post": 0.2974850535392761,
  "final_episode_return_end_mean": -22.455738067626953,
  "final_funding_alpha_eff": 0.10000000149011612,
  "final_funding_g": 0.19584257900714874,
  "final_funding_g_raw": 0.19584257900714874,
  "final_update_counter": 38.0,
  "final_vartd_VarTD": 3.3690171241760254,
  "mechanism": "hardzero_only",
  "mechanism_tag": "hardzero_only__c0p52__z1p05__lam0p000__nu0p50__psi0p00",
  "runtime_sec": 10.07336837099865,
  "seed": 33,
  "z_cut": 1.05
}