{
  "alpha": 0.04,
  "c_upd": 0.5,
  "depr_lambda": 0.0,
  "depr_nu": 0.5,
  "depr_psi": 0.0,
  "eval_CSR_post": 0.0,
  "eval_dbar_post_mean": 0.5408458709716797,
  "eval_done_count": 100.0,
  "eval_episodes_per_env": 4.0,
  "eval_len_end_mean": 26.0,
  "eval_occupied_post_mean": 0.3499999940395355,
  "eval_return_end_mean": -23.81757354736328,
  "eval_t_eval": 104.0,
  "final_depr_F_post": 0.0,
  "final_energy_E_post": 0.134348064661026,
  "final_episode_return_end_mean": -25.67603302001953,
  "final_funding_alpha_eff": 0.03999999910593033,
  "final_funding_g": 0.13277961313724518,
  "final_funding_g_raw": 0.13277961313724518,
  "final_update_counter": 9.0,
  "final_vartd_VarTD": 0.20423036813735962,
  "mechanism": "hardzero_only",
  "mechanism_tag": "hardzero_only__c0p50__z1p00__lam0p000__nu0p50__psi0p00",
  "runtime_sec": 19.3405231529905,
  "seed": 30,
  "z_cut": 1.0
}