{
  "alpha": 0.04,
  "c_upd": 0.6,
  "depr_lambda": 0.02,
  "depr_nu": 0.5,
  "depr_psi": 1.0,
  "eval_CSR_post": 0.0,
  "eval_dbar_post_mean": 0.6782103776931763,
  "eval_done_count": 100.0,
  "eval_episodes_per_env": 4.0,
  "eval_len_end_mean": 26.0,
  "eval_occupied_post_mean": 0.2199999988079071,
  "eval_return_end_mean": -25.31313705444336,
  "eval_t_eval": 104.0,
  "final_depr_F_post": 24.98038101196289,
  "final_energy_E_post": 0.45318934321403503,
  "final_episode_return_end_mean": -27.03207778930664,
  "final_funding_alpha_eff": 5.779688251432435e-13,
  "final_funding_g": 0.10433065891265869,
  "final_funding_g_raw": 0.10433065891265869,
  "final_update_counter": 1.0,
  "final_vartd_VarTD": 0.12514762580394745,
  "mechanism": "hardzero_plus_depr",
  "mechanism_tag": "hardzero_plus_depr__c0p60__z1p00__lam0p020__nu0p50__psi1p00",
  "runtime_sec": 10.670325807004701,
  "seed": 33,
  "z_cut": 1.0
}