{
  "alpha": 0.05,
  "c_upd": 0.54,
  "depr_lambda": 0.0,
  "depr_nu": 0.5,
  "depr_psi": 0.0,
  "eval_CSR_post": 0.0,
  "eval_dbar_post_mean": 0.5197595357894897,
  "eval_done_count": 100.0,
  "eval_episodes_per_env": 4.0,
  "eval_len_end_mean": 26.0,
  "eval_occupied_post_mean": 0.44999998807907104,
  "eval_return_end_mean": -24.269887924194336,
  "eval_t_eval": 104.0,
  "final_depr_F_post": 0.0,
  "final_energy_E_post": 0.41128748655319214,
  "final_episode_return_end_mean": -26.204204559326172,
  "final_funding_alpha_eff": 0.05000000074505806,
  "final_funding_g": 0.12685512006282806,
  "final_funding_g_raw": 0.12685512006282806,
  "final_update_counter": 13.0,
  "final_vartd_VarTD": 0.20192548632621765,
  "mechanism": "hardzero_only",
  "mechanism_tag": "hardzero_only__c0p54__z1p05__lam0p000__nu0p50__psi0p00",
  "runtime_sec": 9.834010071004741,
  "seed": 31,
  "z_cut": 1.05
}