{
  "alpha": 0.03,
  "c_upd": 0.6,
  "depr_lambda": 0.0,
  "depr_nu": 0.5,
  "depr_psi": 0.0,
  "eval_CSR_post": 0.0,
  "eval_dbar_post_mean": 0.5926218628883362,
  "eval_done_count": 100.0,
  "eval_episodes_per_env": 4.0,
  "eval_len_end_mean": 26.0,
  "eval_occupied_post_mean": 0.2800000011920929,
  "eval_return_end_mean": -24.505197525024414,
  "eval_t_eval": 104.0,
  "final_depr_F_post": 0.0,
  "final_energy_E_post": 0.42350929975509644,
  "final_episode_return_end_mean": -29.108675003051758,
  "final_funding_alpha_eff": 0.029999999329447746,
  "final_funding_g": 0.0,
  "final_funding_g_raw": 0.07351681590080261,
  "final_update_counter": 2.0,
  "final_vartd_VarTD": 0.17881633341312408,
  "mechanism": "hardzero_only",
  "mechanism_tag": "hardzero_only__c0p60__z1p00__lam0p000__nu0p50__psi0p00",
  "runtime_sec": 10.024347822007257,
  "seed": 36,
  "z_cut": 1.0
}