{
  "alpha": 0.06,
  "c_upd": 0.5,
  "depr_lambda": 0.0,
  "depr_nu": 0.5,
  "depr_psi": 0.0,
  "eval_CSR_post": 0.0,
  "eval_dbar_post_mean": 0.5233325362205505,
  "eval_done_count": 100.0,
  "eval_episodes_per_env": 4.0,
  "eval_len_end_mean": 26.0,
  "eval_occupied_post_mean": 0.29999998211860657,
  "eval_return_end_mean": -24.087182998657227,
  "eval_t_eval": 104.0,
  "final_depr_F_post": 0.0,
  "final_energy_E_post": 0.12745097279548645,
  "final_episode_return_end_mean": -24.645082473754883,
  "final_funding_alpha_eff": 0.05999999865889549,
  "final_funding_g": 0.1531393975019455,
  "final_funding_g_raw": 0.1531393975019455,
  "final_update_counter": 18.0,
  "final_vartd_VarTD": 0.4597541391849518,
  "mechanism": "hardzero_only",
  "mechanism_tag": "hardzero_only__c0p50__z1p00__lam0p000__nu0p50__psi0p00",
  "runtime_sec": 10.071922917006304,
  "seed": 35,
  "z_cut": 1.0
}