{
  "alpha": 0.05,
  "c_upd": 0.5,
  "depr_lambda": 0.01,
  "depr_nu": 0.5,
  "depr_psi": 1.0,
  "eval_CSR_post": 0.0,
  "eval_dbar_post_mean": 0.5864237546920776,
  "eval_done_count": 100.0,
  "eval_episodes_per_env": 4.0,
  "eval_len_end_mean": 26.0,
  "eval_occupied_post_mean": 0.22999998927116394,
  "eval_return_end_mean": -24.917396545410156,
  "eval_t_eval": 104.0,
  "final_depr_F_post": 10.305144309997559,
  "final_energy_E_post": 0.059052757918834686,
  "final_episode_return_end_mean": -26.038665771484375,
  "final_funding_alpha_eff": 1.689840587459912e-06,
  "final_funding_g": 0.1028260737657547,
  "final_funding_g_raw": 0.1028260737657547,
  "final_update_counter": 3.0,
  "final_vartd_VarTD": 0.12073412537574768,
  "mechanism": "hardzero_plus_depr",
  "mechanism_tag": "hardzero_plus_depr__c0p50__z1p10__lam0p010__nu0p50__psi1p00",
  "runtime_sec": 10.847938097955193,
  "seed": 34,
  "z_cut": 1.1
}