{
  "alpha": 0.076,
  "c_upd": 0.58,
  "depr_lambda": 0.005,
  "depr_nu": 1.0,
  "depr_psi": 0.5,
  "eval_CSR_post": 0.0,
  "eval_dbar_post_mean": 0.5374492406845093,
  "eval_done_count": 100.0,
  "eval_episodes_per_env": 4.0,
  "eval_len_end_mean": 26.0,
  "eval_occupied_post_mean": 0.3100000023841858,
  "eval_return_end_mean": -21.986862182617188,
  "eval_t_eval": 104.0,
  "final_depr_F_post": 0.1250000149011612,
  "final_energy_E_post": 0.24603575468063354,
  "final_episode_return_end_mean": -25.034337997436523,
  "final_funding_alpha_eff": 0.07157409936189651,
  "final_funding_g": 0.143166184425354,
  "final_funding_g_raw": 0.143166184425354,
  "final_update_counter": 16.0,
  "final_vartd_VarTD": 0.36323049664497375,
  "mechanism": "hardzero_plus_depr",
  "mechanism_tag": "hardzero_plus_depr__c0p58__z1p00__lam0p005__nu1p00__psi0p50",
  "runtime_sec": 9.497650851029903,
  "seed": 45,
  "z_cut": 1.0
}