{
  "alpha": 0.03,
  "c_upd": 0.6,
  "depr_lambda": 0.0,
  "depr_nu": 0.5,
  "depr_psi": 0.0,
  "eval_CSR_post": 0.0,
  "eval_dbar_post_mean": 0.4994305372238159,
  "eval_done_count": 100.0,
  "eval_episodes_per_env": 4.0,
  "eval_len_end_mean": 26.0,
  "eval_occupied_post_mean": 0.3799999952316284,
  "eval_return_end_mean": -23.126142501831055,
  "eval_t_eval": 104.0,
  "final_depr_F_post": 0.0,
  "final_energy_E_post": 0.18299810588359833,
  "final_episode_return_end_mean": -25.1607666015625,
  "final_funding_alpha_eff": 0.029999999329447746,
  "final_funding_g": 0.12726902961730957,
  "final_funding_g_raw": 0.12726902961730957,
  "final_update_counter": 8.0,
  "final_vartd_VarTD": 0.13359741866588593,
  "mechanism": "hardzero_only",
  "mechanism_tag": "hardzero_only__c0p60__z1p05__lam0p000__nu0p50__psi0p00",
  "runtime_sec": 9.733510254998691,
  "seed": 32,
  "z_cut": 1.05
}