{
  "alpha": 0.05,
  "c_upd": 0.56,
  "depr_lambda": 0.02,
  "depr_nu": 0.5,
  "depr_psi": 1.25,
  "eval_CSR_post": 0.0,
  "eval_dbar_post_mean": 0.6471253037452698,
  "eval_done_count": 100.0,
  "eval_episodes_per_env": 4.0,
  "eval_len_end_mean": 26.0,
  "eval_occupied_post_mean": 0.22999998927116394,
  "eval_return_end_mean": -25.264354705810547,
  "eval_t_eval": 104.0,
  "final_depr_F_post": 24.570371627807617,
  "final_energy_E_post": 0.12242399156093597,
  "final_episode_return_end_mean": -28.17215347290039,
  "final_funding_alpha_eff": 2.3515639966282e-15,
  "final_funding_g": 0.08860748261213303,
  "final_funding_g_raw": 0.08860748261213303,
  "final_update_counter": 2.0,
  "final_vartd_VarTD": 0.12537185847759247,
  "mechanism": "hardzero_plus_depr",
  "mechanism_tag": "hardzero_plus_depr__c0p56__z1p10__lam0p020__nu0p50__psi1p25",
  "runtime_sec": 10.625875385012478,
  "seed": 31,
  "z_cut": 1.1
}