{
  "alpha": 0.1,
  "c_upd": 0.54,
  "depr_lambda": 0.01,
  "depr_nu": 0.5,
  "depr_psi": 1.0,
  "eval_CSR_post": 0.0,
  "eval_dbar_post_mean": 0.5660183429718018,
  "eval_done_count": 100.0,
  "eval_episodes_per_env": 4.0,
  "eval_len_end_mean": 26.0,
  "eval_occupied_post_mean": 0.32999998331069946,
  "eval_return_end_mean": -24.346521377563477,
  "eval_t_eval": 104.0,
  "final_depr_F_post": 9.80388069152832,
  "final_energy_E_post": 0.12506359815597534,
  "final_episode_return_end_mean": -27.027809143066406,
  "final_funding_alpha_eff": 5.5791983868402895e-06,
  "final_funding_g": 0.10741957277059555,
  "final_funding_g_raw": 0.10741957277059555,
  "final_update_counter": 4.0,
  "final_vartd_VarTD": 0.13975687325000763,
  "mechanism": "hardzero_plus_depr",
  "mechanism_tag": "hardzero_plus_depr__c0p54__z1p05__lam0p010__nu0p50__psi1p00",
  "runtime_sec": 10.77714262000518,
  "seed": 35,
  "z_cut": 1.05
}