{
  "alpha": 0.1,
  "c_upd": 0.58,
  "depr_lambda": 0.02,
  "depr_nu": 0.5,
  "depr_psi": 0.75,
  "eval_CSR_post": 0.0,
  "eval_dbar_post_mean": 0.8224455118179321,
  "eval_done_count": 100.0,
  "eval_episodes_per_env": 4.0,
  "eval_len_end_mean": 26.0,
  "eval_occupied_post_mean": 0.14000000059604645,
  "eval_return_end_mean": -27.538619995117188,
  "eval_t_eval": 104.0,
  "final_depr_F_post": 24.7603759765625,
  "final_energy_E_post": 0.5073588490486145,
  "final_episode_return_end_mean": -29.19533348083496,
  "final_funding_alpha_eff": 8.740638768323095e-10,
  "final_funding_g": 0.0,
  "final_funding_g_raw": 0.07025670260190964,
  "final_update_counter": 2.0,
  "final_vartd_VarTD": 0.17938995361328125,
  "mechanism": "hardzero_plus_depr",
  "mechanism_tag": "hardzero_plus_depr__c0p58__z1p10__lam0p020__nu0p50__psi0p75",
  "runtime_sec": 10.644418289070018,
  "seed": 36,
  "z_cut": 1.1
}