{
  "I_R_full": 1.0676462175932204,
  "alpha": 1.0,
  "borrow_interest": 0.02,
  "borrow_limit": 0.6,
  "c_upd": 0.9,
  "condition": "enabled_full__borrow__t1m__a1p00__c0p90",
  "eval_CSR_post": 0.0,
  "eval_CSR_pre": 0.0,
  "eval_dbar_post_mean": 0.533893883228302,
  "eval_dbar_pre_mean": 0.5300787687301636,
  "eval_done_count": 100.0,
  "eval_done_per_env_max": 4.0,
  "eval_done_per_env_min": 4.0,
  "eval_episodes_per_env": 4.0,
  "eval_len_end_mean": 26.0,
  "eval_max_tilde_post_mean": 0.8240499496459961,
  "eval_max_tilde_pre_mean": 0.820702314376831,
  "eval_occupied_post_mean": 0.3999999761581421,
  "eval_occupied_pre_mean": 0.44999998807907104,
  "eval_return_end_mean": -24.61203956604004,
  "eval_t_eval": 104.0,
  "family": "borrow",
  "final_energy": 0.04118901863694191,
  "final_executed_updates": 50.0,
  "final_vartd": 4.7962422370910645,
  "learned_R_full_0p5": 1.0,
  "max_debt_level": 0.5010530352592468,
  "mean_update_fraction": 0.16025641560554504,
  "metric_horizon": "full",
  "phase": "extension_full",
  "runtime_sec": 2.7963278660008655,
  "seed": 48,
  "support_mode": "none",
  "support_total": 0.0,
  "total_debt_charge": 0.7511544823646545,
  "total_support_injected": 0.0,
  "total_timesteps": 1000000,
  "train_final_return_end_mean": -24.156543731689453
}