{
  "alpha": 0.05,
  "c_upd": 0.58,
  "depr_lambda": 0.0,
  "depr_nu": 0.5,
  "depr_psi": 0.0,
  "eval_CSR_post": 0.0,
  "eval_dbar_post_mean": 0.5106147527694702,
  "eval_done_count": 100.0,
  "eval_episodes_per_env": 4.0,
  "eval_len_end_mean": 26.0,
  "eval_occupied_post_mean": 0.3999999761581421,
  "eval_return_end_mean": -24.28510284423828,
  "eval_t_eval": 104.0,
  "final_depr_F_post": 0.0,
  "final_energy_E_post": 0.5618023872375488,
  "final_episode_return_end_mean": -25.335329055786133,
  "final_funding_alpha_eff": 0.05000000074505806,
  "final_funding_g": 0.12038592994213104,
  "final_funding_g_raw": 0.12038592994213104,
  "final_update_counter": 7.0,
  "final_vartd_VarTD": 0.13738837838172913,
  "mechanism": "hardzero_only",
  "mechanism_tag": "hardzero_only__c0p58__z1p00__lam0p000__nu0p50__psi0p00",
  "runtime_sec": 9.473729675053619,
  "seed": 39,
  "z_cut": 1.0
}