{
  "I_R_full": 0.8301824863468795,
  "alpha": 0.0,
  "borrow_interest": 0.0,
  "borrow_limit": 0.0,
  "c_upd": 0.58,
  "condition": "fragile_full__base__t1m__a0p00__c0p58",
  "eval_CSR_post": 0.0,
  "eval_CSR_pre": 0.0,
  "eval_dbar_post_mean": 0.6724503040313721,
  "eval_dbar_pre_mean": 0.6602495312690735,
  "eval_done_count": 100.0,
  "eval_done_per_env_max": 4.0,
  "eval_done_per_env_min": 4.0,
  "eval_episodes_per_env": 4.0,
  "eval_len_end_mean": 26.0,
  "eval_max_tilde_post_mean": 0.988691508769989,
  "eval_max_tilde_pre_mean": 0.9745728969573975,
  "eval_occupied_post_mean": 0.17999999225139618,
  "eval_occupied_pre_mean": 0.25999999046325684,
  "eval_return_end_mean": -25.200225830078125,
  "eval_t_eval": 104.0,
  "family": "base",
  "final_energy": 0.42000001668930054,
  "final_executed_updates": 1.0,
  "final_vartd": 0.15309135615825653,
  "learned_R_full_0p5": 1.0,
  "max_debt_level": 0.0,
  "mean_update_fraction": 0.0032051282469183207,
  "metric_horizon": "full",
  "phase": "extension_full",
  "runtime_sec": 15.36744476199965,
  "seed": 30,
  "support_mode": "none",
  "support_total": 0.0,
  "total_debt_charge": 0.0,
  "total_support_injected": 0.0,
  "total_timesteps": 1000000,
  "train_final_return_end_mean": -27.69398307800293
}