{
  "I_R_short": 0.31161046906525014,
  "alpha": 0.0,
  "borrow_interest": 0.0,
  "borrow_limit": 0.0,
  "c_upd": 0.6,
  "condition": "anchor_short_fail__base__t400k__a0p00__c0p60",
  "eval_CSR_post": 0.009999999776482582,
  "eval_CSR_pre": 0.0,
  "eval_dbar_post_mean": 0.6593223214149475,
  "eval_dbar_pre_mean": 0.6559334397315979,
  "eval_done_count": 100.0,
  "eval_done_per_env_max": 4.0,
  "eval_done_per_env_min": 4.0,
  "eval_episodes_per_env": 4.0,
  "eval_len_end_mean": 26.0,
  "eval_max_tilde_post_mean": 0.9320536851882935,
  "eval_max_tilde_pre_mean": 0.9254143834114075,
  "eval_occupied_post_mean": 0.1899999976158142,
  "eval_occupied_pre_mean": 0.1599999964237213,
  "eval_return_end_mean": -25.71695327758789,
  "eval_t_eval": 104.0,
  "family": "base",
  "final_energy": 0.3999999761581421,
  "final_executed_updates": 1.0,
  "final_vartd": 0.1844290941953659,
  "learned_R_short_0p5": 0.0,
  "max_debt_level": 0.0,
  "mean_update_fraction": 0.00800000037997961,
  "metric_horizon": "short",
  "phase": "reproduce_baseline",
  "runtime_sec": 1.1065657489998557,
  "seed": 51,
  "support_mode": "none",
  "support_total": 0.0,
  "total_debt_charge": 0.0,
  "total_support_injected": 0.0,
  "total_timesteps": 400000,
  "train_final_return_end_mean": -28.047054290771484
}