{
  "alpha": 0.05,
  "c_upd": 0.54,
  "depr_lambda": 0.01,
  "depr_nu": 0.5,
  "depr_psi": 1.0,
  "eval_CSR_post": 0.0,
  "eval_dbar_post_mean": 0.6091104745864868,
  "eval_done_count": 100.0,
  "eval_episodes_per_env": 4.0,
  "eval_len_end_mean": 26.0,
  "eval_occupied_post_mean": 0.25,
  "eval_return_end_mean": -22.944665908813477,
  "eval_t_eval": 104.0,
  "final_depr_F_post": 12.270185470581055,
  "final_energy_E_post": 0.3020232617855072,
  "final_episode_return_end_mean": -28.174129486083984,
  "final_funding_alpha_eff": 2.368313829492763e-07,
  "final_funding_g": 0.0,
  "final_funding_g_raw": 0.08799193799495697,
  "final_update_counter": 2.0,
  "final_vartd_VarTD": 0.22217705845832825,
  "mechanism": "hardzero_plus_depr",
  "mechanism_tag": "hardzero_plus_depr__c0p54__z1p05__lam0p010__nu0p50__psi1p00",
  "runtime_sec": 10.70905263099121,
  "seed": 38,
  "z_cut": 1.05
}