{
  "alpha": 0.06,
  "c_upd": 0.56,
  "depr_lambda": 0.01,
  "depr_nu": 0.5,
  "depr_psi": 0.75,
  "eval_CSR_post": 0.0,
  "eval_dbar_post_mean": 0.5266295671463013,
  "eval_done_count": 100.0,
  "eval_episodes_per_env": 4.0,
  "eval_len_end_mean": 26.0,
  "eval_occupied_post_mean": 0.3799999952316284,
  "eval_return_end_mean": -24.3533935546875,
  "eval_t_eval": 104.0,
  "final_depr_F_post": 11.775174140930176,
  "final_energy_E_post": 0.23010505735874176,
  "final_episode_return_end_mean": -26.64255714416504,
  "final_funding_alpha_eff": 8.830570550344419e-06,
  "final_funding_g": 0.11159335821866989,
  "final_funding_g_raw": 0.11159335821866989,
  "final_update_counter": 2.0,
  "final_vartd_VarTD": 0.11935566365718842,
  "mechanism": "hardzero_plus_depr",
  "mechanism_tag": "hardzero_plus_depr__c0p56__z1p00__lam0p010__nu0p50__psi0p75",
  "runtime_sec": 9.974888060998637,
  "seed": 33,
  "z_cut": 1.0
}