{
  "alpha": 0.04,
  "c_upd": 0.52,
  "depr_lambda": 0.02,
  "depr_nu": 0.5,
  "depr_psi": 1.25,
  "eval_CSR_post": 0.0,
  "eval_dbar_post_mean": 0.6530082821846008,
  "eval_done_count": 100.0,
  "eval_episodes_per_env": 4.0,
  "eval_len_end_mean": 26.0,
  "eval_occupied_post_mean": 0.22999998927116394,
  "eval_return_end_mean": -25.089462280273438,
  "eval_t_eval": 104.0,
  "final_depr_F_post": 24.83037757873535,
  "final_energy_E_post": 0.10582287609577179,
  "final_episode_return_end_mean": -28.073936462402344,
  "final_funding_alpha_eff": 1.3592439348543428e-15,
  "final_funding_g": 0.0,
  "final_funding_g_raw": 0.08743983507156372,
  "final_update_counter": 2.0,
  "final_vartd_VarTD": 0.17998212575912476,
  "mechanism": "hardzero_plus_depr",
  "mechanism_tag": "hardzero_plus_depr__c0p52__z1p05__lam0p020__nu0p50__psi1p25",
  "runtime_sec": 10.729072390997317,
  "seed": 40,
  "z_cut": 1.05
}