{
  "alpha": 0.05,
  "c_upd": 0.54,
  "depr_lambda": 0.0,
  "depr_nu": 0.5,
  "depr_psi": 0.0,
  "eval_CSR_post": 0.009999999776482582,
  "eval_dbar_post_mean": 0.5020859241485596,
  "eval_done_count": 100.0,
  "eval_episodes_per_env": 4.0,
  "eval_len_end_mean": 26.0,
  "eval_occupied_post_mean": 0.38999998569488525,
  "eval_return_end_mean": -23.55138397216797,
  "eval_t_eval": 104.0,
  "final_depr_F_post": 0.0,
  "final_energy_E_post": 0.14275500178337097,
  "final_episode_return_end_mean": -25.456928253173828,
  "final_funding_alpha_eff": 0.05000000074505806,
  "final_funding_g": 0.12867125868797302,
  "final_funding_g_raw": 0.12867125868797302,
  "final_update_counter": 15.0,
  "final_vartd_VarTD": 0.2961992621421814,
  "mechanism": "hardzero_only",
  "mechanism_tag": "hardzero_only__c0p54__z1p05__lam0p000__nu0p50__psi0p00",
  "runtime_sec": 9.807296488026623,
  "seed": 37,
  "z_cut": 1.05
}