{
  "alpha": 0.03,
  "c_upd": 0.58,
  "depr_lambda": 0.01,
  "depr_nu": 0.5,
  "depr_psi": 1.25,
  "eval_CSR_post": 0.0,
  "eval_dbar_post_mean": 0.5025302171707153,
  "eval_done_count": 100.0,
  "eval_episodes_per_env": 4.0,
  "eval_len_end_mean": 26.0,
  "eval_occupied_post_mean": 0.3999999761581421,
  "eval_return_end_mean": -22.88433074951172,
  "eval_t_eval": 104.0,
  "final_depr_F_post": 11.400165557861328,
  "final_energy_E_post": 0.05263133719563484,
  "final_episode_return_end_mean": -26.435827255249023,
  "final_funding_alpha_eff": 1.96681533282117e-08,
  "final_funding_g": 0.0950828343629837,
  "final_funding_g_raw": 0.0950828343629837,
  "final_update_counter": 2.0,
  "final_vartd_VarTD": 0.13890279829502106,
  "mechanism": "hardzero_plus_depr",
  "mechanism_tag": "hardzero_plus_depr__c0p58__z1p05__lam0p010__nu0p50__psi1p25",
  "runtime_sec": 10.627869877964258,
  "seed": 32,
  "z_cut": 1.05
}