{
  "alpha": 0.069,
  "c_upd": 0.58,
  "depr_lambda": 0.0,
  "depr_nu": 0.5,
  "depr_psi": 0.0,
  "eval_CSR_post": 0.0,
  "eval_dbar_post_mean": 0.49021029472351074,
  "eval_done_count": 100.0,
  "eval_episodes_per_env": 4.0,
  "eval_len_end_mean": 26.0,
  "eval_occupied_post_mean": 0.44999998807907104,
  "eval_return_end_mean": -22.889787673950195,
  "eval_t_eval": 104.0,
  "final_depr_F_post": 0.0,
  "final_energy_E_post": 0.5645409822463989,
  "final_episode_return_end_mean": -26.750072479248047,
  "final_funding_alpha_eff": 0.0689999982714653,
  "final_funding_g": 0.11831396073102951,
  "final_funding_g_raw": 0.11831396073102951,
  "final_update_counter": 8.0,
  "final_vartd_VarTD": 0.20438341796398163,
  "mechanism": "hardzero_only",
  "mechanism_tag": "hardzero_only__c0p58__z1p00__lam0p000__nu0p50__psi0p00",
  "runtime_sec": 10.84285492298659,
  "seed": 38,
  "z_cut": 1.0
}