{
  "alpha": 0.052,
  "c_upd": 0.58,
  "depr_lambda": 0.005,
  "depr_nu": 1.0,
  "depr_psi": 0.5,
  "eval_CSR_post": 0.0,
  "eval_dbar_post_mean": 0.47643741965293884,
  "eval_done_count": 100.0,
  "eval_episodes_per_env": 4.0,
  "eval_len_end_mean": 26.0,
  "eval_occupied_post_mean": 0.3499999940395355,
  "eval_return_end_mean": -23.727811813354492,
  "eval_t_eval": 104.0,
  "final_depr_F_post": 0.3999997675418854,
  "final_energy_E_post": 0.44162362813949585,
  "final_episode_return_end_mean": -26.8963680267334,
  "final_funding_alpha_eff": 0.04268057644367218,
  "final_funding_g": 0.11236623674631119,
  "final_funding_g_raw": 0.11236623674631119,
  "final_update_counter": 5.0,
  "final_vartd_VarTD": 0.15121057629585266,
  "mechanism": "hardzero_plus_depr",
  "mechanism_tag": "hardzero_plus_depr__c0p58__z1p00__lam0p005__nu1p00__psi0p50",
  "runtime_sec": 9.47311959695071,
  "seed": 41,
  "z_cut": 1.0
}