{
  "alpha": 0.02,
  "c_upd": 0.54,
  "depr_lambda": 0.01,
  "depr_nu": 0.5,
  "depr_psi": 1.25,
  "eval_CSR_post": 0.0,
  "eval_dbar_post_mean": 0.6065101623535156,
  "eval_done_count": 100.0,
  "eval_episodes_per_env": 4.0,
  "eval_len_end_mean": 26.0,
  "eval_occupied_post_mean": 0.3799999952316284,
  "eval_return_end_mean": -25.022008895874023,
  "eval_t_eval": 104.0,
  "final_depr_F_post": 12.095181465148926,
  "final_energy_E_post": 0.09086242318153381,
  "final_episode_return_end_mean": -27.408655166625977,
  "final_funding_alpha_eff": 5.500098598787417e-09,
  "final_funding_g": 0.10393394529819489,
  "final_funding_g_raw": 0.10393394529819489,
  "final_update_counter": 2.0,
  "final_vartd_VarTD": 0.1434668004512787,
  "mechanism": "hardzero_plus_depr",
  "mechanism_tag": "hardzero_plus_depr__c0p54__z1p05__lam0p010__nu0p50__psi1p25",
  "runtime_sec": 10.788723175995983,
  "seed": 35,
  "z_cut": 1.05
}