{
  "I_R_full": 1.206998561676922,
  "alpha": 0.1,
  "borrow_interest": 0.0,
  "borrow_limit": 0.0,
  "c_upd": 1.0,
  "condition": "edge_full__base__t1m__a0p10__c1p00",
  "eval_CSR_post": 0.0,
  "eval_CSR_pre": 0.0,
  "eval_dbar_post_mean": 0.5379146933555603,
  "eval_dbar_pre_mean": 0.5407953858375549,
  "eval_done_count": 100.0,
  "eval_done_per_env_max": 4.0,
  "eval_done_per_env_min": 4.0,
  "eval_episodes_per_env": 4.0,
  "eval_len_end_mean": 26.0,
  "eval_max_tilde_post_mean": 0.8046604990959167,
  "eval_max_tilde_pre_mean": 0.8155130743980408,
  "eval_occupied_post_mean": 0.29999998211860657,
  "eval_occupied_pre_mean": 0.3700000047683716,
  "eval_return_end_mean": -24.266870498657227,
  "eval_t_eval": 104.0,
  "family": "base",
  "final_energy": 0.05184274911880493,
  "final_executed_updates": 4.0,
  "final_vartd": 0.16159740090370178,
  "learned_R_full_0p5": 1.0,
  "max_debt_level": 0.0,
  "mean_update_fraction": 0.012820512987673283,
  "metric_horizon": "full",
  "phase": "extension_full",
  "runtime_sec": 2.6855221599998913,
  "seed": 35,
  "support_mode": "none",
  "support_total": 0.0,
  "total_debt_charge": 0.0,
  "total_support_injected": 0.0,
  "total_timesteps": 1000000,
  "train_final_return_end_mean": -26.656091690063477
}