{
  "alpha": 0.12,
  "c_upd": 0.52,
  "depr_lambda": 0.02,
  "depr_nu": 0.5,
  "depr_psi": 1.25,
  "eval_CSR_post": 0.0,
  "eval_dbar_post_mean": 0.5492900013923645,
  "eval_done_count": 100.0,
  "eval_episodes_per_env": 4.0,
  "eval_len_end_mean": 26.0,
  "eval_occupied_post_mean": 0.38999998569488525,
  "eval_return_end_mean": -23.78900909423828,
  "eval_t_eval": 104.0,
  "final_depr_F_post": 24.160362243652344,
  "final_energy_E_post": 0.09293058514595032,
  "final_episode_return_end_mean": -27.975736618041992,
  "final_funding_alpha_eff": 9.42211583141719e-15,
  "final_funding_g": 0.0,
  "final_funding_g_raw": 0.08926650881767273,
  "final_update_counter": 2.0,
  "final_vartd_VarTD": 0.17537783086299896,
  "mechanism": "hardzero_plus_depr",
  "mechanism_tag": "hardzero_plus_depr__c0p52__z1p00__lam0p020__nu0p50__psi1p25",
  "runtime_sec": 10.654233860957902,
  "seed": 40,
  "z_cut": 1.0
}