{
  "alpha": 0.061,
  "c_upd": 0.58,
  "depr_lambda": 0.005,
  "depr_nu": 1.0,
  "depr_psi": 0.5,
  "eval_CSR_post": 0.0,
  "eval_dbar_post_mean": 0.5332382321357727,
  "eval_done_count": 100.0,
  "eval_episodes_per_env": 4.0,
  "eval_len_end_mean": 26.0,
  "eval_occupied_post_mean": 0.28999999165534973,
  "eval_return_end_mean": -24.76089096069336,
  "eval_t_eval": 104.0,
  "final_depr_F_post": 0.1549999862909317,
  "final_energy_E_post": 0.1921236515045166,
  "final_episode_return_end_mean": -26.995723724365234,
  "final_funding_alpha_eff": 0.05659235641360283,
  "final_funding_g": 0.109797403216362,
  "final_funding_g_raw": 0.109797403216362,
  "final_update_counter": 5.0,
  "final_vartd_VarTD": 0.10549255460500717,
  "mechanism": "hardzero_plus_depr",
  "mechanism_tag": "hardzero_plus_depr__c0p58__z1p00__lam0p005__nu1p00__psi0p50",
  "runtime_sec": 9.466202394105494,
  "seed": 31,
  "z_cut": 1.0
}