{
  "alpha": 0.067,
  "c_upd": 0.58,
  "depr_lambda": 0.005,
  "depr_nu": 1.0,
  "depr_psi": 0.5,
  "eval_CSR_post": 0.009999999776482582,
  "eval_dbar_post_mean": 0.48722168803215027,
  "eval_done_count": 100.0,
  "eval_episodes_per_env": 4.0,
  "eval_len_end_mean": 26.0,
  "eval_occupied_post_mean": 0.4599999785423279,
  "eval_return_end_mean": -22.560415267944336,
  "eval_t_eval": 104.0,
  "final_depr_F_post": 0.2399999052286148,
  "final_energy_E_post": 0.40437567234039307,
  "final_episode_return_end_mean": -25.475189208984375,
  "final_funding_alpha_eff": 0.05957241728901863,
  "final_funding_g": 0.1396692991256714,
  "final_funding_g_raw": 0.1396692991256714,
  "final_update_counter": 12.0,
  "final_vartd_VarTD": 0.1889798939228058,
  "mechanism": "hardzero_plus_depr",
  "mechanism_tag": "hardzero_plus_depr__c0p58__z1p00__lam0p005__nu1p00__psi0p50",
  "runtime_sec": 9.489105107961223,
  "seed": 52,
  "z_cut": 1.0
}