{
  "alpha": 0.04,
  "c_upd": 0.56,
  "depr_lambda": 0.02,
  "depr_nu": 0.5,
  "depr_psi": 0.75,
  "eval_CSR_post": 0.0,
  "eval_dbar_post_mean": 0.5957591533660889,
  "eval_done_count": 100.0,
  "eval_episodes_per_env": 4.0,
  "eval_len_end_mean": 26.0,
  "eval_occupied_post_mean": 0.2800000011920929,
  "eval_return_end_mean": -23.979957580566406,
  "eval_t_eval": 104.0,
  "final_depr_F_post": 24.24036407470703,
  "final_energy_E_post": 0.13486723601818085,
  "final_episode_return_end_mean": -26.472023010253906,
  "final_funding_alpha_eff": 5.163958149978498e-10,
  "final_funding_g": 0.09385520219802856,
  "final_funding_g_raw": 0.09385520219802856,
  "final_update_counter": 2.0,
  "final_vartd_VarTD": 0.11854074150323868,
  "mechanism": "hardzero_plus_depr",
  "mechanism_tag": "hardzero_plus_depr__c0p56__z1p05__lam0p020__nu0p50__psi0p75",
  "runtime_sec": 10.85184511600528,
  "seed": 34,
  "z_cut": 1.05
}