{
  "alpha": 0.12,
  "c_upd": 0.6,
  "depr_lambda": 0.02,
  "depr_nu": 0.5,
  "depr_psi": 1.25,
  "eval_CSR_post": 0.0,
  "eval_dbar_post_mean": 0.5664021968841553,
  "eval_done_count": 100.0,
  "eval_episodes_per_env": 4.0,
  "eval_len_end_mean": 26.0,
  "eval_occupied_post_mean": 0.22999998927116394,
  "eval_return_end_mean": -23.826322555541992,
  "eval_t_eval": 104.0,
  "final_depr_F_post": 24.670373916625977,
  "final_energy_E_post": 0.32268160581588745,
  "final_episode_return_end_mean": -27.72845458984375,
  "final_funding_alpha_eff": 4.9805757527119146e-15,
  "final_funding_g": 0.09721283614635468,
  "final_funding_g_raw": 0.09721283614635468,
  "final_update_counter": 2.0,
  "final_vartd_VarTD": 0.14429306983947754,
  "mechanism": "hardzero_plus_depr",
  "mechanism_tag": "hardzero_plus_depr__c0p60__z1p05__lam0p020__nu0p50__psi1p25",
  "runtime_sec": 10.879333037009928,
  "seed": 35,
  "z_cut": 1.05
}