{
  "alpha": 0.05,
  "c_upd": 0.56,
  "depr_lambda": 0.03,
  "depr_nu": 0.5,
  "depr_psi": 1.25,
  "eval_CSR_post": 0.0,
  "eval_dbar_post_mean": 0.5474296808242798,
  "eval_done_count": 100.0,
  "eval_episodes_per_env": 4.0,
  "eval_len_end_mean": 26.0,
  "eval_occupied_post_mean": 0.32999998331069946,
  "eval_return_end_mean": -23.218936920166016,
  "eval_t_eval": 104.0,
  "final_depr_F_post": 36.42013931274414,
  "final_energy_E_post": 0.038356609642505646,
  "final_episode_return_end_mean": -27.38744354248047,
  "final_funding_alpha_eff": 8.788684956244381e-22,
  "final_funding_g": 0.09370331466197968,
  "final_funding_g_raw": 0.09370331466197968,
  "final_update_counter": 2.0,
  "final_vartd_VarTD": 0.1886884868144989,
  "mechanism": "hardzero_plus_depr",
  "mechanism_tag": "hardzero_plus_depr__c0p56__z1p10__lam0p030__nu0p50__psi1p25",
  "runtime_sec": 24.158274480025284,
  "seed": 30,
  "z_cut": 1.1
}