{
  "alpha": 0.043,
  "c_upd": 0.58,
  "depr_lambda": 0.005,
  "depr_nu": 1.0,
  "depr_psi": 0.5,
  "eval_CSR_post": 0.0,
  "eval_dbar_post_mean": 0.5439479351043701,
  "eval_done_count": 100.0,
  "eval_episodes_per_env": 4.0,
  "eval_len_end_mean": 26.0,
  "eval_occupied_post_mean": 0.2800000011920929,
  "eval_return_end_mean": -25.023752212524414,
  "eval_t_eval": 104.0,
  "final_depr_F_post": 0.029999997466802597,
  "final_energy_E_post": 0.03219446912407875,
  "final_episode_return_end_mean": -26.137887954711914,
  "final_funding_alpha_eff": 0.04246584698557854,
  "final_funding_g": 0.11576221138238907,
  "final_funding_g_raw": 0.11576221138238907,
  "final_update_counter": 6.0,
  "final_vartd_VarTD": 0.15134300291538239,
  "mechanism": "hardzero_plus_depr",
  "mechanism_tag": "hardzero_plus_depr__c0p58__z1p00__lam0p005__nu1p00__psi0p50",
  "runtime_sec": 9.477988712023944,
  "seed": 58,
  "z_cut": 1.0
}