{
  "alpha": 0.03,
  "c_upd": 0.54,
  "depr_lambda": 0.01,
  "depr_nu": 0.5,
  "depr_psi": 0.75,
  "eval_CSR_post": 0.0,
  "eval_dbar_post_mean": 0.5656518936157227,
  "eval_done_count": 100.0,
  "eval_episodes_per_env": 4.0,
  "eval_len_end_mean": 26.0,
  "eval_occupied_post_mean": 0.3700000047683716,
  "eval_return_end_mean": -24.17959976196289,
  "eval_t_eval": 104.0,
  "final_depr_F_post": 12.105181694030762,
  "final_energy_E_post": 0.23322457075119019,
  "final_episode_return_end_mean": -29.176929473876953,
  "final_funding_alpha_eff": 3.447213657636894e-06,
  "final_funding_g": 0.0,
  "final_funding_g_raw": 0.07251492887735367,
  "final_update_counter": 2.0,
  "final_vartd_VarTD": 0.1853366196155548,
  "mechanism": "hardzero_plus_depr",
  "mechanism_tag": "hardzero_plus_depr__c0p54__z1p05__lam0p010__nu0p50__psi0p75",
  "runtime_sec": 10.64928549202159,
  "seed": 36,
  "z_cut": 1.05
}