{
  "alpha": 0.1,
  "c_upd": 0.56,
  "depr_lambda": 0.01,
  "depr_nu": 0.5,
  "depr_psi": 1.25,
  "eval_CSR_post": 0.0,
  "eval_dbar_post_mean": 0.7650867700576782,
  "eval_done_count": 100.0,
  "eval_episodes_per_env": 4.0,
  "eval_len_end_mean": 26.0,
  "eval_occupied_post_mean": 0.20999999344348907,
  "eval_return_end_mean": -27.960384368896484,
  "eval_t_eval": 104.0,
  "final_depr_F_post": 12.385188102722168,
  "final_energy_E_post": 0.553569495677948,
  "final_episode_return_end_mean": -28.03621482849121,
  "final_funding_alpha_eff": 1.9138388651640525e-08,
  "final_funding_g": 0.09125559777021408,
  "final_funding_g_raw": 0.09125559777021408,
  "final_update_counter": 2.0,
  "final_vartd_VarTD": 0.1624804586172104,
  "mechanism": "hardzero_plus_depr",
  "mechanism_tag": "hardzero_plus_depr__c0p56__z1p05__lam0p010__nu0p50__psi1p25",
  "runtime_sec": 10.608473900996614,
  "seed": 41,
  "z_cut": 1.05
}