{
  "alpha": 0.1,
  "c_upd": 0.56,
  "depr_lambda": 0.01,
  "depr_nu": 0.5,
  "depr_psi": 1.0,
  "eval_CSR_post": 0.0,
  "eval_dbar_post_mean": 0.5329983234405518,
  "eval_done_count": 100.0,
  "eval_episodes_per_env": 4.0,
  "eval_len_end_mean": 26.0,
  "eval_occupied_post_mean": 0.3100000023841858,
  "eval_return_end_mean": -23.2591495513916,
  "eval_t_eval": 104.0,
  "final_depr_F_post": 11.645171165466309,
  "final_energy_E_post": 0.43908312916755676,
  "final_episode_return_end_mean": -26.259878158569336,
  "final_funding_alpha_eff": 8.849311825542827e-07,
  "final_funding_g": 0.101925790309906,
  "final_funding_g_raw": 0.101925790309906,
  "final_update_counter": 3.0,
  "final_vartd_VarTD": 0.13948386907577515,
  "mechanism": "hardzero_plus_depr",
  "mechanism_tag": "hardzero_plus_depr__c0p56__z1p05__lam0p010__nu0p50__psi1p00",
  "runtime_sec": 10.71141699195141,
  "seed": 39,
  "z_cut": 1.05
}