{
  "alpha": 0.05,
  "c_upd": 0.5,
  "depr_lambda": 0.0,
  "depr_nu": 0.5,
  "depr_psi": 0.0,
  "eval_CSR_post": 0.019999999552965164,
  "eval_dbar_post_mean": 0.4948311448097229,
  "eval_done_count": 100.0,
  "eval_episodes_per_env": 4.0,
  "eval_len_end_mean": 26.0,
  "eval_occupied_post_mean": 0.32999998331069946,
  "eval_return_end_mean": -23.554895401000977,
  "eval_t_eval": 104.0,
  "final_depr_F_post": 0.0,
  "final_energy_E_post": 0.18832595646381378,
  "final_episode_return_end_mean": -25.41353988647461,
  "final_funding_alpha_eff": 0.05000000074505806,
  "final_funding_g": 0.13979734480381012,
  "final_funding_g_raw": 0.13979734480381012,
  "final_update_counter": 14.0,
  "final_vartd_VarTD": 0.2561899721622467,
  "mechanism": "hardzero_only",
  "mechanism_tag": "hardzero_only__c0p50__z1p00__lam0p000__nu0p50__psi0p00",
  "runtime_sec": 9.946893304993864,
  "seed": 35,
  "z_cut": 1.0
}