{
  "alpha": 0.05,
  "c_upd": 0.58,
  "depr_lambda": 0.01,
  "depr_nu": 0.5,
  "depr_psi": 0.75,
  "eval_CSR_post": 0.0,
  "eval_dbar_post_mean": 0.49073541164398193,
  "eval_done_count": 100.0,
  "eval_episodes_per_env": 4.0,
  "eval_len_end_mean": 26.0,
  "eval_occupied_post_mean": 0.4899999797344208,
  "eval_return_end_mean": -23.83415985107422,
  "eval_t_eval": 104.0,
  "final_depr_F_post": 7.670127868652344,
  "final_energy_E_post": 0.02003735676407814,
  "final_episode_return_end_mean": -25.962278366088867,
  "final_funding_alpha_eff": 0.00015992141561582685,
  "final_funding_g": 0.10470399260520935,
  "final_funding_g_raw": 0.10470399260520935,
  "final_update_counter": 3.0,
  "final_vartd_VarTD": 0.12754666805267334,
  "mechanism": "hardzero_plus_depr",
  "mechanism_tag": "hardzero_plus_depr__c0p58__z1p10__lam0p010__nu0p50__psi0p75",
  "runtime_sec": 10.814166761934757,
  "seed": 32,
  "z_cut": 1.1
}