{
  "alpha": 0.049,
  "c_upd": 0.58,
  "depr_lambda": 0.0,
  "depr_nu": 0.5,
  "depr_psi": 0.0,
  "eval_CSR_post": 0.0,
  "eval_dbar_post_mean": 0.6161718368530273,
  "eval_done_count": 100.0,
  "eval_episodes_per_env": 4.0,
  "eval_len_end_mean": 26.0,
  "eval_occupied_post_mean": 0.2800000011920929,
  "eval_return_end_mean": -25.118234634399414,
  "eval_t_eval": 104.0,
  "final_depr_F_post": 0.0,
  "final_energy_E_post": 0.15810182690620422,
  "final_episode_return_end_mean": -24.659643173217773,
  "final_funding_alpha_eff": 0.04899999871850014,
  "final_funding_g": 0.13078586757183075,
  "final_funding_g_raw": 0.13078586757183075,
  "final_update_counter": 10.0,
  "final_vartd_VarTD": 0.14788757264614105,
  "mechanism": "hardzero_only",
  "mechanism_tag": "hardzero_only__c0p58__z1p00__lam0p000__nu0p50__psi0p00",
  "runtime_sec": 9.475427267956547,
  "seed": 34,
  "z_cut": 1.0
}