{
  "alpha": 0.05,
  "c_upd": 0.56,
  "depr_lambda": 0.03,
  "depr_nu": 0.5,
  "depr_psi": 1.25,
  "eval_CSR_post": 0.0,
  "eval_dbar_post_mean": 0.7444051504135132,
  "eval_done_count": 100.0,
  "eval_episodes_per_env": 4.0,
  "eval_len_end_mean": 26.0,
  "eval_occupied_post_mean": 0.20999999344348907,
  "eval_return_end_mean": -27.222030639648438,
  "eval_t_eval": 104.0,
  "final_depr_F_post": 35.8051643371582,
  "final_energy_E_post": 0.017093084752559662,
  "final_episode_return_end_mean": -29.052331924438477,
  "final_funding_alpha_eff": 1.8957200474384195e-21,
  "final_funding_g": 0.0,
  "final_funding_g_raw": 0.07416507601737976,
  "final_update_counter": 2.0,
  "final_vartd_VarTD": 0.17397333681583405,
  "mechanism": "hardzero_plus_depr",
  "mechanism_tag": "hardzero_plus_depr__c0p56__z1p10__lam0p030__nu0p50__psi1p25",
  "runtime_sec": 10.695306248031557,
  "seed": 36,
  "z_cut": 1.1
}