{
  "alpha": 0.073,
  "c_upd": 0.58,
  "depr_lambda": 0.005,
  "depr_nu": 1.0,
  "depr_psi": 0.5,
  "eval_CSR_post": 0.009999999776482582,
  "eval_dbar_post_mean": 0.5030768513679504,
  "eval_done_count": 100.0,
  "eval_episodes_per_env": 4.0,
  "eval_len_end_mean": 26.0,
  "eval_occupied_post_mean": 0.3700000047683716,
  "eval_return_end_mean": -24.61374855041504,
  "eval_t_eval": 104.0,
  "final_depr_F_post": 0.14000000059604645,
  "final_energy_E_post": 0.30256927013397217,
  "final_episode_return_end_mean": -24.296302795410156,
  "final_funding_alpha_eff": 0.0682351216673851,
  "final_funding_g": 0.15609192848205566,
  "final_funding_g_raw": 0.15609192848205566,
  "final_update_counter": 12.0,
  "final_vartd_VarTD": 0.1777639538049698,
  "mechanism": "hardzero_plus_depr",
  "mechanism_tag": "hardzero_plus_depr__c0p58__z1p00__lam0p005__nu1p00__psi0p50",
  "runtime_sec": 9.4946108070435,
  "seed": 61,
  "z_cut": 1.0
}