{
  "alpha": 0.12,
  "c_upd": 0.54,
  "depr_lambda": 0.01,
  "depr_nu": 0.5,
  "depr_psi": 1.0,
  "eval_CSR_post": 0.0,
  "eval_dbar_post_mean": 0.5340266823768616,
  "eval_done_count": 100.0,
  "eval_episodes_per_env": 4.0,
  "eval_len_end_mean": 26.0,
  "eval_occupied_post_mean": 0.3799999952316284,
  "eval_return_end_mean": -23.514328002929688,
  "eval_t_eval": 104.0,
  "final_depr_F_post": 10.232013702392578,
  "final_energy_E_post": 0.4002218246459961,
  "final_episode_return_end_mean": -26.07614517211914,
  "final_funding_alpha_eff": 4.363321295386413e-06,
  "final_funding_g": 0.10570655018091202,
  "final_funding_g_raw": 0.10570655018091202,
  "final_update_counter": 5.0,
  "final_vartd_VarTD": 0.13271558284759521,
  "mechanism": "hardzero_plus_depr",
  "mechanism_tag": "hardzero_plus_depr__c0p54__z1p10__lam0p010__nu0p50__psi1p00",
  "runtime_sec": 10.780959310941398,
  "seed": 39,
  "z_cut": 1.1
}