{
  "alpha": 0.05,
  "c_upd": 0.58,
  "depr_lambda": 0.02,
  "depr_nu": 0.5,
  "depr_psi": 0.75,
  "eval_CSR_post": 0.009999999776482582,
  "eval_dbar_post_mean": 0.5308455228805542,
  "eval_done_count": 100.0,
  "eval_episodes_per_env": 4.0,
  "eval_len_end_mean": 26.0,
  "eval_occupied_post_mean": 0.44999998807907104,
  "eval_return_end_mean": -23.62059783935547,
  "eval_t_eval": 104.0,
  "final_depr_F_post": 22.950334548950195,
  "final_energy_E_post": 0.060073815286159515,
  "final_episode_return_end_mean": -29.240121841430664,
  "final_funding_alpha_eff": 1.698564511265488e-09,
  "final_funding_g": 0.0,
  "final_funding_g_raw": 0.07294974476099014,
  "final_update_counter": 2.0,
  "final_vartd_VarTD": 0.17713740468025208,
  "mechanism": "hardzero_plus_depr",
  "mechanism_tag": "hardzero_plus_depr__c0p58__z1p05__lam0p020__nu0p50__psi0p75",
  "runtime_sec": 10.684979281038977,
  "seed": 36,
  "z_cut": 1.05
}