{
  "alpha": 0.12,
  "c_upd": 0.56,
  "depr_lambda": 0.01,
  "depr_nu": 0.5,
  "depr_psi": 0.75,
  "eval_CSR_post": 0.03999999910593033,
  "eval_dbar_post_mean": 0.46194958686828613,
  "eval_done_count": 100.0,
  "eval_episodes_per_env": 4.0,
  "eval_len_end_mean": 26.0,
  "eval_occupied_post_mean": 0.5399999618530273,
  "eval_return_end_mean": -21.62497329711914,
  "eval_t_eval": 104.0,
  "final_depr_F_post": 5.701754093170166,
  "final_energy_E_post": 0.5597751140594482,
  "final_episode_return_end_mean": -26.195415496826172,
  "final_funding_alpha_eff": 0.0016798024298623204,
  "final_funding_g": 0.12694935500621796,
  "final_funding_g_raw": 0.12694935500621796,
  "final_update_counter": 9.0,
  "final_vartd_VarTD": 0.21506406366825104,
  "mechanism": "hardzero_plus_depr",
  "mechanism_tag": "hardzero_plus_depr__c0p56__z1p10__lam0p010__nu0p50__psi0p75",
  "runtime_sec": 10.689252402982675,
  "seed": 38,
  "z_cut": 1.1
}