{
  "alpha": 0.12,
  "c_upd": 0.5,
  "depr_lambda": 0.01,
  "depr_nu": 0.5,
  "depr_psi": 1.0,
  "eval_CSR_post": 0.0,
  "eval_dbar_post_mean": 0.6176491975784302,
  "eval_done_count": 100.0,
  "eval_episodes_per_env": 4.0,
  "eval_len_end_mean": 26.0,
  "eval_occupied_post_mean": 0.25999999046325684,
  "eval_return_end_mean": -24.47157859802246,
  "eval_t_eval": 104.0,
  "final_depr_F_post": 9.7107515335083,
  "final_energy_E_post": 0.41255778074264526,
  "final_episode_return_end_mean": -26.42474365234375,
  "final_funding_alpha_eff": 7.34849663786008e-06,
  "final_funding_g": 0.11278712004423141,
  "final_funding_g_raw": 0.11278712004423141,
  "final_update_counter": 6.0,
  "final_vartd_VarTD": 0.18579785525798798,
  "mechanism": "hardzero_plus_depr",
  "mechanism_tag": "hardzero_plus_depr__c0p50__z1p10__lam0p010__nu0p50__psi1p00",
  "runtime_sec": 23.803145755955484,
  "seed": 30,
  "z_cut": 1.1
}