{
  "alpha": 0.144,
  "borrow_interest": 0.01,
  "borrow_limit": 0.6,
  "c_upd": 0.58,
  "depr_lambda": 0.0,
  "depr_nu": 0.5,
  "depr_psi": 0.0,
  "eval_CSR_post": 0.009999999776482582,
  "eval_dbar_post_mean": 0.4793921113014221,
  "eval_done_count": 100.0,
  "eval_episodes_per_env": 4.0,
  "eval_len_end_mean": 26.0,
  "eval_occupied_post_mean": 0.3499999940395355,
  "eval_return_end_mean": -23.177059173583984,
  "eval_t_eval": 104.0,
  "family": "borrow",
  "final_depr_F_post": 0.0,
  "final_energy_E_post": -0.09636986255645752,
  "final_update_counter": 39.0,
  "final_vartd_VarTD": 3.3279314041137695,
  "max_debt_level_post": 0.6000000238418579,
  "mean_update_fraction": 0.031199999153614044,
  "mechanism": "hardzero_only",
  "mechanism_tag": "hardzero_only__c0p58__z1p00__lam0p000__nu0p50__psi0p00",
  "runtime_sec": 10.657670827000402,
  "seed": 37,
  "support_mode": "none",
  "support_total": 0.0,
  "total_debt_charge": 3.8037943840026855,
  "total_support_s": 0.0,
  "z_cut": 1.0
}