{
  "I_R_full_anchor_compat": 1.4146394682580312,
  "above_R_THRESH_FULL_anchor": 1.0,
  "alpha": 0.1,
  "borrow_interest": 0.0,
  "borrow_limit": 0.0,
  "c_upd": 1.0,
  "condition": "edge_full__base__t4m__a0p10__c1p00",
  "eval_CSR_post": 0.0,
  "eval_CSR_pre": 0.0,
  "eval_dbar_post_mean": 0.4998038411140442,
  "eval_dbar_pre_mean": 0.5091925263404846,
  "eval_done_count": 100.0,
  "eval_done_per_env_max": 4.0,
  "eval_done_per_env_min": 4.0,
  "eval_episodes_per_env": 4.0,
  "eval_len_end_mean": 26.0,
  "eval_max_tilde_post_mean": 0.6991784572601318,
  "eval_max_tilde_pre_mean": 0.7206898927688599,
  "eval_occupied_post_mean": 0.38999998569488525,
  "eval_occupied_pre_mean": 0.32999998331069946,
  "eval_return_end_mean": -23.752553939819336,
  "eval_t_eval": 104.0,
  "family": "base",
  "final_energy": 0.5600335001945496,
  "final_executed_updates": 15.0,
  "final_vartd": 0.32493266463279724,
  "max_debt_level": 0.0,
  "mean_update_fraction": 0.012000000104308128,
  "metric_horizon": "long4m",
  "phase": "extension_full",
  "runtime_sec": 22.19155382899953,
  "seed": 30,
  "support_mode": "none",
  "support_total": 0.0,
  "total_debt_charge": 0.0,
  "total_support_injected": 0.0,
  "total_timesteps": 4000000,
  "train_final_return_end_mean": -25.142152786254883
}