{
  "alpha": 0.1,
  "c_upd": 0.6,
  "depr_lambda": 0.01,
  "depr_nu": 0.5,
  "depr_psi": 0.75,
  "eval_CSR_post": 0.0,
  "eval_dbar_post_mean": 0.5416069626808167,
  "eval_done_count": 100.0,
  "eval_episodes_per_env": 4.0,
  "eval_len_end_mean": 26.0,
  "eval_occupied_post_mean": 0.26999998092651367,
  "eval_return_end_mean": -23.418701171875,
  "eval_t_eval": 104.0,
  "final_depr_F_post": 9.140738487243652,
  "final_energy_E_post": 0.38657230138778687,
  "final_episode_return_end_mean": -26.835121154785156,
  "final_funding_alpha_eff": 0.00010615195060381666,
  "final_funding_g": 0.1051221415400505,
  "final_funding_g_raw": 0.1051221415400505,
  "final_update_counter": 5.0,
  "final_vartd_VarTD": 0.18467563390731812,
  "mechanism": "hardzero_plus_depr",
  "mechanism_tag": "hardzero_plus_depr__c0p60__z1p10__lam0p010__nu0p50__psi0p75",
  "runtime_sec": 24.33880342496559,
  "seed": 30,
  "z_cut": 1.1
}