{
  "alpha": 0.12,
  "c_upd": 0.6,
  "depr_lambda": 0.01,
  "depr_nu": 0.5,
  "depr_psi": 1.25,
  "eval_CSR_post": 0.0,
  "eval_dbar_post_mean": 0.7390121221542358,
  "eval_done_count": 100.0,
  "eval_episodes_per_env": 4.0,
  "eval_len_end_mean": 26.0,
  "eval_occupied_post_mean": 0.14000000059604645,
  "eval_return_end_mean": -26.353328704833984,
  "eval_t_eval": 104.0,
  "final_depr_F_post": 11.842676162719727,
  "final_energy_E_post": 0.4969225227832794,
  "final_episode_return_end_mean": -26.866825103759766,
  "final_funding_alpha_eff": 4.524795116367386e-08,
  "final_funding_g": 0.09764935821294785,
  "final_funding_g_raw": 0.09764935821294785,
  "final_update_counter": 3.0,
  "final_vartd_VarTD": 0.1998610496520996,
  "mechanism": "hardzero_plus_depr",
  "mechanism_tag": "hardzero_plus_depr__c0p60__z1p10__lam0p010__nu0p50__psi1p25",
  "runtime_sec": 10.726048778975382,
  "seed": 37,
  "z_cut": 1.1
}