{
  "alpha": 0.05,
  "c_upd": 0.58,
  "depr_lambda": 0.02,
  "depr_nu": 0.5,
  "depr_psi": 0.75,
  "eval_CSR_post": 0.0,
  "eval_dbar_post_mean": 0.6278663873672485,
  "eval_done_count": 100.0,
  "eval_episodes_per_env": 4.0,
  "eval_len_end_mean": 26.0,
  "eval_occupied_post_mean": 0.22999998927116394,
  "eval_return_end_mean": -25.44748306274414,
  "eval_t_eval": 104.0,
  "final_depr_F_post": 24.5103702545166,
  "final_energy_E_post": 0.23940862715244293,
  "final_episode_return_end_mean": -26.85798454284668,
  "final_funding_alpha_eff": 5.271641456694454e-10,
  "final_funding_g": 0.09715167433023453,
  "final_funding_g_raw": 0.09715167433023453,
  "final_update_counter": 2.0,
  "final_vartd_VarTD": 0.19865410029888153,
  "mechanism": "hardzero_plus_depr",
  "mechanism_tag": "hardzero_plus_depr__c0p58__z1p10__lam0p020__nu0p50__psi0p75",
  "runtime_sec": 10.813046426977962,
  "seed": 37,
  "z_cut": 1.1
}