{
  "alpha": 0.03,
  "c_upd": 0.6,
  "depr_lambda": 0.01,
  "depr_nu": 0.5,
  "depr_psi": 1.25,
  "eval_CSR_post": 0.0,
  "eval_dbar_post_mean": 0.5878653526306152,
  "eval_done_count": 100.0,
  "eval_episodes_per_env": 4.0,
  "eval_len_end_mean": 26.0,
  "eval_occupied_post_mean": 0.23999999463558197,
  "eval_return_end_mean": -24.230688095092773,
  "eval_t_eval": 104.0,
  "final_depr_F_post": 11.530168533325195,
  "final_energy_E_post": 0.0740867555141449,
  "final_episode_return_end_mean": -27.85287094116211,
  "final_funding_alpha_eff": 1.6718193052156494e-08,
  "final_funding_g": 0.09433850646018982,
  "final_funding_g_raw": 0.09433850646018982,
  "final_update_counter": 2.0,
  "final_vartd_VarTD": 0.16372083127498627,
  "mechanism": "hardzero_plus_depr",
  "mechanism_tag": "hardzero_plus_depr__c0p60__z1p10__lam0p010__nu0p50__psi1p25",
  "runtime_sec": 10.889498109929264,
  "seed": 41,
  "z_cut": 1.1
}