{
  "alpha": 0.12,
  "c_upd": 0.5,
  "depr_lambda": 0.0,
  "depr_nu": 0.5,
  "depr_psi": 0.0,
  "eval_CSR_post": 0.0,
  "eval_dbar_post_mean": 0.5076116323471069,
  "eval_done_count": 100.0,
  "eval_episodes_per_env": 4.0,
  "eval_len_end_mean": 26.0,
  "eval_occupied_post_mean": 0.3400000035762787,
  "eval_return_end_mean": -23.8615665435791,
  "eval_t_eval": 104.0,
  "final_depr_F_post": 0.0,
  "final_energy_E_post": 0.07133030891418457,
  "final_episode_return_end_mean": -24.13859748840332,
  "final_funding_alpha_eff": 0.11999999731779099,
  "final_funding_g": 0.16801945865154266,
  "final_funding_g_raw": 0.16801945865154266,
  "final_update_counter": 48.0,
  "final_vartd_VarTD": 4.731655597686768,
  "mechanism": "hardzero_only",
  "mechanism_tag": "hardzero_only__c0p50__z1p05__lam0p000__nu0p50__psi0p00",
  "runtime_sec": 9.94979153003078,
  "seed": 31,
  "z_cut": 1.05
}