{
  "alpha": 0.05,
  "c_upd": 0.54,
  "depr_lambda": 0.02,
  "depr_nu": 0.5,
  "depr_psi": 1.0,
  "eval_CSR_post": 0.0,
  "eval_dbar_post_mean": 0.589789867401123,
  "eval_done_count": 100.0,
  "eval_episodes_per_env": 4.0,
  "eval_len_end_mean": 26.0,
  "eval_occupied_post_mean": 0.38999998569488525,
  "eval_return_end_mean": -22.708242416381836,
  "eval_t_eval": 104.0,
  "final_depr_F_post": 24.450368881225586,
  "final_energy_E_post": 0.12574787437915802,
  "final_episode_return_end_mean": -27.997413635253906,
  "final_funding_alpha_eff": 1.2274273394549673e-12,
  "final_funding_g": 0.08985693007707596,
  "final_funding_g_raw": 0.08985693007707596,
  "final_update_counter": 2.0,
  "final_vartd_VarTD": 0.21657240390777588,
  "mechanism": "hardzero_plus_depr",
  "mechanism_tag": "hardzero_plus_depr__c0p54__z1p05__lam0p020__nu0p50__psi1p00",
  "runtime_sec": 10.794731383037288,
  "seed": 38,
  "z_cut": 1.05
}