{
  "alpha": 0.12,
  "c_upd": 0.56,
  "depr_lambda": 0.0,
  "depr_nu": 0.5,
  "depr_psi": 0.0,
  "eval_CSR_post": 0.009999999776482582,
  "eval_dbar_post_mean": 0.48495110869407654,
  "eval_done_count": 100.0,
  "eval_episodes_per_env": 4.0,
  "eval_len_end_mean": 26.0,
  "eval_occupied_post_mean": 0.41999998688697815,
  "eval_return_end_mean": -23.636499404907227,
  "eval_t_eval": 104.0,
  "final_depr_F_post": 0.0,
  "final_energy_E_post": 0.04197397455573082,
  "final_episode_return_end_mean": -24.221067428588867,
  "final_funding_alpha_eff": 0.11999999731779099,
  "final_funding_g": 0.17234547436237335,
  "final_funding_g_raw": 0.17234547436237335,
  "final_update_counter": 39.0,
  "final_vartd_VarTD": 3.2993109226226807,
  "mechanism": "hardzero_only",
  "mechanism_tag": "hardzero_only__c0p56__z1p05__lam0p000__nu0p50__psi0p00",
  "runtime_sec": 10.29888034396572,
  "seed": 35,
  "z_cut": 1.05
}