{
  "alpha": 0.045,
  "c_upd": 0.58,
  "depr_lambda": 0.0,
  "depr_nu": 0.5,
  "depr_psi": 0.0,
  "eval_CSR_post": 0.0,
  "eval_dbar_post_mean": 0.5695376396179199,
  "eval_done_count": 100.0,
  "eval_episodes_per_env": 4.0,
  "eval_len_end_mean": 26.0,
  "eval_occupied_post_mean": 0.3100000023841858,
  "eval_return_end_mean": -24.380859375,
  "eval_t_eval": 104.0,
  "final_depr_F_post": 0.0,
  "final_energy_E_post": 0.18619278073310852,
  "final_episode_return_end_mean": -26.472110748291016,
  "final_funding_alpha_eff": 0.04500000178813934,
  "final_funding_g": 0.10730702430009842,
  "final_funding_g_raw": 0.10730702430009842,
  "final_update_counter": 5.0,
  "final_vartd_VarTD": 0.1556316614151001,
  "mechanism": "hardzero_only",
  "mechanism_tag": "hardzero_only__c0p58__z1p00__lam0p000__nu0p50__psi0p00",
  "runtime_sec": 9.465219998033717,
  "seed": 48,
  "z_cut": 1.0
}