{
  "alpha": 0.06,
  "c_upd": 0.54,
  "depr_lambda": 0.01,
  "depr_nu": 0.5,
  "depr_psi": 0.75,
  "eval_CSR_post": 0.0,
  "eval_dbar_post_mean": 0.5101214647293091,
  "eval_done_count": 100.0,
  "eval_episodes_per_env": 4.0,
  "eval_len_end_mean": 26.0,
  "eval_occupied_post_mean": 0.429999977350235,
  "eval_return_end_mean": -23.573165893554688,
  "eval_t_eval": 104.0,
  "final_depr_F_post": 9.827641487121582,
  "final_energy_E_post": 0.11534777283668518,
  "final_episode_return_end_mean": -28.945280075073242,
  "final_funding_alpha_eff": 3.8048783608246595e-05,
  "final_funding_g": 0.0,
  "final_funding_g_raw": 0.07844098657369614,
  "final_update_counter": 3.0,
  "final_vartd_VarTD": 0.1752176135778427,
  "mechanism": "hardzero_plus_depr",
  "mechanism_tag": "hardzero_plus_depr__c0p54__z1p05__lam0p010__nu0p50__psi0p75",
  "runtime_sec": 10.731104514969047,
  "seed": 36,
  "z_cut": 1.05
}