{
  "alpha": 0.04,
  "c_upd": 0.58,
  "depr_lambda": 0.0,
  "depr_nu": 0.5,
  "depr_psi": 0.0,
  "eval_CSR_post": 0.0,
  "eval_dbar_post_mean": 0.5208789110183716,
  "eval_done_count": 100.0,
  "eval_episodes_per_env": 4.0,
  "eval_len_end_mean": 26.0,
  "eval_occupied_post_mean": 0.3799999952316284,
  "eval_return_end_mean": -23.55996322631836,
  "eval_t_eval": 104.0,
  "final_depr_F_post": 0.0,
  "final_energy_E_post": 0.32247865200042725,
  "final_episode_return_end_mean": -26.41094207763672,
  "final_funding_alpha_eff": 0.03999999910593033,
  "final_funding_g": 0.10697439312934875,
  "final_funding_g_raw": 0.10697439312934875,
  "final_update_counter": 5.0,
  "final_vartd_VarTD": 0.16670091450214386,
  "mechanism": "hardzero_only",
  "mechanism_tag": "hardzero_only__c0p58__z1p00__lam0p000__nu0p50__psi0p00",
  "runtime_sec": 10.851805326994509,
  "seed": 48,
  "z_cut": 1.0
}