{
  "alpha": 0.05,
  "c_upd": 0.52,
  "depr_lambda": 0.01,
  "depr_nu": 0.5,
  "depr_psi": 0.75,
  "eval_CSR_post": 0.0,
  "eval_dbar_post_mean": 0.5543099045753479,
  "eval_done_count": 100.0,
  "eval_episodes_per_env": 4.0,
  "eval_len_end_mean": 26.0,
  "eval_occupied_post_mean": 0.3799999952316284,
  "eval_return_end_mean": -24.298757553100586,
  "eval_t_eval": 104.0,
  "final_depr_F_post": 10.127643585205078,
  "final_energy_E_post": 0.11765699833631516,
  "final_episode_return_end_mean": -26.246097564697266,
  "final_funding_alpha_eff": 2.5318764528492466e-05,
  "final_funding_g": 0.10173875093460083,
  "final_funding_g_raw": 0.10173875093460083,
  "final_update_counter": 3.0,
  "final_vartd_VarTD": 0.11971759051084518,
  "mechanism": "hardzero_plus_depr",
  "mechanism_tag": "hardzero_plus_depr__c0p52__z1p05__lam0p010__nu0p50__psi0p75",
  "runtime_sec": 10.671782710007392,
  "seed": 34,
  "z_cut": 1.05
}