{
  "alpha": 0.1,
  "c_upd": 0.52,
  "depr_lambda": 0.02,
  "depr_nu": 0.5,
  "depr_psi": 0.75,
  "eval_CSR_post": 0.019999999552965164,
  "eval_dbar_post_mean": 0.5851365923881531,
  "eval_done_count": 100.0,
  "eval_episodes_per_env": 4.0,
  "eval_len_end_mean": 26.0,
  "eval_occupied_post_mean": 0.32999998331069946,
  "eval_return_end_mean": -24.547164916992188,
  "eval_t_eval": 104.0,
  "final_depr_F_post": 23.780353546142578,
  "final_energy_E_post": 0.3108712434768677,
  "final_episode_return_end_mean": -25.916887283325195,
  "final_funding_alpha_eff": 1.8228768494665815e-09,
  "final_funding_g": 0.10365992039442062,
  "final_funding_g_raw": 0.10365992039442062,
  "final_update_counter": 3.0,
  "final_vartd_VarTD": 0.12888412177562714,
  "mechanism": "hardzero_plus_depr",
  "mechanism_tag": "hardzero_plus_depr__c0p52__z1p10__lam0p020__nu0p50__psi0p75",
  "runtime_sec": 10.875835182960145,
  "seed": 32,
  "z_cut": 1.1
}