{
  "alpha": 0.03,
  "c_upd": 0.54,
  "depr_lambda": 0.01,
  "depr_nu": 0.5,
  "depr_psi": 1.25,
  "eval_CSR_post": 0.0,
  "eval_dbar_post_mean": 0.7065731883049011,
  "eval_done_count": 100.0,
  "eval_episodes_per_env": 4.0,
  "eval_len_end_mean": 26.0,
  "eval_occupied_post_mean": 0.25,
  "eval_return_end_mean": -25.976640701293945,
  "eval_t_eval": 104.0,
  "final_depr_F_post": 12.490190505981445,
  "final_energy_E_post": 0.4966167211532593,
  "final_episode_return_end_mean": -26.97374725341797,
  "final_funding_alpha_eff": 5.035284633692072e-09,
  "final_funding_g": 0.0,
  "final_funding_g_raw": 0.089688241481781,
  "final_update_counter": 1.0,
  "final_vartd_VarTD": 0.14593753218650818,
  "mechanism": "hardzero_plus_depr",
  "mechanism_tag": "hardzero_plus_depr__c0p54__z1p00__lam0p010__nu0p50__psi1p25",
  "runtime_sec": 10.121673851041123,
  "seed": 39,
  "z_cut": 1.0
}