{
  "alpha": 0.02,
  "c_upd": 0.52,
  "depr_lambda": 0.03,
  "depr_nu": 0.5,
  "depr_psi": 1.25,
  "eval_CSR_post": 0.0,
  "eval_dbar_post_mean": 0.570810854434967,
  "eval_done_count": 100.0,
  "eval_episodes_per_env": 4.0,
  "eval_len_end_mean": 26.0,
  "eval_occupied_post_mean": 0.32999998331069946,
  "eval_return_end_mean": -24.55295753479004,
  "eval_t_eval": 104.0,
  "final_depr_F_post": 36.8851203918457,
  "final_energy_E_post": 0.02564346045255661,
  "final_episode_return_end_mean": -26.709117889404297,
  "final_funding_alpha_eff": 1.9658957756587855e-22,
  "final_funding_g": 0.0965791568160057,
  "final_funding_g_raw": 0.0965791568160057,
  "final_update_counter": 2.0,
  "final_vartd_VarTD": 0.14476241171360016,
  "mechanism": "hardzero_plus_depr",
  "mechanism_tag": "hardzero_plus_depr__c0p52__z1p10__lam0p030__nu0p50__psi1p25",
  "runtime_sec": 10.657610934984405,
  "seed": 39,
  "z_cut": 1.1
}