{
  "alpha": 0.1,
  "c_upd": 0.56,
  "depr_lambda": 0.0,
  "depr_nu": 0.5,
  "depr_psi": 0.0,
  "eval_CSR_post": 0.0,
  "eval_dbar_post_mean": 0.5011336803436279,
  "eval_done_count": 100.0,
  "eval_episodes_per_env": 4.0,
  "eval_len_end_mean": 26.0,
  "eval_occupied_post_mean": 0.35999998450279236,
  "eval_return_end_mean": -23.736690521240234,
  "eval_t_eval": 104.0,
  "final_depr_F_post": 0.0,
  "final_energy_E_post": 0.20102953910827637,
  "final_episode_return_end_mean": -23.51484489440918,
  "final_funding_alpha_eff": 0.10000000149011612,
  "final_funding_g": 0.16271674633026123,
  "final_funding_g_raw": 0.16271674633026123,
  "final_update_counter": 30.0,
  "final_vartd_VarTD": 2.016659736633301,
  "mechanism": "hardzero_only",
  "mechanism_tag": "hardzero_only__c0p56__z1p05__lam0p000__nu0p50__psi0p00",
  "runtime_sec": 10.13811366900336,
  "seed": 39,
  "z_cut": 1.05
}