{
  "alpha": 0.12,
  "c_upd": 0.58,
  "depr_lambda": 0.01,
  "depr_nu": 0.5,
  "depr_psi": 1.25,
  "eval_CSR_post": 0.0,
  "eval_dbar_post_mean": 0.6447893381118774,
  "eval_done_count": 100.0,
  "eval_episodes_per_env": 4.0,
  "eval_len_end_mean": 26.0,
  "eval_occupied_post_mean": 0.25999999046325684,
  "eval_return_end_mean": -26.01032829284668,
  "eval_t_eval": 104.0,
  "final_depr_F_post": 11.900177001953125,
  "final_energy_E_post": 0.5385976433753967,
  "final_episode_return_end_mean": -27.481338500976562,
  "final_funding_alpha_eff": 4.210985693475777e-08,
  "final_funding_g": 0.10053744912147522,
  "final_funding_g_raw": 0.10053744912147522,
  "final_update_counter": 3.0,
  "final_vartd_VarTD": 0.15277987718582153,
  "mechanism": "hardzero_plus_depr",
  "mechanism_tag": "hardzero_plus_depr__c0p58__z1p10__lam0p010__nu0p50__psi1p25",
  "runtime_sec": 10.707159224082716,
  "seed": 41,
  "z_cut": 1.1
}