{
  "alpha": 0.069,
  "c_upd": 0.58,
  "depr_lambda": 0.0,
  "depr_nu": 0.5,
  "depr_psi": 0.0,
  "eval_CSR_post": 0.0,
  "eval_dbar_post_mean": 0.5571784973144531,
  "eval_done_count": 100.0,
  "eval_episodes_per_env": 4.0,
  "eval_len_end_mean": 26.0,
  "eval_occupied_post_mean": 0.25999999046325684,
  "eval_return_end_mean": -24.469911575317383,
  "eval_t_eval": 104.0,
  "final_depr_F_post": 0.0,
  "final_energy_E_post": 0.4710139036178589,
  "final_episode_return_end_mean": -25.2456111907959,
  "final_funding_alpha_eff": 0.0689999982714653,
  "final_funding_g": 0.13199445605278015,
  "final_funding_g_raw": 0.13199445605278015,
  "final_update_counter": 10.0,
  "final_vartd_VarTD": 0.17033858597278595,
  "mechanism": "hardzero_only",
  "mechanism_tag": "hardzero_only__c0p58__z1p00__lam0p000__nu0p50__psi0p00",
  "runtime_sec": 10.86193000304047,
  "seed": 48,
  "z_cut": 1.0
}