{
  "alpha": 0.12,
  "c_upd": 0.58,
  "depr_lambda": 0.01,
  "depr_nu": 0.5,
  "depr_psi": 0.75,
  "eval_CSR_post": 0.009999999776482582,
  "eval_dbar_post_mean": 0.4823532700538635,
  "eval_done_count": 100.0,
  "eval_episodes_per_env": 4.0,
  "eval_len_end_mean": 26.0,
  "eval_occupied_post_mean": 0.4099999964237213,
  "eval_return_end_mean": -23.55605125427246,
  "eval_t_eval": 104.0,
  "final_depr_F_post": 4.005192279815674,
  "final_energy_E_post": 0.028998754918575287,
  "final_episode_return_end_mean": -26.31905174255371,
  "final_funding_alpha_eff": 0.005996029824018478,
  "final_funding_g": 0.1180180087685585,
  "final_funding_g_raw": 0.1180180087685585,
  "final_update_counter": 8.0,
  "final_vartd_VarTD": 0.18707670271396637,
  "mechanism": "hardzero_plus_depr",
  "mechanism_tag": "hardzero_plus_depr__c0p58__z1p05__lam0p010__nu0p50__psi0p75",
  "runtime_sec": 23.54878509300761,
  "seed": 30,
  "z_cut": 1.05
}