{
  "alpha": 0.12,
  "c_upd": 0.5,
  "depr_lambda": 0.03,
  "depr_nu": 0.5,
  "depr_psi": 0.75,
  "eval_CSR_post": 0.0,
  "eval_dbar_post_mean": 0.6241103410720825,
  "eval_done_count": 100.0,
  "eval_episodes_per_env": 4.0,
  "eval_len_end_mean": 26.0,
  "eval_occupied_post_mean": 0.2800000011920929,
  "eval_return_end_mean": -26.06366729736328,
  "eval_t_eval": 104.0,
  "final_depr_F_post": 35.730167388916016,
  "final_energy_E_post": 0.15241096913814545,
  "final_episode_return_end_mean": -27.786558151245117,
  "final_funding_alpha_eff": 2.824172102774969e-13,
  "final_funding_g": 0.09666510671377182,
  "final_funding_g_raw": 0.09666510671377182,
  "final_update_counter": 3.0,
  "final_vartd_VarTD": 0.12148554623126984,
  "mechanism": "hardzero_plus_depr",
  "mechanism_tag": "hardzero_plus_depr__c0p50__z1p10__lam0p030__nu0p50__psi0p75",
  "runtime_sec": 10.784213465987705,
  "seed": 31,
  "z_cut": 1.1
}