{
  "alpha": 0.1,
  "c_upd": 0.58,
  "depr_lambda": 0.01,
  "depr_nu": 0.5,
  "depr_psi": 1.0,
  "eval_CSR_post": 0.0,
  "eval_dbar_post_mean": 0.5837855935096741,
  "eval_done_count": 100.0,
  "eval_episodes_per_env": 4.0,
  "eval_len_end_mean": 26.0,
  "eval_occupied_post_mean": 0.2199999988079071,
  "eval_return_end_mean": -24.091699600219727,
  "eval_t_eval": 104.0,
  "final_depr_F_post": 11.550168991088867,
  "final_energy_E_post": 0.44542285799980164,
  "final_episode_return_end_mean": -26.61221694946289,
  "final_funding_alpha_eff": 9.731245427246904e-07,
  "final_funding_g": 0.11161123961210251,
  "final_funding_g_raw": 0.11161123961210251,
  "final_update_counter": 3.0,
  "final_vartd_VarTD": 0.11829167604446411,
  "mechanism": "hardzero_plus_depr",
  "mechanism_tag": "hardzero_plus_depr__c0p58__z1p05__lam0p010__nu0p50__psi1p00",
  "runtime_sec": 10.775877458043396,
  "seed": 33,
  "z_cut": 1.05
}