{
  "alpha": 0.08,
  "c_upd": 0.58,
  "depr_lambda": 0.01,
  "depr_nu": 0.5,
  "depr_psi": 0.75,
  "eval_CSR_post": 0.0,
  "eval_dbar_post_mean": 0.6062055826187134,
  "eval_done_count": 100.0,
  "eval_episodes_per_env": 4.0,
  "eval_len_end_mean": 26.0,
  "eval_occupied_post_mean": 0.1599999964237213,
  "eval_return_end_mean": -24.069425582885742,
  "eval_t_eval": 104.0,
  "final_depr_F_post": 9.893880844116211,
  "final_energy_E_post": 0.277639240026474,
  "final_episode_return_end_mean": -28.014942169189453,
  "final_funding_alpha_eff": 4.827295197173953e-05,
  "final_funding_g": 0.0905970111489296,
  "final_funding_g_raw": 0.0905970111489296,
  "final_update_counter": 4.0,
  "final_vartd_VarTD": 0.12269861996173859,
  "mechanism": "hardzero_plus_depr",
  "mechanism_tag": "hardzero_plus_depr__c0p58__z1p10__lam0p010__nu0p50__psi0p75",
  "runtime_sec": 10.810905684018508,
  "seed": 31,
  "z_cut": 1.1
}