{
  "alpha": 0.1,
  "c_upd": 0.5,
  "depr_lambda": 0.01,
  "depr_nu": 0.5,
  "depr_psi": 1.0,
  "eval_CSR_post": 0.0,
  "eval_dbar_post_mean": 0.6546208262443542,
  "eval_done_count": 100.0,
  "eval_episodes_per_env": 4.0,
  "eval_len_end_mean": 26.0,
  "eval_occupied_post_mean": 0.23999999463558197,
  "eval_return_end_mean": -25.079574584960938,
  "eval_t_eval": 104.0,
  "final_depr_F_post": 11.34266471862793,
  "final_energy_E_post": 0.49463093280792236,
  "final_episode_return_end_mean": -27.065410614013672,
  "final_funding_alpha_eff": 1.197529854835011e-06,
  "final_funding_g": 0.10253110527992249,
  "final_funding_g_raw": 0.10253110527992249,
  "final_update_counter": 4.0,
  "final_vartd_VarTD": 0.15853074193000793,
  "mechanism": "hardzero_plus_depr",
  "mechanism_tag": "hardzero_plus_depr__c0p50__z1p10__lam0p010__nu0p50__psi1p00",
  "runtime_sec": 10.922678542963695,
  "seed": 40,
  "z_cut": 1.1
}