{
  "alpha": 0.1,
  "c_upd": 0.52,
  "depr_lambda": 0.02,
  "depr_nu": 0.5,
  "depr_psi": 0.75,
  "eval_CSR_post": 0.0,
  "eval_dbar_post_mean": 0.5725342035293579,
  "eval_done_count": 100.0,
  "eval_episodes_per_env": 4.0,
  "eval_len_end_mean": 26.0,
  "eval_occupied_post_mean": 0.3499999940395355,
  "eval_return_end_mean": -22.116350173950195,
  "eval_t_eval": 104.0,
  "final_depr_F_post": 20.65028953552246,
  "final_energy_E_post": 0.006862221751362085,
  "final_episode_return_end_mean": -28.055723190307617,
  "final_funding_alpha_eff": 1.9067085688107e-08,
  "final_funding_g": 0.0,
  "final_funding_g_raw": 0.08879367262125015,
  "final_update_counter": 2.0,
  "final_vartd_VarTD": 0.21605664491653442,
  "mechanism": "hardzero_plus_depr",
  "mechanism_tag": "hardzero_plus_depr__c0p52__z1p00__lam0p020__nu0p50__psi0p75",
  "runtime_sec": 10.828245048003737,
  "seed": 38,
  "z_cut": 1.0
}