{
  "alpha": 0.12,
  "c_upd": 0.54,
  "depr_lambda": 0.02,
  "depr_nu": 0.5,
  "depr_psi": 0.75,
  "eval_CSR_post": 0.0,
  "eval_dbar_post_mean": 0.5141223669052124,
  "eval_done_count": 100.0,
  "eval_episodes_per_env": 4.0,
  "eval_len_end_mean": 26.0,
  "eval_occupied_post_mean": 0.44999998807907104,
  "eval_return_end_mean": -24.28515625,
  "eval_t_eval": 104.0,
  "final_depr_F_post": 23.840354919433594,
  "final_energy_E_post": 0.3994496464729309,
  "final_episode_return_end_mean": -26.212024688720703,
  "final_funding_alpha_eff": 2.091198325615551e-09,
  "final_funding_g": 0.11952948570251465,
  "final_funding_g_raw": 0.11952948570251465,
  "final_update_counter": 3.0,
  "final_vartd_VarTD": 0.11359792202711105,
  "mechanism": "hardzero_plus_depr",
  "mechanism_tag": "hardzero_plus_depr__c0p54__z1p05__lam0p020__nu0p50__psi0p75",
  "runtime_sec": 10.65132344403537,
  "seed": 33,
  "z_cut": 1.05
}