{
  "alpha": 0.12,
  "c_upd": 0.56,
  "depr_lambda": 0.01,
  "depr_nu": 0.5,
  "depr_psi": 0.75,
  "eval_CSR_post": 0.0,
  "eval_dbar_post_mean": 0.48096615076065063,
  "eval_done_count": 100.0,
  "eval_episodes_per_env": 4.0,
  "eval_len_end_mean": 26.0,
  "eval_occupied_post_mean": 0.550000011920929,
  "eval_return_end_mean": -23.78386116027832,
  "eval_t_eval": 104.0,
  "final_depr_F_post": 10.97265625,
  "final_energy_E_post": 0.4911623001098633,
  "final_episode_return_end_mean": -26.264894485473633,
  "final_funding_alpha_eff": 3.224150350433774e-05,
  "final_funding_g": 0.0,
  "final_funding_g_raw": 0.09824070334434509,
  "final_update_counter": 3.0,
  "final_vartd_VarTD": 0.13288509845733643,
  "mechanism": "hardzero_plus_depr",
  "mechanism_tag": "hardzero_plus_depr__c0p56__z1p00__lam0p010__nu0p50__psi0p75",
  "runtime_sec": 9.702882924990263,
  "seed": 32,
  "z_cut": 1.0
}