{
  "alpha": 0.025,
  "c_upd": 0.58,
  "depr_lambda": 0.005,
  "depr_nu": 1.0,
  "depr_psi": 0.5,
  "eval_CSR_post": 0.009999999776482582,
  "eval_dbar_post_mean": 0.6593223214149475,
  "eval_done_count": 100.0,
  "eval_episodes_per_env": 4.0,
  "eval_len_end_mean": 26.0,
  "eval_occupied_post_mean": 0.1899999976158142,
  "eval_return_end_mean": -25.71695327758789,
  "eval_t_eval": 104.0,
  "final_depr_F_post": 6.245095252990723,
  "final_energy_E_post": 0.5708785653114319,
  "final_episode_return_end_mean": -27.6611270904541,
  "final_funding_alpha_eff": 0.0011038767406716943,
  "final_funding_g": 0.0,
  "final_funding_g_raw": 0.09601730108261108,
  "final_update_counter": 1.0,
  "final_vartd_VarTD": 0.15500479936599731,
  "mechanism": "hardzero_plus_depr",
  "mechanism_tag": "hardzero_plus_depr__c0p58__z1p00__lam0p005__nu1p00__psi0p50",
  "runtime_sec": 9.462458253954537,
  "seed": 51,
  "z_cut": 1.0
}