{
  "alpha": 0.02,
  "c_upd": 0.56,
  "depr_lambda": 0.01,
  "depr_nu": 0.5,
  "depr_psi": 0.75,
  "eval_CSR_post": 0.0,
  "eval_dbar_post_mean": 0.5410910844802856,
  "eval_done_count": 100.0,
  "eval_episodes_per_env": 4.0,
  "eval_len_end_mean": 26.0,
  "eval_occupied_post_mean": 0.41999998688697815,
  "eval_return_end_mean": -23.760393142700195,
  "eval_t_eval": 104.0,
  "final_depr_F_post": 11.825175285339355,
  "final_energy_E_post": 0.1399627923965454,
  "final_episode_return_end_mean": -26.36881446838379,
  "final_funding_alpha_eff": 2.8351817036309512e-06,
  "final_funding_g": 0.09498963505029678,
  "final_funding_g_raw": 0.09498963505029678,
  "final_update_counter": 2.0,
  "final_vartd_VarTD": 0.12833012640476227,
  "mechanism": "hardzero_plus_depr",
  "mechanism_tag": "hardzero_plus_depr__c0p56__z1p05__lam0p010__nu0p50__psi0p75",
  "runtime_sec": 10.733190588012803,
  "seed": 32,
  "z_cut": 1.05
}