{
  "alpha": 0.12,
  "c_upd": 0.54,
  "depr_lambda": 0.01,
  "depr_nu": 0.5,
  "depr_psi": 1.25,
  "eval_CSR_post": 0.0,
  "eval_dbar_post_mean": 0.6213434934616089,
  "eval_done_count": 100.0,
  "eval_episodes_per_env": 4.0,
  "eval_len_end_mean": 26.0,
  "eval_occupied_post_mean": 0.28999999165534973,
  "eval_return_end_mean": -25.28139877319336,
  "eval_t_eval": 104.0,
  "final_depr_F_post": 10.191388130187988,
  "final_energy_E_post": 0.10587342083454132,
  "final_episode_return_end_mean": -27.34518051147461,
  "final_funding_alpha_eff": 3.5647610729938606e-07,
  "final_funding_g": 0.09895966947078705,
  "final_funding_g_raw": 0.09895966947078705,
  "final_update_counter": 4.0,
  "final_vartd_VarTD": 0.16281606256961823,
  "mechanism": "hardzero_plus_depr",
  "mechanism_tag": "hardzero_plus_depr__c0p54__z1p05__lam0p010__nu0p50__psi1p25",
  "runtime_sec": 10.782060498022474,
  "seed": 40,
  "z_cut": 1.05
}