{
  "alpha": 0.1,
  "c_upd": 0.56,
  "depr_lambda": 0.01,
  "depr_nu": 0.5,
  "depr_psi": 1.25,
  "eval_CSR_post": 0.009999999776482582,
  "eval_dbar_post_mean": 0.4915134608745575,
  "eval_done_count": 100.0,
  "eval_episodes_per_env": 4.0,
  "eval_len_end_mean": 26.0,
  "eval_occupied_post_mean": 0.44999998807907104,
  "eval_return_end_mean": -21.504629135131836,
  "eval_t_eval": 104.0,
  "final_depr_F_post": 11.71517276763916,
  "final_energy_E_post": 0.3543500602245331,
  "final_episode_return_end_mean": -27.6820068359375,
  "final_funding_alpha_eff": 4.4221668105137724e-08,
  "final_funding_g": 0.09764540195465088,
  "final_funding_g_raw": 0.09764540195465088,
  "final_update_counter": 3.0,
  "final_vartd_VarTD": 0.2041681557893753,
  "mechanism": "hardzero_plus_depr",
  "mechanism_tag": "hardzero_plus_depr__c0p56__z1p10__lam0p010__nu0p50__psi1p25",
  "runtime_sec": 10.629667581990361,
  "seed": 38,
  "z_cut": 1.1
}