{
  "alpha": 0.1,
  "c_upd": 0.54,
  "depr_lambda": 0.03,
  "depr_nu": 0.5,
  "depr_psi": 1.0,
  "eval_CSR_post": 0.0,
  "eval_dbar_post_mean": 1.1067183017730713,
  "eval_done_count": 100.0,
  "eval_episodes_per_env": 4.0,
  "eval_len_end_mean": 26.0,
  "eval_occupied_post_mean": 0.11999999731779099,
  "eval_return_end_mean": -31.81902503967285,
  "eval_t_eval": 104.0,
  "final_depr_F_post": 37.30510330200195,
  "final_energy_E_post": 0.27637040615081787,
  "final_episode_return_end_mean": -29.185882568359375,
  "final_funding_alpha_eff": 6.480788045785561e-18,
  "final_funding_g": 0.0,
  "final_funding_g_raw": 0.07180645316839218,
  "final_update_counter": 2.0,
  "final_vartd_VarTD": 0.17637701332569122,
  "mechanism": "hardzero_plus_depr",
  "mechanism_tag": "hardzero_plus_depr__c0p54__z1p10__lam0p030__nu0p50__psi1p00",
  "runtime_sec": 10.751425454043783,
  "seed": 36,
  "z_cut": 1.1
}