{
  "alpha": 0.12,
  "c_upd": 0.6,
  "depr_lambda": 0.02,
  "depr_nu": 0.5,
  "depr_psi": 0.75,
  "eval_CSR_post": 0.009999999776482582,
  "eval_dbar_post_mean": 0.5003998279571533,
  "eval_done_count": 100.0,
  "eval_episodes_per_env": 4.0,
  "eval_len_end_mean": 26.0,
  "eval_occupied_post_mean": 0.4899999797344208,
  "eval_return_end_mean": -22.953458786010742,
  "eval_t_eval": 104.0,
  "final_depr_F_post": 23.350343704223633,
  "final_energy_E_post": 0.2979792654514313,
  "final_episode_return_end_mean": -26.88683319091797,
  "final_funding_alpha_eff": 3.0199651668283423e-09,
  "final_funding_g": 0.10336628556251526,
  "final_funding_g_raw": 0.10336628556251526,
  "final_update_counter": 3.0,
  "final_vartd_VarTD": 0.1830567866563797,
  "mechanism": "hardzero_plus_depr",
  "mechanism_tag": "hardzero_plus_depr__c0p60__z1p10__lam0p020__nu0p50__psi0p75",
  "runtime_sec": 24.300331584061496,
  "seed": 30,
  "z_cut": 1.1
}