{
  "alpha": 0.03,
  "c_upd": 0.54,
  "depr_lambda": 0.01,
  "depr_nu": 0.5,
  "depr_psi": 0.75,
  "eval_CSR_post": 0.0,
  "eval_dbar_post_mean": 0.5817966461181641,
  "eval_done_count": 100.0,
  "eval_episodes_per_env": 4.0,
  "eval_len_end_mean": 26.0,
  "eval_occupied_post_mean": 0.28999999165534973,
  "eval_return_end_mean": -24.385971069335938,
  "eval_t_eval": 104.0,
  "final_depr_F_post": 12.235184669494629,
  "final_energy_E_post": 0.31669479608535767,
  "final_episode_return_end_mean": -26.6878662109375,
  "final_funding_alpha_eff": 3.1269698865799e-06,
  "final_funding_g": 0.11054303497076035,
  "final_funding_g_raw": 0.11054303497076035,
  "final_update_counter": 2.0,
  "final_vartd_VarTD": 0.12046372890472412,
  "mechanism": "hardzero_plus_depr",
  "mechanism_tag": "hardzero_plus_depr__c0p54__z1p05__lam0p010__nu0p50__psi0p75",
  "runtime_sec": 10.650329426978715,
  "seed": 33,
  "z_cut": 1.05
}