{
  "alpha": 0.05,
  "c_upd": 0.52,
  "depr_lambda": 0.0,
  "depr_nu": 0.5,
  "depr_psi": 0.0,
  "eval_CSR_post": 0.0,
  "eval_dbar_post_mean": 0.5064526796340942,
  "eval_done_count": 100.0,
  "eval_episodes_per_env": 4.0,
  "eval_len_end_mean": 26.0,
  "eval_occupied_post_mean": 0.3400000035762787,
  "eval_return_end_mean": -23.626232147216797,
  "eval_t_eval": 104.0,
  "final_depr_F_post": 0.0,
  "final_energy_E_post": 0.07163669168949127,
  "final_episode_return_end_mean": -24.901317596435547,
  "final_funding_alpha_eff": 0.05000000074505806,
  "final_funding_g": 0.1287306696176529,
  "final_funding_g_raw": 0.1287306696176529,
  "final_update_counter": 12.0,
  "final_vartd_VarTD": 0.18156291544437408,
  "mechanism": "hardzero_only",
  "mechanism_tag": "hardzero_only__c0p52__z1p00__lam0p000__nu0p50__psi0p00",
  "runtime_sec": 9.59722925600363,
  "seed": 34,
  "z_cut": 1.0
}