{
  "alpha": 0.1,
  "c_upd": 0.56,
  "depr_lambda": 0.02,
  "depr_nu": 0.5,
  "depr_psi": 0.75,
  "eval_CSR_post": 0.0,
  "eval_dbar_post_mean": 0.5323042273521423,
  "eval_done_count": 100.0,
  "eval_episodes_per_env": 4.0,
  "eval_len_end_mean": 26.0,
  "eval_occupied_post_mean": 0.29999998211860657,
  "eval_return_end_mean": -24.898073196411133,
  "eval_t_eval": 104.0,
  "final_depr_F_post": 23.145339965820312,
  "final_energy_E_post": 0.20570151507854462,
  "final_episode_return_end_mean": -26.538795471191406,
  "final_funding_alpha_eff": 2.934905207752081e-09,
  "final_funding_g": 0.10516688227653503,
  "final_funding_g_raw": 0.10516688227653503,
  "final_update_counter": 3.0,
  "final_vartd_VarTD": 0.18949337303638458,
  "mechanism": "hardzero_plus_depr",
  "mechanism_tag": "hardzero_plus_depr__c0p56__z1p10__lam0p020__nu0p50__psi0p75",
  "runtime_sec": 10.684566821088083,
  "seed": 37,
  "z_cut": 1.1
}