{
  "alpha": 0.12,
  "c_upd": 0.5,
  "depr_lambda": 0.02,
  "depr_nu": 0.5,
  "depr_psi": 1.25,
  "eval_CSR_post": 0.0,
  "eval_dbar_post_mean": 0.5926541686058044,
  "eval_done_count": 100.0,
  "eval_episodes_per_env": 4.0,
  "eval_len_end_mean": 26.0,
  "eval_occupied_post_mean": 0.3999999761581421,
  "eval_return_end_mean": -23.67266845703125,
  "eval_t_eval": 104.0,
  "final_depr_F_post": 22.99033546447754,
  "final_energy_E_post": 0.04206116124987602,
  "final_episode_return_end_mean": -27.512210845947266,
  "final_funding_alpha_eff": 4.067418670210439e-14,
  "final_funding_g": 0.10360314697027206,
  "final_funding_g_raw": 0.10360314697027206,
  "final_update_counter": 3.0,
  "final_vartd_VarTD": 0.15521559119224548,
  "mechanism": "hardzero_plus_depr",
  "mechanism_tag": "hardzero_plus_depr__c0p50__z1p10__lam0p020__nu0p50__psi1p25",
  "runtime_sec": 10.663204757031053,
  "seed": 35,
  "z_cut": 1.1
}