{
  "alpha": 0.02,
  "c_upd": 0.56,
  "depr_lambda": 0.01,
  "depr_nu": 0.5,
  "depr_psi": 0.75,
  "eval_CSR_post": 0.0,
  "eval_dbar_post_mean": 0.5463342666625977,
  "eval_done_count": 100.0,
  "eval_episodes_per_env": 4.0,
  "eval_len_end_mean": 26.0,
  "eval_occupied_post_mean": 0.32999998331069946,
  "eval_return_end_mean": -24.538192749023438,
  "eval_t_eval": 104.0,
  "final_depr_F_post": 12.020179748535156,
  "final_energy_E_post": 0.18720310926437378,
  "final_episode_return_end_mean": -27.959787368774414,
  "final_funding_alpha_eff": 2.4494229364790954e-06,
  "final_funding_g": 0.08820430934429169,
  "final_funding_g_raw": 0.08820430934429169,
  "final_update_counter": 2.0,
  "final_vartd_VarTD": 0.17638728022575378,
  "mechanism": "hardzero_plus_depr",
  "mechanism_tag": "hardzero_plus_depr__c0p56__z1p10__lam0p010__nu0p50__psi0p75",
  "runtime_sec": 10.807747179991566,
  "seed": 40,
  "z_cut": 1.1
}