{
  "I_R_full": 1.1217991816403798,
  "alpha": 0.1,
  "borrow_interest": 0.0,
  "borrow_limit": 0.0,
  "c_upd": 1.0,
  "condition": "anchor_edge_full__base__t1m__a0p10__c1p00",
  "eval_CSR_post": 0.009999999776482582,
  "eval_CSR_pre": 0.0,
  "eval_dbar_post_mean": 0.6191819906234741,
  "eval_dbar_pre_mean": 0.6140941977500916,
  "eval_done_count": 100.0,
  "eval_done_per_env_max": 4.0,
  "eval_done_per_env_min": 4.0,
  "eval_episodes_per_env": 4.0,
  "eval_len_end_mean": 26.0,
  "eval_max_tilde_post_mean": 0.9159569144248962,
  "eval_max_tilde_pre_mean": 0.9112909436225891,
  "eval_occupied_post_mean": 0.3100000023841858,
  "eval_occupied_pre_mean": 0.28999999165534973,
  "eval_return_end_mean": -24.4779052734375,
  "eval_t_eval": 104.0,
  "family": "base",
  "final_energy": 0.987055242061615,
  "final_executed_updates": 3.0,
  "final_vartd": 0.1592702716588974,
  "learned_R_full_0p5": 1.0,
  "max_debt_level": 0.0,
  "mean_update_fraction": 0.009615384973585606,
  "metric_horizon": "full",
  "phase": "reproduce_baseline",
  "runtime_sec": 2.775279828998464,
  "seed": 61,
  "support_mode": "none",
  "support_total": 0.0,
  "total_debt_charge": 0.0,
  "total_support_injected": 0.0,
  "total_timesteps": 1000000,
  "train_final_return_end_mean": -27.390403747558594
}