{
  "alpha": 0.06,
  "c_upd": 0.6,
  "depr_lambda": 0.01,
  "depr_nu": 0.5,
  "depr_psi": 1.25,
  "eval_CSR_post": 0.009999999776482582,
  "eval_dbar_post_mean": 0.49623093008995056,
  "eval_done_count": 100.0,
  "eval_episodes_per_env": 4.0,
  "eval_len_end_mean": 26.0,
  "eval_occupied_post_mean": 0.44999998807907104,
  "eval_return_end_mean": -23.548768997192383,
  "eval_t_eval": 104.0,
  "final_depr_F_post": 12.235184669494629,
  "final_energy_E_post": 0.36013200879096985,
  "final_episode_return_end_mean": -27.881641387939453,
  "final_funding_alpha_eff": 1.3851234825779102e-08,
  "final_funding_g": 0.08997224271297455,
  "final_funding_g_raw": 0.08997224271297455,
  "final_update_counter": 2.0,
  "final_vartd_VarTD": 0.16836386919021606,
  "mechanism": "hardzero_plus_depr",
  "mechanism_tag": "hardzero_plus_depr__c0p60__z1p10__lam0p010__nu0p50__psi1p25",
  "runtime_sec": 10.856224428978749,
  "seed": 40,
  "z_cut": 1.1
}