{
  "alpha": 0.049,
  "c_upd": 0.58,
  "depr_lambda": 0.005,
  "depr_nu": 1.0,
  "depr_psi": 0.5,
  "eval_CSR_post": 0.0,
  "eval_dbar_post_mean": 0.622588038444519,
  "eval_done_count": 100.0,
  "eval_episodes_per_env": 4.0,
  "eval_len_end_mean": 26.0,
  "eval_occupied_post_mean": 0.25,
  "eval_return_end_mean": -24.85009002685547,
  "eval_t_eval": 104.0,
  "final_depr_F_post": 4.155047416687012,
  "final_energy_E_post": 0.5623534321784973,
  "final_episode_return_end_mean": -28.132572174072266,
  "final_funding_alpha_eff": 0.006152119487524033,
  "final_funding_g": 0.0,
  "final_funding_g_raw": 0.08819710463285446,
  "final_update_counter": 2.0,
  "final_vartd_VarTD": 0.12677617371082306,
  "mechanism": "hardzero_plus_depr",
  "mechanism_tag": "hardzero_plus_depr__c0p58__z1p00__lam0p005__nu1p00__psi0p50",
  "runtime_sec": 9.462890524999239,
  "seed": 31,
  "z_cut": 1.0
}