{
  "alpha": 0.12,
  "c_upd": 0.56,
  "depr_lambda": 0.0,
  "depr_nu": 0.5,
  "depr_psi": 0.0,
  "eval_CSR_post": 0.0,
  "eval_dbar_post_mean": 0.4971171021461487,
  "eval_done_count": 100.0,
  "eval_episodes_per_env": 4.0,
  "eval_len_end_mean": 26.0,
  "eval_occupied_post_mean": 0.32999998331069946,
  "eval_return_end_mean": -23.74087905883789,
  "eval_t_eval": 104.0,
  "final_depr_F_post": 0.0,
  "final_energy_E_post": 0.34142500162124634,
  "final_episode_return_end_mean": -24.6497859954834,
  "final_funding_alpha_eff": 0.11999999731779099,
  "final_funding_g": 0.15922613441944122,
  "final_funding_g_raw": 0.15922613441944122,
  "final_update_counter": 29.0,
  "final_vartd_VarTD": 1.782020092010498,
  "mechanism": "hardzero_only",
  "mechanism_tag": "hardzero_only__c0p56__z1p00__lam0p000__nu0p50__psi0p00",
  "runtime_sec": 9.798025769006927,
  "seed": 35,
  "z_cut": 1.0
}