{
  "alpha": 0.08,
  "c_upd": 0.5,
  "depr_lambda": 0.0,
  "depr_nu": 0.5,
  "depr_psi": 0.0,
  "eval_CSR_post": 0.009999999776482582,
  "eval_dbar_post_mean": 0.4763781428337097,
  "eval_done_count": 100.0,
  "eval_episodes_per_env": 4.0,
  "eval_len_end_mean": 26.0,
  "eval_occupied_post_mean": 0.4599999785423279,
  "eval_return_end_mean": -23.76754379272461,
  "eval_t_eval": 104.0,
  "final_depr_F_post": 0.0,
  "final_energy_E_post": 0.08005449175834656,
  "final_episode_return_end_mean": -23.867321014404297,
  "final_funding_alpha_eff": 0.07999999821186066,
  "final_funding_g": 0.17910917103290558,
  "final_funding_g_raw": 0.17910917103290558,
  "final_update_counter": 30.0,
  "final_vartd_VarTD": 1.873976469039917,
  "mechanism": "hardzero_only",
  "mechanism_tag": "hardzero_only__c0p50__z1p10__lam0p000__nu0p50__psi0p00",
  "runtime_sec": 9.756704578001518,
  "seed": 31,
  "z_cut": 1.1
}