{
  "alpha": 0.12,
  "c_upd": 0.58,
  "depr_lambda": 0.01,
  "depr_nu": 0.5,
  "depr_psi": 1.0,
  "eval_CSR_post": 0.0,
  "eval_dbar_post_mean": 0.5731667280197144,
  "eval_done_count": 100.0,
  "eval_episodes_per_env": 4.0,
  "eval_len_end_mean": 26.0,
  "eval_occupied_post_mean": 0.32999998331069946,
  "eval_return_end_mean": -23.17392921447754,
  "eval_t_eval": 104.0,
  "final_depr_F_post": 9.03324031829834,
  "final_energy_E_post": 0.14827965199947357,
  "final_episode_return_end_mean": -25.924219131469727,
  "final_funding_alpha_eff": 1.4468978406512178e-05,
  "final_funding_g": 0.12424663454294205,
  "final_funding_g_raw": 0.12424663454294205,
  "final_update_counter": 5.0,
  "final_vartd_VarTD": 0.10877164453268051,
  "mechanism": "hardzero_plus_depr",
  "mechanism_tag": "hardzero_plus_depr__c0p58__z1p10__lam0p010__nu0p50__psi1p00",
  "runtime_sec": 10.79977774899453,
  "seed": 33,
  "z_cut": 1.1
}