{
  "alpha": 0.06,
  "c_upd": 0.6,
  "depr_lambda": 0.01,
  "depr_nu": 0.5,
  "depr_psi": 1.25,
  "eval_CSR_post": 0.0,
  "eval_dbar_post_mean": 0.9445246458053589,
  "eval_done_count": 100.0,
  "eval_episodes_per_env": 4.0,
  "eval_len_end_mean": 26.0,
  "eval_occupied_post_mean": 0.09999999403953552,
  "eval_return_end_mean": -29.562389373779297,
  "eval_t_eval": 104.0,
  "final_depr_F_post": 12.08518123626709,
  "final_energy_E_post": 0.20535090565681458,
  "final_episode_return_end_mean": -26.79439926147461,
  "final_funding_alpha_eff": 1.6707856431708024e-08,
  "final_funding_g": 0.0926935076713562,
  "final_funding_g_raw": 0.0926935076713562,
  "final_update_counter": 2.0,
  "final_vartd_VarTD": 0.14424647390842438,
  "mechanism": "hardzero_plus_depr",
  "mechanism_tag": "hardzero_plus_depr__c0p60__z1p05__lam0p010__nu0p50__psi1p25",
  "runtime_sec": 10.882223886961583,
  "seed": 39,
  "z_cut": 1.05
}