{
  "alpha": 0.04,
  "c_upd": 0.58,
  "depr_lambda": 0.005,
  "depr_nu": 1.0,
  "depr_psi": 0.5,
  "eval_CSR_post": 0.009999999776482582,
  "eval_dbar_post_mean": 0.5333749651908875,
  "eval_done_count": 100.0,
  "eval_episodes_per_env": 4.0,
  "eval_len_end_mean": 26.0,
  "eval_occupied_post_mean": 0.3799999952316284,
  "eval_return_end_mean": -23.54924964904785,
  "eval_t_eval": 104.0,
  "final_depr_F_post": 0.6449995636940002,
  "final_energy_E_post": 0.40472254157066345,
  "final_episode_return_end_mean": -27.35700798034668,
  "final_funding_alpha_eff": 0.029045967385172844,
  "final_funding_g": 0.0,
  "final_funding_g_raw": 0.09818955510854721,
  "final_update_counter": 4.0,
  "final_vartd_VarTD": 0.13240686058998108,
  "mechanism": "hardzero_plus_depr",
  "mechanism_tag": "hardzero_plus_depr__c0p58__z1p00__lam0p005__nu1p00__psi0p50",
  "runtime_sec": 9.458048569969833,
  "seed": 56,
  "z_cut": 1.0
}