{
  "alpha": 0.12,
  "c_upd": 0.5,
  "depr_lambda": 0.01,
  "depr_nu": 0.5,
  "depr_psi": 1.25,
  "eval_CSR_post": 0.0,
  "eval_dbar_post_mean": 0.5762592554092407,
  "eval_done_count": 100.0,
  "eval_episodes_per_env": 4.0,
  "eval_len_end_mean": 26.0,
  "eval_occupied_post_mean": 0.2800000011920929,
  "eval_return_end_mean": -23.967756271362305,
  "eval_t_eval": 104.0,
  "final_depr_F_post": 11.540168762207031,
  "final_energy_E_post": 0.45478418469429016,
  "final_episode_return_end_mean": -27.09829330444336,
  "final_funding_alpha_eff": 6.60420838016762e-08,
  "final_funding_g": 0.10796153545379639,
  "final_funding_g_raw": 0.10796153545379639,
  "final_update_counter": 4.0,
  "final_vartd_VarTD": 0.14699511229991913,
  "mechanism": "hardzero_plus_depr",
  "mechanism_tag": "hardzero_plus_depr__c0p50__z1p10__lam0p010__nu0p50__psi1p25",
  "runtime_sec": 10.68985576700652,
  "seed": 35,
  "z_cut": 1.1
}