{
  "alpha": 0.073,
  "c_upd": 0.58,
  "depr_lambda": 0.0,
  "depr_nu": 0.5,
  "depr_psi": 0.0,
  "eval_CSR_post": 0.0,
  "eval_dbar_post_mean": 0.5212804079055786,
  "eval_done_count": 100.0,
  "eval_episodes_per_env": 4.0,
  "eval_len_end_mean": 26.0,
  "eval_occupied_post_mean": 0.3100000023841858,
  "eval_return_end_mean": -25.579912185668945,
  "eval_t_eval": 104.0,
  "final_depr_F_post": 0.0,
  "final_energy_E_post": 0.20689556002616882,
  "final_episode_return_end_mean": -24.173818588256836,
  "final_funding_alpha_eff": 0.0729999989271164,
  "final_funding_g": 0.16207167506217957,
  "final_funding_g_raw": 0.16207167506217957,
  "final_update_counter": 18.0,
  "final_vartd_VarTD": 0.4805087447166443,
  "mechanism": "hardzero_only",
  "mechanism_tag": "hardzero_only__c0p58__z1p00__lam0p000__nu0p50__psi0p00",
  "runtime_sec": 9.493721207953058,
  "seed": 59,
  "z_cut": 1.0
}