{
  "alpha": 0.08,
  "c_upd": 0.6,
  "depr_lambda": 0.03,
  "depr_nu": 0.5,
  "depr_psi": 1.0,
  "eval_CSR_post": 0.0,
  "eval_dbar_post_mean": 0.5202856659889221,
  "eval_done_count": 100.0,
  "eval_episodes_per_env": 4.0,
  "eval_len_end_mean": 26.0,
  "eval_occupied_post_mean": 0.35999998450279236,
  "eval_return_end_mean": -23.450374603271484,
  "eval_t_eval": 104.0,
  "final_depr_F_post": 35.77516555786133,
  "final_energy_E_post": 0.048290546983480453,
  "final_episode_return_end_mean": -26.769264221191406,
  "final_funding_alpha_eff": 2.394204799863284e-17,
  "final_funding_g": 0.09955008327960968,
  "final_funding_g_raw": 0.09955008327960968,
  "final_update_counter": 2.0,
  "final_vartd_VarTD": 0.2005990594625473,
  "mechanism": "hardzero_plus_depr",
  "mechanism_tag": "hardzero_plus_depr__c0p60__z1p05__lam0p030__nu0p50__psi1p00",
  "runtime_sec": 10.79325880901888,
  "seed": 37,
  "z_cut": 1.05
}