{
  "alpha": 0.1,
  "c_upd": 0.52,
  "depr_lambda": 0.03,
  "depr_nu": 0.5,
  "depr_psi": 1.0,
  "eval_CSR_post": 0.0,
  "eval_dbar_post_mean": 0.6037818193435669,
  "eval_done_count": 100.0,
  "eval_episodes_per_env": 4.0,
  "eval_len_end_mean": 26.0,
  "eval_occupied_post_mean": 0.3199999928474426,
  "eval_return_end_mean": -24.322521209716797,
  "eval_t_eval": 104.0,
  "final_depr_F_post": 37.14011001586914,
  "final_energy_E_post": 0.13481377065181732,
  "final_episode_return_end_mean": -26.637481689453125,
  "final_funding_alpha_eff": 7.643344901795151e-18,
  "final_funding_g": 0.11042521148920059,
  "final_funding_g_raw": 0.11042521148920059,
  "final_update_counter": 2.0,
  "final_vartd_VarTD": 0.11695986986160278,
  "mechanism": "hardzero_plus_depr",
  "mechanism_tag": "hardzero_plus_depr__c0p52__z1p00__lam0p030__nu0p50__psi1p00",
  "runtime_sec": 10.395693789992947,
  "seed": 33,
  "z_cut": 1.0
}