{
  "alpha": 0.01,
  "c_upd": 0.52,
  "depr_lambda": 0.02,
  "depr_nu": 0.5,
  "depr_psi": 0.75,
  "eval_CSR_post": 0.0,
  "eval_dbar_post_mean": 0.5876843333244324,
  "eval_done_count": 100.0,
  "eval_episodes_per_env": 4.0,
  "eval_len_end_mean": 26.0,
  "eval_occupied_post_mean": 0.28999999165534973,
  "eval_return_end_mean": -23.987375259399414,
  "eval_t_eval": 104.0,
  "final_depr_F_post": 23.340343475341797,
  "final_energy_E_post": 0.01547322142869234,
  "final_episode_return_end_mean": -26.727243423461914,
  "final_funding_alpha_eff": 2.5355825772344076e-10,
  "final_funding_g": 0.0943199023604393,
  "final_funding_g_raw": 0.0943199023604393,
  "final_update_counter": 2.0,
  "final_vartd_VarTD": 0.14475244283676147,
  "mechanism": "hardzero_plus_depr",
  "mechanism_tag": "hardzero_plus_depr__c0p52__z1p05__lam0p020__nu0p50__psi0p75",
  "runtime_sec": 10.699216326000169,
  "seed": 39,
  "z_cut": 1.05
}