{
  "alpha": 0.08,
  "c_upd": 0.6,
  "depr_lambda": 0.02,
  "depr_nu": 0.5,
  "depr_psi": 0.75,
  "eval_CSR_post": 0.0,
  "eval_dbar_post_mean": 0.6800426840782166,
  "eval_done_count": 100.0,
  "eval_episodes_per_env": 4.0,
  "eval_len_end_mean": 26.0,
  "eval_occupied_post_mean": 0.22999998927116394,
  "eval_return_end_mean": -26.225542068481445,
  "eval_t_eval": 104.0,
  "final_depr_F_post": 24.630373001098633,
  "final_energy_E_post": 0.40199124813079834,
  "final_episode_return_end_mean": -28.143770217895508,
  "final_funding_alpha_eff": 7.708652605131761e-10,
  "final_funding_g": 0.09004344046115875,
  "final_funding_g_raw": 0.09004344046115875,
  "final_update_counter": 2.0,
  "final_vartd_VarTD": 0.12411649525165558,
  "mechanism": "hardzero_plus_depr",
  "mechanism_tag": "hardzero_plus_depr__c0p60__z1p10__lam0p020__nu0p50__psi0p75",
  "runtime_sec": 10.77542673505377,
  "seed": 31,
  "z_cut": 1.1
}