{
  "alpha": 0.264,
  "borrow_interest": 0.02,
  "borrow_limit": 0.3,
  "c_upd": 0.58,
  "depr_lambda": 0.0,
  "depr_nu": 0.5,
  "depr_psi": 0.0,
  "eval_CSR_post": 0.0,
  "eval_dbar_post_mean": 0.8458181619644165,
  "eval_done_count": 100.0,
  "eval_episodes_per_env": 4.0,
  "eval_len_end_mean": 26.0,
  "eval_occupied_post_mean": 0.14000000059604645,
  "eval_return_end_mean": -26.20055389404297,
  "eval_t_eval": 104.0,
  "family": "borrow",
  "final_depr_F_post": 0.0,
  "final_energy_E_post": 0.005869412329047918,
  "final_update_counter": 90.0,
  "final_vartd_VarTD": 3.7778513431549072,
  "max_debt_level_post": 0.2682873010635376,
  "mean_update_fraction": 0.07199999690055847,
  "mechanism": "hardzero_only",
  "mechanism_tag": "hardzero_only__c0p58__z1p00__lam0p000__nu0p50__psi0p00",
  "runtime_sec": 10.779085856047459,
  "seed": 33,
  "support_mode": "none",
  "support_total": 0.0,
  "total_debt_charge": 1.4841158390045166,
  "total_support_s": 0.0,
  "z_cut": 1.0
}