{
  "alpha": 0.06,
  "c_upd": 0.52,
  "depr_lambda": 0.01,
  "depr_nu": 0.5,
  "depr_psi": 0.75,
  "eval_CSR_post": 0.0,
  "eval_dbar_post_mean": 0.5151522755622864,
  "eval_done_count": 100.0,
  "eval_episodes_per_env": 4.0,
  "eval_len_end_mean": 26.0,
  "eval_occupied_post_mean": 0.3100000023841858,
  "eval_return_end_mean": -22.89545440673828,
  "eval_t_eval": 104.0,
  "final_depr_F_post": 11.682672500610352,
  "final_energy_E_post": 0.4672263264656067,
  "final_episode_return_end_mean": -26.710716247558594,
  "final_funding_alpha_eff": 9.464951290283352e-06,
  "final_funding_g": 0.10112272202968597,
  "final_funding_g_raw": 0.10112272202968597,
  "final_update_counter": 3.0,
  "final_vartd_VarTD": 0.1874268352985382,
  "mechanism": "hardzero_plus_depr",
  "mechanism_tag": "hardzero_plus_depr__c0p52__z1p10__lam0p010__nu0p50__psi0p75",
  "runtime_sec": 10.619820921041537,
  "seed": 37,
  "z_cut": 1.1
}