{
  "alpha": 0.01,
  "c_upd": 0.54,
  "depr_lambda": 0.02,
  "depr_nu": 0.5,
  "depr_psi": 1.25,
  "eval_CSR_post": 0.0,
  "eval_dbar_post_mean": 0.7028269171714783,
  "eval_done_count": 100.0,
  "eval_episodes_per_env": 4.0,
  "eval_len_end_mean": 26.0,
  "eval_occupied_post_mean": 0.19999998807907104,
  "eval_return_end_mean": -26.177370071411133,
  "eval_t_eval": 104.0,
  "final_depr_F_post": 24.98038101196289,
  "final_energy_E_post": 0.4970971941947937,
  "final_episode_return_end_mean": -28.267641067504883,
  "final_funding_alpha_eff": 2.81712146828466e-16,
  "final_funding_g": 0.08558963239192963,
  "final_funding_g_raw": 0.08558963239192963,
  "final_update_counter": 1.0,
  "final_vartd_VarTD": 0.19073650240898132,
  "mechanism": "hardzero_plus_depr",
  "mechanism_tag": "hardzero_plus_depr__c0p54__z1p10__lam0p020__nu0p50__psi1p25",
  "runtime_sec": 10.697223794064485,
  "seed": 40,
  "z_cut": 1.1
}