{
  "alpha": 0.04,
  "c_upd": 0.6,
  "depr_lambda": 0.01,
  "depr_nu": 0.5,
  "depr_psi": 0.75,
  "eval_CSR_post": 0.0,
  "eval_dbar_post_mean": 0.6066960692405701,
  "eval_done_count": 100.0,
  "eval_episodes_per_env": 4.0,
  "eval_len_end_mean": 26.0,
  "eval_occupied_post_mean": 0.2800000011920929,
  "eval_return_end_mean": -24.81758689880371,
  "eval_t_eval": 104.0,
  "final_depr_F_post": 11.925177574157715,
  "final_energy_E_post": 0.30449047684669495,
  "final_episode_return_end_mean": -27.888118743896484,
  "final_funding_alpha_eff": 5.260633770376444e-06,
  "final_funding_g": 0.0936715304851532,
  "final_funding_g_raw": 0.0936715304851532,
  "final_update_counter": 2.0,
  "final_vartd_VarTD": 0.16545306146144867,
  "mechanism": "hardzero_plus_depr",
  "mechanism_tag": "hardzero_plus_depr__c0p60__z1p05__lam0p010__nu0p50__psi0p75",
  "runtime_sec": 10.66724721895298,
  "seed": 41,
  "z_cut": 1.05
}