{
  "alpha": 0.1,
  "c_upd": 0.56,
  "depr_lambda": 0.01,
  "depr_nu": 0.5,
  "depr_psi": 0.75,
  "eval_CSR_post": 0.0,
  "eval_dbar_post_mean": 0.549842119216919,
  "eval_done_count": 100.0,
  "eval_episodes_per_env": 4.0,
  "eval_len_end_mean": 26.0,
  "eval_occupied_post_mean": 0.25,
  "eval_return_end_mean": -23.915897369384766,
  "eval_t_eval": 104.0,
  "final_depr_F_post": 9.849504470825195,
  "final_energy_E_post": 0.5361402034759521,
  "final_episode_return_end_mean": -26.39699363708496,
  "final_funding_alpha_eff": 6.238328205654398e-05,
  "final_funding_g": 0.10173669457435608,
  "final_funding_g_raw": 0.10173669457435608,
  "final_update_counter": 5.0,
  "final_vartd_VarTD": 0.14138387143611908,
  "mechanism": "hardzero_plus_depr",
  "mechanism_tag": "hardzero_plus_depr__c0p56__z1p10__lam0p010__nu0p50__psi0p75",
  "runtime_sec": 10.679717849008739,
  "seed": 39,
  "z_cut": 1.1
}