{
  "alpha": 0.05,
  "c_upd": 0.56,
  "depr_lambda": 0.01,
  "depr_nu": 0.5,
  "depr_psi": 1.0,
  "eval_CSR_post": 0.0,
  "eval_dbar_post_mean": 0.6700195670127869,
  "eval_done_count": 100.0,
  "eval_episodes_per_env": 4.0,
  "eval_len_end_mean": 26.0,
  "eval_occupied_post_mean": 0.25,
  "eval_return_end_mean": -26.731014251708984,
  "eval_t_eval": 104.0,
  "final_depr_F_post": 12.33018684387207,
  "final_energy_E_post": 0.41396012902259827,
  "final_episode_return_end_mean": -27.932329177856445,
  "final_funding_alpha_eff": 2.2303906632714643e-07,
  "final_funding_g": 0.09370250999927521,
  "final_funding_g_raw": 0.09370250999927521,
  "final_update_counter": 2.0,
  "final_vartd_VarTD": 0.16289839148521423,
  "mechanism": "hardzero_plus_depr",
  "mechanism_tag": "hardzero_plus_depr__c0p56__z1p10__lam0p010__nu0p50__psi1p00",
  "runtime_sec": 10.90543938393239,
  "seed": 41,
  "z_cut": 1.1
}