{
  "alpha": 0.043,
  "c_upd": 0.58,
  "depr_lambda": 0.0,
  "depr_nu": 0.5,
  "depr_psi": 0.0,
  "eval_CSR_post": 0.0,
  "eval_dbar_post_mean": 0.48537689447402954,
  "eval_done_count": 100.0,
  "eval_episodes_per_env": 4.0,
  "eval_len_end_mean": 26.0,
  "eval_occupied_post_mean": 0.5099999904632568,
  "eval_return_end_mean": -23.52784538269043,
  "eval_t_eval": 104.0,
  "final_depr_F_post": 0.0,
  "final_energy_E_post": 0.3867131471633911,
  "final_episode_return_end_mean": -25.998136520385742,
  "final_funding_alpha_eff": 0.0430000014603138,
  "final_funding_g": 0.1270304173231125,
  "final_funding_g_raw": 0.1270304173231125,
  "final_update_counter": 8.0,
  "final_vartd_VarTD": 0.18653304874897003,
  "mechanism": "hardzero_only",
  "mechanism_tag": "hardzero_only__c0p58__z1p00__lam0p000__nu0p50__psi0p00",
  "runtime_sec": 21.665329965064302,
  "seed": 30,
  "z_cut": 1.0
}