{
  "alpha": 0.12,
  "c_upd": 0.6,
  "depr_lambda": 0.03,
  "depr_nu": 0.5,
  "depr_psi": 1.25,
  "eval_CSR_post": 0.0,
  "eval_dbar_post_mean": 0.5862927436828613,
  "eval_done_count": 100.0,
  "eval_episodes_per_env": 4.0,
  "eval_len_end_mean": 26.0,
  "eval_occupied_post_mean": 0.23999999463558197,
  "eval_return_end_mean": -25.010526657104492,
  "eval_t_eval": 104.0,
  "final_depr_F_post": 37.0051155090332,
  "final_energy_E_post": 0.18966257572174072,
  "final_episode_return_end_mean": -26.426000595092773,
  "final_funding_alpha_eff": 1.015243436770583e-21,
  "final_funding_g": 0.09653253853321075,
  "final_funding_g_raw": 0.09653253853321075,
  "final_update_counter": 2.0,
  "final_vartd_VarTD": 0.1250499188899994,
  "mechanism": "hardzero_plus_depr",
  "mechanism_tag": "hardzero_plus_depr__c0p60__z1p10__lam0p030__nu0p50__psi1p25",
  "runtime_sec": 10.81259509595111,
  "seed": 34,
  "z_cut": 1.1
}