{
  "alpha": 0.034,
  "c_upd": 0.58,
  "depr_lambda": 0.005,
  "depr_nu": 1.0,
  "depr_psi": 0.5,
  "eval_CSR_post": 0.009999999776482582,
  "eval_dbar_post_mean": 0.5139658451080322,
  "eval_done_count": 100.0,
  "eval_episodes_per_env": 4.0,
  "eval_len_end_mean": 26.0,
  "eval_occupied_post_mean": 0.5099999904632568,
  "eval_return_end_mean": -24.03342628479004,
  "eval_t_eval": 104.0,
  "final_depr_F_post": 1.409998893737793,
  "final_energy_E_post": 0.5527797937393188,
  "final_episode_return_end_mean": -26.34615135192871,
  "final_funding_alpha_eff": 0.01684175431728363,
  "final_funding_g": 0.11817732453346252,
  "final_funding_g_raw": 0.11817732453346252,
  "final_update_counter": 3.0,
  "final_vartd_VarTD": 0.11401987820863724,
  "mechanism": "hardzero_plus_depr",
  "mechanism_tag": "hardzero_plus_depr__c0p58__z1p00__lam0p005__nu1p00__psi0p50",
  "runtime_sec": 9.459791883011349,
  "seed": 33,
  "z_cut": 1.0
}