{
  "alpha": 0.08,
  "c_upd": 0.58,
  "depr_lambda": 0.03,
  "depr_nu": 0.5,
  "depr_psi": 0.75,
  "eval_CSR_post": 0.0,
  "eval_dbar_post_mean": 0.5078994035720825,
  "eval_done_count": 100.0,
  "eval_episodes_per_env": 4.0,
  "eval_len_end_mean": 26.0,
  "eval_occupied_post_mean": 0.3799999952316284,
  "eval_return_end_mean": -23.14375877380371,
  "eval_t_eval": 104.0,
  "final_depr_F_post": 36.70512771606445,
  "final_energy_E_post": 0.19622135162353516,
  "final_episode_return_end_mean": -26.14105224609375,
  "final_funding_alpha_eff": 9.062227286941657e-14,
  "final_funding_g": 0.0993942990899086,
  "final_funding_g_raw": 0.0993942990899086,
  "final_update_counter": 2.0,
  "final_vartd_VarTD": 0.1338825821876526,
  "mechanism": "hardzero_plus_depr",
  "mechanism_tag": "hardzero_plus_depr__c0p58__z1p05__lam0p030__nu0p50__psi0p75",
  "runtime_sec": 10.801450671977364,
  "seed": 32,
  "z_cut": 1.05
}