{
  "alpha": 0.1,
  "c_upd": 0.56,
  "depr_lambda": 0.01,
  "depr_nu": 0.5,
  "depr_psi": 1.0,
  "eval_CSR_post": 0.0,
  "eval_dbar_post_mean": 0.6296687722206116,
  "eval_done_count": 100.0,
  "eval_episodes_per_env": 4.0,
  "eval_len_end_mean": 26.0,
  "eval_occupied_post_mean": 0.23999999463558197,
  "eval_return_end_mean": -24.31992530822754,
  "eval_t_eval": 104.0,
  "final_depr_F_post": 11.385165214538574,
  "final_energy_E_post": 0.11641296744346619,
  "final_episode_return_end_mean": -27.984487533569336,
  "final_funding_alpha_eff": 1.1477006864879513e-06,
  "final_funding_g": 0.0,
  "final_funding_g_raw": 0.08932758867740631,
  "final_update_counter": 2.0,
  "final_vartd_VarTD": 0.17698368430137634,
  "mechanism": "hardzero_plus_depr",
  "mechanism_tag": "hardzero_plus_depr__c0p56__z1p00__lam0p010__nu0p50__psi1p00",
  "runtime_sec": 10.024108628975227,
  "seed": 40,
  "z_cut": 1.0
}