{
  "alpha": 0.08,
  "c_upd": 0.56,
  "depr_lambda": 0.01,
  "depr_nu": 0.5,
  "depr_psi": 1.0,
  "eval_CSR_post": 0.0,
  "eval_dbar_post_mean": 0.5014687776565552,
  "eval_done_count": 100.0,
  "eval_episodes_per_env": 4.0,
  "eval_len_end_mean": 26.0,
  "eval_occupied_post_mean": 0.35999998450279236,
  "eval_return_end_mean": -24.229833602905273,
  "eval_t_eval": 104.0,
  "final_depr_F_post": 11.6151704788208,
  "final_energy_E_post": 0.40235865116119385,
  "final_episode_return_end_mean": -27.22611427307129,
  "final_funding_alpha_eff": 7.295055297618092e-07,
  "final_funding_g": 0.10469754785299301,
  "final_funding_g_raw": 0.10469754785299301,
  "final_update_counter": 3.0,
  "final_vartd_VarTD": 0.15375705063343048,
  "mechanism": "hardzero_plus_depr",
  "mechanism_tag": "hardzero_plus_depr__c0p56__z1p10__lam0p010__nu0p50__psi1p00",
  "runtime_sec": 11.011953704059124,
  "seed": 41,
  "z_cut": 1.1
}