{
  "alpha": 0.1,
  "c_upd": 0.58,
  "depr_lambda": 0.01,
  "depr_nu": 0.5,
  "depr_psi": 1.25,
  "eval_CSR_post": 0.0,
  "eval_dbar_post_mean": 0.5365433692932129,
  "eval_done_count": 100.0,
  "eval_episodes_per_env": 4.0,
  "eval_len_end_mean": 26.0,
  "eval_occupied_post_mean": 0.35999998450279236,
  "eval_return_end_mean": -24.536205291748047,
  "eval_t_eval": 104.0,
  "final_depr_F_post": 11.680171966552734,
  "final_energy_E_post": 0.3548835515975952,
  "final_episode_return_end_mean": -26.555233001708984,
  "final_funding_alpha_eff": 4.619934301786088e-08,
  "final_funding_g": 0.10327113419771194,
  "final_funding_g_raw": 0.10327113419771194,
  "final_update_counter": 3.0,
  "final_vartd_VarTD": 0.1921345442533493,
  "mechanism": "hardzero_plus_depr",
  "mechanism_tag": "hardzero_plus_depr__c0p58__z1p10__lam0p010__nu0p50__psi1p25",
  "runtime_sec": 10.708465405041352,
  "seed": 37,
  "z_cut": 1.1
}