{
  "alpha": 0.1,
  "c_upd": 0.6,
  "depr_lambda": 0.0,
  "depr_nu": 0.5,
  "depr_psi": 0.0,
  "eval_CSR_post": 0.0,
  "eval_dbar_post_mean": 0.500828742980957,
  "eval_done_count": 100.0,
  "eval_episodes_per_env": 4.0,
  "eval_len_end_mean": 26.0,
  "eval_occupied_post_mean": 0.3499999940395355,
  "eval_return_end_mean": -23.313400268554688,
  "eval_t_eval": 104.0,
  "final_depr_F_post": 0.0,
  "final_energy_E_post": 0.4043034017086029,
  "final_episode_return_end_mean": -23.438766479492188,
  "final_funding_alpha_eff": 0.10000000149011612,
  "final_funding_g": 0.16903644800186157,
  "final_funding_g_raw": 0.16903644800186157,
  "final_update_counter": 29.0,
  "final_vartd_VarTD": 1.6914865970611572,
  "mechanism": "hardzero_only",
  "mechanism_tag": "hardzero_only__c0p60__z1p05__lam0p000__nu0p50__psi0p00",
  "runtime_sec": 9.968904254958034,
  "seed": 33,
  "z_cut": 1.05
}