{
  "alpha": 0.1,
  "c_upd": 0.52,
  "depr_lambda": 0.01,
  "depr_nu": 0.5,
  "depr_psi": 1.25,
  "eval_CSR_post": 0.0,
  "eval_dbar_post_mean": 0.7416715621948242,
  "eval_done_count": 100.0,
  "eval_episodes_per_env": 4.0,
  "eval_len_end_mean": 26.0,
  "eval_occupied_post_mean": 0.1599999964237213,
  "eval_return_end_mean": -26.931440353393555,
  "eval_t_eval": 104.0,
  "final_depr_F_post": 11.962678909301758,
  "final_energy_E_post": 0.441182404756546,
  "final_episode_return_end_mean": -27.6898136138916,
  "final_funding_alpha_eff": 3.2454281040372734e-08,
  "final_funding_g": 0.09796252846717834,
  "final_funding_g_raw": 0.09796252846717834,
  "final_update_counter": 3.0,
  "final_vartd_VarTD": 0.16183042526245117,
  "mechanism": "hardzero_plus_depr",
  "mechanism_tag": "hardzero_plus_depr__c0p52__z1p10__lam0p010__nu0p50__psi1p25",
  "runtime_sec": 10.653648654988501,
  "seed": 41,
  "z_cut": 1.1
}