{
  "alpha": 0.05,
  "c_upd": 0.58,
  "depr_lambda": 0.02,
  "depr_nu": 0.5,
  "depr_psi": 1.25,
  "eval_CSR_post": 0.0,
  "eval_dbar_post_mean": 0.6574671268463135,
  "eval_done_count": 100.0,
  "eval_episodes_per_env": 4.0,
  "eval_len_end_mean": 26.0,
  "eval_occupied_post_mean": 0.22999998927116394,
  "eval_return_end_mean": -25.424213409423828,
  "eval_t_eval": 104.0,
  "final_depr_F_post": 24.150362014770508,
  "final_energy_E_post": 0.07371948659420013,
  "final_episode_return_end_mean": -26.403841018676758,
  "final_funding_alpha_eff": 3.975266228933676e-15,
  "final_funding_g": 0.09634321928024292,
  "final_funding_g_raw": 0.09634321928024292,
  "final_update_counter": 2.0,
  "final_vartd_VarTD": 0.12484821677207947,
  "mechanism": "hardzero_plus_depr",
  "mechanism_tag": "hardzero_plus_depr__c0p58__z1p10__lam0p020__nu0p50__psi1p25",
  "runtime_sec": 10.697054388001561,
  "seed": 34,
  "z_cut": 1.1
}