{
  "alpha": 0.052,
  "c_upd": 0.58,
  "depr_lambda": 0.005,
  "depr_nu": 1.0,
  "depr_psi": 0.5,
  "eval_CSR_post": 0.0,
  "eval_dbar_post_mean": 0.5286979675292969,
  "eval_done_count": 100.0,
  "eval_episodes_per_env": 4.0,
  "eval_len_end_mean": 26.0,
  "eval_occupied_post_mean": 0.29999998211860657,
  "eval_return_end_mean": -23.734113693237305,
  "eval_t_eval": 104.0,
  "final_depr_F_post": 0.534999668598175,
  "final_energy_E_post": 0.5504710078239441,
  "final_episode_return_end_mean": -26.73455238342285,
  "final_funding_alpha_eff": 0.039894718676805496,
  "final_funding_g": 0.0,
  "final_funding_g_raw": 0.0945223793387413,
  "final_update_counter": 5.0,
  "final_vartd_VarTD": 0.16381075978279114,
  "mechanism": "hardzero_plus_depr",
  "mechanism_tag": "hardzero_plus_depr__c0p58__z1p00__lam0p005__nu1p00__psi0p50",
  "runtime_sec": 9.47391203197185,
  "seed": 49,
  "z_cut": 1.0
}