{
  "alpha": 0.01,
  "c_upd": 0.56,
  "depr_lambda": 0.0,
  "depr_nu": 0.5,
  "depr_psi": 0.0,
  "eval_CSR_post": 0.0,
  "eval_dbar_post_mean": 0.6321984529495239,
  "eval_done_count": 100.0,
  "eval_episodes_per_env": 4.0,
  "eval_len_end_mean": 26.0,
  "eval_occupied_post_mean": 0.23999999463558197,
  "eval_return_end_mean": -24.20892333984375,
  "eval_t_eval": 104.0,
  "final_depr_F_post": 0.0,
  "final_energy_E_post": 0.5538760423660278,
  "final_episode_return_end_mean": -27.462575912475586,
  "final_funding_alpha_eff": 0.009999999776482582,
  "final_funding_g": 0.09422784298658371,
  "final_funding_g_raw": 0.09422784298658371,
  "final_update_counter": 3.0,
  "final_vartd_VarTD": 0.19381625950336456,
  "mechanism": "hardzero_only",
  "mechanism_tag": "hardzero_only__c0p56__z1p10__lam0p000__nu0p50__psi0p00",
  "runtime_sec": 20.043042794975918,
  "seed": 30,
  "z_cut": 1.1
}