{
  "alpha": 0.08,
  "c_upd": 0.52,
  "depr_lambda": 0.03,
  "depr_nu": 0.5,
  "depr_psi": 0.75,
  "eval_CSR_post": 0.0,
  "eval_dbar_post_mean": 0.5282854437828064,
  "eval_done_count": 100.0,
  "eval_episodes_per_env": 4.0,
  "eval_len_end_mean": 26.0,
  "eval_occupied_post_mean": 0.3400000035762787,
  "eval_return_end_mean": -21.35320281982422,
  "eval_t_eval": 104.0,
  "final_depr_F_post": 37.27510452270508,
  "final_energy_E_post": 0.24686922132968903,
  "final_episode_return_end_mean": -27.950153350830078,
  "final_funding_alpha_eff": 5.909920990088136e-14,
  "final_funding_g": 0.0914442166686058,
  "final_funding_g_raw": 0.0914442166686058,
  "final_update_counter": 2.0,
  "final_vartd_VarTD": 0.21136106550693512,
  "mechanism": "hardzero_plus_depr",
  "mechanism_tag": "hardzero_plus_depr__c0p52__z1p05__lam0p030__nu0p50__psi0p75",
  "runtime_sec": 10.784766226017382,
  "seed": 38,
  "z_cut": 1.05
}