{
  "alpha": 0.043,
  "c_upd": 0.58,
  "depr_lambda": 0.0,
  "depr_nu": 0.5,
  "depr_psi": 0.0,
  "eval_CSR_post": 0.0,
  "eval_dbar_post_mean": 0.6022617816925049,
  "eval_done_count": 100.0,
  "eval_episodes_per_env": 4.0,
  "eval_len_end_mean": 26.0,
  "eval_occupied_post_mean": 0.22999998927116394,
  "eval_return_end_mean": -24.429845809936523,
  "eval_t_eval": 104.0,
  "final_depr_F_post": 0.0,
  "final_energy_E_post": 0.43792709708213806,
  "final_episode_return_end_mean": -27.090309143066406,
  "final_funding_alpha_eff": 0.0430000014603138,
  "final_funding_g": 0.10712134838104248,
  "final_funding_g_raw": 0.10712134838104248,
  "final_update_counter": 5.0,
  "final_vartd_VarTD": 0.150635227560997,
  "mechanism": "hardzero_only",
  "mechanism_tag": "hardzero_only__c0p58__z1p00__lam0p000__nu0p50__psi0p00",
  "runtime_sec": 9.481121617020108,
  "seed": 51,
  "z_cut": 1.0
}