{
  "I_R_full_anchor_compat": 1.0059953877667909,
  "above_R_THRESH_FULL_anchor": 1.0,
  "alpha": 0.0,
  "borrow_interest": 0.0,
  "borrow_limit": 0.0,
  "c_upd": 0.58,
  "condition": "fragile_full__support__t4m__a0p00__c0p58",
  "eval_CSR_post": 0.0,
  "eval_CSR_pre": 0.0,
  "eval_dbar_post_mean": 0.6434659361839294,
  "eval_dbar_pre_mean": 0.6346839070320129,
  "eval_done_count": 100.0,
  "eval_done_per_env_max": 4.0,
  "eval_done_per_env_min": 4.0,
  "eval_episodes_per_env": 4.0,
  "eval_len_end_mean": 26.0,
  "eval_max_tilde_post_mean": 0.9481837153434753,
  "eval_max_tilde_pre_mean": 0.9386014938354492,
  "eval_occupied_post_mean": 0.26999998092651367,
  "eval_occupied_pre_mean": 0.22999998927116394,
  "eval_return_end_mean": -24.764745712280273,
  "eval_t_eval": 104.0,
  "family": "support",
  "final_energy": 0.44000014662742615,
  "final_executed_updates": 2.0,
  "final_vartd": 0.1669124960899353,
  "max_debt_level": 0.0,
  "mean_update_fraction": 0.0015999999595806003,
  "metric_horizon": "long4m",
  "phase": "extension_full",
  "runtime_sec": 11.720158523999999,
  "seed": 50,
  "support_mode": "frontload",
  "support_total": 0.6,
  "total_debt_charge": 0.0,
  "total_support_injected": 0.5999999642372131,
  "total_timesteps": 4000000,
  "train_final_return_end_mean": -27.70783805847168
}