{
  "alpha": 0.03,
  "c_upd": 0.6,
  "depr_lambda": 0.01,
  "depr_nu": 0.5,
  "depr_psi": 0.75,
  "eval_CSR_post": 0.0,
  "eval_dbar_post_mean": 0.6179758310317993,
  "eval_done_count": 100.0,
  "eval_episodes_per_env": 4.0,
  "eval_len_end_mean": 26.0,
  "eval_occupied_post_mean": 0.2199999988079071,
  "eval_return_end_mean": -23.67548370361328,
  "eval_t_eval": 104.0,
  "final_depr_F_post": 10.51014518737793,
  "final_energy_E_post": 0.06556764990091324,
  "final_episode_return_end_mean": -28.107046127319336,
  "final_funding_alpha_eff": 1.1402628842915874e-05,
  "final_funding_g": 0.0,
  "final_funding_g_raw": 0.08854664117097855,
  "final_update_counter": 2.0,
  "final_vartd_VarTD": 0.2162274271249771,
  "mechanism": "hardzero_plus_depr",
  "mechanism_tag": "hardzero_plus_depr__c0p60__z1p05__lam0p010__nu0p50__psi0p75",
  "runtime_sec": 10.713059754983988,
  "seed": 38,
  "z_cut": 1.05
}