{
  "I_R_full": 1.64201338382133,
  "alpha": 1.0,
  "borrow_interest": 0.02,
  "borrow_limit": 0.6,
  "c_upd": 0.9,
  "condition": "enabled_full__borrow__t1m__a1p00__c0p90",
  "eval_CSR_post": 0.009999999776482582,
  "eval_CSR_pre": 0.009999999776482582,
  "eval_dbar_post_mean": 0.49329304695129395,
  "eval_dbar_pre_mean": 0.5037265419960022,
  "eval_done_count": 100.0,
  "eval_done_per_env_max": 4.0,
  "eval_done_per_env_min": 4.0,
  "eval_episodes_per_env": 4.0,
  "eval_len_end_mean": 26.0,
  "eval_max_tilde_post_mean": 0.7259905934333801,
  "eval_max_tilde_pre_mean": 0.725236177444458,
  "eval_occupied_post_mean": 0.3999999761581421,
  "eval_occupied_pre_mean": 0.3400000035762787,
  "eval_return_end_mean": -23.189359664916992,
  "eval_t_eval": 104.0,
  "family": "borrow",
  "final_energy": -0.33902496099472046,
  "final_executed_updates": 54.0,
  "final_vartd": 5.152216911315918,
  "learned_R_full_0p5": 1.0,
  "max_debt_level": 0.4746454060077667,
  "mean_update_fraction": 0.17307692766189575,
  "metric_horizon": "full",
  "phase": "extension_full",
  "runtime_sec": 2.8026183640013187,
  "seed": 43,
  "support_mode": "none",
  "support_total": 0.0,
  "total_debt_charge": 0.7108403444290161,
  "total_support_injected": 0.0,
  "total_timesteps": 1000000,
  "train_final_return_end_mean": -23.75657844543457
}