{
  "alpha": 0.12,
  "c_upd": 0.6,
  "depr_lambda": 0.01,
  "depr_nu": 0.5,
  "depr_psi": 1.25,
  "eval_CSR_post": 0.0,
  "eval_dbar_post_mean": 0.6255523562431335,
  "eval_done_count": 100.0,
  "eval_episodes_per_env": 4.0,
  "eval_len_end_mean": 26.0,
  "eval_occupied_post_mean": 0.26999998092651367,
  "eval_return_end_mean": -24.57201385498047,
  "eval_t_eval": 104.0,
  "final_depr_F_post": 11.83267593383789,
  "final_energy_E_post": 0.5182633996009827,
  "final_episode_return_end_mean": -26.103349685668945,
  "final_funding_alpha_eff": 4.581709234230402e-08,
  "final_funding_g": 0.10277940332889557,
  "final_funding_g_raw": 0.10277940332889557,
  "final_update_counter": 3.0,
  "final_vartd_VarTD": 0.12171667069196701,
  "mechanism": "hardzero_plus_depr",
  "mechanism_tag": "hardzero_plus_depr__c0p60__z1p10__lam0p010__nu0p50__psi1p25",
  "runtime_sec": 10.699206014047377,
  "seed": 34,
  "z_cut": 1.1
}