{
  "alpha": 0.05,
  "c_upd": 0.54,
  "depr_lambda": 0.03,
  "depr_nu": 0.5,
  "depr_psi": 1.0,
  "eval_CSR_post": 0.0,
  "eval_dbar_post_mean": 0.5334318280220032,
  "eval_done_count": 100.0,
  "eval_episodes_per_env": 4.0,
  "eval_len_end_mean": 26.0,
  "eval_occupied_post_mean": 0.3799999952316284,
  "eval_return_end_mean": -24.442827224731445,
  "eval_t_eval": 104.0,
  "final_depr_F_post": 36.7651252746582,
  "final_energy_E_post": 0.08232283592224121,
  "final_episode_return_end_mean": -26.28292465209961,
  "final_funding_alpha_eff": 5.56041602465139e-18,
  "final_funding_g": 0.09816156327724457,
  "final_funding_g_raw": 0.09816156327724457,
  "final_update_counter": 2.0,
  "final_vartd_VarTD": 0.13090622425079346,
  "mechanism": "hardzero_plus_depr",
  "mechanism_tag": "hardzero_plus_depr__c0p54__z1p05__lam0p030__nu0p50__psi1p00",
  "runtime_sec": 10.621244037989527,
  "seed": 32,
  "z_cut": 1.05
}