{
  "alpha": 0.09,
  "c_upd": 0.58,
  "depr_lambda": 0.0,
  "depr_nu": 0.5,
  "depr_psi": 0.0,
  "eval_CSR_post": 0.009999999776482582,
  "eval_dbar_post_mean": 0.47063907980918884,
  "eval_done_count": 100.0,
  "eval_episodes_per_env": 4.0,
  "eval_len_end_mean": 26.0,
  "eval_occupied_post_mean": 0.47999998927116394,
  "eval_return_end_mean": -23.485790252685547,
  "eval_t_eval": 104.0,
  "final_depr_F_post": 0.0,
  "final_energy_E_post": 0.12786424160003662,
  "final_episode_return_end_mean": -23.9647216796875,
  "final_funding_alpha_eff": 0.09000000357627869,
  "final_funding_g": 0.16699357330799103,
  "final_funding_g_raw": 0.16699357330799103,
  "final_update_counter": 17.0,
  "final_vartd_VarTD": 0.4016280770301819,
  "mechanism": "hardzero_only",
  "mechanism_tag": "hardzero_only__c0p58__z1p00__lam0p000__nu0p50__psi0p00",
  "runtime_sec": 9.602476253989153,
  "seed": 45,
  "z_cut": 1.0
}