{
  "alpha": 0.1,
  "c_upd": 0.5,
  "depr_lambda": 0.01,
  "depr_nu": 0.5,
  "depr_psi": 1.25,
  "eval_CSR_post": 0.009999999776482582,
  "eval_dbar_post_mean": 0.5369593501091003,
  "eval_done_count": 100.0,
  "eval_episodes_per_env": 4.0,
  "eval_len_end_mean": 26.0,
  "eval_occupied_post_mean": 0.29999998211860657,
  "eval_return_end_mean": -22.495052337646484,
  "eval_t_eval": 104.0,
  "final_depr_F_post": 11.635170936584473,
  "final_energy_E_post": 0.2504409849643707,
  "final_episode_return_end_mean": -27.846294403076172,
  "final_funding_alpha_eff": 4.887261439989743e-08,
  "final_funding_g": 0.09221590310335159,
  "final_funding_g_raw": 0.09221590310335159,
  "final_update_counter": 3.0,
  "final_vartd_VarTD": 0.2199278324842453,
  "mechanism": "hardzero_plus_depr",
  "mechanism_tag": "hardzero_plus_depr__c0p50__z1p05__lam0p010__nu0p50__psi1p25",
  "runtime_sec": 10.815652035002131,
  "seed": 38,
  "z_cut": 1.05
}