{
  "alpha": 0.1,
  "c_upd": 0.5,
  "depr_lambda": 0.0,
  "depr_nu": 0.5,
  "depr_psi": 0.0,
  "eval_CSR_post": 0.019999999552965164,
  "eval_dbar_post_mean": 0.47481489181518555,
  "eval_done_count": 100.0,
  "eval_episodes_per_env": 4.0,
  "eval_len_end_mean": 26.0,
  "eval_occupied_post_mean": 0.4699999988079071,
  "eval_return_end_mean": -23.810897827148438,
  "eval_t_eval": 104.0,
  "final_depr_F_post": 0.0,
  "final_energy_E_post": 0.0989612340927124,
  "final_episode_return_end_mean": -23.19709014892578,
  "final_funding_alpha_eff": 0.10000000149011612,
  "final_funding_g": 0.17097356915473938,
  "final_funding_g_raw": 0.17097356915473938,
  "final_update_counter": 31.0,
  "final_vartd_VarTD": 2.208380699157715,
  "mechanism": "hardzero_only",
  "mechanism_tag": "hardzero_only__c0p50__z1p00__lam0p000__nu0p50__psi0p00",
  "runtime_sec": 9.835159159993054,
  "seed": 39,
  "z_cut": 1.0
}