{
  "I_R_short": 0.34543826111605136,
  "alpha": 0.0,
  "borrow_interest": 0.0,
  "borrow_limit": 0.0,
  "c_upd": 0.6,
  "condition": "anchor_short_fail__base__t400k__a0p00__c0p60",
  "eval_CSR_post": 0.0,
  "eval_CSR_pre": 0.0,
  "eval_dbar_post_mean": 0.5899312496185303,
  "eval_dbar_pre_mean": 0.5872218012809753,
  "eval_done_count": 100.0,
  "eval_done_per_env_max": 4.0,
  "eval_done_per_env_min": 4.0,
  "eval_episodes_per_env": 4.0,
  "eval_len_end_mean": 26.0,
  "eval_max_tilde_post_mean": 0.8743453621864319,
  "eval_max_tilde_pre_mean": 0.8723313808441162,
  "eval_occupied_post_mean": 0.26999998092651367,
  "eval_occupied_pre_mean": 0.28999999165534973,
  "eval_return_end_mean": -25.54981803894043,
  "eval_t_eval": 104.0,
  "family": "base",
  "final_energy": 0.3999999761581421,
  "final_executed_updates": 1.0,
  "final_vartd": 0.1990564465522766,
  "learned_R_short_0p5": 0.0,
  "max_debt_level": 0.0,
  "mean_update_fraction": 0.00800000037997961,
  "metric_horizon": "short",
  "phase": "reproduce_baseline",
  "runtime_sec": 1.1067402759999823,
  "seed": 55,
  "support_mode": "none",
  "support_total": 0.0,
  "total_debt_charge": 0.0,
  "total_support_injected": 0.0,
  "total_timesteps": 400000,
  "train_final_return_end_mean": -28.1069278717041
}