{
  "alpha": 0.0,
  "c_upd": 0.5,
  "depr_lambda": 0.01,
  "depr_nu": 0.5,
  "depr_psi": 1.0,
  "eval_CSR_post": 0.009999999776482582,
  "eval_dbar_post_mean": 0.549315333366394,
  "eval_done_count": 100.0,
  "eval_episodes_per_env": 4.0,
  "eval_len_end_mean": 26.0,
  "eval_occupied_post_mean": 0.4099999964237213,
  "eval_return_end_mean": -24.697547912597656,
  "eval_t_eval": 104.0,
  "final_depr_F_post": 12.48019027709961,
  "final_energy_E_post": 0.0,
  "final_episode_return_end_mean": -26.56307601928711,
  "final_funding_alpha_eff": 0.0,
  "final_funding_g": 0.11258693784475327,
  "final_funding_g_raw": 0.11258693784475327,
  "final_update_counter": 2.0,
  "final_vartd_VarTD": 0.11761131882667542,
  "mechanism": "hardzero_plus_depr",
  "mechanism_tag": "hardzero_plus_depr__c0p50__z1p05__lam0p010__nu0p50__psi1p00",
  "runtime_sec": 10.698145590024069,
  "seed": 33,
  "z_cut": 1.05
}