{
  "alpha": 0.08,
  "c_upd": 0.58,
  "depr_lambda": 0.0,
  "depr_nu": 0.5,
  "depr_psi": 0.0,
  "eval_CSR_post": 0.009999999776482582,
  "eval_dbar_post_mean": 0.4579375386238098,
  "eval_done_count": 100.0,
  "eval_episodes_per_env": 4.0,
  "eval_len_end_mean": 26.0,
  "eval_occupied_post_mean": 0.41999998688697815,
  "eval_return_end_mean": -22.437211990356445,
  "eval_t_eval": 104.0,
  "final_depr_F_post": 0.0,
  "final_energy_E_post": 0.2925526201725006,
  "final_episode_return_end_mean": -25.043861389160156,
  "final_funding_alpha_eff": 0.07999999821186066,
  "final_funding_g": 0.15040291845798492,
  "final_funding_g_raw": 0.15040291845798492,
  "final_update_counter": 22.0,
  "final_vartd_VarTD": 0.8988842964172363,
  "mechanism": "hardzero_only",
  "mechanism_tag": "hardzero_only__c0p58__z1p10__lam0p000__nu0p50__psi0p00",
  "runtime_sec": 20.200604148965795,
  "seed": 30,
  "z_cut": 1.1
}