{
  "alpha": 0.12,
  "c_upd": 0.54,
  "depr_lambda": 0.01,
  "depr_nu": 0.5,
  "depr_psi": 0.75,
  "eval_CSR_post": 0.0,
  "eval_dbar_post_mean": 0.61250239610672,
  "eval_done_count": 100.0,
  "eval_episodes_per_env": 4.0,
  "eval_len_end_mean": 26.0,
  "eval_occupied_post_mean": 0.25999999046325684,
  "eval_return_end_mean": -24.207061767578125,
  "eval_t_eval": 104.0,
  "final_depr_F_post": 12.0601806640625,
  "final_energy_E_post": 0.3856756091117859,
  "final_episode_return_end_mean": -27.994462966918945,
  "final_funding_alpha_eff": 1.4262178410717752e-05,
  "final_funding_g": 0.0,
  "final_funding_g_raw": 0.08773618191480637,
  "final_update_counter": 2.0,
  "final_vartd_VarTD": 0.17988406121730804,
  "mechanism": "hardzero_plus_depr",
  "mechanism_tag": "hardzero_plus_depr__c0p54__z1p00__lam0p010__nu0p50__psi0p75",
  "runtime_sec": 10.125551033008378,
  "seed": 40,
  "z_cut": 1.0
}