{
  "alpha": 0.039,
  "c_upd": 0.58,
  "depr_lambda": 0.0,
  "depr_nu": 0.5,
  "depr_psi": 0.0,
  "eval_CSR_post": 0.009999999776482582,
  "eval_dbar_post_mean": 0.5121665596961975,
  "eval_done_count": 100.0,
  "eval_episodes_per_env": 4.0,
  "eval_len_end_mean": 26.0,
  "eval_occupied_post_mean": 0.3199999928474426,
  "eval_return_end_mean": -24.71018409729004,
  "eval_t_eval": 104.0,
  "final_depr_F_post": 0.0,
  "final_energy_E_post": 0.27921658754348755,
  "final_episode_return_end_mean": -26.87360191345215,
  "final_funding_alpha_eff": 0.039000000804662704,
  "final_funding_g": 0.11241661757230759,
  "final_funding_g_raw": 0.11241661757230759,
  "final_update_counter": 7.0,
  "final_vartd_VarTD": 0.15307116508483887,
  "mechanism": "hardzero_only",
  "mechanism_tag": "hardzero_only__c0p58__z1p00__lam0p000__nu0p50__psi0p00",
  "runtime_sec": 10.861497913021594,
  "seed": 41,
  "z_cut": 1.0
}