{
  "alpha": 0.073,
  "c_upd": 0.58,
  "depr_lambda": 0.005,
  "depr_nu": 1.0,
  "depr_psi": 0.5,
  "eval_CSR_post": 0.0,
  "eval_dbar_post_mean": 0.5677477121353149,
  "eval_done_count": 100.0,
  "eval_episodes_per_env": 4.0,
  "eval_len_end_mean": 26.0,
  "eval_occupied_post_mean": 0.3499999940395355,
  "eval_return_end_mean": -23.833906173706055,
  "eval_t_eval": 104.0,
  "final_depr_F_post": 1.3999989032745361,
  "final_energy_E_post": 0.5518447756767273,
  "final_episode_return_end_mean": -27.74137306213379,
  "final_funding_alpha_eff": 0.03634148836135864,
  "final_funding_g": 0.0,
  "final_funding_g_raw": 0.09666015207767487,
  "final_update_counter": 3.0,
  "final_vartd_VarTD": 0.15308187901973724,
  "mechanism": "hardzero_plus_depr",
  "mechanism_tag": "hardzero_plus_depr__c0p58__z1p00__lam0p005__nu1p00__psi0p50",
  "runtime_sec": 9.46329019300174,
  "seed": 35,
  "z_cut": 1.0
}