{
  "alpha": 0.1,
  "c_upd": 0.52,
  "depr_lambda": 0.02,
  "depr_nu": 0.5,
  "depr_psi": 1.0,
  "eval_CSR_post": 0.0,
  "eval_dbar_post_mean": 0.726460337638855,
  "eval_done_count": 100.0,
  "eval_episodes_per_env": 4.0,
  "eval_len_end_mean": 26.0,
  "eval_occupied_post_mean": 0.14999999105930328,
  "eval_return_end_mean": -27.067399978637695,
  "eval_t_eval": 104.0,
  "final_depr_F_post": 24.91037940979004,
  "final_energy_E_post": 0.4669569134712219,
  "final_episode_return_end_mean": -27.81206512451172,
  "final_funding_alpha_eff": 1.5496934248002137e-12,
  "final_funding_g": 0.09622162580490112,
  "final_funding_g_raw": 0.09622162580490112,
  "final_update_counter": 2.0,
  "final_vartd_VarTD": 0.16340918838977814,
  "mechanism": "hardzero_plus_depr",
  "mechanism_tag": "hardzero_plus_depr__c0p52__z1p10__lam0p020__nu0p50__psi1p00",
  "runtime_sec": 10.632119087968022,
  "seed": 41,
  "z_cut": 1.1
}