{
  "alpha": 0.1,
  "c_upd": 0.58,
  "depr_lambda": 0.01,
  "depr_nu": 0.5,
  "depr_psi": 1.25,
  "eval_CSR_post": 0.009999999776482582,
  "eval_dbar_post_mean": 0.49994903802871704,
  "eval_done_count": 100.0,
  "eval_episodes_per_env": 4.0,
  "eval_len_end_mean": 26.0,
  "eval_occupied_post_mean": 0.41999998688697815,
  "eval_return_end_mean": -23.167348861694336,
  "eval_t_eval": 104.0,
  "final_depr_F_post": 11.132659912109375,
  "final_energy_E_post": 0.1858208328485489,
  "final_episode_return_end_mean": -25.9914493560791,
  "final_funding_alpha_eff": 9.159316505247261e-08,
  "final_funding_g": 0.10320238769054413,
  "final_funding_g_raw": 0.10320238769054413,
  "final_update_counter": 3.0,
  "final_vartd_VarTD": 0.1260785162448883,
  "mechanism": "hardzero_plus_depr",
  "mechanism_tag": "hardzero_plus_depr__c0p58__z1p05__lam0p010__nu0p50__psi1p25",
  "runtime_sec": 10.853758266021032,
  "seed": 32,
  "z_cut": 1.05
}