{
  "alpha": 0.03,
  "c_upd": 0.6,
  "depr_lambda": 0.01,
  "depr_nu": 0.5,
  "depr_psi": 1.0,
  "eval_CSR_post": 0.0,
  "eval_dbar_post_mean": 0.5422468185424805,
  "eval_done_count": 100.0,
  "eval_episodes_per_env": 4.0,
  "eval_len_end_mean": 26.0,
  "eval_occupied_post_mean": 0.3499999940395355,
  "eval_return_end_mean": -24.005617141723633,
  "eval_t_eval": 104.0,
  "final_depr_F_post": 11.880176544189453,
  "final_energy_E_post": 0.16231496632099152,
  "final_episode_return_end_mean": -26.746501922607422,
  "final_funding_alpha_eff": 2.0987907589642418e-07,
  "final_funding_g": 0.0994400754570961,
  "final_funding_g_raw": 0.0994400754570961,
  "final_update_counter": 2.0,
  "final_vartd_VarTD": 0.20595687627792358,
  "mechanism": "hardzero_plus_depr",
  "mechanism_tag": "hardzero_plus_depr__c0p60__z1p10__lam0p010__nu0p50__psi1p00",
  "runtime_sec": 10.725593251059763,
  "seed": 37,
  "z_cut": 1.1
}