{
  "alpha": 0.04,
  "c_upd": 0.52,
  "depr_lambda": 0.01,
  "depr_nu": 0.5,
  "depr_psi": 0.75,
  "eval_CSR_post": 0.0,
  "eval_dbar_post_mean": 0.5069742202758789,
  "eval_done_count": 100.0,
  "eval_episodes_per_env": 4.0,
  "eval_len_end_mean": 26.0,
  "eval_occupied_post_mean": 0.429999977350235,
  "eval_return_end_mean": -23.56814956665039,
  "eval_t_eval": 104.0,
  "final_depr_F_post": 12.385188102722168,
  "final_energy_E_post": 0.45498377084732056,
  "final_episode_return_end_mean": -26.32175064086914,
  "final_funding_alpha_eff": 3.7256584164424567e-06,
  "final_funding_g": 0.09561029821634293,
  "final_funding_g_raw": 0.09561029821634293,
  "final_update_counter": 2.0,
  "final_vartd_VarTD": 0.13389000296592712,
  "mechanism": "hardzero_plus_depr",
  "mechanism_tag": "hardzero_plus_depr__c0p52__z1p05__lam0p010__nu0p50__psi0p75",
  "runtime_sec": 10.826859986002091,
  "seed": 32,
  "z_cut": 1.05
}