{
  "alpha": 0.06,
  "c_upd": 0.5,
  "depr_lambda": 0.01,
  "depr_nu": 0.5,
  "depr_psi": 0.75,
  "eval_CSR_post": 0.0,
  "eval_dbar_post_mean": 0.5424817800521851,
  "eval_done_count": 100.0,
  "eval_episodes_per_env": 4.0,
  "eval_len_end_mean": 26.0,
  "eval_occupied_post_mean": 0.32999998331069946,
  "eval_return_end_mean": -22.571884155273438,
  "eval_t_eval": 104.0,
  "final_depr_F_post": 11.140159606933594,
  "final_energy_E_post": 0.2695031464099884,
  "final_episode_return_end_mean": -27.9372615814209,
  "final_funding_alpha_eff": 1.4217587704479229e-05,
  "final_funding_g": 0.08984626084566116,
  "final_funding_g_raw": 0.08984626084566116,
  "final_update_counter": 3.0,
  "final_vartd_VarTD": 0.22522741556167603,
  "mechanism": "hardzero_plus_depr",
  "mechanism_tag": "hardzero_plus_depr__c0p50__z1p05__lam0p010__nu0p50__psi0p75",
  "runtime_sec": 10.6473640120239,
  "seed": 38,
  "z_cut": 1.05
}