{
  "alpha": 0.08,
  "c_upd": 0.56,
  "depr_lambda": 0.0,
  "depr_nu": 0.5,
  "depr_psi": 0.0,
  "eval_CSR_post": 0.0,
  "eval_dbar_post_mean": 0.47479045391082764,
  "eval_done_count": 100.0,
  "eval_episodes_per_env": 4.0,
  "eval_len_end_mean": 26.0,
  "eval_occupied_post_mean": 0.3100000023841858,
  "eval_return_end_mean": -23.370738983154297,
  "eval_t_eval": 104.0,
  "final_depr_F_post": 0.0,
  "final_energy_E_post": 0.35994693636894226,
  "final_episode_return_end_mean": -24.250423431396484,
  "final_funding_alpha_eff": 0.07999999821186066,
  "final_funding_g": 0.17209303379058838,
  "final_funding_g_raw": 0.17209303379058838,
  "final_update_counter": 24.0,
  "final_vartd_VarTD": 1.0881942510604858,
  "mechanism": "hardzero_only",
  "mechanism_tag": "hardzero_only__c0p56__z1p10__lam0p000__nu0p50__psi0p00",
  "runtime_sec": 9.992834424017929,
  "seed": 41,
  "z_cut": 1.1
}