{
  "alpha": 0.1,
  "c_upd": 0.52,
  "depr_lambda": 0.02,
  "depr_nu": 0.5,
  "depr_psi": 0.75,
  "eval_CSR_post": 0.0,
  "eval_dbar_post_mean": 0.5757632255554199,
  "eval_done_count": 100.0,
  "eval_episodes_per_env": 4.0,
  "eval_len_end_mean": 26.0,
  "eval_occupied_post_mean": 0.32999998331069946,
  "eval_return_end_mean": -24.046728134155273,
  "eval_t_eval": 104.0,
  "final_depr_F_post": 23.780353546142578,
  "final_energy_E_post": 0.28721320629119873,
  "final_episode_return_end_mean": -27.86380386352539,
  "final_funding_alpha_eff": 1.8228768494665815e-09,
  "final_funding_g": 0.09304778277873993,
  "final_funding_g_raw": 0.09304778277873993,
  "final_update_counter": 3.0,
  "final_vartd_VarTD": 0.11852240562438965,
  "mechanism": "hardzero_plus_depr",
  "mechanism_tag": "hardzero_plus_depr__c0p52__z1p10__lam0p020__nu0p50__psi0p75",
  "runtime_sec": 10.878835876996163,
  "seed": 31,
  "z_cut": 1.1
}