{
  "alpha": 0.12,
  "c_upd": 0.58,
  "depr_lambda": 0.01,
  "depr_nu": 0.5,
  "depr_psi": 1.0,
  "eval_CSR_post": 0.0,
  "eval_dbar_post_mean": 0.5409256219863892,
  "eval_done_count": 100.0,
  "eval_episodes_per_env": 4.0,
  "eval_len_end_mean": 26.0,
  "eval_occupied_post_mean": 0.38999998569488525,
  "eval_return_end_mean": -24.638193130493164,
  "eval_t_eval": 104.0,
  "final_depr_F_post": 10.918904304504395,
  "final_energy_E_post": 0.5077170133590698,
  "final_episode_return_end_mean": -26.48470687866211,
  "final_funding_alpha_eff": 2.195353090428398e-06,
  "final_funding_g": 0.1030837818980217,
  "final_funding_g_raw": 0.1030837818980217,
  "final_update_counter": 4.0,
  "final_vartd_VarTD": 0.18587332963943481,
  "mechanism": "hardzero_plus_depr",
  "mechanism_tag": "hardzero_plus_depr__c0p58__z1p05__lam0p010__nu0p50__psi1p00",
  "runtime_sec": 10.665986391017213,
  "seed": 37,
  "z_cut": 1.05
}