{
  "alpha": 0.061,
  "c_upd": 0.58,
  "depr_lambda": 0.0,
  "depr_nu": 0.5,
  "depr_psi": 0.0,
  "eval_CSR_post": 0.0,
  "eval_dbar_post_mean": 0.4852157533168793,
  "eval_done_count": 100.0,
  "eval_episodes_per_env": 4.0,
  "eval_len_end_mean": 26.0,
  "eval_occupied_post_mean": 0.3999999761581421,
  "eval_return_end_mean": -24.09132194519043,
  "eval_t_eval": 104.0,
  "final_depr_F_post": 0.0,
  "final_energy_E_post": 0.5091096758842468,
  "final_episode_return_end_mean": -25.368648529052734,
  "final_funding_alpha_eff": 0.061000000685453415,
  "final_funding_g": 0.13963733613491058,
  "final_funding_g_raw": 0.13963733613491058,
  "final_update_counter": 11.0,
  "final_vartd_VarTD": 0.2222042828798294,
  "mechanism": "hardzero_only",
  "mechanism_tag": "hardzero_only__c0p58__z1p00__lam0p000__nu0p50__psi0p00",
  "runtime_sec": 19.19536642206367,
  "seed": 30,
  "z_cut": 1.0
}