{
  "I_R_full_anchor_compat": -0.8153738159145402,
  "above_R_THRESH_FULL_anchor": 0.0,
  "alpha": 1.0,
  "borrow_interest": 0.0,
  "borrow_limit": 0.0,
  "c_upd": 0.9,
  "condition": "enabled_full__base__t4m__a1p00__c0p90",
  "eval_CSR_post": 0.009999999776482582,
  "eval_CSR_pre": 0.009999999776482582,
  "eval_dbar_post_mean": 0.9999196529388428,
  "eval_dbar_pre_mean": 0.9530409574508667,
  "eval_done_count": 100.0,
  "eval_done_per_env_max": 4.0,
  "eval_done_per_env_min": 4.0,
  "eval_episodes_per_env": 4.0,
  "eval_len_end_mean": 26.0,
  "eval_max_tilde_post_mean": 1.3644860982894897,
  "eval_max_tilde_pre_mean": 1.311564326286316,
  "eval_occupied_post_mean": 0.20999999344348907,
  "eval_occupied_pre_mean": 0.19999998807907104,
  "eval_return_end_mean": -29.27618980407715,
  "eval_t_eval": 104.0,
  "family": "base",
  "final_energy": 0.31489625573158264,
  "final_executed_updates": 194.0,
  "final_vartd": 1.1997640132904053,
  "max_debt_level": 0.0,
  "mean_update_fraction": 0.15520000457763672,
  "metric_horizon": "long4m",
  "phase": "extension_full",
  "runtime_sec": 11.889139296001304,
  "seed": 34,
  "support_mode": "none",
  "support_total": 0.0,
  "total_debt_charge": 0.0,
  "total_support_injected": 0.0,
  "total_timesteps": 4000000,
  "train_final_return_end_mean": -25.628055572509766
}