{
  "alpha": 0.064,
  "c_upd": 0.58,
  "depr_lambda": 0.005,
  "depr_nu": 1.0,
  "depr_psi": 0.5,
  "eval_CSR_post": 0.009999999776482582,
  "eval_dbar_post_mean": 0.5252315402030945,
  "eval_done_count": 100.0,
  "eval_episodes_per_env": 4.0,
  "eval_len_end_mean": 26.0,
  "eval_occupied_post_mean": 0.35999998450279236,
  "eval_return_end_mean": -24.579444885253906,
  "eval_t_eval": 104.0,
  "final_depr_F_post": 0.059999991208314896,
  "final_energy_E_post": 0.11034604907035828,
  "final_episode_return_end_mean": -25.750267028808594,
  "final_funding_alpha_eff": 0.06226398050785065,
  "final_funding_g": 0.12716177105903625,
  "final_funding_g_raw": 0.12716177105903625,
  "final_update_counter": 10.0,
  "final_vartd_VarTD": 0.16094091534614563,
  "mechanism": "hardzero_plus_depr",
  "mechanism_tag": "hardzero_plus_depr__c0p58__z1p00__lam0p005__nu1p00__psi0p50",
  "runtime_sec": 9.481676943018101,
  "seed": 40,
  "z_cut": 1.0
}