{
  "alpha": 0.05,
  "c_upd": 0.56,
  "depr_lambda": 0.02,
  "depr_nu": 0.5,
  "depr_psi": 0.75,
  "eval_CSR_post": 0.0,
  "eval_dbar_post_mean": 0.5611143708229065,
  "eval_done_count": 100.0,
  "eval_episodes_per_env": 4.0,
  "eval_len_end_mean": 26.0,
  "eval_occupied_post_mean": 0.29999998211860657,
  "eval_return_end_mean": -23.818105697631836,
  "eval_t_eval": 104.0,
  "final_depr_F_post": 24.66037368774414,
  "final_energy_E_post": 0.2591298520565033,
  "final_episode_return_end_mean": -26.98777198791504,
  "final_funding_alpha_eff": 4.710710710398303e-10,
  "final_funding_g": 0.09644905477762222,
  "final_funding_g_raw": 0.09644905477762222,
  "final_update_counter": 2.0,
  "final_vartd_VarTD": 0.20346136391162872,
  "mechanism": "hardzero_plus_depr",
  "mechanism_tag": "hardzero_plus_depr__c0p56__z1p10__lam0p020__nu0p50__psi0p75",
  "runtime_sec": 10.643294422072358,
  "seed": 37,
  "z_cut": 1.1
}