{
  "alpha": 0.1,
  "c_upd": 0.6,
  "depr_lambda": 0.01,
  "depr_nu": 0.5,
  "depr_psi": 1.0,
  "eval_CSR_post": 0.0,
  "eval_dbar_post_mean": 0.675672709941864,
  "eval_done_count": 100.0,
  "eval_episodes_per_env": 4.0,
  "eval_len_end_mean": 26.0,
  "eval_occupied_post_mean": 0.2800000011920929,
  "eval_return_end_mean": -25.90968894958496,
  "eval_t_eval": 104.0,
  "final_depr_F_post": 11.697671890258789,
  "final_energy_E_post": 0.5353925228118896,
  "final_episode_return_end_mean": -26.255273818969727,
  "final_funding_alpha_eff": 8.396701787205529e-07,
  "final_funding_g": 0.09721283614635468,
  "final_funding_g_raw": 0.09721283614635468,
  "final_update_counter": 3.0,
  "final_vartd_VarTD": 0.12188965082168579,
  "mechanism": "hardzero_plus_depr",
  "mechanism_tag": "hardzero_plus_depr__c0p60__z1p10__lam0p010__nu0p50__psi1p00",
  "runtime_sec": 10.78795849904418,
  "seed": 34,
  "z_cut": 1.1
}