{
  "alpha": 0.1,
  "c_upd": 0.5,
  "depr_lambda": 0.01,
  "depr_nu": 0.5,
  "depr_psi": 1.25,
  "eval_CSR_post": 0.009999999776482582,
  "eval_dbar_post_mean": 0.5756762027740479,
  "eval_done_count": 100.0,
  "eval_episodes_per_env": 4.0,
  "eval_len_end_mean": 26.0,
  "eval_occupied_post_mean": 0.25,
  "eval_return_end_mean": -24.92365264892578,
  "eval_t_eval": 104.0,
  "final_depr_F_post": 12.01017951965332,
  "final_energy_E_post": 0.4412219524383545,
  "final_episode_return_end_mean": -27.38692283630371,
  "final_funding_alpha_eff": 3.0583375831838566e-08,
  "final_funding_g": 0.0975576788187027,
  "final_funding_g_raw": 0.0975576788187027,
  "final_update_counter": 3.0,
  "final_vartd_VarTD": 0.16158871352672577,
  "mechanism": "hardzero_plus_depr",
  "mechanism_tag": "hardzero_plus_depr__c0p50__z1p05__lam0p010__nu0p50__psi1p25",
  "runtime_sec": 10.828101892024279,
  "seed": 40,
  "z_cut": 1.05
}