{
  "alpha": 0.062,
  "c_upd": 0.58,
  "depr_lambda": 0.0,
  "depr_nu": 0.5,
  "depr_psi": 0.0,
  "eval_CSR_post": 0.009999999776482582,
  "eval_dbar_post_mean": 0.5006676912307739,
  "eval_done_count": 100.0,
  "eval_episodes_per_env": 4.0,
  "eval_len_end_mean": 26.0,
  "eval_occupied_post_mean": 0.4099999964237213,
  "eval_return_end_mean": -23.81654167175293,
  "eval_t_eval": 104.0,
  "final_depr_F_post": 0.0,
  "final_energy_E_post": 0.24444957077503204,
  "final_episode_return_end_mean": -24.918832778930664,
  "final_funding_alpha_eff": 0.06199999898672104,
  "final_funding_g": 0.13780364394187927,
  "final_funding_g_raw": 0.13780364394187927,
  "final_update_counter": 15.0,
  "final_vartd_VarTD": 0.2814238369464874,
  "mechanism": "hardzero_only",
  "mechanism_tag": "hardzero_only__c0p58__z1p00__lam0p000__nu0p50__psi0p00",
  "runtime_sec": 10.896344167995267,
  "seed": 57,
  "z_cut": 1.0
}