{
  "alpha": 0.1,
  "c_upd": 0.54,
  "depr_lambda": 0.03,
  "depr_nu": 0.5,
  "depr_psi": 1.25,
  "eval_CSR_post": 0.0,
  "eval_dbar_post_mean": 0.5919162034988403,
  "eval_done_count": 100.0,
  "eval_episodes_per_env": 4.0,
  "eval_len_end_mean": 26.0,
  "eval_occupied_post_mean": 0.25999999046325684,
  "eval_return_end_mean": -24.503324508666992,
  "eval_t_eval": 104.0,
  "final_depr_F_post": 37.30510330200195,
  "final_energy_E_post": 0.22646217048168182,
  "final_episode_return_end_mean": -28.0560359954834,
  "final_funding_alpha_eff": 5.814805561306002e-22,
  "final_funding_g": 0.08773503452539444,
  "final_funding_g_raw": 0.08773503452539444,
  "final_update_counter": 2.0,
  "final_vartd_VarTD": 0.17884789407253265,
  "mechanism": "hardzero_plus_depr",
  "mechanism_tag": "hardzero_plus_depr__c0p54__z1p10__lam0p030__nu0p50__psi1p25",
  "runtime_sec": 10.87079563701991,
  "seed": 40,
  "z_cut": 1.1
}