{
  "alpha": 0.02,
  "c_upd": 0.56,
  "depr_lambda": 0.01,
  "depr_nu": 0.5,
  "depr_psi": 1.0,
  "eval_CSR_post": 0.0,
  "eval_dbar_post_mean": 0.6314363479614258,
  "eval_done_count": 100.0,
  "eval_episodes_per_env": 4.0,
  "eval_len_end_mean": 26.0,
  "eval_occupied_post_mean": 0.23999999463558197,
  "eval_return_end_mean": -24.484365463256836,
  "eval_t_eval": 104.0,
  "final_depr_F_post": 11.975178718566895,
  "final_energy_E_post": 0.12114197015762329,
  "final_episode_return_end_mean": -27.252233505249023,
  "final_funding_alpha_eff": 1.272386356276911e-07,
  "final_funding_g": 0.09532507508993149,
  "final_funding_g_raw": 0.09532507508993149,
  "final_update_counter": 2.0,
  "final_vartd_VarTD": 0.1916465014219284,
  "mechanism": "hardzero_plus_depr",
  "mechanism_tag": "hardzero_plus_depr__c0p56__z1p10__lam0p010__nu0p50__psi1p00",
  "runtime_sec": 24.03232785500586,
  "seed": 30,
  "z_cut": 1.1
}