{
  "alpha": 0.03,
  "c_upd": 0.54,
  "depr_lambda": 0.03,
  "depr_nu": 0.5,
  "depr_psi": 1.0,
  "eval_CSR_post": 0.0,
  "eval_dbar_post_mean": 0.6541293263435364,
  "eval_done_count": 100.0,
  "eval_episodes_per_env": 4.0,
  "eval_len_end_mean": 26.0,
  "eval_occupied_post_mean": 0.25999999046325684,
  "eval_return_end_mean": -24.20041847229004,
  "eval_t_eval": 104.0,
  "final_depr_F_post": 36.36014175415039,
  "final_energy_E_post": 0.03211701288819313,
  "final_episode_return_end_mean": -29.109161376953125,
  "final_funding_alpha_eff": 5.0019644728306086e-18,
  "final_funding_g": 0.0,
  "final_funding_g_raw": 0.07293371111154556,
  "final_update_counter": 2.0,
  "final_vartd_VarTD": 0.18076986074447632,
  "mechanism": "hardzero_plus_depr",
  "mechanism_tag": "hardzero_plus_depr__c0p54__z1p10__lam0p030__nu0p50__psi1p00",
  "runtime_sec": 10.636310718022287,
  "seed": 36,
  "z_cut": 1.1
}