{
  "alpha": 0.08,
  "c_upd": 0.56,
  "depr_lambda": 0.01,
  "depr_nu": 0.5,
  "depr_psi": 1.0,
  "eval_CSR_post": 0.009999999776482582,
  "eval_dbar_post_mean": 0.5336971282958984,
  "eval_done_count": 100.0,
  "eval_episodes_per_env": 4.0,
  "eval_len_end_mean": 26.0,
  "eval_occupied_post_mean": 0.38999998569488525,
  "eval_return_end_mean": -24.3098087310791,
  "eval_t_eval": 104.0,
  "final_depr_F_post": 11.66267204284668,
  "final_energy_E_post": 0.4063969850540161,
  "final_episode_return_end_mean": -26.43401336669922,
  "final_funding_alpha_eff": 6.956630045351631e-07,
  "final_funding_g": 0.11335548013448715,
  "final_funding_g_raw": 0.11335548013448715,
  "final_update_counter": 3.0,
  "final_vartd_VarTD": 0.11743975430727005,
  "mechanism": "hardzero_plus_depr",
  "mechanism_tag": "hardzero_plus_depr__c0p56__z1p10__lam0p010__nu0p50__psi1p00",
  "runtime_sec": 11.016324075986631,
  "seed": 33,
  "z_cut": 1.1
}