{
  "alpha": 0.1,
  "c_upd": 0.6,
  "depr_lambda": 0.02,
  "depr_nu": 0.5,
  "depr_psi": 1.0,
  "eval_CSR_post": 0.0,
  "eval_dbar_post_mean": 0.5731792449951172,
  "eval_done_count": 100.0,
  "eval_episodes_per_env": 4.0,
  "eval_len_end_mean": 26.0,
  "eval_occupied_post_mean": 0.3400000035762787,
  "eval_return_end_mean": -24.03243064880371,
  "eval_t_eval": 104.0,
  "final_depr_F_post": 24.630373001098633,
  "final_energy_E_post": 0.3113476634025574,
  "final_episode_return_end_mean": -27.989595413208008,
  "final_funding_alpha_eff": 2.0504585442754353e-12,
  "final_funding_g": 0.0,
  "final_funding_g_raw": 0.08911659568548203,
  "final_update_counter": 2.0,
  "final_vartd_VarTD": 0.17856860160827637,
  "mechanism": "hardzero_plus_depr",
  "mechanism_tag": "hardzero_plus_depr__c0p60__z1p05__lam0p020__nu0p50__psi1p00",
  "runtime_sec": 10.628239148994908,
  "seed": 40,
  "z_cut": 1.05
}