{
  "alpha": 0.06,
  "c_upd": 0.56,
  "depr_lambda": 0.03,
  "depr_nu": 0.5,
  "depr_psi": 0.75,
  "eval_CSR_post": 0.0,
  "eval_dbar_post_mean": 0.5437086820602417,
  "eval_done_count": 100.0,
  "eval_episodes_per_env": 4.0,
  "eval_len_end_mean": 26.0,
  "eval_occupied_post_mean": 0.44999998807907104,
  "eval_return_end_mean": -23.832929611206055,
  "eval_t_eval": 104.0,
  "final_depr_F_post": 36.90011978149414,
  "final_energy_E_post": 0.1779838353395462,
  "final_episode_return_end_mean": -27.526123046875,
  "final_funding_alpha_eff": 5.87196239440306e-14,
  "final_funding_g": 0.1023947149515152,
  "final_funding_g_raw": 0.1023947149515152,
  "final_update_counter": 2.0,
  "final_vartd_VarTD": 0.14532998204231262,
  "mechanism": "hardzero_plus_depr",
  "mechanism_tag": "hardzero_plus_depr__c0p56__z1p05__lam0p030__nu0p50__psi0p75",
  "runtime_sec": 10.68213704804657,
  "seed": 35,
  "z_cut": 1.05
}