{
  "alpha": 0.058,
  "c_upd": 0.58,
  "depr_lambda": 0.0,
  "depr_nu": 0.5,
  "depr_psi": 0.0,
  "eval_CSR_post": 0.009999999776482582,
  "eval_dbar_post_mean": 0.5177347660064697,
  "eval_done_count": 100.0,
  "eval_episodes_per_env": 4.0,
  "eval_len_end_mean": 26.0,
  "eval_occupied_post_mean": 0.3700000047683716,
  "eval_return_end_mean": -24.293825149536133,
  "eval_t_eval": 104.0,
  "final_depr_F_post": 0.0,
  "final_energy_E_post": 0.13477572798728943,
  "final_episode_return_end_mean": -27.51674461364746,
  "final_funding_alpha_eff": 0.057999998331069946,
  "final_funding_g": 0.0,
  "final_funding_g_raw": 0.09764612466096878,
  "final_update_counter": 7.0,
  "final_vartd_VarTD": 0.16550856828689575,
  "mechanism": "hardzero_only",
  "mechanism_tag": "hardzero_only__c0p58__z1p00__lam0p000__nu0p50__psi0p00",
  "runtime_sec": 9.478228877997026,
  "seed": 36,
  "z_cut": 1.0
}