{
  "alpha": 0.03,
  "c_upd": 0.52,
  "depr_lambda": 0.03,
  "depr_nu": 0.5,
  "depr_psi": 1.0,
  "eval_CSR_post": 0.0,
  "eval_dbar_post_mean": 0.6413595676422119,
  "eval_done_count": 100.0,
  "eval_episodes_per_env": 4.0,
  "eval_len_end_mean": 26.0,
  "eval_occupied_post_mean": 0.3100000023841858,
  "eval_return_end_mean": -25.291698455810547,
  "eval_t_eval": 104.0,
  "final_depr_F_post": 37.18510818481445,
  "final_energy_E_post": 0.07999389618635178,
  "final_episode_return_end_mean": -27.559293746948242,
  "final_funding_alpha_eff": 2.1921096869655535e-18,
  "final_funding_g": 0.10004514455795288,
  "final_funding_g_raw": 0.10004514455795288,
  "final_update_counter": 2.0,
  "final_vartd_VarTD": 0.14753451943397522,
  "mechanism": "hardzero_plus_depr",
  "mechanism_tag": "hardzero_plus_depr__c0p52__z1p10__lam0p030__nu0p50__psi1p00",
  "runtime_sec": 10.63480115198763,
  "seed": 35,
  "z_cut": 1.1
}