{
  "alpha": 0.01,
  "c_upd": 0.52,
  "depr_lambda": 0.0,
  "depr_nu": 0.5,
  "depr_psi": 0.0,
  "eval_CSR_post": 0.0,
  "eval_dbar_post_mean": 0.576414942741394,
  "eval_done_count": 100.0,
  "eval_episodes_per_env": 4.0,
  "eval_len_end_mean": 26.0,
  "eval_occupied_post_mean": 0.23999999463558197,
  "eval_return_end_mean": -24.31801986694336,
  "eval_t_eval": 104.0,
  "final_depr_F_post": 0.0,
  "final_energy_E_post": 0.5167712569236755,
  "final_episode_return_end_mean": -26.79251480102539,
  "final_funding_alpha_eff": 0.009999999776482582,
  "final_funding_g": 0.09893721342086792,
  "final_funding_g_raw": 0.09893721342086792,
  "final_update_counter": 3.0,
  "final_vartd_VarTD": 0.19546091556549072,
  "mechanism": "hardzero_only",
  "mechanism_tag": "hardzero_only__c0p52__z1p05__lam0p000__nu0p50__psi0p00",
  "runtime_sec": 9.766299213981256,
  "seed": 37,
  "z_cut": 1.05
}