{
  "I_R_full": 1.5405068965025026,
  "alpha": 1.0,
  "borrow_interest": 0.0,
  "borrow_limit": 0.0,
  "c_upd": 0.9,
  "condition": "anchor_enabled_full__base__t1m__a1p00__c0p90",
  "eval_CSR_post": 0.0,
  "eval_CSR_pre": 0.009999999776482582,
  "eval_dbar_post_mean": 0.45748257637023926,
  "eval_dbar_pre_mean": 0.4636198878288269,
  "eval_done_count": 100.0,
  "eval_done_per_env_max": 4.0,
  "eval_done_per_env_min": 4.0,
  "eval_episodes_per_env": 4.0,
  "eval_len_end_mean": 26.0,
  "eval_max_tilde_post_mean": 0.6541750431060791,
  "eval_max_tilde_pre_mean": 0.6616957187652588,
  "eval_occupied_post_mean": 0.4099999964237213,
  "eval_occupied_pre_mean": 0.41999998688697815,
  "eval_return_end_mean": -23.440786361694336,
  "eval_t_eval": 104.0,
  "family": "base",
  "final_energy": 0.2898915410041809,
  "final_executed_updates": 50.0,
  "final_vartd": 4.900630474090576,
  "learned_R_full_0p5": 1.0,
  "max_debt_level": 0.0,
  "mean_update_fraction": 0.16025641560554504,
  "metric_horizon": "full",
  "phase": "reproduce_baseline",
  "runtime_sec": 15.643871176000175,
  "seed": 30,
  "support_mode": "none",
  "support_total": 0.0,
  "total_debt_charge": 0.0,
  "total_support_injected": 0.0,
  "total_timesteps": 1000000,
  "train_final_return_end_mean": -23.717134475708008
}