{
  "alpha": 0.08,
  "c_upd": 0.52,
  "depr_lambda": 0.0,
  "depr_nu": 0.5,
  "depr_psi": 0.0,
  "eval_CSR_post": 0.009999999776482582,
  "eval_dbar_post_mean": 0.5351926684379578,
  "eval_done_count": 100.0,
  "eval_episodes_per_env": 4.0,
  "eval_len_end_mean": 26.0,
  "eval_occupied_post_mean": 0.3799999952316284,
  "eval_return_end_mean": -23.886417388916016,
  "eval_t_eval": 104.0,
  "final_depr_F_post": 0.0,
  "final_energy_E_post": 0.2097291648387909,
  "final_episode_return_end_mean": -23.79490852355957,
  "final_funding_alpha_eff": 0.07999999821186066,
  "final_funding_g": 0.15533633530139923,
  "final_funding_g_raw": 0.15533633530139923,
  "final_update_counter": 26.0,
  "final_vartd_VarTD": 1.347879409790039,
  "mechanism": "hardzero_only",
  "mechanism_tag": "hardzero_only__c0p52__z1p05__lam0p000__nu0p50__psi0p00",
  "runtime_sec": 10.007111495011486,
  "seed": 39,
  "z_cut": 1.05
}