{
  "alpha": 0.08,
  "c_upd": 0.54,
  "depr_lambda": 0.01,
  "depr_nu": 0.5,
  "depr_psi": 0.75,
  "eval_CSR_post": 0.0,
  "eval_dbar_post_mean": 0.5046721696853638,
  "eval_done_count": 100.0,
  "eval_episodes_per_env": 4.0,
  "eval_len_end_mean": 26.0,
  "eval_occupied_post_mean": 0.3700000047683716,
  "eval_return_end_mean": -23.543807983398438,
  "eval_t_eval": 104.0,
  "final_depr_F_post": 10.457643508911133,
  "final_energy_E_post": 0.43798577785491943,
  "final_episode_return_end_mean": -26.72757911682129,
  "final_funding_alpha_eff": 3.1628209399059415e-05,
  "final_funding_g": 0.10841264575719833,
  "final_funding_g_raw": 0.10841264575719833,
  "final_update_counter": 4.0,
  "final_vartd_VarTD": 0.18214523792266846,
  "mechanism": "hardzero_plus_depr",
  "mechanism_tag": "hardzero_plus_depr__c0p54__z1p05__lam0p010__nu0p50__psi0p75",
  "runtime_sec": 23.671998257981613,
  "seed": 30,
  "z_cut": 1.05
}