{
  "alpha": 0.12,
  "c_upd": 0.52,
  "depr_lambda": 0.01,
  "depr_nu": 0.5,
  "depr_psi": 1.25,
  "eval_CSR_post": 0.0,
  "eval_dbar_post_mean": 0.6396244168281555,
  "eval_done_count": 100.0,
  "eval_episodes_per_env": 4.0,
  "eval_len_end_mean": 26.0,
  "eval_occupied_post_mean": 0.25999999046325684,
  "eval_return_end_mean": -25.751083374023438,
  "eval_t_eval": 104.0,
  "final_depr_F_post": 11.291413307189941,
  "final_energy_E_post": 0.35399940609931946,
  "final_episode_return_end_mean": -27.827537536621094,
  "final_funding_alpha_eff": 9.012843094069467e-08,
  "final_funding_g": 0.09470620006322861,
  "final_funding_g_raw": 0.09470620006322861,
  "final_update_counter": 4.0,
  "final_vartd_VarTD": 0.12413614988327026,
  "mechanism": "hardzero_plus_depr",
  "mechanism_tag": "hardzero_plus_depr__c0p52__z1p10__lam0p010__nu0p50__psi1p25",
  "runtime_sec": 10.806946067023091,
  "seed": 31,
  "z_cut": 1.1
}