{
  "alpha": 0.12,
  "c_upd": 0.54,
  "depr_lambda": 0.01,
  "depr_nu": 0.5,
  "depr_psi": 0.75,
  "eval_CSR_post": 0.0,
  "eval_dbar_post_mean": 0.5212439894676208,
  "eval_done_count": 100.0,
  "eval_episodes_per_env": 4.0,
  "eval_len_end_mean": 26.0,
  "eval_occupied_post_mean": 0.3499999940395355,
  "eval_return_end_mean": -25.327850341796875,
  "eval_t_eval": 104.0,
  "final_depr_F_post": 8.790105819702148,
  "final_energy_E_post": 0.5185596942901611,
  "final_episode_return_end_mean": -26.229225158691406,
  "final_funding_alpha_eff": 0.00016569814761169255,
  "final_funding_g": 0.1108381599187851,
  "final_funding_g_raw": 0.1108381599187851,
  "final_update_counter": 5.0,
  "final_vartd_VarTD": 0.16970449686050415,
  "mechanism": "hardzero_plus_depr",
  "mechanism_tag": "hardzero_plus_depr__c0p54__z1p00__lam0p010__nu0p50__psi0p75",
  "runtime_sec": 9.91797316604061,
  "seed": 37,
  "z_cut": 1.0
}