{
  "alpha": 0.037,
  "c_upd": 0.58,
  "depr_lambda": 0.005,
  "depr_nu": 1.0,
  "depr_psi": 0.5,
  "eval_CSR_post": 0.009999999776482582,
  "eval_dbar_post_mean": 0.5143371224403381,
  "eval_done_count": 100.0,
  "eval_episodes_per_env": 4.0,
  "eval_len_end_mean": 26.0,
  "eval_occupied_post_mean": 0.32999998331069946,
  "eval_return_end_mean": -24.00983428955078,
  "eval_t_eval": 104.0,
  "final_depr_F_post": 1.2049990892410278,
  "final_energy_E_post": 0.5140728950500488,
  "final_episode_return_end_mean": -27.160615921020508,
  "final_funding_alpha_eff": 0.020306039601564407,
  "final_funding_g": 0.10692716389894485,
  "final_funding_g_raw": 0.10692716389894485,
  "final_update_counter": 3.0,
  "final_vartd_VarTD": 0.14386557042598724,
  "mechanism": "hardzero_plus_depr",
  "mechanism_tag": "hardzero_plus_depr__c0p58__z1p00__lam0p005__nu1p00__psi0p50",
  "runtime_sec": 9.46449791698251,
  "seed": 35,
  "z_cut": 1.0
}