{
  "alpha": 0.03,
  "c_upd": 0.52,
  "depr_lambda": 0.02,
  "depr_nu": 0.5,
  "depr_psi": 0.75,
  "eval_CSR_post": 0.0,
  "eval_dbar_post_mean": 0.6143848896026611,
  "eval_done_count": 100.0,
  "eval_episodes_per_env": 4.0,
  "eval_len_end_mean": 26.0,
  "eval_occupied_post_mean": 0.23999999463558197,
  "eval_return_end_mean": -24.63547706604004,
  "eval_t_eval": 104.0,
  "final_depr_F_post": 22.660327911376953,
  "final_energy_E_post": 0.011766612529754639,
  "final_episode_return_end_mean": -27.746213912963867,
  "final_funding_alpha_eff": 1.2667598081606002e-09,
  "final_funding_g": 0.0,
  "final_funding_g_raw": 0.09921058267354965,
  "final_update_counter": 2.0,
  "final_vartd_VarTD": 0.15168550610542297,
  "mechanism": "hardzero_plus_depr",
  "mechanism_tag": "hardzero_plus_depr__c0p52__z1p00__lam0p020__nu0p50__psi0p75",
  "runtime_sec": 10.573644957970828,
  "seed": 35,
  "z_cut": 1.0
}