{
  "alpha": 0.05,
  "c_upd": 0.52,
  "depr_lambda": 0.01,
  "depr_nu": 0.5,
  "depr_psi": 1.25,
  "eval_CSR_post": 0.0,
  "eval_dbar_post_mean": 0.6154657602310181,
  "eval_done_count": 100.0,
  "eval_episodes_per_env": 4.0,
  "eval_len_end_mean": 26.0,
  "eval_occupied_post_mean": 0.25,
  "eval_return_end_mean": -25.096935272216797,
  "eval_t_eval": 104.0,
  "final_depr_F_post": 12.43018913269043,
  "final_energy_E_post": 0.3639214336872101,
  "final_episode_return_end_mean": -27.805103302001953,
  "final_funding_alpha_eff": 9.045772131344165e-09,
  "final_funding_g": 0.09476311504840851,
  "final_funding_g_raw": 0.09476311504840851,
  "final_update_counter": 2.0,
  "final_vartd_VarTD": 0.16430802643299103,
  "mechanism": "hardzero_plus_depr",
  "mechanism_tag": "hardzero_plus_depr__c0p52__z1p10__lam0p010__nu0p50__psi1p25",
  "runtime_sec": 10.673858031979762,
  "seed": 41,
  "z_cut": 1.1
}