{
  "alpha": 0.05,
  "c_upd": 0.54,
  "depr_lambda": 0.01,
  "depr_nu": 0.5,
  "depr_psi": 0.75,
  "eval_CSR_post": 0.0,
  "eval_dbar_post_mean": 0.49221211671829224,
  "eval_done_count": 100.0,
  "eval_episodes_per_env": 4.0,
  "eval_len_end_mean": 26.0,
  "eval_occupied_post_mean": 0.3799999952316284,
  "eval_return_end_mean": -22.87407112121582,
  "eval_t_eval": 104.0,
  "final_depr_F_post": 11.012657165527344,
  "final_energy_E_post": 0.24972349405288696,
  "final_episode_return_end_mean": -26.779767990112305,
  "final_funding_alpha_eff": 1.3036917152930982e-05,
  "final_funding_g": 0.10173612833023071,
  "final_funding_g_raw": 0.10173612833023071,
  "final_update_counter": 3.0,
  "final_vartd_VarTD": 0.18755851686000824,
  "mechanism": "hardzero_plus_depr",
  "mechanism_tag": "hardzero_plus_depr__c0p54__z1p10__lam0p010__nu0p50__psi0p75",
  "runtime_sec": 10.793382723000832,
  "seed": 37,
  "z_cut": 1.1
}