{
  "alpha": 0.08,
  "c_upd": 0.56,
  "depr_lambda": 0.02,
  "depr_nu": 0.5,
  "depr_psi": 1.25,
  "eval_CSR_post": 0.0,
  "eval_dbar_post_mean": 0.5489282608032227,
  "eval_done_count": 100.0,
  "eval_episodes_per_env": 4.0,
  "eval_len_end_mean": 26.0,
  "eval_occupied_post_mean": 0.3400000035762787,
  "eval_return_end_mean": -22.29532814025879,
  "eval_t_eval": 104.0,
  "final_depr_F_post": 24.410367965698242,
  "final_energy_E_post": 0.13293352723121643,
  "final_episode_return_end_mean": -27.965578079223633,
  "final_funding_alpha_eff": 4.595551844339789e-15,
  "final_funding_g": 0.09207912534475327,
  "final_funding_g_raw": 0.09207912534475327,
  "final_update_counter": 2.0,
  "final_vartd_VarTD": 0.21423767507076263,
  "mechanism": "hardzero_plus_depr",
  "mechanism_tag": "hardzero_plus_depr__c0p56__z1p05__lam0p020__nu0p50__psi1p25",
  "runtime_sec": 10.6377714429982,
  "seed": 38,
  "z_cut": 1.05
}