{
  "alpha": 0.12,
  "c_upd": 0.6,
  "depr_lambda": 0.01,
  "depr_nu": 0.5,
  "depr_psi": 1.0,
  "eval_CSR_post": 0.0,
  "eval_dbar_post_mean": 0.523357093334198,
  "eval_done_count": 100.0,
  "eval_episodes_per_env": 4.0,
  "eval_len_end_mean": 26.0,
  "eval_occupied_post_mean": 0.29999998211860657,
  "eval_return_end_mean": -23.887882232666016,
  "eval_t_eval": 104.0,
  "final_depr_F_post": 10.242639541625977,
  "final_energy_E_post": 0.26137760281562805,
  "final_episode_return_end_mean": -27.094669342041016,
  "final_funding_alpha_eff": 4.317203092796262e-06,
  "final_funding_g": 0.11100680381059647,
  "final_funding_g_raw": 0.11100680381059647,
  "final_update_counter": 4.0,
  "final_vartd_VarTD": 0.14073720574378967,
  "mechanism": "hardzero_plus_depr",
  "mechanism_tag": "hardzero_plus_depr__c0p60__z1p05__lam0p010__nu0p50__psi1p00",
  "runtime_sec": 10.807498902955558,
  "seed": 35,
  "z_cut": 1.05
}