{
  "alpha": 0.1,
  "c_upd": 0.58,
  "depr_lambda": 0.0,
  "depr_nu": 0.5,
  "depr_psi": 0.0,
  "eval_CSR_post": 0.0,
  "eval_dbar_post_mean": 0.48828113079071045,
  "eval_done_count": 100.0,
  "eval_episodes_per_env": 4.0,
  "eval_len_end_mean": 26.0,
  "eval_occupied_post_mean": 0.3700000047683716,
  "eval_return_end_mean": -24.022733688354492,
  "eval_t_eval": 104.0,
  "final_depr_F_post": 0.0,
  "final_energy_E_post": 0.5350950956344604,
  "final_episode_return_end_mean": -24.532163619995117,
  "final_funding_alpha_eff": 0.10000000149011612,
  "final_funding_g": 0.15545733273029327,
  "final_funding_g_raw": 0.15545733273029327,
  "final_update_counter": 25.0,
  "final_vartd_VarTD": 1.1561599969863892,
  "mechanism": "hardzero_only",
  "mechanism_tag": "hardzero_only__c0p58__z1p00__lam0p000__nu0p50__psi0p00",
  "runtime_sec": 9.728993027005345,
  "seed": 35,
  "z_cut": 1.0
}