{
  "alpha": 0.05,
  "c_upd": 0.58,
  "depr_lambda": 0.02,
  "depr_nu": 0.5,
  "depr_psi": 0.75,
  "eval_CSR_post": 0.0,
  "eval_dbar_post_mean": 0.4888015687465668,
  "eval_done_count": 100.0,
  "eval_episodes_per_env": 4.0,
  "eval_len_end_mean": 26.0,
  "eval_occupied_post_mean": 0.5099999904632568,
  "eval_return_end_mean": -23.32289695739746,
  "eval_t_eval": 104.0,
  "final_depr_F_post": 24.200363159179688,
  "final_energy_E_post": 0.18109546601772308,
  "final_episode_return_end_mean": -26.236957550048828,
  "final_funding_alpha_eff": 6.651522110878716e-10,
  "final_funding_g": 0.0978274866938591,
  "final_funding_g_raw": 0.0978274866938591,
  "final_update_counter": 2.0,
  "final_vartd_VarTD": 0.13100877404212952,
  "mechanism": "hardzero_plus_depr",
  "mechanism_tag": "hardzero_plus_depr__c0p58__z1p05__lam0p020__nu0p50__psi0p75",
  "runtime_sec": 10.690677609003615,
  "seed": 32,
  "z_cut": 1.05
}