{
  "alpha": 0.06,
  "c_upd": 0.5,
  "depr_lambda": 0.03,
  "depr_nu": 0.5,
  "depr_psi": 1.0,
  "eval_CSR_post": 0.009999999776482582,
  "eval_dbar_post_mean": 0.6172674298286438,
  "eval_done_count": 100.0,
  "eval_episodes_per_env": 4.0,
  "eval_len_end_mean": 26.0,
  "eval_occupied_post_mean": 0.2199999988079071,
  "eval_return_end_mean": -24.77195930480957,
  "eval_t_eval": 104.0,
  "final_depr_F_post": 37.44009780883789,
  "final_energy_E_post": 0.04001323878765106,
  "final_episode_return_end_mean": -29.06494903564453,
  "final_funding_alpha_eff": 3.397439225269648e-18,
  "final_funding_g": 0.0,
  "final_funding_g_raw": 0.07431615144014359,
  "final_update_counter": 2.0,
  "final_vartd_VarTD": 0.17725719511508942,
  "mechanism": "hardzero_plus_depr",
  "mechanism_tag": "hardzero_plus_depr__c0p50__z1p00__lam0p030__nu0p50__psi1p00",
  "runtime_sec": 9.723390520957764,
  "seed": 36,
  "z_cut": 1.0
}