{
  "alpha": 0.05,
  "c_upd": 0.58,
  "depr_lambda": 0.02,
  "depr_nu": 0.5,
  "depr_psi": 1.0,
  "eval_CSR_post": 0.0,
  "eval_dbar_post_mean": 0.7371642589569092,
  "eval_done_count": 100.0,
  "eval_episodes_per_env": 4.0,
  "eval_len_end_mean": 26.0,
  "eval_occupied_post_mean": 0.2199999988079071,
  "eval_return_end_mean": -26.310026168823242,
  "eval_t_eval": 104.0,
  "final_depr_F_post": 24.360366821289062,
  "final_energy_E_post": 0.13093814253807068,
  "final_episode_return_end_mean": -28.292306900024414,
  "final_funding_alpha_eff": 1.3430222645799406e-12,
  "final_funding_g": 0.08553573489189148,
  "final_funding_g_raw": 0.08553573489189148,
  "final_update_counter": 2.0,
  "final_vartd_VarTD": 0.17942234873771667,
  "mechanism": "hardzero_plus_depr",
  "mechanism_tag": "hardzero_plus_depr__c0p58__z1p10__lam0p020__nu0p50__psi1p00",
  "runtime_sec": 10.753362571937032,
  "seed": 40,
  "z_cut": 1.1
}