{
  "alpha": 0.06,
  "c_upd": 0.6,
  "depr_lambda": 0.03,
  "depr_nu": 0.5,
  "depr_psi": 0.75,
  "eval_CSR_post": 0.0,
  "eval_dbar_post_mean": 0.5185593366622925,
  "eval_done_count": 100.0,
  "eval_episodes_per_env": 4.0,
  "eval_len_end_mean": 26.0,
  "eval_occupied_post_mean": 0.3700000047683716,
  "eval_return_end_mean": -23.92205810546875,
  "eval_t_eval": 104.0,
  "final_depr_F_post": 36.48013687133789,
  "final_energy_E_post": 0.13240930438041687,
  "final_episode_return_end_mean": -27.303348541259766,
  "final_funding_alpha_eff": 8.04600865642914e-14,
  "final_funding_g": 0.10508525371551514,
  "final_funding_g_raw": 0.10508525371551514,
  "final_update_counter": 2.0,
  "final_vartd_VarTD": 0.14342686533927917,
  "mechanism": "hardzero_plus_depr",
  "mechanism_tag": "hardzero_plus_depr__c0p60__z1p10__lam0p030__nu0p50__psi0p75",
  "runtime_sec": 10.678613953990862,
  "seed": 35,
  "z_cut": 1.1
}