{
  "alpha": 0.06,
  "c_upd": 0.52,
  "depr_lambda": 0.0,
  "depr_nu": 0.5,
  "depr_psi": 0.0,
  "eval_CSR_post": 0.009999999776482582,
  "eval_dbar_post_mean": 0.4902244806289673,
  "eval_done_count": 100.0,
  "eval_episodes_per_env": 4.0,
  "eval_len_end_mean": 26.0,
  "eval_occupied_post_mean": 0.44999998807907104,
  "eval_return_end_mean": -23.59819221496582,
  "eval_t_eval": 104.0,
  "final_depr_F_post": 0.0,
  "final_energy_E_post": 0.0734417736530304,
  "final_episode_return_end_mean": -23.863323211669922,
  "final_funding_alpha_eff": 0.05999999865889549,
  "final_funding_g": 0.16374506056308746,
  "final_funding_g_raw": 0.16374506056308746,
  "final_update_counter": 20.0,
  "final_vartd_VarTD": 0.6493762731552124,
  "mechanism": "hardzero_only",
  "mechanism_tag": "hardzero_only__c0p52__z1p05__lam0p000__nu0p50__psi0p00",
  "runtime_sec": 19.96224716899451,
  "seed": 30,
  "z_cut": 1.05
}