{
  "alpha": 0.12,
  "c_upd": 0.58,
  "depr_lambda": 0.01,
  "depr_nu": 0.5,
  "depr_psi": 0.75,
  "eval_CSR_post": 0.0,
  "eval_dbar_post_mean": 0.4653686285018921,
  "eval_done_count": 100.0,
  "eval_episodes_per_env": 4.0,
  "eval_len_end_mean": 26.0,
  "eval_occupied_post_mean": 0.4399999976158142,
  "eval_return_end_mean": -22.636913299560547,
  "eval_t_eval": 104.0,
  "final_depr_F_post": 3.9258785247802734,
  "final_energy_E_post": 0.10527876019477844,
  "final_episode_return_end_mean": -26.38643455505371,
  "final_funding_alpha_eff": 0.006363526917994022,
  "final_funding_g": 0.12113983184099197,
  "final_funding_g_raw": 0.12113983184099197,
  "final_update_counter": 9.0,
  "final_vartd_VarTD": 0.1578097641468048,
  "mechanism": "hardzero_plus_depr",
  "mechanism_tag": "hardzero_plus_depr__c0p58__z1p05__lam0p010__nu0p50__psi0p75",
  "runtime_sec": 10.66021564003313,
  "seed": 35,
  "z_cut": 1.05
}