{
  "I_R_full_anchor_compat": 0.4865389035612746,
  "above_R_THRESH_FULL_anchor": 0.0,
  "alpha": 0.1,
  "borrow_interest": 0.02,
  "borrow_limit": 0.6,
  "c_upd": 1.0,
  "condition": "edge_full__borrow__t4m__a0p10__c1p00",
  "eval_CSR_post": 0.0,
  "eval_CSR_pre": 0.0,
  "eval_dbar_post_mean": 0.676796555519104,
  "eval_dbar_pre_mean": 0.6743550300598145,
  "eval_done_count": 100.0,
  "eval_done_per_env_max": 4.0,
  "eval_done_per_env_min": 4.0,
  "eval_episodes_per_env": 4.0,
  "eval_len_end_mean": 26.0,
  "eval_max_tilde_post_mean": 0.9764012694358826,
  "eval_max_tilde_pre_mean": 0.9808555245399475,
  "eval_occupied_post_mean": 0.2199999988079071,
  "eval_occupied_pre_mean": 0.22999998927116394,
  "eval_return_end_mean": -26.051414489746094,
  "eval_t_eval": 104.0,
  "family": "borrow",
  "final_energy": -0.6000000238418579,
  "final_executed_updates": 2.0,
  "final_vartd": 0.12357448786497116,
  "max_debt_level": 0.6000000238418579,
  "mean_update_fraction": 0.0015999999595806003,
  "metric_horizon": "long4m",
  "phase": "extension_full",
  "runtime_sec": 11.249837174998902,
  "seed": 31,
  "support_mode": "none",
  "support_total": 0.0,
  "total_debt_charge": 14.458412170410156,
  "total_support_injected": 0.0,
  "total_timesteps": 4000000,
  "train_final_return_end_mean": -28.06391143798828
}