{
  "alpha": 0.03,
  "c_upd": 0.58,
  "depr_lambda": 0.01,
  "depr_nu": 0.5,
  "depr_psi": 1.0,
  "eval_CSR_post": 0.0,
  "eval_dbar_post_mean": 0.5404412746429443,
  "eval_done_count": 100.0,
  "eval_episodes_per_env": 4.0,
  "eval_len_end_mean": 26.0,
  "eval_occupied_post_mean": 0.28999999165534973,
  "eval_return_end_mean": -24.136930465698242,
  "eval_t_eval": 104.0,
  "final_depr_F_post": 12.03518009185791,
  "final_energy_E_post": 0.19013164937496185,
  "final_episode_return_end_mean": -27.882888793945312,
  "final_funding_alpha_eff": 1.7974299737488764e-07,
  "final_funding_g": 0.09091155230998993,
  "final_funding_g_raw": 0.09091155230998993,
  "final_update_counter": 2.0,
  "final_vartd_VarTD": 0.17328909039497375,
  "mechanism": "hardzero_plus_depr",
  "mechanism_tag": "hardzero_plus_depr__c0p58__z1p10__lam0p010__nu0p50__psi1p00",
  "runtime_sec": 10.887781023979187,
  "seed": 40,
  "z_cut": 1.1
}