{
  "I_R_short": 0.5834407340932829,
  "alpha": 0.0,
  "borrow_interest": 0.0,
  "borrow_limit": 0.0,
  "c_upd": 0.6,
  "condition": "rescue_short_anchor__base__t400k__a0p00__c0p60",
  "eval_CSR_post": 0.019999999552965164,
  "eval_CSR_pre": 0.019999999552965164,
  "eval_dbar_post_mean": 0.6137814521789551,
  "eval_dbar_pre_mean": 0.6096929311752319,
  "eval_done_count": 100.0,
  "eval_done_per_env_max": 4.0,
  "eval_done_per_env_min": 4.0,
  "eval_episodes_per_env": 4.0,
  "eval_len_end_mean": 26.0,
  "eval_max_tilde_post_mean": 0.8474798202514648,
  "eval_max_tilde_pre_mean": 0.8553405404090881,
  "eval_occupied_post_mean": 0.29999998211860657,
  "eval_occupied_pre_mean": 0.3400000035762787,
  "eval_return_end_mean": -24.373903274536133,
  "eval_t_eval": 104.0,
  "family": "base",
  "final_energy": 0.3999999761581421,
  "final_executed_updates": 1.0,
  "final_vartd": 0.14468398690223694,
  "learned_R_short_0p5": 1.0,
  "max_debt_level": 0.0,
  "mean_update_fraction": 0.00800000037997961,
  "metric_horizon": "short",
  "phase": "rescue_short",
  "runtime_sec": 1.163765613000578,
  "seed": 54,
  "support_mode": "none",
  "support_total": 0.0,
  "total_debt_charge": 0.0,
  "total_support_injected": 0.0,
  "total_timesteps": 400000,
  "train_final_return_end_mean": -27.83237648010254
}