{
  "alpha": 0.02,
  "c_upd": 0.54,
  "depr_lambda": 0.0,
  "depr_nu": 0.5,
  "depr_psi": 0.0,
  "eval_CSR_post": 0.009999999776482582,
  "eval_dbar_post_mean": 0.5358040928840637,
  "eval_done_count": 100.0,
  "eval_episodes_per_env": 4.0,
  "eval_len_end_mean": 26.0,
  "eval_occupied_post_mean": 0.38999998569488525,
  "eval_return_end_mean": -22.938188552856445,
  "eval_t_eval": 104.0,
  "final_depr_F_post": 0.0,
  "final_energy_E_post": 0.09893979877233505,
  "final_episode_return_end_mean": -26.92667579650879,
  "final_funding_alpha_eff": 0.019999999552965164,
  "final_funding_g": 0.10150598734617233,
  "final_funding_g_raw": 0.10150598734617233,
  "final_update_counter": 6.0,
  "final_vartd_VarTD": 0.18189102411270142,
  "mechanism": "hardzero_only",
  "mechanism_tag": "hardzero_only__c0p54__z1p05__lam0p000__nu0p50__psi0p00",
  "runtime_sec": 19.860780621995218,
  "seed": 30,
  "z_cut": 1.05
}