{
  "alpha": 0.08,
  "c_upd": 0.5,
  "depr_lambda": 0.01,
  "depr_nu": 0.5,
  "depr_psi": 1.0,
  "eval_CSR_post": 0.0,
  "eval_dbar_post_mean": 0.5212954878807068,
  "eval_done_count": 100.0,
  "eval_episodes_per_env": 4.0,
  "eval_len_end_mean": 26.0,
  "eval_occupied_post_mean": 0.29999998211860657,
  "eval_return_end_mean": -24.354442596435547,
  "eval_t_eval": 104.0,
  "final_depr_F_post": 10.292640686035156,
  "final_energy_E_post": 0.15808075666427612,
  "final_episode_return_end_mean": -25.823240280151367,
  "final_funding_alpha_eff": 2.7377639071346493e-06,
  "final_funding_g": 0.10505478829145432,
  "final_funding_g_raw": 0.10505478829145432,
  "final_update_counter": 4.0,
  "final_vartd_VarTD": 0.1166032925248146,
  "mechanism": "hardzero_plus_depr",
  "mechanism_tag": "hardzero_plus_depr__c0p50__z1p10__lam0p010__nu0p50__psi1p00",
  "runtime_sec": 10.754345796012785,
  "seed": 34,
  "z_cut": 1.1
}