{
  "alpha": 0.08,
  "c_upd": 0.54,
  "depr_lambda": 0.03,
  "depr_nu": 0.5,
  "depr_psi": 1.25,
  "eval_CSR_post": 0.0,
  "eval_dbar_post_mean": 0.5984622240066528,
  "eval_done_count": 100.0,
  "eval_episodes_per_env": 4.0,
  "eval_len_end_mean": 26.0,
  "eval_occupied_post_mean": 0.3199999928474426,
  "eval_return_end_mean": -24.172773361206055,
  "eval_t_eval": 104.0,
  "final_depr_F_post": 36.97511672973633,
  "final_energy_E_post": 0.08624988049268723,
  "final_episode_return_end_mean": -29.093059539794922,
  "final_funding_alpha_eff": 7.026908896186578e-22,
  "final_funding_g": 0.0,
  "final_funding_g_raw": 0.07356870919466019,
  "final_update_counter": 2.0,
  "final_vartd_VarTD": 0.1768091470003128,
  "mechanism": "hardzero_plus_depr",
  "mechanism_tag": "hardzero_plus_depr__c0p54__z1p05__lam0p030__nu0p50__psi1p25",
  "runtime_sec": 10.667976400989573,
  "seed": 36,
  "z_cut": 1.05
}