{
  "alpha": 0.05,
  "c_upd": 0.54,
  "depr_lambda": 0.02,
  "depr_nu": 0.5,
  "depr_psi": 0.75,
  "eval_CSR_post": 0.0,
  "eval_dbar_post_mean": 0.5284346342086792,
  "eval_done_count": 100.0,
  "eval_episodes_per_env": 4.0,
  "eval_len_end_mean": 26.0,
  "eval_occupied_post_mean": 0.4399999976158142,
  "eval_return_end_mean": -23.56902503967285,
  "eval_t_eval": 104.0,
  "final_depr_F_post": 24.64037322998047,
  "final_energy_E_post": 0.2476726919412613,
  "final_episode_return_end_mean": -26.329776763916016,
  "final_funding_alpha_eff": 4.781909868079026e-10,
  "final_funding_g": 0.09559527039527893,
  "final_funding_g_raw": 0.09559527039527893,
  "final_update_counter": 2.0,
  "final_vartd_VarTD": 0.12902118265628815,
  "mechanism": "hardzero_plus_depr",
  "mechanism_tag": "hardzero_plus_depr__c0p54__z1p05__lam0p020__nu0p50__psi0p75",
  "runtime_sec": 10.648261497030035,
  "seed": 32,
  "z_cut": 1.05
}