{
  "alpha": 0.12,
  "c_upd": 0.5,
  "depr_lambda": 0.01,
  "depr_nu": 0.5,
  "depr_psi": 1.25,
  "eval_CSR_post": 0.0,
  "eval_dbar_post_mean": 0.5467796921730042,
  "eval_done_count": 100.0,
  "eval_episodes_per_env": 4.0,
  "eval_len_end_mean": 26.0,
  "eval_occupied_post_mean": 0.4099999964237213,
  "eval_return_end_mean": -23.82378387451172,
  "eval_t_eval": 104.0,
  "final_depr_F_post": 11.347663879394531,
  "final_energy_E_post": 0.39081746339797974,
  "final_episode_return_end_mean": -27.102664947509766,
  "final_funding_alpha_eff": 8.400893847237967e-08,
  "final_funding_g": 0.10039794445037842,
  "final_funding_g_raw": 0.10039794445037842,
  "final_update_counter": 4.0,
  "final_vartd_VarTD": 0.14819324016571045,
  "mechanism": "hardzero_plus_depr",
  "mechanism_tag": "hardzero_plus_depr__c0p50__z1p05__lam0p010__nu0p50__psi1p25",
  "runtime_sec": 10.746183459996246,
  "seed": 40,
  "z_cut": 1.05
}