{
  "alpha": 0.1,
  "c_upd": 0.54,
  "depr_lambda": 0.01,
  "depr_nu": 0.5,
  "depr_psi": 1.25,
  "eval_CSR_post": 0.009999999776482582,
  "eval_dbar_post_mean": 0.6269621253013611,
  "eval_done_count": 100.0,
  "eval_episodes_per_env": 4.0,
  "eval_len_end_mean": 26.0,
  "eval_occupied_post_mean": 0.29999998211860657,
  "eval_return_end_mean": -25.671966552734375,
  "eval_t_eval": 104.0,
  "final_depr_F_post": 11.912677764892578,
  "final_energy_E_post": 0.429208368062973,
  "final_episode_return_end_mean": -27.798274993896484,
  "final_funding_alpha_eff": 3.4547436911225304e-08,
  "final_funding_g": 0.09494978934526443,
  "final_funding_g_raw": 0.09494978934526443,
  "final_update_counter": 3.0,
  "final_vartd_VarTD": 0.12203221023082733,
  "mechanism": "hardzero_plus_depr",
  "mechanism_tag": "hardzero_plus_depr__c0p54__z1p10__lam0p010__nu0p50__psi1p25",
  "runtime_sec": 10.632107377052307,
  "seed": 31,
  "z_cut": 1.1
}