{
  "alpha": 0.01,
  "c_upd": 0.54,
  "depr_lambda": 0.0,
  "depr_nu": 0.5,
  "depr_psi": 0.0,
  "eval_CSR_post": 0.0,
  "eval_dbar_post_mean": 0.5451874732971191,
  "eval_done_count": 100.0,
  "eval_episodes_per_env": 4.0,
  "eval_len_end_mean": 26.0,
  "eval_occupied_post_mean": 0.4099999964237213,
  "eval_return_end_mean": -23.994062423706055,
  "eval_t_eval": 104.0,
  "final_depr_F_post": 0.0,
  "final_energy_E_post": 0.37665194272994995,
  "final_episode_return_end_mean": -26.38713836669922,
  "final_funding_alpha_eff": 0.009999999776482582,
  "final_funding_g": 0.0,
  "final_funding_g_raw": 0.09740928560495377,
  "final_update_counter": 2.0,
  "final_vartd_VarTD": 0.13264670968055725,
  "mechanism": "hardzero_only",
  "mechanism_tag": "hardzero_only__c0p54__z1p00__lam0p000__nu0p50__psi0p00",
  "runtime_sec": 9.636348876985721,
  "seed": 32,
  "z_cut": 1.0
}