{
  "alpha": 0.05,
  "c_upd": 0.56,
  "depr_lambda": 0.0,
  "depr_nu": 0.5,
  "depr_psi": 0.0,
  "eval_CSR_post": 0.0,
  "eval_dbar_post_mean": 0.5200475454330444,
  "eval_done_count": 100.0,
  "eval_episodes_per_env": 4.0,
  "eval_len_end_mean": 26.0,
  "eval_occupied_post_mean": 0.25999999046325684,
  "eval_return_end_mean": -24.67310333251953,
  "eval_t_eval": 104.0,
  "final_depr_F_post": 0.0,
  "final_energy_E_post": 0.051505181938409805,
  "final_episode_return_end_mean": -24.386301040649414,
  "final_funding_alpha_eff": 0.05000000074505806,
  "final_funding_g": 0.14065279066562653,
  "final_funding_g_raw": 0.14065279066562653,
  "final_update_counter": 14.0,
  "final_vartd_VarTD": 0.2308150827884674,
  "mechanism": "hardzero_only",
  "mechanism_tag": "hardzero_only__c0p56__z1p05__lam0p000__nu0p50__psi0p00",
  "runtime_sec": 9.955028258031234,
  "seed": 34,
  "z_cut": 1.05
}