{
  "alpha": 0.06,
  "c_upd": 0.56,
  "depr_lambda": 0.01,
  "depr_nu": 0.5,
  "depr_psi": 1.0,
  "eval_CSR_post": 0.0,
  "eval_dbar_post_mean": 0.6155388951301575,
  "eval_done_count": 100.0,
  "eval_episodes_per_env": 4.0,
  "eval_len_end_mean": 26.0,
  "eval_occupied_post_mean": 0.29999998211860657,
  "eval_return_end_mean": -24.488725662231445,
  "eval_t_eval": 104.0,
  "final_depr_F_post": 12.290185928344727,
  "final_energy_E_post": 0.4600910544395447,
  "final_episode_return_end_mean": -26.327754974365234,
  "final_funding_alpha_eff": 2.785699848573131e-07,
  "final_funding_g": 0.0959274023771286,
  "final_funding_g_raw": 0.0959274023771286,
  "final_update_counter": 2.0,
  "final_vartd_VarTD": 0.12079625576734543,
  "mechanism": "hardzero_plus_depr",
  "mechanism_tag": "hardzero_plus_depr__c0p56__z1p05__lam0p010__nu0p50__psi1p00",
  "runtime_sec": 10.836428871029057,
  "seed": 34,
  "z_cut": 1.05
}