{
  "I_R_full": 1.7281622214429437,
  "alpha": 1.0,
  "borrow_interest": 0.0,
  "borrow_limit": 0.0,
  "c_upd": 0.9,
  "condition": "enabled_full__support__t1m__a1p00__c0p90",
  "eval_CSR_post": 0.009999999776482582,
  "eval_CSR_pre": 0.009999999776482582,
  "eval_dbar_post_mean": 0.4506634473800659,
  "eval_dbar_pre_mean": 0.45367199182510376,
  "eval_done_count": 100.0,
  "eval_done_per_env_max": 4.0,
  "eval_done_per_env_min": 4.0,
  "eval_episodes_per_env": 4.0,
  "eval_len_end_mean": 26.0,
  "eval_max_tilde_post_mean": 0.6562989950180054,
  "eval_max_tilde_pre_mean": 0.659815788269043,
  "eval_occupied_post_mean": 0.5,
  "eval_occupied_pre_mean": 0.5299999713897705,
  "eval_return_end_mean": -22.97597312927246,
  "eval_t_eval": 104.0,
  "family": "support",
  "final_energy": 0.2796160876750946,
  "final_executed_updates": 51.0,
  "final_vartd": 5.326004981994629,
  "learned_R_full_0p5": 1.0,
  "max_debt_level": 0.0,
  "mean_update_fraction": 0.16346153616905212,
  "metric_horizon": "full",
  "phase": "extension_full",
  "runtime_sec": 2.802890421000484,
  "seed": 41,
  "support_mode": "frontload",
  "support_total": 0.6,
  "total_debt_charge": 0.0,
  "total_support_injected": 0.6000000238418579,
  "total_timesteps": 1000000,
  "train_final_return_end_mean": -23.328702926635742
}