{
  "alpha": 0.07,
  "c_upd": 0.58,
  "depr_lambda": 0.005,
  "depr_nu": 1.0,
  "depr_psi": 0.5,
  "eval_CSR_post": 0.0,
  "eval_dbar_post_mean": 0.5182073712348938,
  "eval_done_count": 100.0,
  "eval_episodes_per_env": 4.0,
  "eval_len_end_mean": 26.0,
  "eval_occupied_post_mean": 0.32999998331069946,
  "eval_return_end_mean": -23.216840744018555,
  "eval_t_eval": 104.0,
  "final_depr_F_post": 0.09000000357627869,
  "final_energy_E_post": 0.14214013516902924,
  "final_episode_return_end_mean": -26.665220260620117,
  "final_funding_alpha_eff": 0.0670873299241066,
  "final_funding_g": 0.11106301099061966,
  "final_funding_g_raw": 0.11106301099061966,
  "final_update_counter": 6.0,
  "final_vartd_VarTD": 0.1499355137348175,
  "mechanism": "hardzero_plus_depr",
  "mechanism_tag": "hardzero_plus_depr__c0p58__z1p00__lam0p005__nu1p00__psi0p50",
  "runtime_sec": 9.470847396063618,
  "seed": 40,
  "z_cut": 1.0
}