{
  "alpha": 0.08,
  "c_upd": 0.52,
  "depr_lambda": 0.03,
  "depr_nu": 0.5,
  "depr_psi": 0.75,
  "eval_CSR_post": 0.009999999776482582,
  "eval_dbar_post_mean": 0.5761390924453735,
  "eval_done_count": 100.0,
  "eval_episodes_per_env": 4.0,
  "eval_len_end_mean": 26.0,
  "eval_occupied_post_mean": 0.3199999928474426,
  "eval_return_end_mean": -24.263105392456055,
  "eval_t_eval": 104.0,
  "final_depr_F_post": 36.18014907836914,
  "final_energy_E_post": 0.06162969395518303,
  "final_episode_return_end_mean": -26.40155601501465,
  "final_funding_alpha_eff": 1.3434808549938476e-13,
  "final_funding_g": 0.0,
  "final_funding_g_raw": 0.09468422830104828,
  "final_update_counter": 2.0,
  "final_vartd_VarTD": 0.12010426819324493,
  "mechanism": "hardzero_plus_depr",
  "mechanism_tag": "hardzero_plus_depr__c0p52__z1p00__lam0p030__nu0p50__psi0p75",
  "runtime_sec": 10.491933339973912,
  "seed": 34,
  "z_cut": 1.0
}