{
  "alpha": 0.264,
  "borrow_interest": 0.01,
  "borrow_limit": 0.6,
  "c_upd": 0.58,
  "depr_lambda": 0.0,
  "depr_nu": 0.5,
  "depr_psi": 0.0,
  "eval_CSR_post": 0.0,
  "eval_dbar_post_mean": 0.5524868965148926,
  "eval_done_count": 100.0,
  "eval_episodes_per_env": 4.0,
  "eval_len_end_mean": 26.0,
  "eval_occupied_post_mean": 0.3999999761581421,
  "eval_return_end_mean": -22.494384765625,
  "eval_t_eval": 104.0,
  "family": "borrow",
  "final_depr_F_post": 0.0,
  "final_energy_E_post": -0.004258958622813225,
  "final_update_counter": 86.0,
  "final_vartd_VarTD": 4.5273027420043945,
  "max_debt_level_post": 0.5916630029678345,
  "mean_update_fraction": 0.06880000233650208,
  "mechanism": "hardzero_only",
  "mechanism_tag": "hardzero_only__c0p58__z1p00__lam0p000__nu0p50__psi0p00",
  "runtime_sec": 10.751226263935678,
  "seed": 32,
  "support_mode": "none",
  "support_total": 0.0,
  "total_debt_charge": 3.4174017906188965,
  "total_support_s": 0.0,
  "z_cut": 1.0
}