{
  "alpha": 0.05,
  "c_upd": 0.54,
  "depr_lambda": 0.0,
  "depr_nu": 0.5,
  "depr_psi": 0.0,
  "eval_CSR_post": 0.0,
  "eval_dbar_post_mean": 0.5219480991363525,
  "eval_done_count": 100.0,
  "eval_episodes_per_env": 4.0,
  "eval_len_end_mean": 26.0,
  "eval_occupied_post_mean": 0.3400000035762787,
  "eval_return_end_mean": -24.120826721191406,
  "eval_t_eval": 104.0,
  "final_depr_F_post": 0.0,
  "final_energy_E_post": 0.1930435448884964,
  "final_episode_return_end_mean": -24.302383422851562,
  "final_funding_alpha_eff": 0.05000000074505806,
  "final_funding_g": 0.14296217262744904,
  "final_funding_g_raw": 0.14296217262744904,
  "final_update_counter": 15.0,
  "final_vartd_VarTD": 0.2563754916191101,
  "mechanism": "hardzero_only",
  "mechanism_tag": "hardzero_only__c0p54__z1p05__lam0p000__nu0p50__psi0p00",
  "runtime_sec": 9.854231539007742,
  "seed": 34,
  "z_cut": 1.05
}