{
  "alpha": 0.12,
  "c_upd": 0.54,
  "depr_lambda": 0.01,
  "depr_nu": 0.5,
  "depr_psi": 1.0,
  "eval_CSR_post": 0.009999999776482582,
  "eval_dbar_post_mean": 0.48531386256217957,
  "eval_done_count": 100.0,
  "eval_episodes_per_env": 4.0,
  "eval_len_end_mean": 26.0,
  "eval_occupied_post_mean": 0.429999977350235,
  "eval_return_end_mean": -23.409358978271484,
  "eval_t_eval": 104.0,
  "final_depr_F_post": 10.205138206481934,
  "final_energy_E_post": 0.43677619099617004,
  "final_episode_return_end_mean": -26.455890655517578,
  "final_funding_alpha_eff": 4.4821777009929065e-06,
  "final_funding_g": 0.10686390101909637,
  "final_funding_g_raw": 0.10686390101909637,
  "final_update_counter": 5.0,
  "final_vartd_VarTD": 0.18474052846431732,
  "mechanism": "hardzero_plus_depr",
  "mechanism_tag": "hardzero_plus_depr__c0p54__z1p05__lam0p010__nu0p50__psi1p00",
  "runtime_sec": 10.680226980999578,
  "seed": 37,
  "z_cut": 1.05
}