{
  "I_R_full": 1.4127667344000476,
  "alpha": 0.0,
  "borrow_interest": 0.02,
  "borrow_limit": 0.6,
  "c_upd": 0.58,
  "condition": "fragile_full__borrow__t1m__a0p00__c0p58",
  "eval_CSR_post": 0.0,
  "eval_CSR_pre": 0.0,
  "eval_dbar_post_mean": 0.5728984475135803,
  "eval_dbar_pre_mean": 0.5665398240089417,
  "eval_done_count": 100.0,
  "eval_done_per_env_max": 4.0,
  "eval_done_per_env_min": 4.0,
  "eval_episodes_per_env": 4.0,
  "eval_len_end_mean": 26.0,
  "eval_max_tilde_post_mean": 0.8186381459236145,
  "eval_max_tilde_pre_mean": 0.8123998045921326,
  "eval_occupied_post_mean": 0.23999999463558197,
  "eval_occupied_pre_mean": 0.25,
  "eval_return_end_mean": -23.757192611694336,
  "eval_t_eval": 104.0,
  "family": "borrow",
  "final_energy": -0.6000000238418579,
  "final_executed_updates": 2.0,
  "final_vartd": 0.13654734194278717,
  "learned_R_full_0p5": 1.0,
  "max_debt_level": 0.6000000238418579,
  "mean_update_fraction": 0.006410256493836641,
  "metric_horizon": "full",
  "phase": "extension_full",
  "runtime_sec": 2.698007471000892,
  "seed": 54,
  "support_mode": "none",
  "support_total": 0.0,
  "total_debt_charge": 3.3590197563171387,
  "total_support_injected": 0.0,
  "total_timesteps": 1000000,
  "train_final_return_end_mean": -26.149864196777344
}