{
  "alpha": 0.01,
  "c_upd": 0.52,
  "depr_lambda": 0.01,
  "depr_nu": 0.5,
  "depr_psi": 1.0,
  "eval_CSR_post": 0.0,
  "eval_dbar_post_mean": 0.589489221572876,
  "eval_done_count": 100.0,
  "eval_episodes_per_env": 4.0,
  "eval_len_end_mean": 26.0,
  "eval_occupied_post_mean": 0.32999998331069946,
  "eval_return_end_mean": -24.71808624267578,
  "eval_t_eval": 104.0,
  "final_depr_F_post": 12.215184211730957,
  "final_energy_E_post": 0.07638867199420929,
  "final_episode_return_end_mean": -27.443540573120117,
  "final_funding_alpha_eff": 5.0044448585140344e-08,
  "final_funding_g": 0.10343055427074432,
  "final_funding_g_raw": 0.10343055427074432,
  "final_update_counter": 2.0,
  "final_vartd_VarTD": 0.1424570530653,
  "mechanism": "hardzero_plus_depr",
  "mechanism_tag": "hardzero_plus_depr__c0p52__z1p10__lam0p010__nu0p50__psi1p00",
  "runtime_sec": 10.621265149966348,
  "seed": 35,
  "z_cut": 1.1
}