{
  "alpha": 0.12,
  "c_upd": 0.56,
  "depr_lambda": 0.01,
  "depr_nu": 0.5,
  "depr_psi": 0.75,
  "eval_CSR_post": 0.0,
  "eval_dbar_post_mean": 0.49124300479888916,
  "eval_done_count": 100.0,
  "eval_episodes_per_env": 4.0,
  "eval_len_end_mean": 26.0,
  "eval_occupied_post_mean": 0.4099999964237213,
  "eval_return_end_mean": -23.188373565673828,
  "eval_t_eval": 104.0,
  "final_depr_F_post": 3.872560501098633,
  "final_energy_E_post": 0.09027828276157379,
  "final_episode_return_end_mean": -25.835372924804688,
  "final_funding_alpha_eff": 0.006623151246458292,
  "final_funding_g": 0.12968428432941437,
  "final_funding_g_raw": 0.12968428432941437,
  "final_update_counter": 9.0,
  "final_vartd_VarTD": 0.19317929446697235,
  "mechanism": "hardzero_plus_depr",
  "mechanism_tag": "hardzero_plus_depr__c0p56__z1p10__lam0p010__nu0p50__psi0p75",
  "runtime_sec": 24.0099334489787,
  "seed": 30,
  "z_cut": 1.1
}