{
  "alpha": 0.02,
  "c_upd": 0.52,
  "depr_lambda": 0.03,
  "depr_nu": 0.5,
  "depr_psi": 0.75,
  "eval_CSR_post": 0.009999999776482582,
  "eval_dbar_post_mean": 0.541404664516449,
  "eval_done_count": 100.0,
  "eval_episodes_per_env": 4.0,
  "eval_len_end_mean": 26.0,
  "eval_occupied_post_mean": 0.3199999928474426,
  "eval_return_end_mean": -24.123554229736328,
  "eval_t_eval": 104.0,
  "final_depr_F_post": 37.03511428833008,
  "final_energy_E_post": 0.06670396029949188,
  "final_episode_return_end_mean": -27.572677612304688,
  "final_funding_alpha_eff": 1.768851958080988e-14,
  "final_funding_g": 0.1002056822180748,
  "final_funding_g_raw": 0.1002056822180748,
  "final_update_counter": 2.0,
  "final_vartd_VarTD": 0.1442403644323349,
  "mechanism": "hardzero_plus_depr",
  "mechanism_tag": "hardzero_plus_depr__c0p52__z1p10__lam0p030__nu0p50__psi0p75",
  "runtime_sec": 10.713131355994847,
  "seed": 35,
  "z_cut": 1.1
}