{
  "I_R_full": 1.2792020003807392,
  "alpha": 1.0,
  "borrow_interest": 0.02,
  "borrow_limit": 0.6,
  "c_upd": 0.9,
  "condition": "enabled_full__borrow__t1m__a1p00__c0p90",
  "eval_CSR_post": 0.0,
  "eval_CSR_pre": 0.009999999776482582,
  "eval_dbar_post_mean": 0.4916301369667053,
  "eval_dbar_pre_mean": 0.49761372804641724,
  "eval_done_count": 100.0,
  "eval_done_per_env_max": 4.0,
  "eval_done_per_env_min": 4.0,
  "eval_episodes_per_env": 4.0,
  "eval_len_end_mean": 26.0,
  "eval_max_tilde_post_mean": 0.7002661824226379,
  "eval_max_tilde_pre_mean": 0.700823187828064,
  "eval_occupied_post_mean": 0.32999998331069946,
  "eval_occupied_pre_mean": 0.3799999952316284,
  "eval_return_end_mean": -24.08802604675293,
  "eval_t_eval": 104.0,
  "family": "borrow",
  "final_energy": -0.322431743144989,
  "final_executed_updates": 54.0,
  "final_vartd": 5.427679538726807,
  "learned_R_full_0p5": 1.0,
  "max_debt_level": 0.48362332582473755,
  "mean_update_fraction": 0.17307692766189575,
  "metric_horizon": "full",
  "phase": "extension_full",
  "runtime_sec": 2.9955075179987034,
  "seed": 51,
  "support_mode": "none",
  "support_total": 0.0,
  "total_debt_charge": 0.7096216082572937,
  "total_support_injected": 0.0,
  "total_timesteps": 1000000,
  "train_final_return_end_mean": -23.355636596679688
}