{
  "alpha": 0.06,
  "c_upd": 0.58,
  "depr_lambda": 0.0,
  "depr_nu": 0.5,
  "depr_psi": 0.0,
  "eval_CSR_post": 0.0,
  "eval_dbar_post_mean": 0.477586567401886,
  "eval_done_count": 100.0,
  "eval_episodes_per_env": 4.0,
  "eval_len_end_mean": 26.0,
  "eval_occupied_post_mean": 0.4099999964237213,
  "eval_return_end_mean": -22.6284122467041,
  "eval_t_eval": 104.0,
  "final_depr_F_post": 0.0,
  "final_energy_E_post": 0.4393727779388428,
  "final_episode_return_end_mean": -25.483203887939453,
  "final_funding_alpha_eff": 0.05999999865889549,
  "final_funding_g": 0.14441971480846405,
  "final_funding_g_raw": 0.14441971480846405,
  "final_update_counter": 16.0,
  "final_vartd_VarTD": 0.38842740654945374,
  "mechanism": "hardzero_only",
  "mechanism_tag": "hardzero_only__c0p58__z1p10__lam0p000__nu0p50__psi0p00",
  "runtime_sec": 9.780406195030082,
  "seed": 41,
  "z_cut": 1.1
}