{
  "alpha": 0.058,
  "c_upd": 0.58,
  "depr_lambda": 0.005,
  "depr_nu": 1.0,
  "depr_psi": 0.5,
  "eval_CSR_post": 0.0,
  "eval_dbar_post_mean": 0.8618752956390381,
  "eval_done_count": 100.0,
  "eval_episodes_per_env": 4.0,
  "eval_len_end_mean": 26.0,
  "eval_occupied_post_mean": 0.1599999964237213,
  "eval_return_end_mean": -29.443883895874023,
  "eval_t_eval": 104.0,
  "final_depr_F_post": 4.785061836242676,
  "final_energy_E_post": 0.5747201442718506,
  "final_episode_return_end_mean": -27.09641456604004,
  "final_funding_alpha_eff": 0.005314357578754425,
  "final_funding_g": 0.0,
  "final_funding_g_raw": 0.09348354488611221,
  "final_update_counter": 2.0,
  "final_vartd_VarTD": 0.17041777074337006,
  "mechanism": "hardzero_plus_depr",
  "mechanism_tag": "hardzero_plus_depr__c0p58__z1p00__lam0p005__nu1p00__psi0p50",
  "runtime_sec": 9.464791613980196,
  "seed": 48,
  "z_cut": 1.0
}