{
  "alpha": 0.1,
  "c_upd": 0.54,
  "depr_lambda": 0.02,
  "depr_nu": 0.5,
  "depr_psi": 0.75,
  "eval_CSR_post": 0.0,
  "eval_dbar_post_mean": 0.7040596008300781,
  "eval_done_count": 100.0,
  "eval_episodes_per_env": 4.0,
  "eval_len_end_mean": 26.0,
  "eval_occupied_post_mean": 0.1599999964237213,
  "eval_return_end_mean": -26.11543846130371,
  "eval_t_eval": 104.0,
  "final_depr_F_post": 23.0953369140625,
  "final_energy_E_post": 0.1779102385044098,
  "final_episode_return_end_mean": -28.897123336791992,
  "final_funding_alpha_eff": 3.047061047922739e-09,
  "final_funding_g": 0.0,
  "final_funding_g_raw": 0.07635387778282166,
  "final_update_counter": 3.0,
  "final_vartd_VarTD": 0.17320024967193604,
  "mechanism": "hardzero_plus_depr",
  "mechanism_tag": "hardzero_plus_depr__c0p54__z1p10__lam0p020__nu0p50__psi0p75",
  "runtime_sec": 10.744800623040646,
  "seed": 36,
  "z_cut": 1.1
}