{
  "alpha": 0.06,
  "c_upd": 0.58,
  "depr_lambda": 0.01,
  "depr_nu": 0.5,
  "depr_psi": 0.75,
  "eval_CSR_post": 0.0,
  "eval_dbar_post_mean": 0.7448506355285645,
  "eval_done_count": 100.0,
  "eval_episodes_per_env": 4.0,
  "eval_len_end_mean": 26.0,
  "eval_occupied_post_mean": 0.17000000178813934,
  "eval_return_end_mean": -27.2449951171875,
  "eval_t_eval": 104.0,
  "final_depr_F_post": 11.155159950256348,
  "final_energy_E_post": 0.12196500599384308,
  "final_episode_return_end_mean": -26.7523250579834,
  "final_funding_alpha_eff": 1.4058543456485495e-05,
  "final_funding_g": 0.10805542021989822,
  "final_funding_g_raw": 0.10805542021989822,
  "final_update_counter": 2.0,
  "final_vartd_VarTD": 0.11590181291103363,
  "mechanism": "hardzero_plus_depr",
  "mechanism_tag": "hardzero_plus_depr__c0p58__z1p00__lam0p010__nu0p50__psi0p75",
  "runtime_sec": 10.680940423044376,
  "seed": 33,
  "z_cut": 1.0
}