{
  "alpha": 0.059,
  "c_upd": 0.58,
  "depr_lambda": 0.0,
  "depr_nu": 0.5,
  "depr_psi": 0.0,
  "eval_CSR_post": 0.0,
  "eval_dbar_post_mean": 0.48419472575187683,
  "eval_done_count": 100.0,
  "eval_episodes_per_env": 4.0,
  "eval_len_end_mean": 26.0,
  "eval_occupied_post_mean": 0.3999999761581421,
  "eval_return_end_mean": -23.38123321533203,
  "eval_t_eval": 104.0,
  "final_depr_F_post": 0.0,
  "final_energy_E_post": 0.1975117176771164,
  "final_episode_return_end_mean": -25.314807891845703,
  "final_funding_alpha_eff": 0.05900000035762787,
  "final_funding_g": 0.1420011669397354,
  "final_funding_g_raw": 0.1420011669397354,
  "final_update_counter": 11.0,
  "final_vartd_VarTD": 0.2158142626285553,
  "mechanism": "hardzero_only",
  "mechanism_tag": "hardzero_only__c0p58__z1p00__lam0p000__nu0p50__psi0p00",
  "runtime_sec": 21.728738480014727,
  "seed": 30,
  "z_cut": 1.0
}