{
  "I_R_short": 0.3996240320295205,
  "alpha": 0.0,
  "borrow_interest": 0.02,
  "borrow_limit": 0.6,
  "c_upd": 0.6,
  "condition": "rescue_short_anchor__borrow__t400k__a0p00__c0p60",
  "eval_CSR_post": 0.0,
  "eval_CSR_pre": 0.0,
  "eval_dbar_post_mean": 0.6086111664772034,
  "eval_dbar_pre_mean": 0.6066474318504333,
  "eval_done_count": 100.0,
  "eval_done_per_env_max": 4.0,
  "eval_done_per_env_min": 4.0,
  "eval_episodes_per_env": 4.0,
  "eval_len_end_mean": 26.0,
  "eval_max_tilde_post_mean": 0.8766489028930664,
  "eval_max_tilde_pre_mean": 0.8589202761650085,
  "eval_occupied_post_mean": 0.2199999988079071,
  "eval_occupied_pre_mean": 0.25,
  "eval_return_end_mean": -25.2820987701416,
  "eval_t_eval": 104.0,
  "family": "borrow",
  "final_energy": -0.6000000238418579,
  "final_executed_updates": 2.0,
  "final_vartd": 0.1622292548418045,
  "learned_R_short_0p5": 0.0,
  "max_debt_level": 0.6000000238418579,
  "mean_update_fraction": 0.01600000075995922,
  "metric_horizon": "short",
  "phase": "rescue_short",
  "runtime_sec": 1.0967913269996643,
  "seed": 34,
  "support_mode": "none",
  "support_total": 0.0,
  "total_debt_charge": 1.2102328538894653,
  "total_support_injected": 0.0,
  "total_timesteps": 400000,
  "train_final_return_end_mean": -26.68429183959961
}