{
  "alpha": 0.04,
  "c_upd": 0.6,
  "depr_lambda": 0.01,
  "depr_nu": 0.5,
  "depr_psi": 1.0,
  "eval_CSR_post": 0.0,
  "eval_dbar_post_mean": 0.6325904130935669,
  "eval_done_count": 100.0,
  "eval_episodes_per_env": 4.0,
  "eval_len_end_mean": 26.0,
  "eval_occupied_post_mean": 0.20999999344348907,
  "eval_return_end_mean": -25.1057071685791,
  "eval_t_eval": 104.0,
  "final_depr_F_post": 12.075181007385254,
  "final_energy_E_post": 0.26089411973953247,
  "final_episode_return_end_mean": -27.942626953125,
  "final_funding_alpha_eff": 2.3026002793358202e-07,
  "final_funding_g": 0.08931705355644226,
  "final_funding_g_raw": 0.08931705355644226,
  "final_update_counter": 2.0,
  "final_vartd_VarTD": 0.17848122119903564,
  "mechanism": "hardzero_plus_depr",
  "mechanism_tag": "hardzero_plus_depr__c0p60__z1p10__lam0p010__nu0p50__psi1p00",
  "runtime_sec": 10.654600295936689,
  "seed": 40,
  "z_cut": 1.1
}