{
  "alpha": 0.08,
  "c_upd": 0.5,
  "depr_lambda": 0.02,
  "depr_nu": 0.5,
  "depr_psi": 0.75,
  "eval_CSR_post": 0.009999999776482582,
  "eval_dbar_post_mean": 0.5211871862411499,
  "eval_done_count": 100.0,
  "eval_episodes_per_env": 4.0,
  "eval_len_end_mean": 26.0,
  "eval_occupied_post_mean": 0.3199999928474426,
  "eval_return_end_mean": -22.299406051635742,
  "eval_t_eval": 104.0,
  "final_depr_F_post": 22.67032814025879,
  "final_energy_E_post": 0.09586814045906067,
  "final_episode_return_end_mean": -27.78512191772461,
  "final_funding_alpha_eff": 3.352786714927447e-09,
  "final_funding_g": 0.0923805683851242,
  "final_funding_g_raw": 0.0923805683851242,
  "final_update_counter": 3.0,
  "final_vartd_VarTD": 0.22106316685676575,
  "mechanism": "hardzero_plus_depr",
  "mechanism_tag": "hardzero_plus_depr__c0p50__z1p10__lam0p020__nu0p50__psi0p75",
  "runtime_sec": 10.698581570992246,
  "seed": 38,
  "z_cut": 1.1
}