{
  "I_R_full": -3.5453369666567567,
  "alpha": 0.1,
  "borrow_interest": 0.0,
  "borrow_limit": 0.0,
  "c_upd": 1.0,
  "condition": "anchor_edge_full__base__t1m__a0p10__c1p00",
  "eval_CSR_post": 0.0,
  "eval_CSR_pre": 0.0,
  "eval_dbar_post_mean": 1.2953476905822754,
  "eval_dbar_pre_mean": 1.273897647857666,
  "eval_done_count": 100.0,
  "eval_done_per_env_max": 4.0,
  "eval_done_per_env_min": 4.0,
  "eval_episodes_per_env": 4.0,
  "eval_len_end_mean": 26.0,
  "eval_max_tilde_post_mean": 1.696998119354248,
  "eval_max_tilde_pre_mean": 1.6755030155181885,
  "eval_occupied_post_mean": 0.07999999821186066,
  "eval_occupied_pre_mean": 0.09999999403953552,
  "eval_return_end_mean": -36.038177490234375,
  "eval_t_eval": 104.0,
  "family": "base",
  "final_energy": 0.7706196904182434,
  "final_executed_updates": 3.0,
  "final_vartd": 0.16771066188812256,
  "learned_R_full_0p5": 0.0,
  "max_debt_level": 0.0,
  "mean_update_fraction": 0.009615384973585606,
  "metric_horizon": "full",
  "phase": "reproduce_baseline",
  "runtime_sec": 2.9983967339994706,
  "seed": 60,
  "support_mode": "none",
  "support_total": 0.0,
  "total_debt_charge": 0.0,
  "total_support_injected": 0.0,
  "total_timesteps": 1000000,
  "train_final_return_end_mean": -26.984102249145508
}