{
  "alpha": 0.05,
  "c_upd": 0.58,
  "depr_lambda": 0.02,
  "depr_nu": 0.5,
  "depr_psi": 0.75,
  "eval_CSR_post": 0.0,
  "eval_dbar_post_mean": 0.6221650838851929,
  "eval_done_count": 100.0,
  "eval_episodes_per_env": 4.0,
  "eval_len_end_mean": 26.0,
  "eval_occupied_post_mean": 0.28999999165534973,
  "eval_return_end_mean": -24.79244613647461,
  "eval_t_eval": 104.0,
  "final_depr_F_post": 24.480369567871094,
  "final_energy_E_post": 0.22689189016819,
  "final_episode_return_end_mean": -26.58350372314453,
  "final_funding_alpha_eff": 5.391603274951251e-10,
  "final_funding_g": 0.09771755337715149,
  "final_funding_g_raw": 0.09771755337715149,
  "final_update_counter": 2.0,
  "final_vartd_VarTD": 0.1431659460067749,
  "mechanism": "hardzero_plus_depr",
  "mechanism_tag": "hardzero_plus_depr__c0p58__z1p10__lam0p020__nu0p50__psi0p75",
  "runtime_sec": 10.762034815037623,
  "seed": 39,
  "z_cut": 1.1
}