{
  "alpha": 0.02,
  "c_upd": 0.6,
  "depr_lambda": 0.01,
  "depr_nu": 0.5,
  "depr_psi": 0.75,
  "eval_CSR_post": 0.0,
  "eval_dbar_post_mean": 0.6946060061454773,
  "eval_done_count": 100.0,
  "eval_episodes_per_env": 4.0,
  "eval_len_end_mean": 26.0,
  "eval_occupied_post_mean": 0.14999999105930328,
  "eval_return_end_mean": -26.43958854675293,
  "eval_t_eval": 104.0,
  "final_depr_F_post": 11.350164413452148,
  "final_energy_E_post": 0.1123926192522049,
  "final_episode_return_end_mean": -27.911441802978516,
  "final_funding_alpha_eff": 4.048572463943856e-06,
  "final_funding_g": 0.09396816790103912,
  "final_funding_g_raw": 0.09396816790103912,
  "final_update_counter": 2.0,
  "final_vartd_VarTD": 0.16469581425189972,
  "mechanism": "hardzero_plus_depr",
  "mechanism_tag": "hardzero_plus_depr__c0p60__z1p10__lam0p010__nu0p50__psi0p75",
  "runtime_sec": 10.689240016043186,
  "seed": 41,
  "z_cut": 1.1
}