{
  "alpha": 0.06,
  "c_upd": 0.58,
  "depr_lambda": 0.02,
  "depr_nu": 0.5,
  "depr_psi": 1.0,
  "eval_CSR_post": 0.0,
  "eval_dbar_post_mean": 0.5770415663719177,
  "eval_done_count": 100.0,
  "eval_episodes_per_env": 4.0,
  "eval_len_end_mean": 26.0,
  "eval_occupied_post_mean": 0.2199999988079071,
  "eval_return_end_mean": -24.164419174194336,
  "eval_t_eval": 104.0,
  "final_depr_F_post": 24.34036636352539,
  "final_energy_E_post": 0.15333209931850433,
  "final_episode_return_end_mean": -27.816680908203125,
  "final_funding_alpha_eff": 1.644184571478191e-12,
  "final_funding_g": 0.09152249246835709,
  "final_funding_g_raw": 0.09152249246835709,
  "final_update_counter": 2.0,
  "final_vartd_VarTD": 0.1715192198753357,
  "mechanism": "hardzero_plus_depr",
  "mechanism_tag": "hardzero_plus_depr__c0p58__z1p05__lam0p020__nu0p50__psi1p00",
  "runtime_sec": 10.707659448962659,
  "seed": 40,
  "z_cut": 1.05
}