{
  "alpha": 0.02,
  "c_upd": 0.56,
  "depr_lambda": 0.01,
  "depr_nu": 0.5,
  "depr_psi": 0.75,
  "eval_CSR_post": 0.0,
  "eval_dbar_post_mean": 0.6256551742553711,
  "eval_done_count": 100.0,
  "eval_episodes_per_env": 4.0,
  "eval_len_end_mean": 26.0,
  "eval_occupied_post_mean": 0.23999999463558197,
  "eval_return_end_mean": -25.0634765625,
  "eval_t_eval": 104.0,
  "final_depr_F_post": 11.750173568725586,
  "final_energy_E_post": 0.13877923786640167,
  "final_episode_return_end_mean": -27.818920135498047,
  "final_funding_alpha_eff": 2.999235903189401e-06,
  "final_funding_g": 0.09439383447170258,
  "final_funding_g_raw": 0.09439383447170258,
  "final_update_counter": 2.0,
  "final_vartd_VarTD": 0.16024380922317505,
  "mechanism": "hardzero_plus_depr",
  "mechanism_tag": "hardzero_plus_depr__c0p56__z1p05__lam0p010__nu0p50__psi0p75",
  "runtime_sec": 10.76357641100185,
  "seed": 41,
  "z_cut": 1.05
}