{
  "alpha": 0.05,
  "c_upd": 0.52,
  "depr_lambda": 0.02,
  "depr_nu": 0.5,
  "depr_psi": 1.25,
  "eval_CSR_post": 0.0,
  "eval_dbar_post_mean": 0.5182037353515625,
  "eval_done_count": 100.0,
  "eval_episodes_per_env": 4.0,
  "eval_len_end_mean": 26.0,
  "eval_occupied_post_mean": 0.429999977350235,
  "eval_return_end_mean": -23.86088752746582,
  "eval_t_eval": 104.0,
  "final_depr_F_post": 24.780376434326172,
  "final_energy_E_post": 0.15352819859981537,
  "final_episode_return_end_mean": -26.10453987121582,
  "final_funding_alpha_eff": 1.808638112053059e-15,
  "final_funding_g": 0.1014913022518158,
  "final_funding_g_raw": 0.1014913022518158,
  "final_update_counter": 2.0,
  "final_vartd_VarTD": 0.13364970684051514,
  "mechanism": "hardzero_plus_depr",
  "mechanism_tag": "hardzero_plus_depr__c0p52__z1p05__lam0p020__nu0p50__psi1p25",
  "runtime_sec": 10.788715178030543,
  "seed": 32,
  "z_cut": 1.05
}