{
  "alpha": 0.1,
  "c_upd": 0.58,
  "depr_lambda": 0.03,
  "depr_nu": 0.5,
  "depr_psi": 0.75,
  "eval_CSR_post": 0.0,
  "eval_dbar_post_mean": 0.5540999174118042,
  "eval_done_count": 100.0,
  "eval_episodes_per_env": 4.0,
  "eval_len_end_mean": 26.0,
  "eval_occupied_post_mean": 0.3499999940395355,
  "eval_return_end_mean": -24.64647102355957,
  "eval_t_eval": 104.0,
  "final_depr_F_post": 37.06511306762695,
  "final_energy_E_post": 0.32446718215942383,
  "final_episode_return_end_mean": -27.488611221313477,
  "final_funding_alpha_eff": 8.647493528537997e-14,
  "final_funding_g": 0.10342308133840561,
  "final_funding_g_raw": 0.10342308133840561,
  "final_update_counter": 2.0,
  "final_vartd_VarTD": 0.1452118456363678,
  "mechanism": "hardzero_plus_depr",
  "mechanism_tag": "hardzero_plus_depr__c0p58__z1p05__lam0p030__nu0p50__psi0p75",
  "runtime_sec": 10.884061748045497,
  "seed": 35,
  "z_cut": 1.05
}