{
  "alpha": 0.12,
  "c_upd": 0.54,
  "depr_lambda": 0.01,
  "depr_nu": 0.5,
  "depr_psi": 1.0,
  "eval_CSR_post": 0.0,
  "eval_dbar_post_mean": 0.5493689179420471,
  "eval_done_count": 100.0,
  "eval_episodes_per_env": 4.0,
  "eval_len_end_mean": 26.0,
  "eval_occupied_post_mean": 0.3499999940395355,
  "eval_return_end_mean": -23.18918800354004,
  "eval_t_eval": 104.0,
  "final_depr_F_post": 12.045180320739746,
  "final_energy_E_post": 0.2939043939113617,
  "final_episode_return_end_mean": -28.048635482788086,
  "final_funding_alpha_eff": 7.118179610188236e-07,
  "final_funding_g": 0.0,
  "final_funding_g_raw": 0.08833610266447067,
  "final_update_counter": 2.0,
  "final_vartd_VarTD": 0.17568334937095642,
  "mechanism": "hardzero_plus_depr",
  "mechanism_tag": "hardzero_plus_depr__c0p54__z1p00__lam0p010__nu0p50__psi1p00",
  "runtime_sec": 10.346156863030046,
  "seed": 40,
  "z_cut": 1.0
}