{
  "alpha": 0.05,
  "c_upd": 0.54,
  "depr_lambda": 0.0,
  "depr_nu": 0.5,
  "depr_psi": 0.0,
  "eval_CSR_post": 0.0,
  "eval_dbar_post_mean": 0.5118494033813477,
  "eval_done_count": 100.0,
  "eval_episodes_per_env": 4.0,
  "eval_len_end_mean": 26.0,
  "eval_occupied_post_mean": 0.38999998569488525,
  "eval_return_end_mean": -24.03809928894043,
  "eval_t_eval": 104.0,
  "final_depr_F_post": 0.0,
  "final_energy_E_post": 0.4194629192352295,
  "final_episode_return_end_mean": -25.22876739501953,
  "final_funding_alpha_eff": 0.05000000074505806,
  "final_funding_g": 0.1408252865076065,
  "final_funding_g_raw": 0.1408252865076065,
  "final_update_counter": 15.0,
  "final_vartd_VarTD": 0.30474498867988586,
  "mechanism": "hardzero_only",
  "mechanism_tag": "hardzero_only__c0p54__z1p10__lam0p000__nu0p50__psi0p00",
  "runtime_sec": 9.877619794977363,
  "seed": 40,
  "z_cut": 1.1
}