{
  "alpha": 0.12,
  "c_upd": 0.58,
  "depr_lambda": 0.01,
  "depr_nu": 0.5,
  "depr_psi": 1.0,
  "eval_CSR_post": 0.0,
  "eval_dbar_post_mean": 0.50126051902771,
  "eval_done_count": 100.0,
  "eval_episodes_per_env": 4.0,
  "eval_len_end_mean": 26.0,
  "eval_occupied_post_mean": 0.3199999928474426,
  "eval_return_end_mean": -22.711347579956055,
  "eval_t_eval": 104.0,
  "final_depr_F_post": 11.07515811920166,
  "final_energy_E_post": 0.5205786824226379,
  "final_episode_return_end_mean": -26.091859817504883,
  "final_funding_alpha_eff": 1.8777778905132436e-06,
  "final_funding_g": 0.10177762061357498,
  "final_funding_g_raw": 0.10177762061357498,
  "final_update_counter": 4.0,
  "final_vartd_VarTD": 0.11744293570518494,
  "mechanism": "hardzero_plus_depr",
  "mechanism_tag": "hardzero_plus_depr__c0p58__z1p10__lam0p010__nu0p50__psi1p00",
  "runtime_sec": 10.830313216079958,
  "seed": 34,
  "z_cut": 1.1
}