{
  "alpha": 0.04,
  "c_upd": 0.52,
  "depr_lambda": 0.0,
  "depr_nu": 0.5,
  "depr_psi": 0.0,
  "eval_CSR_post": 0.0,
  "eval_dbar_post_mean": 0.4937674403190613,
  "eval_done_count": 100.0,
  "eval_episodes_per_env": 4.0,
  "eval_len_end_mean": 26.0,
  "eval_occupied_post_mean": 0.44999998807907104,
  "eval_return_end_mean": -23.88011932373047,
  "eval_t_eval": 104.0,
  "final_depr_F_post": 0.0,
  "final_energy_E_post": 0.48614874482154846,
  "final_episode_return_end_mean": -25.563745498657227,
  "final_funding_alpha_eff": 0.03999999910593033,
  "final_funding_g": 0.12296556681394577,
  "final_funding_g_raw": 0.12296556681394577,
  "final_update_counter": 12.0,
  "final_vartd_VarTD": 0.21262003481388092,
  "mechanism": "hardzero_only",
  "mechanism_tag": "hardzero_only__c0p52__z1p05__lam0p000__nu0p50__psi0p00",
  "runtime_sec": 9.848992230021395,
  "seed": 37,
  "z_cut": 1.05
}