{
  "alpha": 0.085,
  "c_upd": 0.58,
  "depr_lambda": 0.005,
  "depr_nu": 1.0,
  "depr_psi": 0.5,
  "eval_CSR_post": 0.0,
  "eval_dbar_post_mean": 0.5392786860466003,
  "eval_done_count": 100.0,
  "eval_episodes_per_env": 4.0,
  "eval_len_end_mean": 26.0,
  "eval_occupied_post_mean": 0.41999998688697815,
  "eval_return_end_mean": -24.691043853759766,
  "eval_t_eval": 104.0,
  "final_depr_F_post": 0.33999982476234436,
  "final_energy_E_post": 0.574747622013092,
  "final_episode_return_end_mean": -26.992238998413086,
  "final_funding_alpha_eff": 0.07189102470874786,
  "final_funding_g": 0.113008052110672,
  "final_funding_g_raw": 0.113008052110672,
  "final_update_counter": 7.0,
  "final_vartd_VarTD": 0.15835298597812653,
  "mechanism": "hardzero_plus_depr",
  "mechanism_tag": "hardzero_plus_depr__c0p58__z1p00__lam0p005__nu1p00__psi0p50",
  "runtime_sec": 9.479485842050053,
  "seed": 41,
  "z_cut": 1.0
}