{
  "I_R_full_anchor_compat": -0.6871469894213591,
  "above_R_THRESH_FULL_anchor": 0.0,
  "alpha": 1.0,
  "borrow_interest": 0.0,
  "borrow_limit": 0.0,
  "c_upd": 0.9,
  "condition": "enabled_full__support__t4m__a1p00__c0p90",
  "eval_CSR_post": 0.0,
  "eval_CSR_pre": 0.0,
  "eval_dbar_post_mean": 0.9944013357162476,
  "eval_dbar_pre_mean": 0.963015079498291,
  "eval_done_count": 100.0,
  "eval_done_per_env_max": 4.0,
  "eval_done_per_env_min": 4.0,
  "eval_episodes_per_env": 4.0,
  "eval_len_end_mean": 26.0,
  "eval_max_tilde_post_mean": 1.261509656906128,
  "eval_max_tilde_pre_mean": 1.2263330221176147,
  "eval_occupied_post_mean": 0.07000000029802322,
  "eval_occupied_pre_mean": 0.07999999821186066,
  "eval_return_end_mean": -28.95857810974121,
  "eval_t_eval": 104.0,
  "family": "support",
  "final_energy": 0.907397449016571,
  "final_executed_updates": 212.0,
  "final_vartd": 1.694441795349121,
  "max_debt_level": 0.0,
  "mean_update_fraction": 0.1695999950170517,
  "metric_horizon": "long4m",
  "phase": "extension_full",
  "runtime_sec": 11.155118425000182,
  "seed": 45,
  "support_mode": "frontload",
  "support_total": 0.6,
  "total_debt_charge": 0.0,
  "total_support_injected": 0.5999999642372131,
  "total_timesteps": 4000000,
  "train_final_return_end_mean": -25.564294815063477
}