{
  "alpha": 0.12,
  "c_upd": 0.6,
  "depr_lambda": 0.01,
  "depr_nu": 0.5,
  "depr_psi": 0.75,
  "eval_CSR_post": 0.0,
  "eval_dbar_post_mean": 0.6733476519584656,
  "eval_done_count": 100.0,
  "eval_episodes_per_env": 4.0,
  "eval_len_end_mean": 26.0,
  "eval_occupied_post_mean": 0.2199999988079071,
  "eval_return_end_mean": -25.53316879272461,
  "eval_t_eval": 104.0,
  "final_depr_F_post": 10.850152969360352,
  "final_energy_E_post": 0.11529795825481415,
  "final_episode_return_end_mean": -27.948543548583984,
  "final_funding_alpha_eff": 3.5344135540071875e-05,
  "final_funding_g": 0.0,
  "final_funding_g_raw": 0.09345274418592453,
  "final_update_counter": 2.0,
  "final_vartd_VarTD": 0.16771090030670166,
  "mechanism": "hardzero_plus_depr",
  "mechanism_tag": "hardzero_plus_depr__c0p60__z1p00__lam0p010__nu0p50__psi0p75",
  "runtime_sec": 10.71812133397907,
  "seed": 41,
  "z_cut": 1.0
}