{
  "alpha": 0.08,
  "c_upd": 0.52,
  "depr_lambda": 0.01,
  "depr_nu": 0.5,
  "depr_psi": 1.25,
  "eval_CSR_post": 0.0,
  "eval_dbar_post_mean": 0.6146071553230286,
  "eval_done_count": 100.0,
  "eval_episodes_per_env": 4.0,
  "eval_len_end_mean": 26.0,
  "eval_occupied_post_mean": 0.3100000023841858,
  "eval_return_end_mean": -24.20688247680664,
  "eval_t_eval": 104.0,
  "final_depr_F_post": 11.142660140991211,
  "final_energy_E_post": 0.11782967299222946,
  "final_episode_return_end_mean": -27.6361083984375,
  "final_funding_alpha_eff": 7.236424437451205e-08,
  "final_funding_g": 0.09370341151952744,
  "final_funding_g_raw": 0.09370341151952744,
  "final_update_counter": 3.0,
  "final_vartd_VarTD": 0.16754521429538727,
  "mechanism": "hardzero_plus_depr",
  "mechanism_tag": "hardzero_plus_depr__c0p52__z1p05__lam0p010__nu0p50__psi1p25",
  "runtime_sec": 10.772247735003475,
  "seed": 40,
  "z_cut": 1.05
}