{
  "alpha": 0.08,
  "c_upd": 0.54,
  "depr_lambda": 0.02,
  "depr_nu": 0.5,
  "depr_psi": 1.0,
  "eval_CSR_post": 0.0,
  "eval_dbar_post_mean": 0.6441895961761475,
  "eval_done_count": 100.0,
  "eval_episodes_per_env": 4.0,
  "eval_len_end_mean": 26.0,
  "eval_occupied_post_mean": 0.28999999165534973,
  "eval_return_end_mean": -25.035844802856445,
  "eval_t_eval": 104.0,
  "final_depr_F_post": 23.880355834960938,
  "final_energy_E_post": 0.05400443077087402,
  "final_episode_return_end_mean": -27.30466079711914,
  "final_funding_alpha_eff": 3.472716255184527e-12,
  "final_funding_g": 0.1039038673043251,
  "final_funding_g_raw": 0.1039038673043251,
  "final_update_counter": 2.0,
  "final_vartd_VarTD": 0.1410326212644577,
  "mechanism": "hardzero_plus_depr",
  "mechanism_tag": "hardzero_plus_depr__c0p54__z1p00__lam0p020__nu0p50__psi1p00",
  "runtime_sec": 10.18893223197665,
  "seed": 35,
  "z_cut": 1.0
}