{
  "alpha": 0.12,
  "c_upd": 0.54,
  "depr_lambda": 0.0,
  "depr_nu": 0.5,
  "depr_psi": 0.0,
  "eval_CSR_post": 0.009999999776482582,
  "eval_dbar_post_mean": 0.508568525314331,
  "eval_done_count": 100.0,
  "eval_episodes_per_env": 4.0,
  "eval_len_end_mean": 26.0,
  "eval_occupied_post_mean": 0.29999998211860657,
  "eval_return_end_mean": -22.76721954345703,
  "eval_t_eval": 104.0,
  "final_depr_F_post": 0.0,
  "final_energy_E_post": 0.16715107858181,
  "final_episode_return_end_mean": -24.400863647460938,
  "final_funding_alpha_eff": 0.11999999731779099,
  "final_funding_g": 0.1569172888994217,
  "final_funding_g_raw": 0.1569172888994217,
  "final_update_counter": 40.0,
  "final_vartd_VarTD": 3.6628167629241943,
  "mechanism": "hardzero_only",
  "mechanism_tag": "hardzero_only__c0p54__z1p05__lam0p000__nu0p50__psi0p00",
  "runtime_sec": 9.988176008977462,
  "seed": 40,
  "z_cut": 1.05
}