{
  "alpha": 0.1,
  "c_upd": 0.54,
  "depr_lambda": 0.02,
  "depr_nu": 0.5,
  "depr_psi": 0.75,
  "eval_CSR_post": 0.0,
  "eval_dbar_post_mean": 0.5233826637268066,
  "eval_done_count": 100.0,
  "eval_episodes_per_env": 4.0,
  "eval_len_end_mean": 26.0,
  "eval_occupied_post_mean": 0.44999998807907104,
  "eval_return_end_mean": -23.06001091003418,
  "eval_t_eval": 104.0,
  "final_depr_F_post": 23.595348358154297,
  "final_energy_E_post": 0.27505964040756226,
  "final_episode_return_end_mean": -26.384069442749023,
  "final_funding_alpha_eff": 2.0941963718712486e-09,
  "final_funding_g": 0.11472159624099731,
  "final_funding_g_raw": 0.11472159624099731,
  "final_update_counter": 3.0,
  "final_vartd_VarTD": 0.11738520860671997,
  "mechanism": "hardzero_plus_depr",
  "mechanism_tag": "hardzero_plus_depr__c0p54__z1p10__lam0p020__nu0p50__psi0p75",
  "runtime_sec": 10.725711969076656,
  "seed": 33,
  "z_cut": 1.1
}