{
  "alpha": 0.15,
  "borrow_interest": 0.01,
  "borrow_limit": 0.6,
  "c_upd": 0.58,
  "depr_lambda": 0.0,
  "depr_nu": 0.5,
  "depr_psi": 0.0,
  "eval_CSR_post": 0.0,
  "eval_dbar_post_mean": 0.479288786649704,
  "eval_done_count": 100.0,
  "eval_episodes_per_env": 4.0,
  "eval_len_end_mean": 26.0,
  "eval_occupied_post_mean": 0.47999998927116394,
  "eval_return_end_mean": -22.79180145263672,
  "eval_t_eval": 104.0,
  "family": "borrow",
  "final_depr_F_post": 0.0,
  "final_energy_E_post": -0.41647934913635254,
  "final_update_counter": 39.0,
  "final_vartd_VarTD": 3.4946231842041016,
  "max_debt_level_post": 0.595858633518219,
  "mean_update_fraction": 0.031199999153614044,
  "mechanism": "hardzero_only",
  "mechanism_tag": "hardzero_only__c0p58__z1p00__lam0p000__nu0p50__psi0p00",
  "runtime_sec": 10.626906109042466,
  "seed": 55,
  "support_mode": "none",
  "support_total": 0.0,
  "total_debt_charge": 3.766697645187378,
  "total_support_s": 0.0,
  "z_cut": 1.0
}