{
  "alpha": 0.12,
  "c_upd": 0.54,
  "depr_lambda": 0.01,
  "depr_nu": 0.5,
  "depr_psi": 1.25,
  "eval_CSR_post": 0.009999999776482582,
  "eval_dbar_post_mean": 0.5049019455909729,
  "eval_done_count": 100.0,
  "eval_episodes_per_env": 4.0,
  "eval_len_end_mean": 26.0,
  "eval_occupied_post_mean": 0.3999999761581421,
  "eval_return_end_mean": -23.314313888549805,
  "eval_t_eval": 104.0,
  "final_depr_F_post": 10.842653274536133,
  "final_energy_E_post": 0.2522130012512207,
  "final_episode_return_end_mean": -25.9993953704834,
  "final_funding_alpha_eff": 1.5793538921116124e-07,
  "final_funding_g": 0.12279944866895676,
  "final_funding_g_raw": 0.12279944866895676,
  "final_update_counter": 4.0,
  "final_vartd_VarTD": 0.11558840423822403,
  "mechanism": "hardzero_plus_depr",
  "mechanism_tag": "hardzero_plus_depr__c0p54__z1p05__lam0p010__nu0p50__psi1p25",
  "runtime_sec": 10.702332740998827,
  "seed": 33,
  "z_cut": 1.05
}