{
  "alpha": 0.03,
  "c_upd": 0.6,
  "depr_lambda": 0.0,
  "depr_nu": 0.5,
  "depr_psi": 0.0,
  "eval_CSR_post": 0.0,
  "eval_dbar_post_mean": 0.5036085247993469,
  "eval_done_count": 100.0,
  "eval_episodes_per_env": 4.0,
  "eval_len_end_mean": 26.0,
  "eval_occupied_post_mean": 0.3499999940395355,
  "eval_return_end_mean": -23.857440948486328,
  "eval_t_eval": 104.0,
  "final_depr_F_post": 0.0,
  "final_energy_E_post": 0.4735705554485321,
  "final_episode_return_end_mean": -27.170480728149414,
  "final_funding_alpha_eff": 0.029999999329447746,
  "final_funding_g": 0.10572953522205353,
  "final_funding_g_raw": 0.10572953522205353,
  "final_update_counter": 4.0,
  "final_vartd_VarTD": 0.15288284420967102,
  "mechanism": "hardzero_only",
  "mechanism_tag": "hardzero_only__c0p60__z1p00__lam0p000__nu0p50__psi0p00",
  "runtime_sec": 9.682309338997584,
  "seed": 41,
  "z_cut": 1.0
}