{
  "I_R_full": 1.3265070112210533,
  "alpha": 1.0,
  "borrow_interest": 0.0,
  "borrow_limit": 0.0,
  "c_upd": 0.9,
  "condition": "anchor_enabled_full__base__t1m__a1p00__c0p90",
  "eval_CSR_post": 0.019999999552965164,
  "eval_CSR_pre": 0.0,
  "eval_dbar_post_mean": 0.5013406276702881,
  "eval_dbar_pre_mean": 0.4967274069786072,
  "eval_done_count": 100.0,
  "eval_done_per_env_max": 4.0,
  "eval_done_per_env_min": 4.0,
  "eval_episodes_per_env": 4.0,
  "eval_len_end_mean": 26.0,
  "eval_max_tilde_post_mean": 0.7060614824295044,
  "eval_max_tilde_pre_mean": 0.7152583003044128,
  "eval_occupied_post_mean": 0.38999998569488525,
  "eval_occupied_pre_mean": 0.3499999940395355,
  "eval_return_end_mean": -23.970853805541992,
  "eval_t_eval": 104.0,
  "family": "base",
  "final_energy": 0.6744174957275391,
  "final_executed_updates": 51.0,
  "final_vartd": 4.951357364654541,
  "learned_R_full_0p5": 1.0,
  "max_debt_level": 0.0,
  "mean_update_fraction": 0.16346153616905212,
  "metric_horizon": "full",
  "phase": "reproduce_baseline",
  "runtime_sec": 3.0580903770005534,
  "seed": 43,
  "support_mode": "none",
  "support_total": 0.0,
  "total_debt_charge": 0.0,
  "total_support_injected": 0.0,
  "total_timesteps": 1000000,
  "train_final_return_end_mean": -22.811687469482422
}