{
  "alpha": 0.12,
  "c_upd": 0.56,
  "depr_lambda": 0.02,
  "depr_nu": 0.5,
  "depr_psi": 0.75,
  "eval_CSR_post": 0.0,
  "eval_dbar_post_mean": 0.6197828054428101,
  "eval_done_count": 100.0,
  "eval_episodes_per_env": 4.0,
  "eval_len_end_mean": 26.0,
  "eval_occupied_post_mean": 0.29999998211860657,
  "eval_return_end_mean": -25.417455673217773,
  "eval_t_eval": 104.0,
  "final_depr_F_post": 23.150339126586914,
  "final_energy_E_post": 0.08322954177856445,
  "final_episode_return_end_mean": -28.07659149169922,
  "final_funding_alpha_eff": 3.5087108773979026e-09,
  "final_funding_g": 0.0,
  "final_funding_g_raw": 0.0918470174074173,
  "final_update_counter": 2.0,
  "final_vartd_VarTD": 0.12615080177783966,
  "mechanism": "hardzero_plus_depr",
  "mechanism_tag": "hardzero_plus_depr__c0p56__z1p00__lam0p020__nu0p50__psi0p75",
  "runtime_sec": 9.89501127001131,
  "seed": 31,
  "z_cut": 1.0
}