{
  "alpha": 0.082,
  "c_upd": 0.58,
  "depr_lambda": 0.005,
  "depr_nu": 1.0,
  "depr_psi": 0.5,
  "eval_CSR_post": 0.0,
  "eval_dbar_post_mean": 0.4925897717475891,
  "eval_done_count": 100.0,
  "eval_episodes_per_env": 4.0,
  "eval_len_end_mean": 26.0,
  "eval_occupied_post_mean": 0.3799999952316284,
  "eval_return_end_mean": -23.625946044921875,
  "eval_t_eval": 104.0,
  "final_depr_F_post": 0.19499994814395905,
  "final_energy_E_post": 0.3945695161819458,
  "final_episode_return_end_mean": -26.27494239807129,
  "final_funding_alpha_eff": 0.07456858456134796,
  "final_funding_g": 0.117857426404953,
  "final_funding_g_raw": 0.117857426404953,
  "final_update_counter": 10.0,
  "final_vartd_VarTD": 0.15619204938411713,
  "mechanism": "hardzero_plus_depr",
  "mechanism_tag": "hardzero_plus_depr__c0p58__z1p00__lam0p005__nu1p00__psi0p50",
  "runtime_sec": 9.480744348024018,
  "seed": 40,
  "z_cut": 1.0
}