{
  "alpha": 0.1,
  "c_upd": 0.56,
  "depr_lambda": 0.02,
  "depr_nu": 0.5,
  "depr_psi": 0.75,
  "eval_CSR_post": 0.0,
  "eval_dbar_post_mean": 0.8807682394981384,
  "eval_done_count": 100.0,
  "eval_episodes_per_env": 4.0,
  "eval_len_end_mean": 26.0,
  "eval_occupied_post_mean": 0.10999999940395355,
  "eval_return_end_mean": -28.567726135253906,
  "eval_t_eval": 104.0,
  "final_depr_F_post": 24.820377349853516,
  "final_energy_E_post": 0.5463151335716248,
  "final_episode_return_end_mean": -29.26263427734375,
  "final_funding_alpha_eff": 8.356028091682788e-10,
  "final_funding_g": 0.0,
  "final_funding_g_raw": 0.07127971202135086,
  "final_update_counter": 2.0,
  "final_vartd_VarTD": 0.17554451525211334,
  "mechanism": "hardzero_plus_depr",
  "mechanism_tag": "hardzero_plus_depr__c0p56__z1p10__lam0p020__nu0p50__psi0p75",
  "runtime_sec": 10.691480739973485,
  "seed": 36,
  "z_cut": 1.1
}