{
  "alpha": 0.05,
  "c_upd": 0.58,
  "depr_lambda": 0.02,
  "depr_nu": 0.5,
  "depr_psi": 1.25,
  "eval_CSR_post": 0.0,
  "eval_dbar_post_mean": 0.5522445440292358,
  "eval_done_count": 100.0,
  "eval_episodes_per_env": 4.0,
  "eval_len_end_mean": 26.0,
  "eval_occupied_post_mean": 0.20999999344348907,
  "eval_return_end_mean": -24.40569305419922,
  "eval_t_eval": 104.0,
  "final_depr_F_post": 24.29036521911621,
  "final_energy_E_post": 0.08710148930549622,
  "final_episode_return_end_mean": -27.620595932006836,
  "final_funding_alpha_eff": 3.337054643506583e-15,
  "final_funding_g": 0.0993051677942276,
  "final_funding_g_raw": 0.0993051677942276,
  "final_update_counter": 2.0,
  "final_vartd_VarTD": 0.14733503758907318,
  "mechanism": "hardzero_plus_depr",
  "mechanism_tag": "hardzero_plus_depr__c0p58__z1p10__lam0p020__nu0p50__psi1p25",
  "runtime_sec": 10.69253146997653,
  "seed": 35,
  "z_cut": 1.1
}