{
  "alpha": 0.12,
  "c_upd": 0.52,
  "depr_lambda": 0.0,
  "depr_nu": 0.5,
  "depr_psi": 0.0,
  "eval_CSR_post": 0.019999999552965164,
  "eval_dbar_post_mean": 0.46165984869003296,
  "eval_done_count": 100.0,
  "eval_episodes_per_env": 4.0,
  "eval_len_end_mean": 26.0,
  "eval_occupied_post_mean": 0.5099999904632568,
  "eval_return_end_mean": -22.8154296875,
  "eval_t_eval": 104.0,
  "final_depr_F_post": 0.0,
  "final_energy_E_post": 0.19146302342414856,
  "final_episode_return_end_mean": -23.002805709838867,
  "final_funding_alpha_eff": 0.11999999731779099,
  "final_funding_g": 0.18781383335590363,
  "final_funding_g_raw": 0.18781383335590363,
  "final_update_counter": 40.0,
  "final_vartd_VarTD": 3.469573736190796,
  "mechanism": "hardzero_only",
  "mechanism_tag": "hardzero_only__c0p52__z1p00__lam0p000__nu0p50__psi0p00",
  "runtime_sec": 9.787830546003534,
  "seed": 32,
  "z_cut": 1.0
}