{
  "alpha": 0.05,
  "c_upd": 0.58,
  "depr_lambda": 0.01,
  "depr_nu": 0.5,
  "depr_psi": 0.75,
  "eval_CSR_post": 0.009999999776482582,
  "eval_dbar_post_mean": 0.5208904147148132,
  "eval_done_count": 100.0,
  "eval_episodes_per_env": 4.0,
  "eval_len_end_mean": 26.0,
  "eval_occupied_post_mean": 0.47999998927116394,
  "eval_return_end_mean": -23.862855911254883,
  "eval_t_eval": 104.0,
  "final_depr_F_post": 12.200183868408203,
  "final_energy_E_post": 0.49922147393226624,
  "final_episode_return_end_mean": -26.289392471313477,
  "final_funding_alpha_eff": 5.3502380978898145e-06,
  "final_funding_g": 0.09744658321142197,
  "final_funding_g_raw": 0.09744658321142197,
  "final_update_counter": 2.0,
  "final_vartd_VarTD": 0.13204915821552277,
  "mechanism": "hardzero_plus_depr",
  "mechanism_tag": "hardzero_plus_depr__c0p58__z1p05__lam0p010__nu0p50__psi0p75",
  "runtime_sec": 10.607007444021292,
  "seed": 32,
  "z_cut": 1.05
}