{
  "alpha": 0.09,
  "c_upd": 0.58,
  "depr_lambda": 0.0,
  "depr_nu": 0.5,
  "depr_psi": 0.0,
  "eval_CSR_post": 0.009999999776482582,
  "eval_dbar_post_mean": 0.474926233291626,
  "eval_done_count": 100.0,
  "eval_episodes_per_env": 4.0,
  "eval_len_end_mean": 26.0,
  "eval_occupied_post_mean": 0.4699999988079071,
  "eval_return_end_mean": -23.25461769104004,
  "eval_t_eval": 104.0,
  "final_depr_F_post": 0.0,
  "final_energy_E_post": 0.4341442584991455,
  "final_episode_return_end_mean": -23.53843116760254,
  "final_funding_alpha_eff": 0.09000000357627869,
  "final_funding_g": 0.1661607325077057,
  "final_funding_g_raw": 0.1661607325077057,
  "final_update_counter": 22.0,
  "final_vartd_VarTD": 0.8590008020401001,
  "mechanism": "hardzero_only",
  "mechanism_tag": "hardzero_only__c0p58__z1p00__lam0p000__nu0p50__psi0p00",
  "runtime_sec": 9.50374458602164,
  "seed": 49,
  "z_cut": 1.0
}