{
  "alpha": 0.1,
  "c_upd": 0.54,
  "depr_lambda": 0.01,
  "depr_nu": 0.5,
  "depr_psi": 1.25,
  "eval_CSR_post": 0.009999999776482582,
  "eval_dbar_post_mean": 0.5734750628471375,
  "eval_done_count": 100.0,
  "eval_episodes_per_env": 4.0,
  "eval_len_end_mean": 26.0,
  "eval_occupied_post_mean": 0.3799999952316284,
  "eval_return_end_mean": -24.844743728637695,
  "eval_t_eval": 104.0,
  "final_depr_F_post": 11.737672805786133,
  "final_energy_E_post": 0.3381052613258362,
  "final_episode_return_end_mean": -27.754180908203125,
  "final_funding_alpha_eff": 4.299526423778843e-08,
  "final_funding_g": 0.09195048362016678,
  "final_funding_g_raw": 0.09195048362016678,
  "final_update_counter": 3.0,
  "final_vartd_VarTD": 0.1700744479894638,
  "mechanism": "hardzero_plus_depr",
  "mechanism_tag": "hardzero_plus_depr__c0p54__z1p05__lam0p010__nu0p50__psi1p25",
  "runtime_sec": 10.674497544008773,
  "seed": 40,
  "z_cut": 1.05
}