{
  "alpha": 0.05,
  "c_upd": 0.54,
  "depr_lambda": 0.02,
  "depr_nu": 0.5,
  "depr_psi": 1.0,
  "eval_CSR_post": 0.0,
  "eval_dbar_post_mean": 0.6849406957626343,
  "eval_done_count": 100.0,
  "eval_episodes_per_env": 4.0,
  "eval_len_end_mean": 26.0,
  "eval_occupied_post_mean": 0.2800000011920929,
  "eval_return_end_mean": -26.466171264648438,
  "eval_t_eval": 104.0,
  "final_depr_F_post": 24.680374145507812,
  "final_energy_E_post": 0.16656376421451569,
  "final_episode_return_end_mean": -27.950170516967773,
  "final_funding_alpha_eff": 9.752271689852932e-13,
  "final_funding_g": 0.09261322766542435,
  "final_funding_g_raw": 0.09261322766542435,
  "final_update_counter": 2.0,
  "final_vartd_VarTD": 0.1708156168460846,
  "mechanism": "hardzero_plus_depr",
  "mechanism_tag": "hardzero_plus_depr__c0p54__z1p05__lam0p020__nu0p50__psi1p00",
  "runtime_sec": 10.788555420003831,
  "seed": 41,
  "z_cut": 1.05
}