{
  "alpha": 0.05,
  "c_upd": 0.56,
  "depr_lambda": 0.01,
  "depr_nu": 0.5,
  "depr_psi": 0.75,
  "eval_CSR_post": 0.009999999776482582,
  "eval_dbar_post_mean": 0.576450526714325,
  "eval_done_count": 100.0,
  "eval_episodes_per_env": 4.0,
  "eval_len_end_mean": 26.0,
  "eval_occupied_post_mean": 0.429999977350235,
  "eval_return_end_mean": -24.76848793029785,
  "eval_t_eval": 104.0,
  "final_depr_F_post": 11.670171737670898,
  "final_energy_E_post": 0.12363409250974655,
  "final_episode_return_end_mean": -26.87908172607422,
  "final_funding_alpha_eff": 7.961756637087092e-06,
  "final_funding_g": 0.0,
  "final_funding_g_raw": 0.0974024087190628,
  "final_update_counter": 2.0,
  "final_vartd_VarTD": 0.19542592763900757,
  "mechanism": "hardzero_plus_depr",
  "mechanism_tag": "hardzero_plus_depr__c0p56__z1p00__lam0p010__nu0p50__psi0p75",
  "runtime_sec": 9.913109845016152,
  "seed": 37,
  "z_cut": 1.0
}