{
  "alpha": 1.0,
  "c_upd": 0.9,
  "condition": "enabled_full",
  "eval_CSR_post": 0.0,
  "eval_CSR_pre": 0.0,
  "eval_dbar_post_mean": 0.5039363503456116,
  "eval_dbar_pre_mean": 0.5078521966934204,
  "eval_done_count": 100.0,
  "eval_done_per_env_max": 4.0,
  "eval_done_per_env_min": 4.0,
  "eval_episodes_per_env": 4.0,
  "eval_len_end_mean": 26.0,
  "eval_max_tilde_post_mean": 0.7303801774978638,
  "eval_max_tilde_pre_mean": 0.7385246157646179,
  "eval_occupied_post_mean": 0.4599999785423279,
  "eval_occupied_pre_mean": 0.3799999952316284,
  "eval_return_end_mean": -23.92453956604004,
  "eval_t_eval": 104.0,
  "final_energy": 0.8405295014381409,
  "final_executed_updates": 50.0,
  "final_funding_g": 0.18066389858722687,
  "final_funding_z": 0.7431285977363586,
  "final_vartd": 4.768336772918701,
  "horizon_label": "full",
  "mean_update_fraction": 0.16025641560554504,
  "runtime_sec": 2.6072093399998266,
  "seed": 51,
  "train_final_CSR_train": 0.0,
  "train_final_dbar_end": 0.5449718832969666,
  "train_final_min_dists_end_mean": 1.6349155902862549,
  "train_final_occupied_end_mean": 0.2720000147819519,
  "train_final_return_end_mean": -22.750776290893555
}