{
  "alpha": 0.031,
  "c_upd": 0.58,
  "depr_lambda": 0.005,
  "depr_nu": 1.0,
  "depr_psi": 0.5,
  "eval_CSR_post": 0.0,
  "eval_dbar_post_mean": 0.5430740118026733,
  "eval_done_count": 100.0,
  "eval_episodes_per_env": 4.0,
  "eval_len_end_mean": 26.0,
  "eval_occupied_post_mean": 0.3199999928474426,
  "eval_return_end_mean": -24.149614334106445,
  "eval_t_eval": 104.0,
  "final_depr_F_post": 4.0300445556640625,
  "final_energy_E_post": 0.4947408139705658,
  "final_episode_return_end_mean": -26.777786254882812,
  "final_funding_alpha_eff": 0.004143185447901487,
  "final_funding_g": 0.0,
  "final_funding_g_raw": 0.09811628609895706,
  "final_update_counter": 2.0,
  "final_vartd_VarTD": 0.20596735179424286,
  "mechanism": "hardzero_plus_depr",
  "mechanism_tag": "hardzero_plus_depr__c0p58__z1p00__lam0p005__nu1p00__psi0p50",
  "runtime_sec": 9.46693638106808,
  "seed": 37,
  "z_cut": 1.0
}