{
  "alpha": 0.12,
  "c_upd": 0.56,
  "depr_lambda": 0.01,
  "depr_nu": 0.5,
  "depr_psi": 1.25,
  "eval_CSR_post": 0.0,
  "eval_dbar_post_mean": 0.5302176475524902,
  "eval_done_count": 100.0,
  "eval_episodes_per_env": 4.0,
  "eval_len_end_mean": 26.0,
  "eval_occupied_post_mean": 0.3100000023841858,
  "eval_return_end_mean": -24.014137268066406,
  "eval_t_eval": 104.0,
  "final_depr_F_post": 10.931405067443848,
  "final_energy_E_post": 0.2764439284801483,
  "final_episode_return_end_mean": -26.039426803588867,
  "final_funding_alpha_eff": 1.4135096648715262e-07,
  "final_funding_g": 0.12417358160018921,
  "final_funding_g_raw": 0.12417358160018921,
  "final_update_counter": 4.0,
  "final_vartd_VarTD": 0.11252548545598984,
  "mechanism": "hardzero_plus_depr",
  "mechanism_tag": "hardzero_plus_depr__c0p56__z1p10__lam0p010__nu0p50__psi1p25",
  "runtime_sec": 10.731828829972073,
  "seed": 33,
  "z_cut": 1.1
}