{
  "alpha": 0.08,
  "c_upd": 0.56,
  "depr_lambda": 0.01,
  "depr_nu": 0.5,
  "depr_psi": 1.0,
  "eval_CSR_post": 0.0,
  "eval_dbar_post_mean": 0.5336216688156128,
  "eval_done_count": 100.0,
  "eval_episodes_per_env": 4.0,
  "eval_len_end_mean": 26.0,
  "eval_occupied_post_mean": 0.3700000047683716,
  "eval_return_end_mean": -23.196029663085938,
  "eval_t_eval": 104.0,
  "final_depr_F_post": 11.602670669555664,
  "final_energy_E_post": 0.3689204752445221,
  "final_episode_return_end_mean": -27.358783721923828,
  "final_funding_alpha_eff": 7.386814218079962e-07,
  "final_funding_g": 0.09406042098999023,
  "final_funding_g_raw": 0.09406042098999023,
  "final_update_counter": 3.0,
  "final_vartd_VarTD": 0.19626295566558838,
  "mechanism": "hardzero_plus_depr",
  "mechanism_tag": "hardzero_plus_depr__c0p56__z1p10__lam0p010__nu0p50__psi1p00",
  "runtime_sec": 24.348842242965475,
  "seed": 30,
  "z_cut": 1.1
}