{
  "alpha": 0.04,
  "c_upd": 0.56,
  "depr_lambda": 0.0,
  "depr_nu": 0.5,
  "depr_psi": 0.0,
  "eval_CSR_post": 0.0,
  "eval_dbar_post_mean": 0.5174374580383301,
  "eval_done_count": 100.0,
  "eval_episodes_per_env": 4.0,
  "eval_len_end_mean": 26.0,
  "eval_occupied_post_mean": 0.38999998569488525,
  "eval_return_end_mean": -24.472301483154297,
  "eval_t_eval": 104.0,
  "final_depr_F_post": 0.0,
  "final_energy_E_post": 0.5163339376449585,
  "final_episode_return_end_mean": -26.073650360107422,
  "final_funding_alpha_eff": 0.03999999910593033,
  "final_funding_g": 0.10566636174917221,
  "final_funding_g_raw": 0.10566636174917221,
  "final_update_counter": 5.0,
  "final_vartd_VarTD": 0.13664650917053223,
  "mechanism": "hardzero_only",
  "mechanism_tag": "hardzero_only__c0p56__z1p00__lam0p000__nu0p50__psi0p00",
  "runtime_sec": 9.589598758990178,
  "seed": 39,
  "z_cut": 1.0
}