{
  "alpha": 0.04,
  "c_upd": 0.6,
  "depr_lambda": 0.02,
  "depr_nu": 0.5,
  "depr_psi": 0.75,
  "eval_CSR_post": 0.0,
  "eval_dbar_post_mean": 0.8137078285217285,
  "eval_done_count": 100.0,
  "eval_episodes_per_env": 4.0,
  "eval_len_end_mean": 26.0,
  "eval_occupied_post_mean": 0.2199999988079071,
  "eval_return_end_mean": -28.29450225830078,
  "eval_t_eval": 104.0,
  "final_depr_F_post": 23.860355377197266,
  "final_energy_E_post": 0.10920732468366623,
  "final_episode_return_end_mean": -28.192975997924805,
  "final_funding_alpha_eff": 6.866873736299794e-10,
  "final_funding_g": 0.08680640161037445,
  "final_funding_g_raw": 0.08680640161037445,
  "final_update_counter": 2.0,
  "final_vartd_VarTD": 0.12596075236797333,
  "mechanism": "hardzero_plus_depr",
  "mechanism_tag": "hardzero_plus_depr__c0p60__z1p10__lam0p020__nu0p50__psi0p75",
  "runtime_sec": 10.591117764008231,
  "seed": 31,
  "z_cut": 1.1
}