{
  "alpha": 0.06,
  "c_upd": 0.6,
  "depr_lambda": 0.0,
  "depr_nu": 0.5,
  "depr_psi": 0.0,
  "eval_CSR_post": 0.019999999552965164,
  "eval_dbar_post_mean": 0.46388527750968933,
  "eval_done_count": 100.0,
  "eval_episodes_per_env": 4.0,
  "eval_len_end_mean": 26.0,
  "eval_occupied_post_mean": 0.4899999797344208,
  "eval_return_end_mean": -23.06766128540039,
  "eval_t_eval": 104.0,
  "final_depr_F_post": 0.0,
  "final_energy_E_post": 0.3106089234352112,
  "final_episode_return_end_mean": -25.547073364257812,
  "final_funding_alpha_eff": 0.05999999865889549,
  "final_funding_g": 0.13863612711429596,
  "final_funding_g_raw": 0.13863612711429596,
  "final_update_counter": 15.0,
  "final_vartd_VarTD": 0.3015117347240448,
  "mechanism": "hardzero_only",
  "mechanism_tag": "hardzero_only__c0p60__z1p05__lam0p000__nu0p50__psi0p00",
  "runtime_sec": 10.085440580965951,
  "seed": 35,
  "z_cut": 1.05
}