{
  "alpha": 0.03,
  "c_upd": 0.6,
  "depr_lambda": 0.01,
  "depr_nu": 0.5,
  "depr_psi": 0.75,
  "eval_CSR_post": 0.0,
  "eval_dbar_post_mean": 0.6704915761947632,
  "eval_done_count": 100.0,
  "eval_episodes_per_env": 4.0,
  "eval_len_end_mean": 26.0,
  "eval_occupied_post_mean": 0.19999998807907104,
  "eval_return_end_mean": -25.033437728881836,
  "eval_t_eval": 104.0,
  "final_depr_F_post": 11.575169563293457,
  "final_energy_E_post": 0.17031358182430267,
  "final_episode_return_end_mean": -27.796907424926758,
  "final_funding_alpha_eff": 5.129847522766795e-06,
  "final_funding_g": 0.0,
  "final_funding_g_raw": 0.08791974186897278,
  "final_update_counter": 2.0,
  "final_vartd_VarTD": 0.1999063938856125,
  "mechanism": "hardzero_plus_depr",
  "mechanism_tag": "hardzero_plus_depr__c0p60__z1p05__lam0p010__nu0p50__psi0p75",
  "runtime_sec": 23.741510310966987,
  "seed": 30,
  "z_cut": 1.05
}