{
  "alpha": 0.12,
  "c_upd": 0.5,
  "depr_lambda": 0.02,
  "depr_nu": 0.5,
  "depr_psi": 1.0,
  "eval_CSR_post": 0.009999999776482582,
  "eval_dbar_post_mean": 0.5756300687789917,
  "eval_done_count": 100.0,
  "eval_episodes_per_env": 4.0,
  "eval_len_end_mean": 26.0,
  "eval_occupied_post_mean": 0.3100000023841858,
  "eval_return_end_mean": -24.77211570739746,
  "eval_t_eval": 104.0,
  "final_depr_F_post": 24.00035858154297,
  "final_energy_E_post": 0.2364511638879776,
  "final_episode_return_end_mean": -26.660097122192383,
  "final_funding_alpha_eff": 4.620022246715205e-12,
  "final_funding_g": 0.09996914863586426,
  "final_funding_g_raw": 0.09996914863586426,
  "final_update_counter": 3.0,
  "final_vartd_VarTD": 0.1918383240699768,
  "mechanism": "hardzero_plus_depr",
  "mechanism_tag": "hardzero_plus_depr__c0p50__z1p05__lam0p020__nu0p50__psi1p00",
  "runtime_sec": 10.806654238025658,
  "seed": 37,
  "z_cut": 1.05
}