{
  "alpha": 0.038,
  "c_upd": 0.58,
  "depr_lambda": 0.0,
  "depr_nu": 0.5,
  "depr_psi": 0.0,
  "eval_CSR_post": 0.0,
  "eval_dbar_post_mean": 0.49169620871543884,
  "eval_done_count": 100.0,
  "eval_episodes_per_env": 4.0,
  "eval_len_end_mean": 26.0,
  "eval_occupied_post_mean": 0.3999999761581421,
  "eval_return_end_mean": -23.724061965942383,
  "eval_t_eval": 104.0,
  "final_depr_F_post": 0.0,
  "final_energy_E_post": 0.5172169804573059,
  "final_episode_return_end_mean": -25.852008819580078,
  "final_funding_alpha_eff": 0.03799999877810478,
  "final_funding_g": 0.11997979879379272,
  "final_funding_g_raw": 0.11997979879379272,
  "final_update_counter": 8.0,
  "final_vartd_VarTD": 0.1379905492067337,
  "mechanism": "hardzero_only",
  "mechanism_tag": "hardzero_only__c0p58__z1p00__lam0p000__nu0p50__psi0p00",
  "runtime_sec": 10.864130238071084,
  "seed": 57,
  "z_cut": 1.0
}