{
  "alpha": 0.06,
  "c_upd": 0.58,
  "depr_lambda": 0.01,
  "depr_nu": 0.5,
  "depr_psi": 1.0,
  "eval_CSR_post": 0.0,
  "eval_dbar_post_mean": 0.5831217765808105,
  "eval_done_count": 100.0,
  "eval_episodes_per_env": 4.0,
  "eval_len_end_mean": 26.0,
  "eval_occupied_post_mean": 0.25,
  "eval_return_end_mean": -24.14661407470703,
  "eval_t_eval": 104.0,
  "final_depr_F_post": 12.30518627166748,
  "final_energy_E_post": 0.5108040571212769,
  "final_episode_return_end_mean": -26.22092628479004,
  "final_funding_alpha_eff": 2.744225469086814e-07,
  "final_funding_g": 0.09814619272947311,
  "final_funding_g_raw": 0.09814619272947311,
  "final_update_counter": 2.0,
  "final_vartd_VarTD": 0.12607060372829437,
  "mechanism": "hardzero_plus_depr",
  "mechanism_tag": "hardzero_plus_depr__c0p58__z1p10__lam0p010__nu0p50__psi1p00",
  "runtime_sec": 10.757743007969111,
  "seed": 34,
  "z_cut": 1.1
}