{
  "alpha": 0.08,
  "c_upd": 0.52,
  "depr_lambda": 0.01,
  "depr_nu": 0.5,
  "depr_psi": 1.0,
  "eval_CSR_post": 0.0,
  "eval_dbar_post_mean": 0.6454378962516785,
  "eval_done_count": 100.0,
  "eval_episodes_per_env": 4.0,
  "eval_len_end_mean": 26.0,
  "eval_occupied_post_mean": 0.26999998092651367,
  "eval_return_end_mean": -24.950918197631836,
  "eval_t_eval": 104.0,
  "final_depr_F_post": 11.760173797607422,
  "final_energy_E_post": 0.4222072958946228,
  "final_episode_return_end_mean": -26.52052879333496,
  "final_funding_alpha_eff": 6.310364142336766e-07,
  "final_funding_g": 0.11433574557304382,
  "final_funding_g_raw": 0.11433574557304382,
  "final_update_counter": 3.0,
  "final_vartd_VarTD": 0.11665189266204834,
  "mechanism": "hardzero_plus_depr",
  "mechanism_tag": "hardzero_plus_depr__c0p52__z1p05__lam0p010__nu0p50__psi1p00",
  "runtime_sec": 10.657644656021148,
  "seed": 33,
  "z_cut": 1.05
}