{
  "I_R_short": 0.42108030329503837,
  "alpha": 0.0,
  "borrow_interest": 0.02,
  "borrow_limit": 0.6,
  "c_upd": 0.6,
  "condition": "rescue_short_anchor__borrow__t400k__a0p00__c0p60",
  "eval_CSR_post": 0.0,
  "eval_CSR_pre": 0.0,
  "eval_dbar_post_mean": 0.6278547048568726,
  "eval_dbar_pre_mean": 0.6248618960380554,
  "eval_done_count": 100.0,
  "eval_done_per_env_max": 4.0,
  "eval_done_per_env_min": 4.0,
  "eval_episodes_per_env": 4.0,
  "eval_len_end_mean": 26.0,
  "eval_max_tilde_post_mean": 0.930548369884491,
  "eval_max_tilde_pre_mean": 0.9198636412620544,
  "eval_occupied_post_mean": 0.35999998450279236,
  "eval_occupied_pre_mean": 0.23999999463558197,
  "eval_return_end_mean": -25.176088333129883,
  "eval_t_eval": 104.0,
  "family": "borrow",
  "final_energy": -0.6000000238418579,
  "final_executed_updates": 2.0,
  "final_vartd": 0.12098447233438492,
  "learned_R_short_0p5": 0.0,
  "max_debt_level": 0.6000000238418579,
  "mean_update_fraction": 0.01600000075995922,
  "metric_horizon": "short",
  "phase": "rescue_short",
  "runtime_sec": 1.1544826440003817,
  "seed": 53,
  "support_mode": "none",
  "support_total": 0.0,
  "total_debt_charge": 1.2102328538894653,
  "total_support_injected": 0.0,
  "total_timesteps": 400000,
  "train_final_return_end_mean": -26.61546516418457
}