{
  "alpha": 0.04,
  "c_upd": 0.6,
  "depr_lambda": 0.0,
  "depr_nu": 0.5,
  "depr_psi": 0.0,
  "eval_CSR_post": 0.019999999552965164,
  "eval_dbar_post_mean": 0.5404021739959717,
  "eval_done_count": 100.0,
  "eval_episodes_per_env": 4.0,
  "eval_len_end_mean": 26.0,
  "eval_occupied_post_mean": 0.4599999785423279,
  "eval_return_end_mean": -24.5511474609375,
  "eval_t_eval": 104.0,
  "final_depr_F_post": 0.0,
  "final_energy_E_post": 0.47617945075035095,
  "final_episode_return_end_mean": -27.836545944213867,
  "final_funding_alpha_eff": 0.03999999910593033,
  "final_funding_g": 0.0910906121134758,
  "final_funding_g_raw": 0.0910906121134758,
  "final_update_counter": 9.0,
  "final_vartd_VarTD": 0.17983698844909668,
  "mechanism": "hardzero_only",
  "mechanism_tag": "hardzero_only__c0p60__z1p05__lam0p000__nu0p50__psi0p00",
  "runtime_sec": 9.829165338014718,
  "seed": 36,
  "z_cut": 1.05
}