{
  "alpha": 0.05,
  "c_upd": 0.58,
  "depr_lambda": 0.02,
  "depr_nu": 0.5,
  "depr_psi": 0.75,
  "eval_CSR_post": 0.0,
  "eval_dbar_post_mean": 0.6457747220993042,
  "eval_done_count": 100.0,
  "eval_episodes_per_env": 4.0,
  "eval_len_end_mean": 26.0,
  "eval_occupied_post_mean": 0.25,
  "eval_return_end_mean": -24.220930099487305,
  "eval_t_eval": 104.0,
  "final_depr_F_post": 24.49036979675293,
  "final_energy_E_post": 0.23090535402297974,
  "final_episode_return_end_mean": -27.596027374267578,
  "final_funding_alpha_eff": 5.351309395607018e-10,
  "final_funding_g": 0.08834589272737503,
  "final_funding_g_raw": 0.08834589272737503,
  "final_update_counter": 2.0,
  "final_vartd_VarTD": 0.19441115856170654,
  "mechanism": "hardzero_plus_depr",
  "mechanism_tag": "hardzero_plus_depr__c0p58__z1p10__lam0p020__nu0p50__psi0p75",
  "runtime_sec": 24.333897241041996,
  "seed": 30,
  "z_cut": 1.1
}