{
  "alpha": 0.08,
  "c_upd": 0.56,
  "depr_lambda": 0.01,
  "depr_nu": 0.5,
  "depr_psi": 1.0,
  "eval_CSR_post": 0.0,
  "eval_dbar_post_mean": 0.5460986495018005,
  "eval_done_count": 100.0,
  "eval_episodes_per_env": 4.0,
  "eval_len_end_mean": 26.0,
  "eval_occupied_post_mean": 0.3100000023841858,
  "eval_return_end_mean": -23.823774337768555,
  "eval_t_eval": 104.0,
  "final_depr_F_post": 11.592670440673828,
  "final_energy_E_post": 0.37095025181770325,
  "final_episode_return_end_mean": -27.668704986572266,
  "final_funding_alpha_eff": 7.461055133717309e-07,
  "final_funding_g": 0.09452014416456223,
  "final_funding_g_raw": 0.09452014416456223,
  "final_update_counter": 3.0,
  "final_vartd_VarTD": 0.17128239572048187,
  "mechanism": "hardzero_plus_depr",
  "mechanism_tag": "hardzero_plus_depr__c0p56__z1p10__lam0p010__nu0p50__psi1p00",
  "runtime_sec": 11.033098274026997,
  "seed": 40,
  "z_cut": 1.1
}