{
  "alpha": 0.08,
  "c_upd": 0.6,
  "depr_lambda": 0.02,
  "depr_nu": 0.5,
  "depr_psi": 1.25,
  "eval_CSR_post": 0.0,
  "eval_dbar_post_mean": 0.6621538400650024,
  "eval_done_count": 100.0,
  "eval_episodes_per_env": 4.0,
  "eval_len_end_mean": 26.0,
  "eval_occupied_post_mean": 0.2199999988079071,
  "eval_return_end_mean": -24.685205459594727,
  "eval_t_eval": 104.0,
  "final_depr_F_post": 24.05035972595215,
  "final_energy_E_post": 0.07434582710266113,
  "final_episode_return_end_mean": -26.78538703918457,
  "final_funding_alpha_eff": 7.207333891485167e-15,
  "final_funding_g": 0.09467797726392746,
  "final_funding_g_raw": 0.09467797726392746,
  "final_update_counter": 2.0,
  "final_vartd_VarTD": 0.14627589285373688,
  "mechanism": "hardzero_plus_depr",
  "mechanism_tag": "hardzero_plus_depr__c0p60__z1p05__lam0p020__nu0p50__psi1p25",
  "runtime_sec": 10.807711269997526,
  "seed": 39,
  "z_cut": 1.05
}