{
  "alpha": 0.1,
  "c_upd": 0.58,
  "depr_lambda": 0.01,
  "depr_nu": 0.5,
  "depr_psi": 0.75,
  "eval_CSR_post": 0.0,
  "eval_dbar_post_mean": 0.4796982705593109,
  "eval_done_count": 100.0,
  "eval_episodes_per_env": 4.0,
  "eval_len_end_mean": 26.0,
  "eval_occupied_post_mean": 0.44999998807907104,
  "eval_return_end_mean": -23.349994659423828,
  "eval_t_eval": 104.0,
  "final_depr_F_post": 9.281991958618164,
  "final_energy_E_post": 0.43949493765830994,
  "final_episode_return_end_mean": -26.536033630371094,
  "final_funding_alpha_eff": 9.548142406856641e-05,
  "final_funding_g": 0.11685137450695038,
  "final_funding_g_raw": 0.11685137450695038,
  "final_update_counter": 5.0,
  "final_vartd_VarTD": 0.13519956171512604,
  "mechanism": "hardzero_plus_depr",
  "mechanism_tag": "hardzero_plus_depr__c0p58__z1p05__lam0p010__nu0p50__psi0p75",
  "runtime_sec": 10.727676904993132,
  "seed": 35,
  "z_cut": 1.05
}