{
  "alpha": 0.088,
  "c_upd": 0.58,
  "depr_lambda": 0.0,
  "depr_nu": 0.5,
  "depr_psi": 0.0,
  "eval_CSR_post": 0.009999999776482582,
  "eval_dbar_post_mean": 0.4468895196914673,
  "eval_done_count": 100.0,
  "eval_episodes_per_env": 4.0,
  "eval_len_end_mean": 26.0,
  "eval_occupied_post_mean": 0.4699999988079071,
  "eval_return_end_mean": -22.936737060546875,
  "eval_t_eval": 104.0,
  "final_depr_F_post": 0.0,
  "final_energy_E_post": 0.3065972924232483,
  "final_episode_return_end_mean": -24.914731979370117,
  "final_funding_alpha_eff": 0.08799999952316284,
  "final_funding_g": 0.15272146463394165,
  "final_funding_g_raw": 0.15272146463394165,
  "final_update_counter": 17.0,
  "final_vartd_VarTD": 0.4377357065677643,
  "mechanism": "hardzero_only",
  "mechanism_tag": "hardzero_only__c0p58__z1p00__lam0p000__nu0p50__psi0p00",
  "runtime_sec": 9.508684959961101,
  "seed": 38,
  "z_cut": 1.0
}