{
  "alpha": 0.04,
  "c_upd": 0.54,
  "depr_lambda": 0.03,
  "depr_nu": 0.5,
  "depr_psi": 1.25,
  "eval_CSR_post": 0.0,
  "eval_dbar_post_mean": 0.656511664390564,
  "eval_done_count": 100.0,
  "eval_episodes_per_env": 4.0,
  "eval_len_end_mean": 26.0,
  "eval_occupied_post_mean": 0.22999998927116394,
  "eval_return_end_mean": -25.582094192504883,
  "eval_t_eval": 104.0,
  "final_depr_F_post": 36.90011978149414,
  "final_energy_E_post": 0.05460324510931969,
  "final_episode_return_end_mean": -26.91391944885254,
  "final_funding_alpha_eff": 3.858760197107403e-22,
  "final_funding_g": 0.0978967621922493,
  "final_funding_g_raw": 0.0978967621922493,
  "final_update_counter": 2.0,
  "final_vartd_VarTD": 0.203108549118042,
  "mechanism": "hardzero_plus_depr",
  "mechanism_tag": "hardzero_plus_depr__c0p54__z1p10__lam0p030__nu0p50__psi1p25",
  "runtime_sec": 10.73928609106224,
  "seed": 37,
  "z_cut": 1.1
}