{
  "alpha": 0.076,
  "c_upd": 0.58,
  "depr_lambda": 0.005,
  "depr_nu": 1.0,
  "depr_psi": 0.5,
  "eval_CSR_post": 0.0,
  "eval_dbar_post_mean": 0.6048372983932495,
  "eval_done_count": 100.0,
  "eval_episodes_per_env": 4.0,
  "eval_len_end_mean": 26.0,
  "eval_occupied_post_mean": 0.2199999988079071,
  "eval_return_end_mean": -25.73469352722168,
  "eval_t_eval": 104.0,
  "final_depr_F_post": 0.2349999099969864,
  "final_energy_E_post": 0.38108882308006287,
  "final_episode_return_end_mean": -26.41303062438965,
  "final_funding_alpha_eff": 0.06774383038282394,
  "final_funding_g": 0.10965423285961151,
  "final_funding_g_raw": 0.10965423285961151,
  "final_update_counter": 6.0,
  "final_vartd_VarTD": 0.1671043187379837,
  "mechanism": "hardzero_plus_depr",
  "mechanism_tag": "hardzero_plus_depr__c0p58__z1p00__lam0p005__nu1p00__psi0p50",
  "runtime_sec": 9.47579927300103,
  "seed": 48,
  "z_cut": 1.0
}