{
  "alpha": 0.06,
  "c_upd": 0.56,
  "depr_lambda": 0.01,
  "depr_nu": 0.5,
  "depr_psi": 1.25,
  "eval_CSR_post": 0.0,
  "eval_dbar_post_mean": 0.706702709197998,
  "eval_done_count": 100.0,
  "eval_episodes_per_env": 4.0,
  "eval_len_end_mean": 26.0,
  "eval_occupied_post_mean": 0.1899999976158142,
  "eval_return_end_mean": -25.197885513305664,
  "eval_t_eval": 104.0,
  "final_depr_F_post": 12.190183639526367,
  "final_energy_E_post": 0.25115737318992615,
  "final_episode_return_end_mean": -29.159631729125977,
  "final_funding_alpha_eff": 1.4652718149932298e-08,
  "final_funding_g": 0.0,
  "final_funding_g_raw": 0.07251957803964615,
  "final_update_counter": 2.0,
  "final_vartd_VarTD": 0.17833754420280457,
  "mechanism": "hardzero_plus_depr",
  "mechanism_tag": "hardzero_plus_depr__c0p56__z1p05__lam0p010__nu0p50__psi1p25",
  "runtime_sec": 10.814188658026978,
  "seed": 36,
  "z_cut": 1.05
}