{
  "alpha": 0.08,
  "c_upd": 0.56,
  "depr_lambda": 0.0,
  "depr_nu": 0.5,
  "depr_psi": 0.0,
  "eval_CSR_post": 0.009999999776482582,
  "eval_dbar_post_mean": 0.47001907229423523,
  "eval_done_count": 100.0,
  "eval_episodes_per_env": 4.0,
  "eval_len_end_mean": 26.0,
  "eval_occupied_post_mean": 0.41999998688697815,
  "eval_return_end_mean": -23.528610229492188,
  "eval_t_eval": 104.0,
  "final_depr_F_post": 0.0,
  "final_energy_E_post": 0.10967842489480972,
  "final_episode_return_end_mean": -24.497316360473633,
  "final_funding_alpha_eff": 0.07999999821186066,
  "final_funding_g": 0.16368712484836578,
  "final_funding_g_raw": 0.16368712484836578,
  "final_update_counter": 19.0,
  "final_vartd_VarTD": 0.6072850823402405,
  "mechanism": "hardzero_only",
  "mechanism_tag": "hardzero_only__c0p56__z1p00__lam0p000__nu0p50__psi0p00",
  "runtime_sec": 9.766867428988917,
  "seed": 41,
  "z_cut": 1.0
}