{
  "alpha": 0.03,
  "c_upd": 0.52,
  "depr_lambda": 0.03,
  "depr_nu": 0.5,
  "depr_psi": 0.75,
  "eval_CSR_post": 0.0,
  "eval_dbar_post_mean": 0.7301846742630005,
  "eval_done_count": 100.0,
  "eval_episodes_per_env": 4.0,
  "eval_len_end_mean": 26.0,
  "eval_occupied_post_mean": 0.23999999463558197,
  "eval_return_end_mean": -26.25152015686035,
  "eval_t_eval": 104.0,
  "final_depr_F_post": 37.20010757446289,
  "final_energy_E_post": 0.11237575113773346,
  "final_episode_return_end_mean": -26.81340217590332,
  "final_funding_alpha_eff": 2.344449978662448e-14,
  "final_funding_g": 0.10823644697666168,
  "final_funding_g_raw": 0.10823644697666168,
  "final_update_counter": 2.0,
  "final_vartd_VarTD": 0.1198178231716156,
  "mechanism": "hardzero_plus_depr",
  "mechanism_tag": "hardzero_plus_depr__c0p52__z1p10__lam0p030__nu0p50__psi0p75",
  "runtime_sec": 10.570297152036801,
  "seed": 33,
  "z_cut": 1.1
}