{
  "alpha": 0.061,
  "c_upd": 0.58,
  "depr_lambda": 0.005,
  "depr_nu": 1.0,
  "depr_psi": 0.5,
  "eval_CSR_post": 0.0,
  "eval_dbar_post_mean": 0.5520107746124268,
  "eval_done_count": 100.0,
  "eval_episodes_per_env": 4.0,
  "eval_len_end_mean": 26.0,
  "eval_occupied_post_mean": 0.4099999964237213,
  "eval_return_end_mean": -23.14231300354004,
  "eval_t_eval": 104.0,
  "final_depr_F_post": 0.5449996590614319,
  "final_energy_E_post": 0.42772427201271057,
  "final_episode_return_end_mean": -26.014659881591797,
  "final_funding_alpha_eff": 0.046566158533096313,
  "final_funding_g": 0.10212209075689316,
  "final_funding_g_raw": 0.10212209075689316,
  "final_update_counter": 5.0,
  "final_vartd_VarTD": 0.1295103281736374,
  "mechanism": "hardzero_plus_depr",
  "mechanism_tag": "hardzero_plus_depr__c0p58__z1p00__lam0p005__nu1p00__psi0p50",
  "runtime_sec": 9.470153461094014,
  "seed": 32,
  "z_cut": 1.0
}