{
  "alpha": 0.12,
  "c_upd": 0.5,
  "depr_lambda": 0.0,
  "depr_nu": 0.5,
  "depr_psi": 0.0,
  "eval_CSR_post": 0.009999999776482582,
  "eval_dbar_post_mean": 0.47205087542533875,
  "eval_done_count": 100.0,
  "eval_episodes_per_env": 4.0,
  "eval_len_end_mean": 26.0,
  "eval_occupied_post_mean": 0.4599999785423279,
  "eval_return_end_mean": -23.39899444580078,
  "eval_t_eval": 104.0,
  "final_depr_F_post": 0.0,
  "final_energy_E_post": 0.2534952461719513,
  "final_episode_return_end_mean": -23.167848587036133,
  "final_funding_alpha_eff": 0.11999999731779099,
  "final_funding_g": 0.1772349327802658,
  "final_funding_g_raw": 0.1772349327802658,
  "final_update_counter": 47.0,
  "final_vartd_VarTD": 4.743377208709717,
  "mechanism": "hardzero_only",
  "mechanism_tag": "hardzero_only__c0p50__z1p10__lam0p000__nu0p50__psi0p00",
  "runtime_sec": 10.071180842991453,
  "seed": 36,
  "z_cut": 1.1
}