{
  "alpha": 0.06,
  "c_upd": 0.54,
  "depr_lambda": 0.02,
  "depr_nu": 0.5,
  "depr_psi": 1.25,
  "eval_CSR_post": 0.0,
  "eval_dbar_post_mean": 0.6099470257759094,
  "eval_done_count": 100.0,
  "eval_episodes_per_env": 4.0,
  "eval_len_end_mean": 26.0,
  "eval_occupied_post_mean": 0.29999998211860657,
  "eval_return_end_mean": -25.305509567260742,
  "eval_t_eval": 104.0,
  "final_depr_F_post": 24.780376434326172,
  "final_energy_E_post": 0.19732967019081116,
  "final_episode_return_end_mean": -26.266220092773438,
  "final_funding_alpha_eff": 2.1703656497603762e-15,
  "final_funding_g": 0.09661116451025009,
  "final_funding_g_raw": 0.09661116451025009,
  "final_update_counter": 2.0,
  "final_vartd_VarTD": 0.11904358118772507,
  "mechanism": "hardzero_plus_depr",
  "mechanism_tag": "hardzero_plus_depr__c0p54__z1p10__lam0p020__nu0p50__psi1p25",
  "runtime_sec": 10.75416065310128,
  "seed": 34,
  "z_cut": 1.1
}