{
  "alpha": 0.052,
  "c_upd": 0.58,
  "depr_lambda": 0.005,
  "depr_nu": 1.0,
  "depr_psi": 0.5,
  "eval_CSR_post": 0.0,
  "eval_dbar_post_mean": 0.5314044952392578,
  "eval_done_count": 100.0,
  "eval_episodes_per_env": 4.0,
  "eval_len_end_mean": 26.0,
  "eval_occupied_post_mean": 0.35999998450279236,
  "eval_return_end_mean": -23.784292221069336,
  "eval_t_eval": 104.0,
  "final_depr_F_post": 0.4649997055530548,
  "final_energy_E_post": 0.4862150251865387,
  "final_episode_return_end_mean": -26.053142547607422,
  "final_funding_alpha_eff": 0.041315753012895584,
  "final_funding_g": 0.11860624700784683,
  "final_funding_g_raw": 0.11860624700784683,
  "final_update_counter": 7.0,
  "final_vartd_VarTD": 0.12422255426645279,
  "mechanism": "hardzero_plus_depr",
  "mechanism_tag": "hardzero_plus_depr__c0p58__z1p00__lam0p005__nu1p00__psi0p50",
  "runtime_sec": 9.470809330930933,
  "seed": 57,
  "z_cut": 1.0
}