{
  "alpha": 0.03,
  "c_upd": 0.56,
  "depr_lambda": 0.03,
  "depr_nu": 0.5,
  "depr_psi": 0.75,
  "eval_CSR_post": 0.0,
  "eval_dbar_post_mean": 0.6585606932640076,
  "eval_done_count": 100.0,
  "eval_episodes_per_env": 4.0,
  "eval_len_end_mean": 26.0,
  "eval_occupied_post_mean": 0.29999998211860657,
  "eval_return_end_mean": -25.765506744384766,
  "eval_t_eval": 104.0,
  "final_depr_F_post": 34.995201110839844,
  "final_energy_E_post": 0.021165883168578148,
  "final_episode_return_end_mean": -27.737497329711914,
  "final_funding_alpha_eff": 1.2252519962160924e-13,
  "final_funding_g": 0.0961441844701767,
  "final_funding_g_raw": 0.0961441844701767,
  "final_update_counter": 2.0,
  "final_vartd_VarTD": 0.1606675684452057,
  "mechanism": "hardzero_plus_depr",
  "mechanism_tag": "hardzero_plus_depr__c0p56__z1p10__lam0p030__nu0p50__psi0p75",
  "runtime_sec": 10.67944543203339,
  "seed": 41,
  "z_cut": 1.1
}