{
  "alpha": 0.1,
  "c_upd": 0.6,
  "depr_lambda": 0.01,
  "depr_nu": 0.5,
  "depr_psi": 1.0,
  "eval_CSR_post": 0.0,
  "eval_dbar_post_mean": 0.5941727757453918,
  "eval_done_count": 100.0,
  "eval_episodes_per_env": 4.0,
  "eval_len_end_mean": 26.0,
  "eval_occupied_post_mean": 0.28999999165534973,
  "eval_return_end_mean": -24.89462661743164,
  "eval_t_eval": 104.0,
  "final_depr_F_post": 11.360164642333984,
  "final_energy_E_post": 0.368733286857605,
  "final_episode_return_end_mean": -27.815841674804688,
  "final_funding_alpha_eff": 1.176755517917627e-06,
  "final_funding_g": 0.09511963278055191,
  "final_funding_g_raw": 0.09511963278055191,
  "final_update_counter": 3.0,
  "final_vartd_VarTD": 0.15941569209098816,
  "mechanism": "hardzero_plus_depr",
  "mechanism_tag": "hardzero_plus_depr__c0p60__z1p05__lam0p010__nu0p50__psi1p00",
  "runtime_sec": 10.74252318101935,
  "seed": 41,
  "z_cut": 1.05
}