{
  "I_R_full_anchor_compat": 1.6038418007316502,
  "above_R_THRESH_FULL_anchor": 1.0,
  "alpha": 0.1,
  "borrow_interest": 0.0,
  "borrow_limit": 0.0,
  "c_upd": 1.0,
  "condition": "edge_full__base__t4m__a0p10__c1p00",
  "eval_CSR_post": 0.0,
  "eval_CSR_pre": 0.0,
  "eval_dbar_post_mean": 0.48687586188316345,
  "eval_dbar_pre_mean": 0.48925507068634033,
  "eval_done_count": 100.0,
  "eval_done_per_env_max": 4.0,
  "eval_done_per_env_min": 4.0,
  "eval_episodes_per_env": 4.0,
  "eval_len_end_mean": 26.0,
  "eval_max_tilde_post_mean": 0.714527428150177,
  "eval_max_tilde_pre_mean": 0.7261176705360413,
  "eval_occupied_post_mean": 0.4399999976158142,
  "eval_occupied_pre_mean": 0.41999998688697815,
  "eval_return_end_mean": -23.28390884399414,
  "eval_t_eval": 104.0,
  "family": "base",
  "final_energy": 0.6291967630386353,
  "final_executed_updates": 15.0,
  "final_vartd": 0.2779240608215332,
  "max_debt_level": 0.0,
  "mean_update_fraction": 0.012000000104308128,
  "metric_horizon": "long4m",
  "phase": "extension_full",
  "runtime_sec": 11.153627903000597,
  "seed": 43,
  "support_mode": "none",
  "support_total": 0.0,
  "total_debt_charge": 0.0,
  "total_support_injected": 0.0,
  "total_timesteps": 4000000,
  "train_final_return_end_mean": -24.211524963378906
}