{
  "alpha": 0.12,
  "c_upd": 0.58,
  "depr_lambda": 0.0,
  "depr_nu": 0.5,
  "depr_psi": 0.0,
  "eval_CSR_post": 0.009999999776482582,
  "eval_dbar_post_mean": 0.4718761146068573,
  "eval_done_count": 100.0,
  "eval_episodes_per_env": 4.0,
  "eval_len_end_mean": 26.0,
  "eval_occupied_post_mean": 0.47999998927116394,
  "eval_return_end_mean": -22.529863357543945,
  "eval_t_eval": 104.0,
  "final_depr_F_post": 0.0,
  "final_energy_E_post": 0.3679797947406769,
  "final_episode_return_end_mean": -23.158733367919922,
  "final_funding_alpha_eff": 0.11999999731779099,
  "final_funding_g": 0.17434139549732208,
  "final_funding_g_raw": 0.17434139549732208,
  "final_update_counter": 35.0,
  "final_vartd_VarTD": 2.6992180347442627,
  "mechanism": "hardzero_only",
  "mechanism_tag": "hardzero_only__c0p58__z1p00__lam0p000__nu0p50__psi0p00",
  "runtime_sec": 9.8774185939983,
  "seed": 33,
  "z_cut": 1.0
}