{
  "alpha": 0.12,
  "c_upd": 0.6,
  "depr_lambda": 0.01,
  "depr_nu": 0.5,
  "depr_psi": 0.75,
  "eval_CSR_post": 0.0,
  "eval_dbar_post_mean": 0.4585322141647339,
  "eval_done_count": 100.0,
  "eval_episodes_per_env": 4.0,
  "eval_len_end_mean": 26.0,
  "eval_occupied_post_mean": 0.5099999904632568,
  "eval_return_end_mean": -23.585390090942383,
  "eval_t_eval": 104.0,
  "final_depr_F_post": 6.621781826019287,
  "final_energy_E_post": 0.3149251639842987,
  "final_episode_return_end_mean": -26.98114585876465,
  "final_funding_alpha_eff": 0.0008425313862971961,
  "final_funding_g": 0.11060812324285507,
  "final_funding_g_raw": 0.11060812324285507,
  "final_update_counter": 7.0,
  "final_vartd_VarTD": 0.20925365388393402,
  "mechanism": "hardzero_plus_depr",
  "mechanism_tag": "hardzero_plus_depr__c0p60__z1p10__lam0p010__nu0p50__psi0p75",
  "runtime_sec": 10.694404744892381,
  "seed": 38,
  "z_cut": 1.1
}