{
  "alpha": 0.075,
  "c_upd": 0.58,
  "depr_lambda": 0.0,
  "depr_nu": 0.5,
  "depr_psi": 0.0,
  "eval_CSR_post": 0.009999999776482582,
  "eval_dbar_post_mean": 0.5216695070266724,
  "eval_done_count": 100.0,
  "eval_episodes_per_env": 4.0,
  "eval_len_end_mean": 26.0,
  "eval_occupied_post_mean": 0.3199999928474426,
  "eval_return_end_mean": -24.943815231323242,
  "eval_t_eval": 104.0,
  "final_depr_F_post": 0.0,
  "final_energy_E_post": 0.40095824003219604,
  "final_episode_return_end_mean": -24.362977981567383,
  "final_funding_alpha_eff": 0.07500000298023224,
  "final_funding_g": 0.14703352749347687,
  "final_funding_g_raw": 0.14703352749347687,
  "final_update_counter": 19.0,
  "final_vartd_VarTD": 0.5194854140281677,
  "mechanism": "hardzero_only",
  "mechanism_tag": "hardzero_only__c0p58__z1p00__lam0p000__nu0p50__psi0p00",
  "runtime_sec": 9.499636674998328,
  "seed": 44,
  "z_cut": 1.0
}