{
  "alpha": 0.08,
  "c_upd": 0.6,
  "depr_lambda": 0.02,
  "depr_nu": 0.5,
  "depr_psi": 1.0,
  "eval_CSR_post": 0.0,
  "eval_dbar_post_mean": 0.9788960814476013,
  "eval_done_count": 100.0,
  "eval_episodes_per_env": 4.0,
  "eval_len_end_mean": 26.0,
  "eval_occupied_post_mean": 0.14000000059604645,
  "eval_return_end_mean": -29.002079010009766,
  "eval_t_eval": 104.0,
  "final_depr_F_post": 22.410322189331055,
  "final_energy_E_post": 0.02245739847421646,
  "final_episode_return_end_mean": -28.91223907470703,
  "final_funding_alpha_eff": 1.510416791639102e-11,
  "final_funding_g": 0.0,
  "final_funding_g_raw": 0.07529574632644653,
  "final_update_counter": 2.0,
  "final_vartd_VarTD": 0.17706908285617828,
  "mechanism": "hardzero_plus_depr",
  "mechanism_tag": "hardzero_plus_depr__c0p60__z1p05__lam0p020__nu0p50__psi1p00",
  "runtime_sec": 10.948043151991442,
  "seed": 36,
  "z_cut": 1.05
}