{
  "alpha": 0.04,
  "c_upd": 0.58,
  "depr_lambda": 0.0,
  "depr_nu": 0.5,
  "depr_psi": 0.0,
  "eval_CSR_post": 0.0,
  "eval_dbar_post_mean": 0.5003537535667419,
  "eval_done_count": 100.0,
  "eval_episodes_per_env": 4.0,
  "eval_len_end_mean": 26.0,
  "eval_occupied_post_mean": 0.3199999928474426,
  "eval_return_end_mean": -24.577558517456055,
  "eval_t_eval": 104.0,
  "final_depr_F_post": 0.0,
  "final_energy_E_post": 0.16600604355335236,
  "final_episode_return_end_mean": -25.071393966674805,
  "final_funding_alpha_eff": 0.03999999910593033,
  "final_funding_g": 0.12452765554189682,
  "final_funding_g_raw": 0.12452765554189682,
  "final_update_counter": 7.0,
  "final_vartd_VarTD": 0.11728111654520035,
  "mechanism": "hardzero_only",
  "mechanism_tag": "hardzero_only__c0p58__z1p00__lam0p000__nu0p50__psi0p00",
  "runtime_sec": 9.469674355932511,
  "seed": 34,
  "z_cut": 1.0
}