{
  "alpha": 0.12,
  "c_upd": 0.6,
  "depr_lambda": 0.03,
  "depr_nu": 0.5,
  "depr_psi": 0.75,
  "eval_CSR_post": 0.009999999776482582,
  "eval_dbar_post_mean": 0.5327795743942261,
  "eval_done_count": 100.0,
  "eval_episodes_per_env": 4.0,
  "eval_len_end_mean": 26.0,
  "eval_occupied_post_mean": 0.3400000035762787,
  "eval_return_end_mean": -23.490612030029297,
  "eval_t_eval": 104.0,
  "final_depr_F_post": 37.14011001586914,
  "final_energy_E_post": 0.4112057387828827,
  "final_episode_return_end_mean": -26.689645767211914,
  "final_funding_alpha_eff": 9.809422154768987e-14,
  "final_funding_g": 0.0951894149184227,
  "final_funding_g_raw": 0.0951894149184227,
  "final_update_counter": 2.0,
  "final_vartd_VarTD": 0.14455224573612213,
  "mechanism": "hardzero_plus_depr",
  "mechanism_tag": "hardzero_plus_depr__c0p60__z1p10__lam0p030__nu0p50__psi0p75",
  "runtime_sec": 10.66154755698517,
  "seed": 39,
  "z_cut": 1.1
}