{
  "alpha": 0.067,
  "c_upd": 0.58,
  "depr_lambda": 0.0,
  "depr_nu": 0.5,
  "depr_psi": 0.0,
  "eval_CSR_post": 0.0,
  "eval_dbar_post_mean": 0.49943479895591736,
  "eval_done_count": 100.0,
  "eval_episodes_per_env": 4.0,
  "eval_len_end_mean": 26.0,
  "eval_occupied_post_mean": 0.3700000047683716,
  "eval_return_end_mean": -23.358531951904297,
  "eval_t_eval": 104.0,
  "final_depr_F_post": 0.0,
  "final_energy_E_post": 0.23493576049804688,
  "final_episode_return_end_mean": -24.13234519958496,
  "final_funding_alpha_eff": 0.06700000166893005,
  "final_funding_g": 0.16547872126102448,
  "final_funding_g_raw": 0.16547872126102448,
  "final_update_counter": 17.0,
  "final_vartd_VarTD": 0.4288066327571869,
  "mechanism": "hardzero_only",
  "mechanism_tag": "hardzero_only__c0p58__z1p00__lam0p000__nu0p50__psi0p00",
  "runtime_sec": 9.501379967085086,
  "seed": 45,
  "z_cut": 1.0
}