{
  "alpha": 0.1,
  "c_upd": 0.58,
  "depr_lambda": 0.02,
  "depr_nu": 0.5,
  "depr_psi": 1.0,
  "eval_CSR_post": 0.0,
  "eval_dbar_post_mean": 0.6131248474121094,
  "eval_done_count": 100.0,
  "eval_episodes_per_env": 4.0,
  "eval_len_end_mean": 26.0,
  "eval_occupied_post_mean": 0.3400000035762787,
  "eval_return_end_mean": -25.0931396484375,
  "eval_t_eval": 104.0,
  "final_depr_F_post": 24.750375747680664,
  "final_energy_E_post": 0.41102784872055054,
  "final_episode_return_end_mean": -26.29977798461914,
  "final_funding_alpha_eff": 1.8185886824229058e-12,
  "final_funding_g": 0.09674351662397385,
  "final_funding_g_raw": 0.09674351662397385,
  "final_update_counter": 2.0,
  "final_vartd_VarTD": 0.12312109768390656,
  "mechanism": "hardzero_plus_depr",
  "mechanism_tag": "hardzero_plus_depr__c0p58__z1p10__lam0p020__nu0p50__psi1p00",
  "runtime_sec": 10.66251720301807,
  "seed": 34,
  "z_cut": 1.1
}