{
  "alpha": 0.075,
  "c_upd": 0.58,
  "depr_lambda": 0.0,
  "depr_nu": 0.5,
  "depr_psi": 0.0,
  "eval_CSR_post": 0.0,
  "eval_dbar_post_mean": 0.47826850414276123,
  "eval_done_count": 100.0,
  "eval_episodes_per_env": 4.0,
  "eval_len_end_mean": 26.0,
  "eval_occupied_post_mean": 0.4399999976158142,
  "eval_return_end_mean": -23.53376007080078,
  "eval_t_eval": 104.0,
  "final_depr_F_post": 0.0,
  "final_energy_E_post": 0.20110614597797394,
  "final_episode_return_end_mean": -25.338275909423828,
  "final_funding_alpha_eff": 0.07500000298023224,
  "final_funding_g": 0.13053779304027557,
  "final_funding_g_raw": 0.13053779304027557,
  "final_update_counter": 13.0,
  "final_vartd_VarTD": 0.24308887124061584,
  "mechanism": "hardzero_only",
  "mechanism_tag": "hardzero_only__c0p58__z1p00__lam0p000__nu0p50__psi0p00",
  "runtime_sec": 9.484898456954397,
  "seed": 54,
  "z_cut": 1.0
}