{
  "I_R_full_anchor_compat": 0.358988940991271,
  "above_R_THRESH_FULL_anchor": 0.0,
  "alpha": 1.0,
  "borrow_interest": 0.02,
  "borrow_limit": 0.6,
  "c_upd": 0.9,
  "condition": "enabled_full__borrow__t4m__a1p00__c0p90",
  "eval_CSR_post": 0.0,
  "eval_CSR_pre": 0.0,
  "eval_dbar_post_mean": 0.6522883176803589,
  "eval_dbar_pre_mean": 0.6564130783081055,
  "eval_done_count": 100.0,
  "eval_done_per_env_max": 4.0,
  "eval_done_per_env_min": 4.0,
  "eval_episodes_per_env": 4.0,
  "eval_len_end_mean": 26.0,
  "eval_max_tilde_post_mean": 0.9714990258216858,
  "eval_max_tilde_pre_mean": 0.9862529039382935,
  "eval_occupied_post_mean": 0.23999999463558197,
  "eval_occupied_pre_mean": 0.2199999988079071,
  "eval_return_end_mean": -26.36734962463379,
  "eval_t_eval": 104.0,
  "family": "borrow",
  "final_energy": 0.2596215009689331,
  "final_executed_updates": 185.0,
  "final_vartd": 1.365776777267456,
  "max_debt_level": 0.5122848749160767,
  "mean_update_fraction": 0.14800000190734863,
  "metric_horizon": "long4m",
  "phase": "extension_full",
  "runtime_sec": 12.107434077001017,
  "seed": 45,
  "support_mode": "none",
  "support_total": 0.0,
  "total_debt_charge": 3.11397123336792,
  "total_support_injected": 0.0,
  "total_timesteps": 4000000,
  "train_final_return_end_mean": -25.90728759765625
}