{
  "alpha": 0.04,
  "c_upd": 0.6,
  "depr_lambda": 0.01,
  "depr_nu": 0.5,
  "depr_psi": 1.0,
  "eval_CSR_post": 0.0,
  "eval_dbar_post_mean": 0.5034786462783813,
  "eval_done_count": 100.0,
  "eval_episodes_per_env": 4.0,
  "eval_len_end_mean": 26.0,
  "eval_occupied_post_mean": 0.41999998688697815,
  "eval_return_end_mean": -23.74336051940918,
  "eval_t_eval": 104.0,
  "final_depr_F_post": 12.080181121826172,
  "final_energy_E_post": 0.2712986171245575,
  "final_episode_return_end_mean": -26.0531063079834,
  "final_funding_alpha_eff": 2.2911156349891826e-07,
  "final_funding_g": 0.101058728992939,
  "final_funding_g_raw": 0.101058728992939,
  "final_update_counter": 2.0,
  "final_vartd_VarTD": 0.1329250931739807,
  "mechanism": "hardzero_plus_depr",
  "mechanism_tag": "hardzero_plus_depr__c0p60__z1p10__lam0p010__nu0p50__psi1p00",
  "runtime_sec": 10.635769353015348,
  "seed": 32,
  "z_cut": 1.1
}