{
  "alpha": 0.12,
  "c_upd": 0.5,
  "depr_lambda": 0.01,
  "depr_nu": 0.5,
  "depr_psi": 0.75,
  "eval_CSR_post": 0.0,
  "eval_dbar_post_mean": 0.5013197660446167,
  "eval_done_count": 100.0,
  "eval_episodes_per_env": 4.0,
  "eval_len_end_mean": 26.0,
  "eval_occupied_post_mean": 0.41999998688697815,
  "eval_return_end_mean": -22.986812591552734,
  "eval_t_eval": 104.0,
  "final_depr_F_post": 0.8872613906860352,
  "final_energy_E_post": 0.5066413283348083,
  "final_episode_return_end_mean": -24.0576114654541,
  "final_funding_alpha_eff": 0.06214967742562294,
  "final_funding_g": 0.16499479115009308,
  "final_funding_g_raw": 0.16499479115009308,
  "final_update_counter": 22.0,
  "final_vartd_VarTD": 0.8747197389602661,
  "mechanism": "hardzero_plus_depr",
  "mechanism_tag": "hardzero_plus_depr__c0p50__z1p05__lam0p010__nu0p50__psi0p75",
  "runtime_sec": 23.226506312959827,
  "seed": 30,
  "z_cut": 1.05
}