{
  "I_R_full_anchor_compat": 2.1236871544265914,
  "above_R_THRESH_FULL_anchor": 1.0,
  "alpha": 1.0,
  "borrow_interest": 0.02,
  "borrow_limit": 0.6,
  "c_upd": 0.9,
  "condition": "enabled_full__borrow__t4m__a1p00__c0p90",
  "eval_CSR_post": 0.019999999552965164,
  "eval_CSR_pre": 0.019999999552965164,
  "eval_dbar_post_mean": 0.476162314414978,
  "eval_dbar_pre_mean": 0.47568365931510925,
  "eval_done_count": 100.0,
  "eval_done_per_env_max": 4.0,
  "eval_done_per_env_min": 4.0,
  "eval_episodes_per_env": 4.0,
  "eval_len_end_mean": 26.0,
  "eval_max_tilde_post_mean": 0.7260322570800781,
  "eval_max_tilde_pre_mean": 0.7173274159431458,
  "eval_occupied_post_mean": 0.5199999809265137,
  "eval_occupied_pre_mean": 0.44999998807907104,
  "eval_return_end_mean": -21.99627685546875,
  "eval_t_eval": 104.0,
  "family": "borrow",
  "final_energy": -0.08205758780241013,
  "final_executed_updates": 252.0,
  "final_vartd": 4.1537299156188965,
  "max_debt_level": 0.4558783769607544,
  "mean_update_fraction": 0.20160000026226044,
  "metric_horizon": "long4m",
  "phase": "extension_full",
  "runtime_sec": 11.897752969998692,
  "seed": 57,
  "support_mode": "none",
  "support_total": 0.0,
  "total_debt_charge": 2.4273481369018555,
  "total_support_injected": 0.0,
  "total_timesteps": 4000000,
  "train_final_return_end_mean": -20.846210479736328
}