{
  "alpha": 0.05,
  "c_upd": 0.58,
  "depr_lambda": 0.0,
  "depr_nu": 0.5,
  "depr_psi": 0.0,
  "eval_CSR_post": 0.0,
  "eval_dbar_post_mean": 0.5164637565612793,
  "eval_done_count": 100.0,
  "eval_episodes_per_env": 4.0,
  "eval_len_end_mean": 26.0,
  "eval_occupied_post_mean": 0.38999998569488525,
  "eval_return_end_mean": -24.013856887817383,
  "eval_t_eval": 104.0,
  "final_depr_F_post": 0.0,
  "final_energy_E_post": 0.3392111659049988,
  "final_episode_return_end_mean": -25.82449722290039,
  "final_funding_alpha_eff": 0.05000000074505806,
  "final_funding_g": 0.11973395943641663,
  "final_funding_g_raw": 0.11973395943641663,
  "final_update_counter": 8.0,
  "final_vartd_VarTD": 0.14383059740066528,
  "mechanism": "hardzero_only",
  "mechanism_tag": "hardzero_only__c0p58__z1p00__lam0p000__nu0p50__psi0p00",
  "runtime_sec": 10.870802609017119,
  "seed": 48,
  "z_cut": 1.0
}