{
  "alpha": 0.061,
  "c_upd": 0.58,
  "depr_lambda": 0.005,
  "depr_nu": 1.0,
  "depr_psi": 0.5,
  "eval_CSR_post": 0.0,
  "eval_dbar_post_mean": 0.5384779572486877,
  "eval_done_count": 100.0,
  "eval_episodes_per_env": 4.0,
  "eval_len_end_mean": 26.0,
  "eval_occupied_post_mean": 0.3400000035762787,
  "eval_return_end_mean": -24.701223373413086,
  "eval_t_eval": 104.0,
  "final_depr_F_post": 0.0,
  "final_energy_E_post": 0.009376312606036663,
  "final_episode_return_end_mean": -24.65240478515625,
  "final_funding_alpha_eff": 0.0505707822740078,
  "final_funding_g": 0.148418128490448,
  "final_funding_g_raw": 0.148418128490448,
  "final_update_counter": 13.0,
  "final_vartd_VarTD": 0.16764453053474426,
  "mechanism": "hardzero_plus_depr",
  "mechanism_tag": "hardzero_plus_depr__c0p58__z1p00__lam0p005__nu1p00__psi0p50",
  "runtime_sec": 9.492091251071543,
  "seed": 45,
  "z_cut": 1.0
}