{
  "alpha": 0.12,
  "c_upd": 0.6,
  "depr_lambda": 0.02,
  "depr_nu": 0.5,
  "depr_psi": 1.0,
  "eval_CSR_post": 0.0,
  "eval_dbar_post_mean": 0.6266986727714539,
  "eval_done_count": 100.0,
  "eval_episodes_per_env": 4.0,
  "eval_len_end_mean": 26.0,
  "eval_occupied_post_mean": 0.2800000011920929,
  "eval_return_end_mean": -25.080114364624023,
  "eval_t_eval": 104.0,
  "final_depr_F_post": 24.740375518798828,
  "final_energy_E_post": 0.48100361227989197,
  "final_episode_return_end_mean": -27.896102905273438,
  "final_funding_alpha_eff": 2.2042391783355653e-12,
  "final_funding_g": 0.09377702325582504,
  "final_funding_g_raw": 0.09377702325582504,
  "final_update_counter": 2.0,
  "final_vartd_VarTD": 0.16309359669685364,
  "mechanism": "hardzero_plus_depr",
  "mechanism_tag": "hardzero_plus_depr__c0p60__z1p10__lam0p020__nu0p50__psi1p00",
  "runtime_sec": 10.775403667008504,
  "seed": 41,
  "z_cut": 1.1
}