{
  "alpha": 0.041,
  "c_upd": 0.58,
  "depr_lambda": 0.0,
  "depr_nu": 0.5,
  "depr_psi": 0.0,
  "eval_CSR_post": 0.0,
  "eval_dbar_post_mean": 0.9570866823196411,
  "eval_done_count": 100.0,
  "eval_episodes_per_env": 4.0,
  "eval_len_end_mean": 26.0,
  "eval_occupied_post_mean": 0.10999999940395355,
  "eval_return_end_mean": -30.236068725585938,
  "eval_t_eval": 104.0,
  "final_depr_F_post": 0.0,
  "final_energy_E_post": 0.4350094199180603,
  "final_episode_return_end_mean": -26.819902420043945,
  "final_funding_alpha_eff": 0.04100000113248825,
  "final_funding_g": 0.0,
  "final_funding_g_raw": 0.09818120300769806,
  "final_update_counter": 2.0,
  "final_vartd_VarTD": 0.15206921100616455,
  "mechanism": "hardzero_only",
  "mechanism_tag": "hardzero_only__c0p58__z1p00__lam0p000__nu0p50__psi0p00",
  "runtime_sec": 10.827169500058517,
  "seed": 60,
  "z_cut": 1.0
}