{
  "alpha": 0.12,
  "c_upd": 0.52,
  "depr_lambda": 0.01,
  "depr_nu": 0.5,
  "depr_psi": 0.75,
  "eval_CSR_post": 0.009999999776482582,
  "eval_dbar_post_mean": 0.4934403896331787,
  "eval_done_count": 100.0,
  "eval_episodes_per_env": 4.0,
  "eval_len_end_mean": 26.0,
  "eval_occupied_post_mean": 0.41999998688697815,
  "eval_return_end_mean": -23.78607940673828,
  "eval_t_eval": 104.0,
  "final_depr_F_post": 0.5541087985038757,
  "final_energy_E_post": 0.034811459481716156,
  "final_episode_return_end_mean": -25.13003158569336,
  "final_funding_alpha_eff": 0.07979094982147217,
  "final_funding_g": 0.14607658982276917,
  "final_funding_g_raw": 0.14607658982276917,
  "final_update_counter": 20.0,
  "final_vartd_VarTD": 0.6404914259910583,
  "mechanism": "hardzero_plus_depr",
  "mechanism_tag": "hardzero_plus_depr__c0p52__z1p05__lam0p010__nu0p50__psi0p75",
  "runtime_sec": 10.87742850597715,
  "seed": 35,
  "z_cut": 1.05
}