{
  "alpha": 0.1,
  "c_upd": 0.54,
  "depr_lambda": 0.01,
  "depr_nu": 0.5,
  "depr_psi": 0.75,
  "eval_CSR_post": 0.009999999776482582,
  "eval_dbar_post_mean": 0.4994056820869446,
  "eval_done_count": 100.0,
  "eval_episodes_per_env": 4.0,
  "eval_len_end_mean": 26.0,
  "eval_occupied_post_mean": 0.47999998927116394,
  "eval_return_end_mean": -24.48463249206543,
  "eval_t_eval": 104.0,
  "final_depr_F_post": 9.645750045776367,
  "final_energy_E_post": 0.4910283088684082,
  "final_episode_return_end_mean": -26.952730178833008,
  "final_funding_alpha_eff": 7.268340414157137e-05,
  "final_funding_g": 0.1096198782324791,
  "final_funding_g_raw": 0.1096198782324791,
  "final_update_counter": 5.0,
  "final_vartd_VarTD": 0.12979871034622192,
  "mechanism": "hardzero_plus_depr",
  "mechanism_tag": "hardzero_plus_depr__c0p54__z1p05__lam0p010__nu0p50__psi0p75",
  "runtime_sec": 10.887915700033773,
  "seed": 35,
  "z_cut": 1.05
}