{
  "alpha": 0.02,
  "c_upd": 0.52,
  "depr_lambda": 0.0,
  "depr_nu": 0.5,
  "depr_psi": 0.0,
  "eval_CSR_post": 0.0,
  "eval_dbar_post_mean": 0.5339658260345459,
  "eval_done_count": 100.0,
  "eval_episodes_per_env": 4.0,
  "eval_len_end_mean": 26.0,
  "eval_occupied_post_mean": 0.3199999928474426,
  "eval_return_end_mean": -24.01156234741211,
  "eval_t_eval": 104.0,
  "final_depr_F_post": 0.0,
  "final_energy_E_post": 0.006516533903777599,
  "final_episode_return_end_mean": -27.01343536376953,
  "final_funding_alpha_eff": 0.019999999552965164,
  "final_funding_g": 0.10732337832450867,
  "final_funding_g_raw": 0.10732337832450867,
  "final_update_counter": 7.0,
  "final_vartd_VarTD": 0.15257607400417328,
  "mechanism": "hardzero_only",
  "mechanism_tag": "hardzero_only__c0p52__z1p10__lam0p000__nu0p50__psi0p00",
  "runtime_sec": 9.894678676966578,
  "seed": 41,
  "z_cut": 1.1
}