{
  "alpha": 0.08,
  "c_upd": 0.52,
  "depr_lambda": 0.02,
  "depr_nu": 0.5,
  "depr_psi": 1.0,
  "eval_CSR_post": 0.0,
  "eval_dbar_post_mean": 0.554247260093689,
  "eval_done_count": 100.0,
  "eval_episodes_per_env": 4.0,
  "eval_len_end_mean": 26.0,
  "eval_occupied_post_mean": 0.3499999940395355,
  "eval_return_end_mean": -22.47106170654297,
  "eval_t_eval": 104.0,
  "final_depr_F_post": 24.180362701416016,
  "final_energy_E_post": 0.09426596015691757,
  "final_episode_return_end_mean": -27.367368698120117,
  "final_funding_alpha_eff": 2.57263372931138e-12,
  "final_funding_g": 0.0,
  "final_funding_g_raw": 0.09471376240253448,
  "final_update_counter": 2.0,
  "final_vartd_VarTD": 0.19031772017478943,
  "mechanism": "hardzero_plus_depr",
  "mechanism_tag": "hardzero_plus_depr__c0p52__z1p00__lam0p020__nu0p50__psi1p00",
  "runtime_sec": 22.632023048994597,
  "seed": 30,
  "z_cut": 1.0
}