{
  "alpha": 0.04,
  "c_upd": 0.5,
  "depr_lambda": 0.0,
  "depr_nu": 0.5,
  "depr_psi": 0.0,
  "eval_CSR_post": 0.009999999776482582,
  "eval_dbar_post_mean": 0.471233606338501,
  "eval_done_count": 100.0,
  "eval_episodes_per_env": 4.0,
  "eval_len_end_mean": 26.0,
  "eval_occupied_post_mean": 0.38999998569488525,
  "eval_return_end_mean": -22.877782821655273,
  "eval_t_eval": 104.0,
  "final_depr_F_post": 0.0,
  "final_energy_E_post": 0.03690095618367195,
  "final_episode_return_end_mean": -25.577680587768555,
  "final_funding_alpha_eff": 0.03999999910593033,
  "final_funding_g": 0.13541273772716522,
  "final_funding_g_raw": 0.13541273772716522,
  "final_update_counter": 13.0,
  "final_vartd_VarTD": 0.26140096783638,
  "mechanism": "hardzero_only",
  "mechanism_tag": "hardzero_only__c0p50__z1p05__lam0p000__nu0p50__psi0p00",
  "runtime_sec": 9.771463845972903,
  "seed": 38,
  "z_cut": 1.05
}