{
  "alpha": 0.04,
  "c_upd": 0.58,
  "depr_lambda": 0.005,
  "depr_nu": 1.0,
  "depr_psi": 0.5,
  "eval_CSR_post": 0.0,
  "eval_dbar_post_mean": 0.50553297996521,
  "eval_done_count": 100.0,
  "eval_episodes_per_env": 4.0,
  "eval_len_end_mean": 26.0,
  "eval_occupied_post_mean": 0.3100000023841858,
  "eval_return_end_mean": -22.60760498046875,
  "eval_t_eval": 104.0,
  "final_depr_F_post": 0.9799992442131042,
  "final_energy_E_post": 0.4163263738155365,
  "final_episode_return_end_mean": -26.783100128173828,
  "final_funding_alpha_eff": 0.0245664045214653,
  "final_funding_g": 0.10065978765487671,
  "final_funding_g_raw": 0.10065978765487671,
  "final_update_counter": 4.0,
  "final_vartd_VarTD": 0.15960246324539185,
  "mechanism": "hardzero_plus_depr",
  "mechanism_tag": "hardzero_plus_depr__c0p58__z1p00__lam0p005__nu1p00__psi0p50",
  "runtime_sec": 9.465356182074174,
  "seed": 58,
  "z_cut": 1.0
}