{
  "alpha": 0.05,
  "c_upd": 0.56,
  "depr_lambda": 0.01,
  "depr_nu": 0.5,
  "depr_psi": 1.0,
  "eval_CSR_post": 0.0,
  "eval_dbar_post_mean": 0.6197847127914429,
  "eval_done_count": 100.0,
  "eval_episodes_per_env": 4.0,
  "eval_len_end_mean": 26.0,
  "eval_occupied_post_mean": 0.26999998092651367,
  "eval_return_end_mean": -23.7945556640625,
  "eval_t_eval": 104.0,
  "final_depr_F_post": 12.335186958312988,
  "final_energy_E_post": 0.42936602234840393,
  "final_episode_return_end_mean": -27.402446746826172,
  "final_funding_alpha_eff": 2.219266264091857e-07,
  "final_funding_g": 0.0921056717634201,
  "final_funding_g_raw": 0.0921056717634201,
  "final_update_counter": 2.0,
  "final_vartd_VarTD": 0.18820011615753174,
  "mechanism": "hardzero_plus_depr",
  "mechanism_tag": "hardzero_plus_depr__c0p56__z1p10__lam0p010__nu0p50__psi1p00",
  "runtime_sec": 24.417455798015,
  "seed": 30,
  "z_cut": 1.1
}