{
  "alpha": 0.02,
  "c_upd": 0.52,
  "depr_lambda": 0.03,
  "depr_nu": 0.5,
  "depr_psi": 0.75,
  "eval_CSR_post": 0.0,
  "eval_dbar_post_mean": 0.5729368925094604,
  "eval_done_count": 100.0,
  "eval_episodes_per_env": 4.0,
  "eval_len_end_mean": 26.0,
  "eval_occupied_post_mean": 0.26999998092651367,
  "eval_return_end_mean": -24.50859832763672,
  "eval_t_eval": 104.0,
  "final_depr_F_post": 36.90011978149414,
  "final_energy_E_post": 0.053723692893981934,
  "final_episode_return_end_mean": -27.82195281982422,
  "final_funding_alpha_eff": 1.957320685196627e-14,
  "final_funding_g": 0.09168697148561478,
  "final_funding_g_raw": 0.09168697148561478,
  "final_update_counter": 2.0,
  "final_vartd_VarTD": 0.17573733627796173,
  "mechanism": "hardzero_plus_depr",
  "mechanism_tag": "hardzero_plus_depr__c0p52__z1p05__lam0p030__nu0p50__psi0p75",
  "runtime_sec": 10.796402327017859,
  "seed": 40,
  "z_cut": 1.05
}