{
  "alpha": 0.12,
  "c_upd": 0.6,
  "depr_lambda": 0.01,
  "depr_nu": 0.5,
  "depr_psi": 1.0,
  "eval_CSR_post": 0.0,
  "eval_dbar_post_mean": 0.5658366084098816,
  "eval_done_count": 100.0,
  "eval_episodes_per_env": 4.0,
  "eval_len_end_mean": 26.0,
  "eval_occupied_post_mean": 0.35999998450279236,
  "eval_return_end_mean": -23.446821212768555,
  "eval_t_eval": 104.0,
  "final_depr_F_post": 11.695172309875488,
  "final_energy_E_post": 0.14643867313861847,
  "final_episode_return_end_mean": -26.298542022705078,
  "final_funding_alpha_eff": 1.0101258567374316e-06,
  "final_funding_g": 0.0,
  "final_funding_g_raw": 0.09843482822179794,
  "final_update_counter": 2.0,
  "final_vartd_VarTD": 0.13335537910461426,
  "mechanism": "hardzero_plus_depr",
  "mechanism_tag": "hardzero_plus_depr__c0p60__z1p00__lam0p010__nu0p50__psi1p00",
  "runtime_sec": 10.55030786403222,
  "seed": 32,
  "z_cut": 1.0
}