{
  "alpha": 0.08,
  "c_upd": 0.54,
  "depr_lambda": 0.01,
  "depr_nu": 0.5,
  "depr_psi": 0.75,
  "eval_CSR_post": 0.0,
  "eval_dbar_post_mean": 0.5183708667755127,
  "eval_done_count": 100.0,
  "eval_episodes_per_env": 4.0,
  "eval_len_end_mean": 26.0,
  "eval_occupied_post_mean": 0.3100000023841858,
  "eval_return_end_mean": -21.999040603637695,
  "eval_t_eval": 104.0,
  "final_depr_F_post": 11.517667770385742,
  "final_energy_E_post": 0.5323125123977661,
  "final_episode_return_end_mean": -27.783506393432617,
  "final_funding_alpha_eff": 1.428244559065206e-05,
  "final_funding_g": 0.09744139760732651,
  "final_funding_g_raw": 0.09744139760732651,
  "final_update_counter": 3.0,
  "final_vartd_VarTD": 0.2119438797235489,
  "mechanism": "hardzero_plus_depr",
  "mechanism_tag": "hardzero_plus_depr__c0p54__z1p05__lam0p010__nu0p50__psi0p75",
  "runtime_sec": 10.909186365024652,
  "seed": 38,
  "z_cut": 1.05
}