{
  "alpha": 0.1,
  "c_upd": 0.6,
  "depr_lambda": 0.01,
  "depr_nu": 0.5,
  "depr_psi": 1.0,
  "eval_CSR_post": 0.009999999776482582,
  "eval_dbar_post_mean": 0.5669267177581787,
  "eval_done_count": 100.0,
  "eval_episodes_per_env": 4.0,
  "eval_len_end_mean": 26.0,
  "eval_occupied_post_mean": 0.3999999761581421,
  "eval_return_end_mean": -24.832937240600586,
  "eval_t_eval": 104.0,
  "final_depr_F_post": 11.727672576904297,
  "final_energy_E_post": 0.5371923446655273,
  "final_episode_return_end_mean": -26.845367431640625,
  "final_funding_alpha_eff": 8.148535357577202e-07,
  "final_funding_g": 0.09799280762672424,
  "final_funding_g_raw": 0.09799280762672424,
  "final_update_counter": 3.0,
  "final_vartd_VarTD": 0.18757732212543488,
  "mechanism": "hardzero_plus_depr",
  "mechanism_tag": "hardzero_plus_depr__c0p60__z1p10__lam0p010__nu0p50__psi1p00",
  "runtime_sec": 10.787106920033693,
  "seed": 37,
  "z_cut": 1.1
}