{
  "alpha": 0.028,
  "c_upd": 0.58,
  "depr_lambda": 0.005,
  "depr_nu": 1.0,
  "depr_psi": 0.5,
  "eval_CSR_post": 0.0,
  "eval_dbar_post_mean": 0.7065731883049011,
  "eval_done_count": 100.0,
  "eval_episodes_per_env": 4.0,
  "eval_len_end_mean": 26.0,
  "eval_occupied_post_mean": 0.25,
  "eval_return_end_mean": -25.976640701293945,
  "eval_t_eval": 104.0,
  "final_depr_F_post": 6.245095252990723,
  "final_energy_E_post": 0.5668033957481384,
  "final_episode_return_end_mean": -26.97374725341797,
  "final_funding_alpha_eff": 0.001236342010088265,
  "final_funding_g": 0.0,
  "final_funding_g_raw": 0.089688241481781,
  "final_update_counter": 1.0,
  "final_vartd_VarTD": 0.1459375023841858,
  "mechanism": "hardzero_plus_depr",
  "mechanism_tag": "hardzero_plus_depr__c0p58__z1p00__lam0p005__nu1p00__psi0p50",
  "runtime_sec": 9.45267298805993,
  "seed": 39,
  "z_cut": 1.0
}