{
  "alpha": 0.05,
  "c_upd": 0.54,
  "depr_lambda": 0.03,
  "depr_nu": 0.5,
  "depr_psi": 1.25,
  "eval_CSR_post": 0.0,
  "eval_dbar_post_mean": 0.5809546709060669,
  "eval_done_count": 100.0,
  "eval_episodes_per_env": 4.0,
  "eval_len_end_mean": 26.0,
  "eval_occupied_post_mean": 0.32999998331069946,
  "eval_return_end_mean": -24.108911514282227,
  "eval_t_eval": 104.0,
  "final_depr_F_post": 36.60013198852539,
  "final_energy_E_post": 0.0451706200838089,
  "final_episode_return_end_mean": -26.323986053466797,
  "final_funding_alpha_eff": 7.017971670110275e-22,
  "final_funding_g": 0.09586550295352936,
  "final_funding_g_raw": 0.09586550295352936,
  "final_update_counter": 2.0,
  "final_vartd_VarTD": 0.11999507993459702,
  "mechanism": "hardzero_plus_depr",
  "mechanism_tag": "hardzero_plus_depr__c0p54__z1p05__lam0p030__nu0p50__psi1p25",
  "runtime_sec": 10.735837324988097,
  "seed": 34,
  "z_cut": 1.05
}