{
  "alpha": 0.1,
  "c_upd": 0.52,
  "depr_lambda": 0.02,
  "depr_nu": 0.5,
  "depr_psi": 0.75,
  "eval_CSR_post": 0.009999999776482582,
  "eval_dbar_post_mean": 0.5173776149749756,
  "eval_done_count": 100.0,
  "eval_episodes_per_env": 4.0,
  "eval_len_end_mean": 26.0,
  "eval_occupied_post_mean": 0.29999998211860657,
  "eval_return_end_mean": -23.916105270385742,
  "eval_t_eval": 104.0,
  "final_depr_F_post": 23.155338287353516,
  "final_energy_E_post": 0.18828174471855164,
  "final_episode_return_end_mean": -26.386754989624023,
  "final_funding_alpha_eff": 2.9129822998186228e-09,
  "final_funding_g": 0.11618603020906448,
  "final_funding_g_raw": 0.11618603020906448,
  "final_update_counter": 3.0,
  "final_vartd_VarTD": 0.11609408259391785,
  "mechanism": "hardzero_plus_depr",
  "mechanism_tag": "hardzero_plus_depr__c0p52__z1p05__lam0p020__nu0p50__psi0p75",
  "runtime_sec": 10.990476250008214,
  "seed": 33,
  "z_cut": 1.05
}