{
  "alpha": 0.046,
  "c_upd": 0.58,
  "depr_lambda": 0.005,
  "depr_nu": 1.0,
  "depr_psi": 0.5,
  "eval_CSR_post": 0.0,
  "eval_dbar_post_mean": 0.6076930165290833,
  "eval_done_count": 100.0,
  "eval_episodes_per_env": 4.0,
  "eval_len_end_mean": 26.0,
  "eval_occupied_post_mean": 0.20999999344348907,
  "eval_return_end_mean": -24.736276626586914,
  "eval_t_eval": 104.0,
  "final_depr_F_post": 5.175070762634277,
  "final_energy_E_post": 0.5566607713699341,
  "final_episode_return_end_mean": -27.38666534423828,
  "final_funding_alpha_eff": 0.003468097187578678,
  "final_funding_g": 0.0,
  "final_funding_g_raw": 0.09587650001049042,
  "final_update_counter": 2.0,
  "final_vartd_VarTD": 0.16561853885650635,
  "mechanism": "hardzero_plus_depr",
  "mechanism_tag": "hardzero_plus_depr__c0p58__z1p00__lam0p005__nu1p00__psi0p50",
  "runtime_sec": 9.468223311938345,
  "seed": 46,
  "z_cut": 1.0
}