{
  "I_R_full_anchor_compat": 1.7566451789564934,
  "above_R_THRESH_FULL_anchor": 1.0,
  "alpha": 1.0,
  "borrow_interest": 0.0,
  "borrow_limit": 0.0,
  "c_upd": 0.9,
  "condition": "enabled_full__support__t4m__a1p00__c0p90",
  "eval_CSR_post": 0.0,
  "eval_CSR_pre": 0.0,
  "eval_dbar_post_mean": 0.5009176731109619,
  "eval_dbar_pre_mean": 0.5040411949157715,
  "eval_done_count": 100.0,
  "eval_done_per_env_max": 4.0,
  "eval_done_per_env_min": 4.0,
  "eval_episodes_per_env": 4.0,
  "eval_len_end_mean": 26.0,
  "eval_max_tilde_post_mean": 0.7459872364997864,
  "eval_max_tilde_pre_mean": 0.7493566870689392,
  "eval_occupied_post_mean": 0.3799999952316284,
  "eval_occupied_pre_mean": 0.38999998569488525,
  "eval_return_end_mean": -22.90542221069336,
  "eval_t_eval": 104.0,
  "family": "support",
  "final_energy": 0.7938008308410645,
  "final_executed_updates": 264.0,
  "final_vartd": 4.118195533752441,
  "max_debt_level": 0.0,
  "mean_update_fraction": 0.21119999885559082,
  "metric_horizon": "long4m",
  "phase": "extension_full",
  "runtime_sec": 11.623682989000372,
  "seed": 46,
  "support_mode": "frontload",
  "support_total": 0.6,
  "total_debt_charge": 0.0,
  "total_support_injected": 0.5999999642372131,
  "total_timesteps": 4000000,
  "train_final_return_end_mean": -20.654399871826172
}