{
  "alpha": 0.058,
  "c_upd": 0.58,
  "depr_lambda": 0.005,
  "depr_nu": 1.0,
  "depr_psi": 0.5,
  "eval_CSR_post": 0.009999999776482582,
  "eval_dbar_post_mean": 0.4830326437950134,
  "eval_done_count": 100.0,
  "eval_episodes_per_env": 4.0,
  "eval_len_end_mean": 26.0,
  "eval_occupied_post_mean": 0.4399999976158142,
  "eval_return_end_mean": -22.980865478515625,
  "eval_t_eval": 104.0,
  "final_depr_F_post": 0.014999999664723873,
  "final_energy_E_post": 0.028235627338290215,
  "final_episode_return_end_mean": -26.891735076904297,
  "final_funding_alpha_eff": 0.05771072581410408,
  "final_funding_g": 0.11460991948843002,
  "final_funding_g_raw": 0.11460991948843002,
  "final_update_counter": 9.0,
  "final_vartd_VarTD": 0.1609523743391037,
  "mechanism": "hardzero_plus_depr",
  "mechanism_tag": "hardzero_plus_depr__c0p58__z1p00__lam0p005__nu1p00__psi0p50",
  "runtime_sec": 9.481862955959514,
  "seed": 47,
  "z_cut": 1.0
}