{
  "alpha": 0.043,
  "c_upd": 0.58,
  "depr_lambda": 0.005,
  "depr_nu": 1.0,
  "depr_psi": 0.5,
  "eval_CSR_post": 0.009999999776482582,
  "eval_dbar_post_mean": 0.5349523425102234,
  "eval_done_count": 100.0,
  "eval_episodes_per_env": 4.0,
  "eval_len_end_mean": 26.0,
  "eval_occupied_post_mean": 0.32999998331069946,
  "eval_return_end_mean": -23.950952529907227,
  "eval_t_eval": 104.0,
  "final_depr_F_post": 0.3199998438358307,
  "final_energy_E_post": 0.17264728248119354,
  "final_episode_return_end_mean": -27.435440063476562,
  "final_funding_alpha_eff": 0.03673390671610832,
  "final_funding_g": 0.0,
  "final_funding_g_raw": 0.09707336127758026,
  "final_update_counter": 3.0,
  "final_vartd_VarTD": 0.16058349609375,
  "mechanism": "hardzero_plus_depr",
  "mechanism_tag": "hardzero_plus_depr__c0p58__z1p00__lam0p005__nu1p00__psi0p50",
  "runtime_sec": 9.47058883192949,
  "seed": 40,
  "z_cut": 1.0
}