{
  "alpha": 0.1,
  "c_upd": 0.58,
  "depr_lambda": 0.01,
  "depr_nu": 0.5,
  "depr_psi": 1.25,
  "eval_CSR_post": 0.009999999776482582,
  "eval_dbar_post_mean": 0.5098824501037598,
  "eval_done_count": 100.0,
  "eval_episodes_per_env": 4.0,
  "eval_len_end_mean": 26.0,
  "eval_occupied_post_mean": 0.4099999964237213,
  "eval_return_end_mean": -23.234882354736328,
  "eval_t_eval": 104.0,
  "final_depr_F_post": 11.617670059204102,
  "final_energy_E_post": 0.3255223035812378,
  "final_episode_return_end_mean": -26.134401321411133,
  "final_funding_alpha_eff": 4.99535417475272e-08,
  "final_funding_g": 0.10221787542104721,
  "final_funding_g_raw": 0.10221787542104721,
  "final_update_counter": 3.0,
  "final_vartd_VarTD": 0.12831509113311768,
  "mechanism": "hardzero_plus_depr",
  "mechanism_tag": "hardzero_plus_depr__c0p58__z1p10__lam0p010__nu0p50__psi1p25",
  "runtime_sec": 10.638497087988071,
  "seed": 32,
  "z_cut": 1.1
}