{
  "alpha": 0.02,
  "c_upd": 0.52,
  "depr_lambda": 0.01,
  "depr_nu": 0.5,
  "depr_psi": 1.25,
  "eval_CSR_post": 0.0,
  "eval_dbar_post_mean": 0.5031613707542419,
  "eval_done_count": 100.0,
  "eval_episodes_per_env": 4.0,
  "eval_len_end_mean": 26.0,
  "eval_occupied_post_mean": 0.429999977350235,
  "eval_return_end_mean": -20.877065658569336,
  "eval_t_eval": 104.0,
  "final_depr_F_post": 12.340187072753906,
  "final_energy_E_post": 0.12901470065116882,
  "final_episode_return_end_mean": -27.89897918701172,
  "final_funding_alpha_eff": 4.049161450581096e-09,
  "final_funding_g": 0.09190857410430908,
  "final_funding_g_raw": 0.09190857410430908,
  "final_update_counter": 2.0,
  "final_vartd_VarTD": 0.21409007906913757,
  "mechanism": "hardzero_plus_depr",
  "mechanism_tag": "hardzero_plus_depr__c0p52__z1p10__lam0p010__nu0p50__psi1p25",
  "runtime_sec": 10.620818416005932,
  "seed": 38,
  "z_cut": 1.1
}