{
  "alpha": 0.08,
  "c_upd": 0.58,
  "depr_lambda": 0.0,
  "depr_nu": 0.5,
  "depr_psi": 0.0,
  "eval_CSR_post": 0.009999999776482582,
  "eval_dbar_post_mean": 0.488283634185791,
  "eval_done_count": 100.0,
  "eval_episodes_per_env": 4.0,
  "eval_len_end_mean": 26.0,
  "eval_occupied_post_mean": 0.41999998688697815,
  "eval_return_end_mean": -23.75308609008789,
  "eval_t_eval": 104.0,
  "final_depr_F_post": 0.0,
  "final_energy_E_post": 0.5241795778274536,
  "final_episode_return_end_mean": -24.309249877929688,
  "final_funding_alpha_eff": 0.07999999821186066,
  "final_funding_g": 0.14194363355636597,
  "final_funding_g_raw": 0.14194363355636597,
  "final_update_counter": 18.0,
  "final_vartd_VarTD": 0.4416213035583496,
  "mechanism": "hardzero_only",
  "mechanism_tag": "hardzero_only__c0p58__z1p00__lam0p000__nu0p50__psi0p00",
  "runtime_sec": 9.50381526001729,
  "seed": 49,
  "z_cut": 1.0
}