{
  "alpha": 0.12,
  "c_upd": 0.54,
  "depr_lambda": 0.03,
  "depr_nu": 0.5,
  "depr_psi": 0.75,
  "eval_CSR_post": 0.0,
  "eval_dbar_post_mean": 0.5687414407730103,
  "eval_done_count": 100.0,
  "eval_episodes_per_env": 4.0,
  "eval_len_end_mean": 26.0,
  "eval_occupied_post_mean": 0.3799999952316284,
  "eval_return_end_mean": -24.65165138244629,
  "eval_t_eval": 104.0,
  "final_depr_F_post": 37.20010757446289,
  "final_energy_E_post": 0.4192376732826233,
  "final_episode_return_end_mean": -26.296955108642578,
  "final_funding_alpha_eff": 9.377799914649793e-14,
  "final_funding_g": 0.09819156676530838,
  "final_funding_g_raw": 0.09819156676530838,
  "final_update_counter": 2.0,
  "final_vartd_VarTD": 0.13325904309749603,
  "mechanism": "hardzero_plus_depr",
  "mechanism_tag": "hardzero_plus_depr__c0p54__z1p05__lam0p030__nu0p50__psi0p75",
  "runtime_sec": 10.70648357400205,
  "seed": 32,
  "z_cut": 1.05
}