{
  "alpha": 0.1,
  "c_upd": 0.52,
  "depr_lambda": 0.01,
  "depr_nu": 0.5,
  "depr_psi": 0.75,
  "eval_CSR_post": 0.0,
  "eval_dbar_post_mean": 0.4858193099498749,
  "eval_done_count": 100.0,
  "eval_episodes_per_env": 4.0,
  "eval_len_end_mean": 26.0,
  "eval_occupied_post_mean": 0.4599999785423279,
  "eval_return_end_mean": -22.801069259643555,
  "eval_t_eval": 104.0,
  "final_depr_F_post": 8.34759521484375,
  "final_energy_E_post": 0.40899601578712463,
  "final_episode_return_end_mean": -26.79851531982422,
  "final_funding_alpha_eff": 0.0001924293756019324,
  "final_funding_g": 0.10694095492362976,
  "final_funding_g_raw": 0.10694095492362976,
  "final_update_counter": 6.0,
  "final_vartd_VarTD": 0.1957799345254898,
  "mechanism": "hardzero_plus_depr",
  "mechanism_tag": "hardzero_plus_depr__c0p52__z1p05__lam0p010__nu0p50__psi0p75",
  "runtime_sec": 23.561783341981936,
  "seed": 30,
  "z_cut": 1.05
}