{
  "alpha": 0.05,
  "c_upd": 0.5,
  "depr_lambda": 0.01,
  "depr_nu": 0.5,
  "depr_psi": 1.0,
  "eval_CSR_post": 0.0,
  "eval_dbar_post_mean": 0.5328680872917175,
  "eval_done_count": 100.0,
  "eval_episodes_per_env": 4.0,
  "eval_len_end_mean": 26.0,
  "eval_occupied_post_mean": 0.3400000035762787,
  "eval_return_end_mean": -24.58211898803711,
  "eval_t_eval": 104.0,
  "final_depr_F_post": 10.75515079498291,
  "final_energy_E_post": 0.09543189406394958,
  "final_episode_return_end_mean": -26.253507614135742,
  "final_funding_alpha_eff": 1.077482920663897e-06,
  "final_funding_g": 0.11946562677621841,
  "final_funding_g_raw": 0.11946562677621841,
  "final_update_counter": 3.0,
  "final_vartd_VarTD": 0.11511947959661484,
  "mechanism": "hardzero_plus_depr",
  "mechanism_tag": "hardzero_plus_depr__c0p50__z1p10__lam0p010__nu0p50__psi1p00",
  "runtime_sec": 10.817232506989967,
  "seed": 33,
  "z_cut": 1.1
}