{
  "alpha": 0.079,
  "c_upd": 0.58,
  "depr_lambda": 0.005,
  "depr_nu": 1.0,
  "depr_psi": 0.5,
  "eval_CSR_post": 0.0,
  "eval_dbar_post_mean": 0.5338296890258789,
  "eval_done_count": 100.0,
  "eval_episodes_per_env": 4.0,
  "eval_len_end_mean": 26.0,
  "eval_occupied_post_mean": 0.3499999940395355,
  "eval_return_end_mean": -24.89810562133789,
  "eval_t_eval": 104.0,
  "final_depr_F_post": 0.20499993860721588,
  "final_energy_E_post": 0.31504759192466736,
  "final_episode_return_end_mean": -27.13614273071289,
  "final_funding_alpha_eff": 0.07148216664791107,
  "final_funding_g": 0.10697731375694275,
  "final_funding_g_raw": 0.10697731375694275,
  "final_update_counter": 8.0,
  "final_vartd_VarTD": 0.16532471776008606,
  "mechanism": "hardzero_plus_depr",
  "mechanism_tag": "hardzero_plus_depr__c0p58__z1p00__lam0p005__nu1p00__psi0p50",
  "runtime_sec": 9.491069216048345,
  "seed": 51,
  "z_cut": 1.0
}