{
  "alpha": 0.02,
  "c_upd": 0.56,
  "depr_lambda": 0.01,
  "depr_nu": 0.5,
  "depr_psi": 1.0,
  "eval_CSR_post": 0.0,
  "eval_dbar_post_mean": 0.6285193562507629,
  "eval_done_count": 100.0,
  "eval_episodes_per_env": 4.0,
  "eval_len_end_mean": 26.0,
  "eval_occupied_post_mean": 0.22999998927116394,
  "eval_return_end_mean": -25.290311813354492,
  "eval_t_eval": 104.0,
  "final_depr_F_post": 11.54516887664795,
  "final_energy_E_post": 0.05652955546975136,
  "final_episode_return_end_mean": -28.129430770874023,
  "final_funding_alpha_eff": 1.956004780367948e-07,
  "final_funding_g": 0.0,
  "final_funding_g_raw": 0.08626776933670044,
  "final_update_counter": 2.0,
  "final_vartd_VarTD": 0.1865106225013733,
  "mechanism": "hardzero_plus_depr",
  "mechanism_tag": "hardzero_plus_depr__c0p56__z1p05__lam0p010__nu0p50__psi1p00",
  "runtime_sec": 10.756055656005628,
  "seed": 40,
  "z_cut": 1.05
}