{
  "alpha": 0.12,
  "c_upd": 0.5,
  "depr_lambda": 0.02,
  "depr_nu": 0.5,
  "depr_psi": 0.75,
  "eval_CSR_post": 0.0,
  "eval_dbar_post_mean": 0.5079736709594727,
  "eval_done_count": 100.0,
  "eval_episodes_per_env": 4.0,
  "eval_len_end_mean": 26.0,
  "eval_occupied_post_mean": 0.3199999928474426,
  "eval_return_end_mean": -25.012950897216797,
  "eval_t_eval": 104.0,
  "final_depr_F_post": 20.840286254882812,
  "final_energy_E_post": 0.07408015429973602,
  "final_episode_return_end_mean": -25.673107147216797,
  "final_funding_alpha_eff": 1.9841742471271573e-08,
  "final_funding_g": 0.13238033652305603,
  "final_funding_g_raw": 0.13238033652305603,
  "final_update_counter": 4.0,
  "final_vartd_VarTD": 0.10878701508045197,
  "mechanism": "hardzero_plus_depr",
  "mechanism_tag": "hardzero_plus_depr__c0p50__z1p05__lam0p020__nu0p50__psi0p75",
  "runtime_sec": 10.758667912974488,
  "seed": 33,
  "z_cut": 1.05
}