{
  "alpha": 0.082,
  "c_upd": 0.58,
  "depr_lambda": 0.005,
  "depr_nu": 1.0,
  "depr_psi": 0.5,
  "eval_CSR_post": 0.0,
  "eval_dbar_post_mean": 1.0898747444152832,
  "eval_done_count": 100.0,
  "eval_episodes_per_env": 4.0,
  "eval_len_end_mean": 26.0,
  "eval_occupied_post_mean": 0.07000000029802322,
  "eval_return_end_mean": -33.324256896972656,
  "eval_t_eval": 104.0,
  "final_depr_F_post": 3.800039529800415,
  "final_energy_E_post": 0.2904137372970581,
  "final_episode_return_end_mean": -26.9183349609375,
  "final_funding_alpha_eff": 0.01229508500546217,
  "final_funding_g": 0.0,
  "final_funding_g_raw": 0.09653345495462418,
  "final_update_counter": 2.0,
  "final_vartd_VarTD": 0.1504434198141098,
  "mechanism": "hardzero_plus_depr",
  "mechanism_tag": "hardzero_plus_depr__c0p58__z1p00__lam0p005__nu1p00__psi0p50",
  "runtime_sec": 9.479195127962157,
  "seed": 60,
  "z_cut": 1.0
}