{
  "alpha": 0.06,
  "c_upd": 0.56,
  "depr_lambda": 0.01,
  "depr_nu": 0.5,
  "depr_psi": 0.75,
  "eval_CSR_post": 0.0,
  "eval_dbar_post_mean": 0.6006594896316528,
  "eval_done_count": 100.0,
  "eval_episodes_per_env": 4.0,
  "eval_len_end_mean": 26.0,
  "eval_occupied_post_mean": 0.25999999046325684,
  "eval_return_end_mean": -23.67922592163086,
  "eval_t_eval": 104.0,
  "final_depr_F_post": 10.947654724121094,
  "final_energy_E_post": 0.29177239537239075,
  "final_episode_return_end_mean": -26.01521873474121,
  "final_funding_alpha_eff": 1.6425885405624285e-05,
  "final_funding_g": 0.10280846804380417,
  "final_funding_g_raw": 0.10280846804380417,
  "final_update_counter": 3.0,
  "final_vartd_VarTD": 0.12157025933265686,
  "mechanism": "hardzero_plus_depr",
  "mechanism_tag": "hardzero_plus_depr__c0p56__z1p05__lam0p010__nu0p50__psi0p75",
  "runtime_sec": 10.844835750001948,
  "seed": 34,
  "z_cut": 1.05
}