{
  "alpha": 0.12,
  "c_upd": 0.56,
  "depr_lambda": 0.02,
  "depr_nu": 0.5,
  "depr_psi": 0.75,
  "eval_CSR_post": 0.0,
  "eval_dbar_post_mean": 0.4960579574108124,
  "eval_done_count": 100.0,
  "eval_episodes_per_env": 4.0,
  "eval_len_end_mean": 26.0,
  "eval_occupied_post_mean": 0.35999998450279236,
  "eval_return_end_mean": -23.737411499023438,
  "eval_t_eval": 104.0,
  "final_depr_F_post": 23.895355224609375,
  "final_energy_E_post": 0.42963743209838867,
  "final_episode_return_end_mean": -26.389379501342773,
  "final_funding_alpha_eff": 2.006687482847269e-09,
  "final_funding_g": 0.11566432565450668,
  "final_funding_g_raw": 0.11566432565450668,
  "final_update_counter": 3.0,
  "final_vartd_VarTD": 0.11491753906011581,
  "mechanism": "hardzero_plus_depr",
  "mechanism_tag": "hardzero_plus_depr__c0p56__z1p10__lam0p020__nu0p50__psi0p75",
  "runtime_sec": 10.849728411994874,
  "seed": 33,
  "z_cut": 1.1
}