{
  "alpha": 0.04,
  "c_upd": 0.58,
  "depr_lambda": 0.01,
  "depr_nu": 0.5,
  "depr_psi": 0.75,
  "eval_CSR_post": 0.0,
  "eval_dbar_post_mean": 0.6695005893707275,
  "eval_done_count": 100.0,
  "eval_episodes_per_env": 4.0,
  "eval_len_end_mean": 26.0,
  "eval_occupied_post_mean": 0.1599999964237213,
  "eval_return_end_mean": -25.3026123046875,
  "eval_t_eval": 104.0,
  "final_depr_F_post": 12.230184555053711,
  "final_energy_E_post": 0.417184442281723,
  "final_episode_return_end_mean": -27.070987701416016,
  "final_funding_alpha_eff": 4.184957106190268e-06,
  "final_funding_g": 0.09488694369792938,
  "final_funding_g_raw": 0.09488694369792938,
  "final_update_counter": 2.0,
  "final_vartd_VarTD": 0.19449791312217712,
  "mechanism": "hardzero_plus_depr",
  "mechanism_tag": "hardzero_plus_depr__c0p58__z1p10__lam0p010__nu0p50__psi0p75",
  "runtime_sec": 10.623657486983575,
  "seed": 37,
  "z_cut": 1.1
}