{
  "alpha": 0.028,
  "c_upd": 0.58,
  "depr_lambda": 0.0,
  "depr_nu": 0.5,
  "depr_psi": 0.0,
  "eval_CSR_post": 0.009999999776482582,
  "eval_dbar_post_mean": 0.5872584581375122,
  "eval_done_count": 100.0,
  "eval_episodes_per_env": 4.0,
  "eval_len_end_mean": 26.0,
  "eval_occupied_post_mean": 0.3100000023841858,
  "eval_return_end_mean": -24.116390228271484,
  "eval_t_eval": 104.0,
  "final_depr_F_post": 0.0,
  "final_energy_E_post": 0.4174739718437195,
  "final_episode_return_end_mean": -26.314550399780273,
  "final_funding_alpha_eff": 0.02800000086426735,
  "final_funding_g": 0.11069164425134659,
  "final_funding_g_raw": 0.11069164425134659,
  "final_update_counter": 4.0,
  "final_vartd_VarTD": 0.12025836110115051,
  "mechanism": "hardzero_only",
  "mechanism_tag": "hardzero_only__c0p58__z1p00__lam0p000__nu0p50__psi0p00",
  "runtime_sec": 9.605828728992492,
  "seed": 45,
  "z_cut": 1.0
}