{
  "alpha": 0.03,
  "c_upd": 0.6,
  "depr_lambda": 0.01,
  "depr_nu": 0.5,
  "depr_psi": 1.0,
  "eval_CSR_post": 0.0,
  "eval_dbar_post_mean": 0.5001482963562012,
  "eval_done_count": 100.0,
  "eval_episodes_per_env": 4.0,
  "eval_len_end_mean": 26.0,
  "eval_occupied_post_mean": 0.3999999761581421,
  "eval_return_end_mean": -23.516342163085938,
  "eval_t_eval": 104.0,
  "final_depr_F_post": 11.835175514221191,
  "final_energy_E_post": 0.16159223020076752,
  "final_episode_return_end_mean": -26.154024124145508,
  "final_funding_alpha_eff": 2.195396007209638e-07,
  "final_funding_g": 0.10128829628229141,
  "final_funding_g_raw": 0.10128829628229141,
  "final_update_counter": 2.0,
  "final_vartd_VarTD": 0.1331169754266739,
  "mechanism": "hardzero_plus_depr",
  "mechanism_tag": "hardzero_plus_depr__c0p60__z1p10__lam0p010__nu0p50__psi1p00",
  "runtime_sec": 10.767160261049867,
  "seed": 32,
  "z_cut": 1.1
}