{
  "alpha": 0.06,
  "c_upd": 0.6,
  "depr_lambda": 0.02,
  "depr_nu": 0.5,
  "depr_psi": 1.25,
  "eval_CSR_post": 0.0,
  "eval_dbar_post_mean": 0.5914138555526733,
  "eval_done_count": 100.0,
  "eval_episodes_per_env": 4.0,
  "eval_len_end_mean": 26.0,
  "eval_occupied_post_mean": 0.35999998450279236,
  "eval_return_end_mean": -24.406923294067383,
  "eval_t_eval": 104.0,
  "final_depr_F_post": 24.200363159179688,
  "final_energy_E_post": 0.08966832607984543,
  "final_episode_return_end_mean": -27.004718780517578,
  "final_funding_alpha_eff": 4.48130065228234e-15,
  "final_funding_g": 0.09544181823730469,
  "final_funding_g_raw": 0.09544181823730469,
  "final_update_counter": 2.0,
  "final_vartd_VarTD": 0.1982090026140213,
  "mechanism": "hardzero_plus_depr",
  "mechanism_tag": "hardzero_plus_depr__c0p60__z1p10__lam0p020__nu0p50__psi1p25",
  "runtime_sec": 10.805672262096778,
  "seed": 37,
  "z_cut": 1.1
}