{
  "alpha": 0.03,
  "c_upd": 0.6,
  "depr_lambda": 0.01,
  "depr_nu": 0.5,
  "depr_psi": 0.75,
  "eval_CSR_post": 0.009999999776482582,
  "eval_dbar_post_mean": 0.6444650888442993,
  "eval_done_count": 100.0,
  "eval_episodes_per_env": 4.0,
  "eval_len_end_mean": 26.0,
  "eval_occupied_post_mean": 0.28999999165534973,
  "eval_return_end_mean": -25.480934143066406,
  "eval_t_eval": 104.0,
  "final_depr_F_post": 11.945178031921387,
  "final_energy_E_post": 0.255187451839447,
  "final_episode_return_end_mean": -26.755643844604492,
  "final_funding_alpha_eff": 3.886733338731574e-06,
  "final_funding_g": 0.09400814026594162,
  "final_funding_g_raw": 0.09400814026594162,
  "final_update_counter": 2.0,
  "final_vartd_VarTD": 0.14381350576877594,
  "mechanism": "hardzero_plus_depr",
  "mechanism_tag": "hardzero_plus_depr__c0p60__z1p10__lam0p010__nu0p50__psi0p75",
  "runtime_sec": 10.626806681975722,
  "seed": 39,
  "z_cut": 1.1
}