{
  "alpha": 0.08,
  "c_upd": 0.5,
  "depr_lambda": 0.02,
  "depr_nu": 0.5,
  "depr_psi": 0.75,
  "eval_CSR_post": 0.0,
  "eval_dbar_post_mean": 0.5039660334587097,
  "eval_done_count": 100.0,
  "eval_episodes_per_env": 4.0,
  "eval_len_end_mean": 26.0,
  "eval_occupied_post_mean": 0.44999998807907104,
  "eval_return_end_mean": -24.29905128479004,
  "eval_t_eval": 104.0,
  "final_depr_F_post": 23.070337295532227,
  "final_energy_E_post": 0.1337878555059433,
  "final_episode_return_end_mean": -27.791919708251953,
  "final_funding_alpha_eff": 2.483788508200746e-09,
  "final_funding_g": 0.09655933082103729,
  "final_funding_g_raw": 0.09655933082103729,
  "final_update_counter": 3.0,
  "final_vartd_VarTD": 0.11939608305692673,
  "mechanism": "hardzero_plus_depr",
  "mechanism_tag": "hardzero_plus_depr__c0p50__z1p10__lam0p020__nu0p50__psi0p75",
  "runtime_sec": 10.67490322998492,
  "seed": 31,
  "z_cut": 1.1
}