{
  "alpha": 0.067,
  "c_upd": 0.58,
  "depr_lambda": 0.005,
  "depr_nu": 1.0,
  "depr_psi": 0.5,
  "eval_CSR_post": 0.0,
  "eval_dbar_post_mean": 0.4939802885055542,
  "eval_done_count": 100.0,
  "eval_episodes_per_env": 4.0,
  "eval_len_end_mean": 26.0,
  "eval_occupied_post_mean": 0.3999999761581421,
  "eval_return_end_mean": -24.76256561279297,
  "eval_t_eval": 104.0,
  "final_depr_F_post": 0.21999992430210114,
  "final_energy_E_post": 0.35684677958488464,
  "final_episode_return_end_mean": -26.00439453125,
  "final_funding_alpha_eff": 0.060171131044626236,
  "final_funding_g": 0.13432011008262634,
  "final_funding_g_raw": 0.13432011008262634,
  "final_update_counter": 11.0,
  "final_vartd_VarTD": 0.19141274690628052,
  "mechanism": "hardzero_plus_depr",
  "mechanism_tag": "hardzero_plus_depr__c0p58__z1p00__lam0p005__nu1p00__psi0p50",
  "runtime_sec": 9.478278008988127,
  "seed": 50,
  "z_cut": 1.0
}