{
  "alpha": 0.05,
  "c_upd": 0.58,
  "depr_lambda": 0.01,
  "depr_nu": 0.5,
  "depr_psi": 1.25,
  "eval_CSR_post": 0.0,
  "eval_dbar_post_mean": 0.7660853266716003,
  "eval_done_count": 100.0,
  "eval_episodes_per_env": 4.0,
  "eval_len_end_mean": 26.0,
  "eval_occupied_post_mean": 0.11999999731779099,
  "eval_return_end_mean": -27.363534927368164,
  "eval_t_eval": 104.0,
  "final_depr_F_post": 12.0601806640625,
  "final_energy_E_post": 0.17548654973506927,
  "final_episode_return_end_mean": -28.28312110900879,
  "final_funding_alpha_eff": 1.4365198808263813e-08,
  "final_funding_g": 0.0,
  "final_funding_g_raw": 0.08717750757932663,
  "final_update_counter": 2.0,
  "final_vartd_VarTD": 0.12383072078227997,
  "mechanism": "hardzero_plus_depr",
  "mechanism_tag": "hardzero_plus_depr__c0p58__z1p05__lam0p010__nu0p50__psi1p25",
  "runtime_sec": 10.627211394021288,
  "seed": 31,
  "z_cut": 1.05
}