{
  "alpha": 0.12,
  "c_upd": 0.5,
  "depr_lambda": 0.02,
  "depr_nu": 0.5,
  "depr_psi": 0.75,
  "eval_CSR_post": 0.0,
  "eval_dbar_post_mean": 0.5512004494667053,
  "eval_done_count": 100.0,
  "eval_episodes_per_env": 4.0,
  "eval_len_end_mean": 26.0,
  "eval_occupied_post_mean": 0.3700000047683716,
  "eval_return_end_mean": -24.388269424438477,
  "eval_t_eval": 104.0,
  "final_depr_F_post": 20.680282592773438,
  "final_energy_E_post": 0.06203358620405197,
  "final_episode_return_end_mean": -26.46630859375,
  "final_funding_alpha_eff": 2.2371564156742352e-08,
  "final_funding_g": 0.10664249956607819,
  "final_funding_g_raw": 0.10664249956607819,
  "final_update_counter": 4.0,
  "final_vartd_VarTD": 0.18084551393985748,
  "mechanism": "hardzero_plus_depr",
  "mechanism_tag": "hardzero_plus_depr__c0p50__z1p05__lam0p020__nu0p50__psi0p75",
  "runtime_sec": 10.696932382008526,
  "seed": 37,
  "z_cut": 1.05
}