{
  "alpha": 0.12,
  "c_upd": 0.5,
  "depr_lambda": 0.01,
  "depr_nu": 0.5,
  "depr_psi": 1.0,
  "eval_CSR_post": 0.0,
  "eval_dbar_post_mean": 0.6332364082336426,
  "eval_done_count": 100.0,
  "eval_episodes_per_env": 4.0,
  "eval_len_end_mean": 26.0,
  "eval_occupied_post_mean": 0.2800000011920929,
  "eval_return_end_mean": -23.77293586730957,
  "eval_t_eval": 104.0,
  "final_depr_F_post": 10.251389503479004,
  "final_energy_E_post": 0.36352652311325073,
  "final_episode_return_end_mean": -26.375431060791016,
  "final_funding_alpha_eff": 4.2795923036464956e-06,
  "final_funding_g": 0.1009097620844841,
  "final_funding_g_raw": 0.1009097620844841,
  "final_update_counter": 5.0,
  "final_vartd_VarTD": 0.1446562260389328,
  "mechanism": "hardzero_plus_depr",
  "mechanism_tag": "hardzero_plus_depr__c0p50__z1p05__lam0p010__nu0p50__psi1p00",
  "runtime_sec": 10.710056779033039,
  "seed": 39,
  "z_cut": 1.05
}