{
  "alpha": 0.05,
  "c_upd": 0.58,
  "depr_lambda": 0.02,
  "depr_nu": 0.5,
  "depr_psi": 1.25,
  "eval_CSR_post": 0.0,
  "eval_dbar_post_mean": 0.6089127063751221,
  "eval_done_count": 100.0,
  "eval_episodes_per_env": 4.0,
  "eval_len_end_mean": 26.0,
  "eval_occupied_post_mean": 0.19999998807907104,
  "eval_return_end_mean": -25.14348602294922,
  "eval_t_eval": 104.0,
  "final_depr_F_post": 24.280364990234375,
  "final_energy_E_post": 0.08685441315174103,
  "final_episode_return_end_mean": -26.876571655273438,
  "final_funding_alpha_eff": 3.379032749339559e-15,
  "final_funding_g": 0.09806867688894272,
  "final_funding_g_raw": 0.09806867688894272,
  "final_update_counter": 2.0,
  "final_vartd_VarTD": 0.19746272265911102,
  "mechanism": "hardzero_plus_depr",
  "mechanism_tag": "hardzero_plus_depr__c0p58__z1p10__lam0p020__nu0p50__psi1p25",
  "runtime_sec": 10.678897787001915,
  "seed": 37,
  "z_cut": 1.1
}