{
  "alpha": 0.02,
  "c_upd": 0.52,
  "depr_lambda": 0.01,
  "depr_nu": 0.5,
  "depr_psi": 1.25,
  "eval_CSR_post": 0.0,
  "eval_dbar_post_mean": 0.6667041182518005,
  "eval_done_count": 100.0,
  "eval_episodes_per_env": 4.0,
  "eval_len_end_mean": 26.0,
  "eval_occupied_post_mean": 0.2199999988079071,
  "eval_return_end_mean": -26.00384521484375,
  "eval_t_eval": 104.0,
  "final_depr_F_post": 12.290185928344727,
  "final_energy_E_post": 0.10633889585733414,
  "final_episode_return_end_mean": -28.02879524230957,
  "final_funding_alpha_eff": 4.310313883593153e-09,
  "final_funding_g": 0.09215544164180756,
  "final_funding_g_raw": 0.09215544164180756,
  "final_update_counter": 2.0,
  "final_vartd_VarTD": 0.1681983768939972,
  "mechanism": "hardzero_plus_depr",
  "mechanism_tag": "hardzero_plus_depr__c0p52__z1p05__lam0p010__nu0p50__psi1p25",
  "runtime_sec": 10.763236768019851,
  "seed": 41,
  "z_cut": 1.05
}