{
  "alpha": 0.1,
  "c_upd": 0.5,
  "depr_lambda": 0.02,
  "depr_nu": 0.5,
  "depr_psi": 0.75,
  "eval_CSR_post": 0.0,
  "eval_dbar_post_mean": 0.5584234595298767,
  "eval_done_count": 100.0,
  "eval_episodes_per_env": 4.0,
  "eval_len_end_mean": 26.0,
  "eval_occupied_post_mean": 0.3400000035762787,
  "eval_return_end_mean": -24.442733764648438,
  "eval_t_eval": 104.0,
  "final_depr_F_post": 24.030359268188477,
  "final_energy_E_post": 0.34850719571113586,
  "final_episode_return_end_mean": -27.603708267211914,
  "final_funding_alpha_eff": 1.5112121554139435e-09,
  "final_funding_g": 0.09788982570171356,
  "final_funding_g_raw": 0.09788982570171356,
  "final_update_counter": 3.0,
  "final_vartd_VarTD": 0.157083660364151,
  "mechanism": "hardzero_plus_depr",
  "mechanism_tag": "hardzero_plus_depr__c0p50__z1p10__lam0p020__nu0p50__psi0p75",
  "runtime_sec": 10.849243396020029,
  "seed": 41,
  "z_cut": 1.1
}