{
  "alpha": 0.05,
  "c_upd": 0.52,
  "depr_lambda": 0.01,
  "depr_nu": 0.5,
  "depr_psi": 0.75,
  "eval_CSR_post": 0.0,
  "eval_dbar_post_mean": 0.6184034943580627,
  "eval_done_count": 100.0,
  "eval_episodes_per_env": 4.0,
  "eval_len_end_mean": 26.0,
  "eval_occupied_post_mean": 0.32999998331069946,
  "eval_return_end_mean": -24.233991622924805,
  "eval_t_eval": 104.0,
  "final_depr_F_post": 12.340187072753906,
  "final_energy_E_post": 0.2436627894639969,
  "final_episode_return_end_mean": -26.787519454956055,
  "final_funding_alpha_eff": 4.816934506379766e-06,
  "final_funding_g": 0.10840529948472977,
  "final_funding_g_raw": 0.10840529948472977,
  "final_update_counter": 2.0,
  "final_vartd_VarTD": 0.11881197988986969,
  "mechanism": "hardzero_plus_depr",
  "mechanism_tag": "hardzero_plus_depr__c0p52__z1p00__lam0p010__nu0p50__psi0p75",
  "runtime_sec": 10.669103949039709,
  "seed": 33,
  "z_cut": 1.0
}