{
  "alpha": 0.08,
  "c_upd": 0.6,
  "depr_lambda": 0.0,
  "depr_nu": 0.5,
  "depr_psi": 0.0,
  "eval_CSR_post": 0.009999999776482582,
  "eval_dbar_post_mean": 0.48982101678848267,
  "eval_done_count": 100.0,
  "eval_episodes_per_env": 4.0,
  "eval_len_end_mean": 26.0,
  "eval_occupied_post_mean": 0.429999977350235,
  "eval_return_end_mean": -23.758241653442383,
  "eval_t_eval": 104.0,
  "final_depr_F_post": 0.0,
  "final_energy_E_post": 0.36094146966934204,
  "final_episode_return_end_mean": -24.221637725830078,
  "final_funding_alpha_eff": 0.07999999821186066,
  "final_funding_g": 0.1690233051776886,
  "final_funding_g_raw": 0.1690233051776886,
  "final_update_counter": 18.0,
  "final_vartd_VarTD": 0.5258926749229431,
  "mechanism": "hardzero_only",
  "mechanism_tag": "hardzero_only__c0p60__z1p00__lam0p000__nu0p50__psi0p00",
  "runtime_sec": 19.67845629801741,
  "seed": 30,
  "z_cut": 1.0
}