{
  "alpha": 0.12,
  "c_upd": 0.54,
  "depr_lambda": 0.02,
  "depr_nu": 0.5,
  "depr_psi": 1.0,
  "eval_CSR_post": 0.0,
  "eval_dbar_post_mean": 0.7539994120597839,
  "eval_done_count": 100.0,
  "eval_episodes_per_env": 4.0,
  "eval_len_end_mean": 26.0,
  "eval_occupied_post_mean": 0.14000000059604645,
  "eval_return_end_mean": -28.24268913269043,
  "eval_t_eval": 104.0,
  "final_depr_F_post": 24.88037872314453,
  "final_energy_E_post": 0.532621443271637,
  "final_episode_return_end_mean": -28.014673233032227,
  "final_funding_alpha_eff": 1.916267491908208e-12,
  "final_funding_g": 0.09286618232727051,
  "final_funding_g_raw": 0.09286618232727051,
  "final_update_counter": 2.0,
  "final_vartd_VarTD": 0.16440320014953613,
  "mechanism": "hardzero_plus_depr",
  "mechanism_tag": "hardzero_plus_depr__c0p54__z1p10__lam0p020__nu0p50__psi1p00",
  "runtime_sec": 10.68142867507413,
  "seed": 41,
  "z_cut": 1.1
}