{
  "alpha": 0.06,
  "c_upd": 0.54,
  "depr_lambda": 0.0,
  "depr_nu": 0.5,
  "depr_psi": 0.0,
  "eval_CSR_post": 0.009999999776482582,
  "eval_dbar_post_mean": 0.4769570529460907,
  "eval_done_count": 100.0,
  "eval_episodes_per_env": 4.0,
  "eval_len_end_mean": 26.0,
  "eval_occupied_post_mean": 0.550000011920929,
  "eval_return_end_mean": -23.522401809692383,
  "eval_t_eval": 104.0,
  "final_depr_F_post": 0.0,
  "final_energy_E_post": 0.24393148720264435,
  "final_episode_return_end_mean": -23.42563819885254,
  "final_funding_alpha_eff": 0.05999999865889549,
  "final_funding_g": 0.16777658462524414,
  "final_funding_g_raw": 0.16777658462524414,
  "final_update_counter": 17.0,
  "final_vartd_VarTD": 0.40142759680747986,
  "mechanism": "hardzero_only",
  "mechanism_tag": "hardzero_only__c0p54__z1p00__lam0p000__nu0p50__psi0p00",
  "runtime_sec": 9.792906204995234,
  "seed": 32,
  "z_cut": 1.0
}