{
  "I_R_full_anchor_compat": 1.3447992779958882,
  "above_R_THRESH_FULL_anchor": 1.0,
  "alpha": 0.1,
  "borrow_interest": 0.02,
  "borrow_limit": 0.6,
  "c_upd": 1.0,
  "condition": "edge_full__borrow__t4m__a0p10__c1p00",
  "eval_CSR_post": 0.009999999776482582,
  "eval_CSR_pre": 0.0,
  "eval_dbar_post_mean": 0.5607966184616089,
  "eval_dbar_pre_mean": 0.5596059560775757,
  "eval_done_count": 100.0,
  "eval_done_per_env_max": 4.0,
  "eval_done_per_env_min": 4.0,
  "eval_episodes_per_env": 4.0,
  "eval_len_end_mean": 26.0,
  "eval_max_tilde_post_mean": 0.8391473889350891,
  "eval_max_tilde_pre_mean": 0.8323458433151245,
  "eval_occupied_post_mean": 0.29999998211860657,
  "eval_occupied_pre_mean": 0.26999998092651367,
  "eval_return_end_mean": -23.92554473876953,
  "eval_t_eval": 104.0,
  "family": "borrow",
  "final_energy": -0.6000000238418579,
  "final_executed_updates": 2.0,
  "final_vartd": 0.14933237433433533,
  "max_debt_level": 0.6000000238418579,
  "mean_update_fraction": 0.0015999999595806003,
  "metric_horizon": "long4m",
  "phase": "extension_full",
  "runtime_sec": 11.013065420000203,
  "seed": 35,
  "support_mode": "none",
  "support_total": 0.0,
  "total_debt_charge": 14.469978332519531,
  "total_support_injected": 0.0,
  "total_timesteps": 4000000,
  "train_final_return_end_mean": -27.349966049194336
}