{
  "alpha": 0.12,
  "c_upd": 0.58,
  "depr_lambda": 0.01,
  "depr_nu": 0.5,
  "depr_psi": 1.25,
  "eval_CSR_post": 0.0,
  "eval_dbar_post_mean": 0.5495041012763977,
  "eval_done_count": 100.0,
  "eval_episodes_per_env": 4.0,
  "eval_len_end_mean": 26.0,
  "eval_occupied_post_mean": 0.35999998450279236,
  "eval_return_end_mean": -24.93768310546875,
  "eval_t_eval": 104.0,
  "final_depr_F_post": 11.93267822265625,
  "final_energy_E_post": 0.5657871961593628,
  "final_episode_return_end_mean": -26.602670669555664,
  "final_funding_alpha_eff": 4.0433359771441246e-08,
  "final_funding_g": 0.10030621290206909,
  "final_funding_g_raw": 0.10030621290206909,
  "final_update_counter": 3.0,
  "final_vartd_VarTD": 0.18569909036159515,
  "mechanism": "hardzero_plus_depr",
  "mechanism_tag": "hardzero_plus_depr__c0p58__z1p10__lam0p010__nu0p50__psi1p25",
  "runtime_sec": 10.75251372193452,
  "seed": 37,
  "z_cut": 1.1
}