{
  "alpha": 0.089,
  "c_upd": 0.58,
  "depr_lambda": 0.0,
  "depr_nu": 0.5,
  "depr_psi": 0.0,
  "eval_CSR_post": 0.0,
  "eval_dbar_post_mean": 0.5260420441627502,
  "eval_done_count": 100.0,
  "eval_episodes_per_env": 4.0,
  "eval_len_end_mean": 26.0,
  "eval_occupied_post_mean": 0.32999998331069946,
  "eval_return_end_mean": -24.282419204711914,
  "eval_t_eval": 104.0,
  "final_depr_F_post": 0.0,
  "final_energy_E_post": 0.5685023665428162,
  "final_episode_return_end_mean": -24.386716842651367,
  "final_funding_alpha_eff": 0.08900000154972076,
  "final_funding_g": 0.15656410157680511,
  "final_funding_g_raw": 0.15656410157680511,
  "final_update_counter": 18.0,
  "final_vartd_VarTD": 0.459689736366272,
  "mechanism": "hardzero_only",
  "mechanism_tag": "hardzero_only__c0p58__z1p00__lam0p000__nu0p50__psi0p00",
  "runtime_sec": 9.4916059570387,
  "seed": 48,
  "z_cut": 1.0
}