{
  "alpha": 0.03,
  "c_upd": 0.54,
  "depr_lambda": 0.02,
  "depr_nu": 0.5,
  "depr_psi": 1.0,
  "eval_CSR_post": 0.0,
  "eval_dbar_post_mean": 0.621904194355011,
  "eval_done_count": 100.0,
  "eval_episodes_per_env": 4.0,
  "eval_len_end_mean": 26.0,
  "eval_occupied_post_mean": 0.29999998211860657,
  "eval_return_end_mean": -25.901567459106445,
  "eval_t_eval": 104.0,
  "final_depr_F_post": 24.200363159179688,
  "final_energy_E_post": 0.05721857026219368,
  "final_episode_return_end_mean": -28.03093147277832,
  "final_funding_alpha_eff": 9.45634195947953e-13,
  "final_funding_g": 0.0921986922621727,
  "final_funding_g_raw": 0.0921986922621727,
  "final_update_counter": 2.0,
  "final_vartd_VarTD": 0.1652175486087799,
  "mechanism": "hardzero_plus_depr",
  "mechanism_tag": "hardzero_plus_depr__c0p54__z1p05__lam0p020__nu0p50__psi1p00",
  "runtime_sec": 10.717417628969997,
  "seed": 41,
  "z_cut": 1.05
}