{
  "alpha": 0.06,
  "c_upd": 0.6,
  "depr_lambda": 0.02,
  "depr_nu": 0.5,
  "depr_psi": 0.75,
  "eval_CSR_post": 0.0,
  "eval_dbar_post_mean": 0.6321744918823242,
  "eval_done_count": 100.0,
  "eval_episodes_per_env": 4.0,
  "eval_len_end_mean": 26.0,
  "eval_occupied_post_mean": 0.25999999046325684,
  "eval_return_end_mean": -25.353010177612305,
  "eval_t_eval": 104.0,
  "final_depr_F_post": 24.060359954833984,
  "final_energy_E_post": 0.1849413812160492,
  "final_episode_return_end_mean": -27.91791534423828,
  "final_funding_alpha_eff": 8.865528866586203e-10,
  "final_funding_g": 0.09361866861581802,
  "final_funding_g_raw": 0.09361866861581802,
  "final_update_counter": 2.0,
  "final_vartd_VarTD": 0.16463793814182281,
  "mechanism": "hardzero_plus_depr",
  "mechanism_tag": "hardzero_plus_depr__c0p60__z1p05__lam0p020__nu0p50__psi0p75",
  "runtime_sec": 10.929956130043138,
  "seed": 41,
  "z_cut": 1.05
}