{
  "alpha": 0.07,
  "c_upd": 0.58,
  "depr_lambda": 0.0,
  "depr_nu": 0.5,
  "depr_psi": 0.0,
  "eval_CSR_post": 0.0,
  "eval_dbar_post_mean": 0.5129808187484741,
  "eval_done_count": 100.0,
  "eval_episodes_per_env": 4.0,
  "eval_len_end_mean": 26.0,
  "eval_occupied_post_mean": 0.3499999940395355,
  "eval_return_end_mean": -24.753219604492188,
  "eval_t_eval": 104.0,
  "final_depr_F_post": 0.0,
  "final_energy_E_post": 0.1269848495721817,
  "final_episode_return_end_mean": -25.11153793334961,
  "final_funding_alpha_eff": 0.07000000029802322,
  "final_funding_g": 0.13277678191661835,
  "final_funding_g_raw": 0.13277678191661835,
  "final_update_counter": 12.0,
  "final_vartd_VarTD": 0.19988901913166046,
  "mechanism": "hardzero_only",
  "mechanism_tag": "hardzero_only__c0p58__z1p00__lam0p000__nu0p50__psi0p00",
  "runtime_sec": 10.888347147963941,
  "seed": 48,
  "z_cut": 1.0
}