{
  "alpha": 0.06,
  "c_upd": 0.5,
  "depr_lambda": 0.0,
  "depr_nu": 0.5,
  "depr_psi": 0.0,
  "eval_CSR_post": 0.0,
  "eval_dbar_post_mean": 0.4904085099697113,
  "eval_done_count": 100.0,
  "eval_episodes_per_env": 4.0,
  "eval_len_end_mean": 26.0,
  "eval_occupied_post_mean": 0.429999977350235,
  "eval_return_end_mean": -23.288570404052734,
  "eval_t_eval": 104.0,
  "final_depr_F_post": 0.0,
  "final_energy_E_post": 0.49563068151474,
  "final_episode_return_end_mean": -24.242538452148438,
  "final_funding_alpha_eff": 0.05999999865889549,
  "final_funding_g": 0.15740710496902466,
  "final_funding_g_raw": 0.15740710496902466,
  "final_update_counter": 19.0,
  "final_vartd_VarTD": 0.6257250308990479,
  "mechanism": "hardzero_only",
  "mechanism_tag": "hardzero_only__c0p50__z1p05__lam0p000__nu0p50__psi0p00",
  "runtime_sec": 19.931235470052343,
  "seed": 30,
  "z_cut": 1.05
}