{
  "alpha": 0.12,
  "c_upd": 0.6,
  "depr_lambda": 0.02,
  "depr_nu": 0.5,
  "depr_psi": 1.25,
  "eval_CSR_post": 0.0,
  "eval_dbar_post_mean": 0.5894495248794556,
  "eval_done_count": 100.0,
  "eval_episodes_per_env": 4.0,
  "eval_len_end_mean": 26.0,
  "eval_occupied_post_mean": 0.29999998211860657,
  "eval_return_end_mean": -24.974788665771484,
  "eval_t_eval": 104.0,
  "final_depr_F_post": 24.740375518798828,
  "final_energy_E_post": 0.3675658404827118,
  "final_episode_return_end_mean": -26.76290512084961,
  "final_funding_alpha_eff": 4.563290476961241e-15,
  "final_funding_g": 0.10712308436632156,
  "final_funding_g_raw": 0.10712308436632156,
  "final_update_counter": 2.0,
  "final_vartd_VarTD": 0.12280652672052383,
  "mechanism": "hardzero_plus_depr",
  "mechanism_tag": "hardzero_plus_depr__c0p60__z1p10__lam0p020__nu0p50__psi1p25",
  "runtime_sec": 10.743526724050753,
  "seed": 33,
  "z_cut": 1.1
}