{
  "alpha": 0.12,
  "c_upd": 0.6,
  "depr_lambda": 0.02,
  "depr_nu": 0.5,
  "depr_psi": 0.75,
  "eval_CSR_post": 0.0,
  "eval_dbar_post_mean": 0.5359281301498413,
  "eval_done_count": 100.0,
  "eval_episodes_per_env": 4.0,
  "eval_len_end_mean": 26.0,
  "eval_occupied_post_mean": 0.3499999940395355,
  "eval_return_end_mean": -23.9207706451416,
  "eval_t_eval": 104.0,
  "final_depr_F_post": 22.00031280517578,
  "final_energy_E_post": 0.03850730136036873,
  "final_episode_return_end_mean": -26.833200454711914,
  "final_funding_alpha_eff": 8.312571075919095e-09,
  "final_funding_g": 0.10484965890645981,
  "final_funding_g_raw": 0.10484965890645981,
  "final_update_counter": 2.0,
  "final_vartd_VarTD": 0.12115271389484406,
  "mechanism": "hardzero_plus_depr",
  "mechanism_tag": "hardzero_plus_depr__c0p60__z1p00__lam0p020__nu0p50__psi0p75",
  "runtime_sec": 10.670943408971652,
  "seed": 33,
  "z_cut": 1.0
}