{
  "alpha": 0.08,
  "c_upd": 0.5,
  "depr_lambda": 0.0,
  "depr_nu": 0.5,
  "depr_psi": 0.0,
  "eval_CSR_post": 0.0,
  "eval_dbar_post_mean": 0.5195059776306152,
  "eval_done_count": 100.0,
  "eval_episodes_per_env": 4.0,
  "eval_len_end_mean": 26.0,
  "eval_occupied_post_mean": 0.32999998331069946,
  "eval_return_end_mean": -24.63578224182129,
  "eval_t_eval": 104.0,
  "final_depr_F_post": 0.0,
  "final_energy_E_post": 0.278170645236969,
  "final_episode_return_end_mean": -23.529052734375,
  "final_funding_alpha_eff": 0.07999999821186066,
  "final_funding_g": 0.16600075364112854,
  "final_funding_g_raw": 0.16600075364112854,
  "final_update_counter": 28.0,
  "final_vartd_VarTD": 1.6300163269042969,
  "mechanism": "hardzero_only",
  "mechanism_tag": "hardzero_only__c0p50__z1p05__lam0p000__nu0p50__psi0p00",
  "runtime_sec": 9.878300176991615,
  "seed": 34,
  "z_cut": 1.05
}