{
  "alpha": 0.06,
  "c_upd": 0.5,
  "depr_lambda": 0.01,
  "depr_nu": 0.5,
  "depr_psi": 1.0,
  "eval_CSR_post": 0.0,
  "eval_dbar_post_mean": 0.5579812526702881,
  "eval_done_count": 100.0,
  "eval_episodes_per_env": 4.0,
  "eval_len_end_mean": 26.0,
  "eval_occupied_post_mean": 0.3199999928474426,
  "eval_return_end_mean": -24.335880279541016,
  "eval_t_eval": 104.0,
  "final_depr_F_post": 11.555169105529785,
  "final_energy_E_post": 0.24912439286708832,
  "final_episode_return_end_mean": -27.739145278930664,
  "final_funding_alpha_eff": 5.809624781250022e-07,
  "final_funding_g": 0.095323845744133,
  "final_funding_g_raw": 0.095323845744133,
  "final_update_counter": 3.0,
  "final_vartd_VarTD": 0.15693999826908112,
  "mechanism": "hardzero_plus_depr",
  "mechanism_tag": "hardzero_plus_depr__c0p50__z1p10__lam0p010__nu0p50__psi1p00",
  "runtime_sec": 10.738657268986572,
  "seed": 41,
  "z_cut": 1.1
}