{
  "alpha": 0.05,
  "c_upd": 0.54,
  "depr_lambda": 0.02,
  "depr_nu": 0.5,
  "depr_psi": 0.75,
  "eval_CSR_post": 0.0,
  "eval_dbar_post_mean": 0.6596275568008423,
  "eval_done_count": 100.0,
  "eval_episodes_per_env": 4.0,
  "eval_len_end_mean": 26.0,
  "eval_occupied_post_mean": 0.23999999463558197,
  "eval_return_end_mean": -25.435882568359375,
  "eval_t_eval": 104.0,
  "final_depr_F_post": 23.020336151123047,
  "final_energy_E_post": 0.03741211071610451,
  "final_episode_return_end_mean": -26.661897659301758,
  "final_funding_alpha_eff": 1.611687561187125e-09,
  "final_funding_g": 0.10953732579946518,
  "final_funding_g_raw": 0.10953732579946518,
  "final_update_counter": 2.0,
  "final_vartd_VarTD": 0.1189495250582695,
  "mechanism": "hardzero_plus_depr",
  "mechanism_tag": "hardzero_plus_depr__c0p54__z1p00__lam0p020__nu0p50__psi0p75",
  "runtime_sec": 10.21199505700497,
  "seed": 33,
  "z_cut": 1.0
}