{
  "alpha": 0.12,
  "c_upd": 0.6,
  "depr_lambda": 0.03,
  "depr_nu": 0.5,
  "depr_psi": 0.75,
  "eval_CSR_post": 0.0,
  "eval_dbar_post_mean": 0.8464335799217224,
  "eval_done_count": 100.0,
  "eval_episodes_per_env": 4.0,
  "eval_len_end_mean": 26.0,
  "eval_occupied_post_mean": 0.14000000059604645,
  "eval_return_end_mean": -29.361074447631836,
  "eval_t_eval": 104.0,
  "final_depr_F_post": 37.110111236572266,
  "final_energy_E_post": 0.407619446516037,
  "final_episode_return_end_mean": -28.18648910522461,
  "final_funding_alpha_eff": 1.0032626856018578e-13,
  "final_funding_g": 0.08683589845895767,
  "final_funding_g_raw": 0.08683589845895767,
  "final_update_counter": 2.0,
  "final_vartd_VarTD": 0.12998199462890625,
  "mechanism": "hardzero_plus_depr",
  "mechanism_tag": "hardzero_plus_depr__c0p60__z1p10__lam0p030__nu0p50__psi0p75",
  "runtime_sec": 10.723262782092206,
  "seed": 31,
  "z_cut": 1.1
}