{
  "alpha": 0.04,
  "c_upd": 0.6,
  "depr_lambda": 0.0,
  "depr_nu": 0.5,
  "depr_psi": 0.0,
  "eval_CSR_post": 0.0,
  "eval_dbar_post_mean": 0.5794162750244141,
  "eval_done_count": 100.0,
  "eval_episodes_per_env": 4.0,
  "eval_len_end_mean": 26.0,
  "eval_occupied_post_mean": 0.25,
  "eval_return_end_mean": -24.67146873474121,
  "eval_t_eval": 104.0,
  "final_depr_F_post": 0.0,
  "final_energy_E_post": 0.3803488314151764,
  "final_episode_return_end_mean": -25.706769943237305,
  "final_funding_alpha_eff": 0.03999999910593033,
  "final_funding_g": 0.12180282920598984,
  "final_funding_g_raw": 0.12180282920598984,
  "final_update_counter": 10.0,
  "final_vartd_VarTD": 0.19314944744110107,
  "mechanism": "hardzero_only",
  "mechanism_tag": "hardzero_only__c0p60__z1p10__lam0p000__nu0p50__psi0p00",
  "runtime_sec": 9.922438018023968,
  "seed": 37,
  "z_cut": 1.1
}