{
  "alpha": 0.02,
  "c_upd": 0.56,
  "depr_lambda": 0.0,
  "depr_nu": 0.5,
  "depr_psi": 0.0,
  "eval_CSR_post": 0.0,
  "eval_dbar_post_mean": 0.5244933366775513,
  "eval_done_count": 100.0,
  "eval_episodes_per_env": 4.0,
  "eval_len_end_mean": 26.0,
  "eval_occupied_post_mean": 0.38999998569488525,
  "eval_return_end_mean": -24.56334114074707,
  "eval_t_eval": 104.0,
  "final_depr_F_post": 0.0,
  "final_energy_E_post": 0.024346452206373215,
  "final_episode_return_end_mean": -27.226808547973633,
  "final_funding_alpha_eff": 0.019999999552965164,
  "final_funding_g": 0.10627966374158859,
  "final_funding_g_raw": 0.10627966374158859,
  "final_update_counter": 4.0,
  "final_vartd_VarTD": 0.14665909111499786,
  "mechanism": "hardzero_only",
  "mechanism_tag": "hardzero_only__c0p56__z1p00__lam0p000__nu0p50__psi0p00",
  "runtime_sec": 9.798157218989218,
  "seed": 35,
  "z_cut": 1.0
}