{
  "alpha": 0.04,
  "c_upd": 0.6,
  "depr_lambda": 0.01,
  "depr_nu": 0.5,
  "depr_psi": 0.75,
  "eval_CSR_post": 0.0,
  "eval_dbar_post_mean": 0.5708813667297363,
  "eval_done_count": 100.0,
  "eval_episodes_per_env": 4.0,
  "eval_len_end_mean": 26.0,
  "eval_occupied_post_mean": 0.3100000023841858,
  "eval_return_end_mean": -23.925283432006836,
  "eval_t_eval": 104.0,
  "final_depr_F_post": 12.000179290771484,
  "final_energy_E_post": 0.32922428846359253,
  "final_episode_return_end_mean": -28.06199073791504,
  "final_funding_alpha_eff": 4.972888746124227e-06,
  "final_funding_g": 0.0,
  "final_funding_g_raw": 0.0884406641125679,
  "final_update_counter": 2.0,
  "final_vartd_VarTD": 0.17802906036376953,
  "mechanism": "hardzero_plus_depr",
  "mechanism_tag": "hardzero_plus_depr__c0p60__z1p05__lam0p010__nu0p50__psi0p75",
  "runtime_sec": 10.63783434603829,
  "seed": 40,
  "z_cut": 1.05
}