{
  "alpha": 0.082,
  "c_upd": 0.58,
  "depr_lambda": 0.005,
  "depr_nu": 1.0,
  "depr_psi": 0.5,
  "eval_CSR_post": 0.0,
  "eval_dbar_post_mean": 0.5168607234954834,
  "eval_done_count": 100.0,
  "eval_episodes_per_env": 4.0,
  "eval_len_end_mean": 26.0,
  "eval_occupied_post_mean": 0.4599999785423279,
  "eval_return_end_mean": -24.28845977783203,
  "eval_t_eval": 104.0,
  "final_depr_F_post": 0.18999995291233063,
  "final_energy_E_post": 0.5125495195388794,
  "final_episode_return_end_mean": -24.800987243652344,
  "final_funding_alpha_eff": 0.0747552365064621,
  "final_funding_g": 0.15374638140201569,
  "final_funding_g_raw": 0.15374638140201569,
  "final_update_counter": 20.0,
  "final_vartd_VarTD": 0.6264347434043884,
  "mechanism": "hardzero_plus_depr",
  "mechanism_tag": "hardzero_plus_depr__c0p58__z1p00__lam0p005__nu1p00__psi0p50",
  "runtime_sec": 9.504833674058318,
  "seed": 53,
  "z_cut": 1.0
}