{
  "alpha": 0.06,
  "c_upd": 0.58,
  "depr_lambda": 0.0,
  "depr_nu": 0.5,
  "depr_psi": 0.0,
  "eval_CSR_post": 0.0,
  "eval_dbar_post_mean": 0.5305923223495483,
  "eval_done_count": 100.0,
  "eval_episodes_per_env": 4.0,
  "eval_len_end_mean": 26.0,
  "eval_occupied_post_mean": 0.2800000011920929,
  "eval_return_end_mean": -25.54770278930664,
  "eval_t_eval": 104.0,
  "final_depr_F_post": 0.0,
  "final_energy_E_post": 0.36873453855514526,
  "final_episode_return_end_mean": -24.17987823486328,
  "final_funding_alpha_eff": 0.05999999865889549,
  "final_funding_g": 0.15276999771595,
  "final_funding_g_raw": 0.15276999771595,
  "final_update_counter": 13.0,
  "final_vartd_VarTD": 0.20801454782485962,
  "mechanism": "hardzero_only",
  "mechanism_tag": "hardzero_only__c0p58__z1p00__lam0p000__nu0p50__psi0p00",
  "runtime_sec": 10.87523715395946,
  "seed": 44,
  "z_cut": 1.0
}