{
  "alpha": 0.03,
  "c_upd": 0.52,
  "depr_lambda": 0.02,
  "depr_nu": 0.5,
  "depr_psi": 1.0,
  "eval_CSR_post": 0.0,
  "eval_dbar_post_mean": 0.6368499398231506,
  "eval_done_count": 100.0,
  "eval_episodes_per_env": 4.0,
  "eval_len_end_mean": 26.0,
  "eval_occupied_post_mean": 0.2199999988079071,
  "eval_return_end_mean": -25.338342666625977,
  "eval_t_eval": 104.0,
  "final_depr_F_post": 24.750375747680664,
  "final_energy_E_post": 0.11397827416658401,
  "final_episode_return_end_mean": -26.8605899810791,
  "final_funding_alpha_eff": 5.455766047268718e-13,
  "final_funding_g": 0.0966653823852539,
  "final_funding_g_raw": 0.0966653823852539,
  "final_update_counter": 2.0,
  "final_vartd_VarTD": 0.20455658435821533,
  "mechanism": "hardzero_plus_depr",
  "mechanism_tag": "hardzero_plus_depr__c0p52__z1p05__lam0p020__nu0p50__psi1p00",
  "runtime_sec": 10.711441254999954,
  "seed": 37,
  "z_cut": 1.05
}