{
  "alpha": 0.12,
  "c_upd": 0.5,
  "depr_lambda": 0.01,
  "depr_nu": 0.5,
  "depr_psi": 1.0,
  "eval_CSR_post": 0.0,
  "eval_dbar_post_mean": 0.5144466161727905,
  "eval_done_count": 100.0,
  "eval_episodes_per_env": 4.0,
  "eval_len_end_mean": 26.0,
  "eval_occupied_post_mean": 0.3499999940395355,
  "eval_return_end_mean": -24.08321762084961,
  "eval_t_eval": 104.0,
  "final_depr_F_post": 8.238224983215332,
  "final_energy_E_post": 0.14066527783870697,
  "final_episode_return_end_mean": -27.032880783081055,
  "final_funding_alpha_eff": 3.204118911526166e-05,
  "final_funding_g": 0.10999409854412079,
  "final_funding_g_raw": 0.10999409854412079,
  "final_update_counter": 6.0,
  "final_vartd_VarTD": 0.12261977046728134,
  "mechanism": "hardzero_plus_depr",
  "mechanism_tag": "hardzero_plus_depr__c0p50__z1p05__lam0p010__nu0p50__psi1p00",
  "runtime_sec": 10.719091701030266,
  "seed": 31,
  "z_cut": 1.05
}