{
  "alpha": 0.1,
  "c_upd": 0.6,
  "depr_lambda": 0.01,
  "depr_nu": 0.5,
  "depr_psi": 0.75,
  "eval_CSR_post": 0.0,
  "eval_dbar_post_mean": 0.5331437587738037,
  "eval_done_count": 100.0,
  "eval_episodes_per_env": 4.0,
  "eval_len_end_mean": 26.0,
  "eval_occupied_post_mean": 0.3100000023841858,
  "eval_return_end_mean": -24.020597457885742,
  "eval_t_eval": 104.0,
  "final_depr_F_post": 9.29574203491211,
  "final_energy_E_post": 0.4537256956100464,
  "final_episode_return_end_mean": -27.199810028076172,
  "final_funding_alpha_eff": 9.450181823922321e-05,
  "final_funding_g": 0.10447993874549866,
  "final_funding_g_raw": 0.10447993874549866,
  "final_update_counter": 5.0,
  "final_vartd_VarTD": 0.11137380450963974,
  "mechanism": "hardzero_plus_depr",
  "mechanism_tag": "hardzero_plus_depr__c0p60__z1p10__lam0p010__nu0p50__psi0p75",
  "runtime_sec": 10.930508609046228,
  "seed": 31,
  "z_cut": 1.1
}