{
  "alpha": 0.12,
  "c_upd": 0.6,
  "depr_lambda": 0.0,
  "depr_nu": 0.5,
  "depr_psi": 0.0,
  "eval_CSR_post": 0.0,
  "eval_dbar_post_mean": 0.47388750314712524,
  "eval_done_count": 100.0,
  "eval_episodes_per_env": 4.0,
  "eval_len_end_mean": 26.0,
  "eval_occupied_post_mean": 0.44999998807907104,
  "eval_return_end_mean": -22.54094696044922,
  "eval_t_eval": 104.0,
  "final_depr_F_post": 0.0,
  "final_energy_E_post": 0.07914292812347412,
  "final_episode_return_end_mean": -23.78040313720703,
  "final_funding_alpha_eff": 0.11999999731779099,
  "final_funding_g": 0.17822468280792236,
  "final_funding_g_raw": 0.17822468280792236,
  "final_update_counter": 37.0,
  "final_vartd_VarTD": 3.1977996826171875,
  "mechanism": "hardzero_only",
  "mechanism_tag": "hardzero_only__c0p60__z1p05__lam0p000__nu0p50__psi0p00",
  "runtime_sec": 10.009206995018758,
  "seed": 38,
  "z_cut": 1.05
}