{
  "alpha": 0.02,
  "c_upd": 0.56,
  "depr_lambda": 0.01,
  "depr_nu": 0.5,
  "depr_psi": 1.25,
  "eval_CSR_post": 0.0,
  "eval_dbar_post_mean": 0.6435757875442505,
  "eval_done_count": 100.0,
  "eval_episodes_per_env": 4.0,
  "eval_len_end_mean": 26.0,
  "eval_occupied_post_mean": 0.1899999976158142,
  "eval_return_end_mean": -25.473432540893555,
  "eval_t_eval": 104.0,
  "final_depr_F_post": 11.795174598693848,
  "final_energy_E_post": 0.0673401728272438,
  "final_episode_return_end_mean": -26.29121971130371,
  "final_funding_alpha_eff": 8.002665197182068e-09,
  "final_funding_g": 0.09598544239997864,
  "final_funding_g_raw": 0.09598544239997864,
  "final_update_counter": 2.0,
  "final_vartd_VarTD": 0.12130974233150482,
  "mechanism": "hardzero_plus_depr",
  "mechanism_tag": "hardzero_plus_depr__c0p56__z1p10__lam0p010__nu0p50__psi1p25",
  "runtime_sec": 10.811595330014825,
  "seed": 34,
  "z_cut": 1.1
}