{
  "alpha": 0.12,
  "c_upd": 0.56,
  "depr_lambda": 0.01,
  "depr_nu": 0.5,
  "depr_psi": 0.75,
  "eval_CSR_post": 0.0,
  "eval_dbar_post_mean": 0.5839846134185791,
  "eval_done_count": 100.0,
  "eval_episodes_per_env": 4.0,
  "eval_len_end_mean": 26.0,
  "eval_occupied_post_mean": 0.29999998211860657,
  "eval_return_end_mean": -24.46158218383789,
  "eval_t_eval": 104.0,
  "final_depr_F_post": 9.463871002197266,
  "final_energy_E_post": 0.38433119654655457,
  "final_episode_return_end_mean": -25.919588088989258,
  "final_funding_alpha_eff": 9.996737207984552e-05,
  "final_funding_g": 0.1253611296415329,
  "final_funding_g_raw": 0.1253611296415329,
  "final_update_counter": 4.0,
  "final_vartd_VarTD": 0.11225372552871704,
  "mechanism": "hardzero_plus_depr",
  "mechanism_tag": "hardzero_plus_depr__c0p56__z1p00__lam0p010__nu0p50__psi0p75",
  "runtime_sec": 9.936289673030842,
  "seed": 33,
  "z_cut": 1.0
}