{
  "alpha": 0.06,
  "c_upd": 0.6,
  "depr_lambda": 0.02,
  "depr_nu": 0.5,
  "depr_psi": 0.75,
  "eval_CSR_post": 0.019999999552965164,
  "eval_dbar_post_mean": 0.5104173421859741,
  "eval_done_count": 100.0,
  "eval_episodes_per_env": 4.0,
  "eval_len_end_mean": 26.0,
  "eval_occupied_post_mean": 0.5199999809265137,
  "eval_return_end_mean": -24.12807273864746,
  "eval_t_eval": 104.0,
  "final_depr_F_post": 24.420368194580078,
  "final_energy_E_post": 0.2694931924343109,
  "final_episode_return_end_mean": -26.177345275878906,
  "final_funding_alpha_eff": 6.767720828193546e-10,
  "final_funding_g": 0.09990770369768143,
  "final_funding_g_raw": 0.09990770369768143,
  "final_update_counter": 2.0,
  "final_vartd_VarTD": 0.1297161728143692,
  "mechanism": "hardzero_plus_depr",
  "mechanism_tag": "hardzero_plus_depr__c0p60__z1p10__lam0p020__nu0p50__psi0p75",
  "runtime_sec": 10.716821655048989,
  "seed": 32,
  "z_cut": 1.1
}