{
  "alpha": 0.08,
  "c_upd": 0.58,
  "depr_lambda": 0.0,
  "depr_nu": 0.5,
  "depr_psi": 0.0,
  "eval_CSR_post": 0.0,
  "eval_dbar_post_mean": 0.5030794143676758,
  "eval_done_count": 100.0,
  "eval_episodes_per_env": 4.0,
  "eval_len_end_mean": 26.0,
  "eval_occupied_post_mean": 0.4599999785423279,
  "eval_return_end_mean": -23.073322296142578,
  "eval_t_eval": 104.0,
  "final_depr_F_post": 0.0,
  "final_energy_E_post": 0.28738710284233093,
  "final_episode_return_end_mean": -23.54106330871582,
  "final_funding_alpha_eff": 0.07999999821186066,
  "final_funding_g": 0.18114034831523895,
  "final_funding_g_raw": 0.18114034831523895,
  "final_update_counter": 23.0,
  "final_vartd_VarTD": 0.9942453503608704,
  "mechanism": "hardzero_only",
  "mechanism_tag": "hardzero_only__c0p58__z1p05__lam0p000__nu0p50__psi0p00",
  "runtime_sec": 19.95656370400684,
  "seed": 30,
  "z_cut": 1.05
}