{
  "alpha": 0.088,
  "c_upd": 0.58,
  "depr_lambda": 0.0,
  "depr_nu": 0.5,
  "depr_psi": 0.0,
  "eval_CSR_post": 0.0,
  "eval_dbar_post_mean": 0.5209185481071472,
  "eval_done_count": 100.0,
  "eval_episodes_per_env": 4.0,
  "eval_len_end_mean": 26.0,
  "eval_occupied_post_mean": 0.28999999165534973,
  "eval_return_end_mean": -23.63301658630371,
  "eval_t_eval": 104.0,
  "final_depr_F_post": 0.0,
  "final_energy_E_post": 0.5453830361366272,
  "final_episode_return_end_mean": -24.954761505126953,
  "final_funding_alpha_eff": 0.08799999952316284,
  "final_funding_g": 0.13473616540431976,
  "final_funding_g_raw": 0.13473616540431976,
  "final_update_counter": 11.0,
  "final_vartd_VarTD": 0.16306233406066895,
  "mechanism": "hardzero_only",
  "mechanism_tag": "hardzero_only__c0p58__z1p00__lam0p000__nu0p50__psi0p00",
  "runtime_sec": 9.489362819003873,
  "seed": 60,
  "z_cut": 1.0
}