{
  "alpha": 0.08,
  "c_upd": 0.54,
  "depr_lambda": 0.02,
  "depr_nu": 0.5,
  "depr_psi": 0.75,
  "eval_CSR_post": 0.009999999776482582,
  "eval_dbar_post_mean": 0.6225118637084961,
  "eval_done_count": 100.0,
  "eval_episodes_per_env": 4.0,
  "eval_len_end_mean": 26.0,
  "eval_occupied_post_mean": 0.26999998092651367,
  "eval_return_end_mean": -25.453336715698242,
  "eval_t_eval": 104.0,
  "final_depr_F_post": 24.850378036499023,
  "final_energy_E_post": 0.4971204698085785,
  "final_episode_return_end_mean": -26.808547973632812,
  "final_funding_alpha_eff": 6.536086116781803e-10,
  "final_funding_g": 0.09809839725494385,
  "final_funding_g_raw": 0.09809839725494385,
  "final_update_counter": 2.0,
  "final_vartd_VarTD": 0.2003457397222519,
  "mechanism": "hardzero_plus_depr",
  "mechanism_tag": "hardzero_plus_depr__c0p54__z1p10__lam0p020__nu0p50__psi0p75",
  "runtime_sec": 10.78430067806039,
  "seed": 37,
  "z_cut": 1.1
}