{
  "alpha": 0.01,
  "c_upd": 0.5,
  "depr_lambda": 0.0,
  "depr_nu": 0.5,
  "depr_psi": 0.0,
  "eval_CSR_post": 0.0,
  "eval_dbar_post_mean": 0.5765170454978943,
  "eval_done_count": 100.0,
  "eval_episodes_per_env": 4.0,
  "eval_len_end_mean": 26.0,
  "eval_occupied_post_mean": 0.20999999344348907,
  "eval_return_end_mean": -24.219818115234375,
  "eval_t_eval": 104.0,
  "final_depr_F_post": 0.0,
  "final_energy_E_post": 0.17438742518424988,
  "final_episode_return_end_mean": -27.470195770263672,
  "final_funding_alpha_eff": 0.009999999776482582,
  "final_funding_g": 0.1026311069726944,
  "final_funding_g_raw": 0.1026311069726944,
  "final_update_counter": 4.0,
  "final_vartd_VarTD": 0.1605869084596634,
  "mechanism": "hardzero_only",
  "mechanism_tag": "hardzero_only__c0p50__z1p05__lam0p000__nu0p50__psi0p00",
  "runtime_sec": 9.853744224004913,
  "seed": 41,
  "z_cut": 1.05
}