{
  "alpha": 0.05,
  "c_upd": 0.52,
  "depr_lambda": 0.01,
  "depr_nu": 0.5,
  "depr_psi": 1.25,
  "eval_CSR_post": 0.0,
  "eval_dbar_post_mean": 0.6412915587425232,
  "eval_done_count": 100.0,
  "eval_episodes_per_env": 4.0,
  "eval_len_end_mean": 26.0,
  "eval_occupied_post_mean": 0.26999998092651367,
  "eval_return_end_mean": -24.51945686340332,
  "eval_t_eval": 104.0,
  "final_depr_F_post": 12.440189361572266,
  "final_energy_E_post": 0.37275102734565735,
  "final_episode_return_end_mean": -26.656099319458008,
  "final_funding_alpha_eff": 8.933397133148446e-09,
  "final_funding_g": 0.09642164409160614,
  "final_funding_g_raw": 0.09642164409160614,
  "final_update_counter": 2.0,
  "final_vartd_VarTD": 0.14150738716125488,
  "mechanism": "hardzero_plus_depr",
  "mechanism_tag": "hardzero_plus_depr__c0p52__z1p10__lam0p010__nu0p50__psi1p25",
  "runtime_sec": 10.67379556800006,
  "seed": 39,
  "z_cut": 1.1
}