{
  "alpha": 0.1,
  "c_upd": 0.56,
  "depr_lambda": 0.02,
  "depr_nu": 0.5,
  "depr_psi": 1.0,
  "eval_CSR_post": 0.0,
  "eval_dbar_post_mean": 0.5820784568786621,
  "eval_done_count": 100.0,
  "eval_episodes_per_env": 4.0,
  "eval_len_end_mean": 26.0,
  "eval_occupied_post_mean": 0.26999998092651367,
  "eval_return_end_mean": -24.487417221069336,
  "eval_t_eval": 104.0,
  "final_depr_F_post": 23.720352172851562,
  "final_energy_E_post": 0.04910501465201378,
  "final_episode_return_end_mean": -26.958826065063477,
  "final_funding_alpha_eff": 5.094106993869252e-12,
  "final_funding_g": 0.0,
  "final_funding_g_raw": 0.09680429100990295,
  "final_update_counter": 2.0,
  "final_vartd_VarTD": 0.20487475395202637,
  "mechanism": "hardzero_plus_depr",
  "mechanism_tag": "hardzero_plus_depr__c0p56__z1p00__lam0p020__nu0p50__psi1p00",
  "runtime_sec": 9.793384808988776,
  "seed": 37,
  "z_cut": 1.0
}