{
  "alpha": 0.08,
  "c_upd": 0.5,
  "depr_lambda": 0.0,
  "depr_nu": 0.5,
  "depr_psi": 0.0,
  "eval_CSR_post": 0.0,
  "eval_dbar_post_mean": 0.5742066502571106,
  "eval_done_count": 100.0,
  "eval_episodes_per_env": 4.0,
  "eval_len_end_mean": 26.0,
  "eval_occupied_post_mean": 0.3400000035762787,
  "eval_return_end_mean": -24.29645538330078,
  "eval_t_eval": 104.0,
  "final_depr_F_post": 0.0,
  "final_energy_E_post": 0.3612598776817322,
  "final_episode_return_end_mean": -23.348041534423828,
  "final_funding_alpha_eff": 0.07999999821186066,
  "final_funding_g": 0.17257460951805115,
  "final_funding_g_raw": 0.17257460951805115,
  "final_update_counter": 29.0,
  "final_vartd_VarTD": 1.7455769777297974,
  "mechanism": "hardzero_only",
  "mechanism_tag": "hardzero_only__c0p50__z1p05__lam0p000__nu0p50__psi0p00",
  "runtime_sec": 10.00000814703526,
  "seed": 33,
  "z_cut": 1.05
}