{
  "I_R_full_anchor_compat": -1.941987249711922,
  "above_R_THRESH_FULL_anchor": 0.0,
  "alpha": 1.0,
  "borrow_interest": 0.02,
  "borrow_limit": 0.6,
  "c_upd": 0.9,
  "condition": "enabled_full__borrow__t4m__a1p00__c0p90",
  "eval_CSR_post": 0.0,
  "eval_CSR_pre": 0.0,
  "eval_dbar_post_mean": 0.8579491972923279,
  "eval_dbar_pre_mean": 0.872734546661377,
  "eval_done_count": 100.0,
  "eval_done_per_env_max": 4.0,
  "eval_done_per_env_min": 4.0,
  "eval_episodes_per_env": 4.0,
  "eval_len_end_mean": 26.0,
  "eval_max_tilde_post_mean": 1.2047992944717407,
  "eval_max_tilde_pre_mean": 1.2266368865966797,
  "eval_occupied_post_mean": 0.17999999225139618,
  "eval_occupied_pre_mean": 0.19999998807907104,
  "eval_return_end_mean": -32.06675720214844,
  "eval_t_eval": 104.0,
  "family": "borrow",
  "final_energy": -0.20503565669059753,
  "final_executed_updates": 165.0,
  "final_vartd": 1.0085290670394897,
  "max_debt_level": 0.5313596725463867,
  "mean_update_fraction": 0.13199999928474426,
  "metric_horizon": "long4m",
  "phase": "extension_full",
  "runtime_sec": 11.098261122999247,
  "seed": 59,
  "support_mode": "none",
  "support_total": 0.0,
  "total_debt_charge": 3.3398232460021973,
  "total_support_injected": 0.0,
  "total_timesteps": 4000000,
  "train_final_return_end_mean": -27.684396743774414
}