{
  "alpha": 0.03,
  "c_upd": 0.58,
  "depr_lambda": 0.01,
  "depr_nu": 0.5,
  "depr_psi": 1.0,
  "eval_CSR_post": 0.0,
  "eval_dbar_post_mean": 0.5577524900436401,
  "eval_done_count": 100.0,
  "eval_episodes_per_env": 4.0,
  "eval_len_end_mean": 26.0,
  "eval_occupied_post_mean": 0.3199999928474426,
  "eval_return_end_mean": -23.605432510375977,
  "eval_t_eval": 104.0,
  "final_depr_F_post": 12.000179290771484,
  "final_energy_E_post": 0.17799942195415497,
  "final_episode_return_end_mean": -29.019977569580078,
  "final_funding_alpha_eff": 1.8614554164742003e-07,
  "final_funding_g": 0.0,
  "final_funding_g_raw": 0.07389501482248306,
  "final_update_counter": 2.0,
  "final_vartd_VarTD": 0.1806398332118988,
  "mechanism": "hardzero_plus_depr",
  "mechanism_tag": "hardzero_plus_depr__c0p58__z1p10__lam0p010__nu0p50__psi1p00",
  "runtime_sec": 10.904738674988039,
  "seed": 36,
  "z_cut": 1.1
}