{
  "alpha": 0.076,
  "c_upd": 0.58,
  "depr_lambda": 0.005,
  "depr_nu": 1.0,
  "depr_psi": 0.5,
  "eval_CSR_post": 0.0,
  "eval_dbar_post_mean": 0.523073136806488,
  "eval_done_count": 100.0,
  "eval_episodes_per_env": 4.0,
  "eval_len_end_mean": 26.0,
  "eval_occupied_post_mean": 0.3799999952316284,
  "eval_return_end_mean": -24.549325942993164,
  "eval_t_eval": 104.0,
  "final_depr_F_post": 0.034999996423721313,
  "final_energy_E_post": 0.09121798723936081,
  "final_episode_return_end_mean": -25.247840881347656,
  "final_funding_alpha_eff": 0.07486850768327713,
  "final_funding_g": 0.13297101855278015,
  "final_funding_g_raw": 0.13297101855278015,
  "final_update_counter": 14.0,
  "final_vartd_VarTD": 0.2576617896556854,
  "mechanism": "hardzero_plus_depr",
  "mechanism_tag": "hardzero_plus_depr__c0p58__z1p00__lam0p005__nu1p00__psi0p50",
  "runtime_sec": 9.500667553045787,
  "seed": 37,
  "z_cut": 1.0
}