{
  "alpha": 0.01,
  "c_upd": 0.56,
  "depr_lambda": 0.0,
  "depr_nu": 0.5,
  "depr_psi": 0.0,
  "eval_CSR_post": 0.0,
  "eval_dbar_post_mean": 0.5774235725402832,
  "eval_done_count": 100.0,
  "eval_episodes_per_env": 4.0,
  "eval_len_end_mean": 26.0,
  "eval_occupied_post_mean": 0.26999998092651367,
  "eval_return_end_mean": -24.56891632080078,
  "eval_t_eval": 104.0,
  "final_depr_F_post": 0.0,
  "final_energy_E_post": 0.011953206732869148,
  "final_episode_return_end_mean": -25.831995010375977,
  "final_funding_alpha_eff": 0.009999999776482582,
  "final_funding_g": 0.1085989847779274,
  "final_funding_g_raw": 0.1085989847779274,
  "final_update_counter": 4.0,
  "final_vartd_VarTD": 0.1268773376941681,
  "mechanism": "hardzero_only",
  "mechanism_tag": "hardzero_only__c0p56__z1p10__lam0p000__nu0p50__psi0p00",
  "runtime_sec": 9.702018029987812,
  "seed": 32,
  "z_cut": 1.1
}