{
  "alpha": 0.035,
  "c_upd": 0.58,
  "depr_lambda": 0.0,
  "depr_nu": 0.5,
  "depr_psi": 0.0,
  "eval_CSR_post": 0.0,
  "eval_dbar_post_mean": 0.5106837153434753,
  "eval_done_count": 100.0,
  "eval_episodes_per_env": 4.0,
  "eval_len_end_mean": 26.0,
  "eval_occupied_post_mean": 0.3700000047683716,
  "eval_return_end_mean": -23.66280174255371,
  "eval_t_eval": 104.0,
  "final_depr_F_post": 0.0,
  "final_energy_E_post": 0.2975237965583801,
  "final_episode_return_end_mean": -26.911264419555664,
  "final_funding_alpha_eff": 0.03500000014901161,
  "final_funding_g": 0.10741465538740158,
  "final_funding_g_raw": 0.10741465538740158,
  "final_update_counter": 5.0,
  "final_vartd_VarTD": 0.14683981239795685,
  "mechanism": "hardzero_only",
  "mechanism_tag": "hardzero_only__c0p58__z1p00__lam0p000__nu0p50__psi0p00",
  "runtime_sec": 9.476218343013898,
  "seed": 40,
  "z_cut": 1.0
}