{
  "alpha": 0.1,
  "c_upd": 0.52,
  "depr_lambda": 0.01,
  "depr_nu": 0.5,
  "depr_psi": 1.0,
  "eval_CSR_post": 0.0,
  "eval_dbar_post_mean": 0.5802367925643921,
  "eval_done_count": 100.0,
  "eval_episodes_per_env": 4.0,
  "eval_len_end_mean": 26.0,
  "eval_occupied_post_mean": 0.25999999046325684,
  "eval_return_end_mean": -23.921634674072266,
  "eval_t_eval": 104.0,
  "final_depr_F_post": 11.185160636901855,
  "final_energy_E_post": 0.4484538733959198,
  "final_episode_return_end_mean": -27.123125076293945,
  "final_funding_alpha_eff": 1.4018111187397153e-06,
  "final_funding_g": 0.10219774395227432,
  "final_funding_g_raw": 0.10219774395227432,
  "final_update_counter": 4.0,
  "final_vartd_VarTD": 0.15400584042072296,
  "mechanism": "hardzero_plus_depr",
  "mechanism_tag": "hardzero_plus_depr__c0p52__z1p10__lam0p010__nu0p50__psi1p00",
  "runtime_sec": 10.598414273001254,
  "seed": 40,
  "z_cut": 1.1
}