{
  "alpha": 0.06,
  "c_upd": 0.56,
  "depr_lambda": 0.02,
  "depr_nu": 0.5,
  "depr_psi": 1.0,
  "eval_CSR_post": 0.0,
  "eval_dbar_post_mean": 0.5740067958831787,
  "eval_done_count": 100.0,
  "eval_episodes_per_env": 4.0,
  "eval_len_end_mean": 26.0,
  "eval_occupied_post_mean": 0.32999998331069946,
  "eval_return_end_mean": -24.48095703125,
  "eval_t_eval": 104.0,
  "final_depr_F_post": 24.620372772216797,
  "final_energy_E_post": 0.19392630457878113,
  "final_episode_return_end_mean": -26.806190490722656,
  "final_funding_alpha_eff": 1.2426398885573287e-12,
  "final_funding_g": 0.09853237122297287,
  "final_funding_g_raw": 0.09853237122297287,
  "final_update_counter": 2.0,
  "final_vartd_VarTD": 0.2042936533689499,
  "mechanism": "hardzero_plus_depr",
  "mechanism_tag": "hardzero_plus_depr__c0p56__z1p05__lam0p020__nu0p50__psi1p00",
  "runtime_sec": 10.84056414902443,
  "seed": 37,
  "z_cut": 1.05
}