{
  "alpha": 0.029,
  "c_upd": 0.58,
  "depr_lambda": 0.0,
  "depr_nu": 0.5,
  "depr_psi": 0.0,
  "eval_CSR_post": 0.0,
  "eval_dbar_post_mean": 1.1243749856948853,
  "eval_done_count": 100.0,
  "eval_episodes_per_env": 4.0,
  "eval_len_end_mean": 26.0,
  "eval_occupied_post_mean": 0.04999999701976776,
  "eval_return_end_mean": -33.326847076416016,
  "eval_t_eval": 104.0,
  "final_depr_F_post": 0.0,
  "final_energy_E_post": 0.09136155247688293,
  "final_episode_return_end_mean": -26.892404556274414,
  "final_funding_alpha_eff": 0.028999999165534973,
  "final_funding_g": 0.0,
  "final_funding_g_raw": 0.09589778631925583,
  "final_update_counter": 2.0,
  "final_vartd_VarTD": 0.14874295890331268,
  "mechanism": "hardzero_only",
  "mechanism_tag": "hardzero_only__c0p58__z1p00__lam0p000__nu0p50__psi0p00",
  "runtime_sec": 9.466229457058944,
  "seed": 60,
  "z_cut": 1.0
}