{
  "alpha": 0.12,
  "c_upd": 0.58,
  "depr_lambda": 0.01,
  "depr_nu": 0.5,
  "depr_psi": 1.0,
  "eval_CSR_post": 0.0,
  "eval_dbar_post_mean": 0.6501380801200867,
  "eval_done_count": 100.0,
  "eval_episodes_per_env": 4.0,
  "eval_len_end_mean": 26.0,
  "eval_occupied_post_mean": 0.22999998927116394,
  "eval_return_end_mean": -25.69648551940918,
  "eval_t_eval": 104.0,
  "final_depr_F_post": 11.102659225463867,
  "final_energy_E_post": 0.5152556300163269,
  "final_episode_return_end_mean": -26.706710815429688,
  "final_funding_alpha_eff": 1.8268405028720736e-06,
  "final_funding_g": 0.10191196203231812,
  "final_funding_g_raw": 0.10191196203231812,
  "final_update_counter": 4.0,
  "final_vartd_VarTD": 0.18326133489608765,
  "mechanism": "hardzero_plus_depr",
  "mechanism_tag": "hardzero_plus_depr__c0p58__z1p10__lam0p010__nu0p50__psi1p00",
  "runtime_sec": 10.81798368692398,
  "seed": 37,
  "z_cut": 1.1
}