{
  "alpha": 0.04,
  "c_upd": 0.56,
  "depr_lambda": 0.02,
  "depr_nu": 0.5,
  "depr_psi": 0.75,
  "eval_CSR_post": 0.0,
  "eval_dbar_post_mean": 0.6111488938331604,
  "eval_done_count": 100.0,
  "eval_episodes_per_env": 4.0,
  "eval_len_end_mean": 26.0,
  "eval_occupied_post_mean": 0.25,
  "eval_return_end_mean": -23.25092887878418,
  "eval_t_eval": 104.0,
  "final_depr_F_post": 24.530370712280273,
  "final_energy_E_post": 0.1942480206489563,
  "final_episode_return_end_mean": -27.466672897338867,
  "final_funding_alpha_eff": 4.1545200613057887e-10,
  "final_funding_g": 0.09168680012226105,
  "final_funding_g_raw": 0.09168680012226105,
  "final_update_counter": 2.0,
  "final_vartd_VarTD": 0.1900550276041031,
  "mechanism": "hardzero_plus_depr",
  "mechanism_tag": "hardzero_plus_depr__c0p56__z1p10__lam0p020__nu0p50__psi0p75",
  "runtime_sec": 24.27569250902161,
  "seed": 30,
  "z_cut": 1.1
}