{
  "alpha": 0.054,
  "borrow_interest": 0.02,
  "borrow_limit": 0.6,
  "c_upd": 0.58,
  "depr_lambda": 0.0,
  "depr_nu": 0.5,
  "depr_psi": 0.0,
  "eval_CSR_post": 0.0,
  "eval_dbar_post_mean": 1.0666056871414185,
  "eval_done_count": 100.0,
  "eval_episodes_per_env": 4.0,
  "eval_len_end_mean": 26.0,
  "eval_occupied_post_mean": 0.07000000029802322,
  "eval_return_end_mean": -31.73512840270996,
  "eval_t_eval": 104.0,
  "family": "borrow",
  "final_depr_F_post": 0.0,
  "final_energy_E_post": -0.6000000238418579,
  "final_update_counter": 2.0,
  "final_vartd_VarTD": 0.1503915637731552,
  "max_debt_level_post": 0.6000000238418579,
  "mean_update_fraction": 0.0015999999595806003,
  "mechanism": "hardzero_only",
  "mechanism_tag": "hardzero_only__c0p58__z1p00__lam0p000__nu0p50__psi0p00",
  "runtime_sec": 10.545780156040564,
  "seed": 60,
  "support_mode": "none",
  "support_total": 0.0,
  "total_debt_charge": 14.531187057495117,
  "total_support_s": 0.0,
  "z_cut": 1.0
}