{
  "alpha": 0.08,
  "c_upd": 0.54,
  "depr_lambda": 0.01,
  "depr_nu": 0.5,
  "depr_psi": 1.0,
  "eval_CSR_post": 0.0,
  "eval_dbar_post_mean": 0.6169310808181763,
  "eval_done_count": 100.0,
  "eval_episodes_per_env": 4.0,
  "eval_len_end_mean": 26.0,
  "eval_occupied_post_mean": 0.23999999463558197,
  "eval_return_end_mean": -24.34457778930664,
  "eval_t_eval": 104.0,
  "final_depr_F_post": 11.670171737670898,
  "final_energy_E_post": 0.15112777054309845,
  "final_episode_return_end_mean": -27.845458984375,
  "final_funding_alpha_eff": 6.904652423145308e-07,
  "final_funding_g": 0.0,
  "final_funding_g_raw": 0.09151773154735565,
  "final_update_counter": 2.0,
  "final_vartd_VarTD": 0.17039330303668976,
  "mechanism": "hardzero_plus_depr",
  "mechanism_tag": "hardzero_plus_depr__c0p54__z1p00__lam0p010__nu0p50__psi1p00",
  "runtime_sec": 10.319391936995089,
  "seed": 40,
  "z_cut": 1.0
}