{
  "alpha": 0.033,
  "c_upd": 0.58,
  "depr_lambda": 0.0,
  "depr_nu": 0.5,
  "depr_psi": 0.0,
  "eval_CSR_post": 0.0,
  "eval_dbar_post_mean": 0.5044410824775696,
  "eval_done_count": 100.0,
  "eval_episodes_per_env": 4.0,
  "eval_len_end_mean": 26.0,
  "eval_occupied_post_mean": 0.4599999785423279,
  "eval_return_end_mean": -23.72843360900879,
  "eval_t_eval": 104.0,
  "final_depr_F_post": 0.0,
  "final_energy_E_post": 0.42026734352111816,
  "final_episode_return_end_mean": -26.02090072631836,
  "final_funding_alpha_eff": 0.032999999821186066,
  "final_funding_g": 0.10858556628227234,
  "final_funding_g_raw": 0.10858556628227234,
  "final_update_counter": 4.0,
  "final_vartd_VarTD": 0.1325937658548355,
  "mechanism": "hardzero_only",
  "mechanism_tag": "hardzero_only__c0p58__z1p00__lam0p000__nu0p50__psi0p00",
  "runtime_sec": 10.84398379502818,
  "seed": 39,
  "z_cut": 1.0
}