{
  "alpha": 0.06,
  "c_upd": 0.58,
  "depr_lambda": 0.02,
  "depr_nu": 0.5,
  "depr_psi": 0.75,
  "eval_CSR_post": 0.0,
  "eval_dbar_post_mean": 0.5924514532089233,
  "eval_done_count": 100.0,
  "eval_episodes_per_env": 4.0,
  "eval_len_end_mean": 26.0,
  "eval_occupied_post_mean": 0.29999998211860657,
  "eval_return_end_mean": -25.12661361694336,
  "eval_t_eval": 104.0,
  "final_depr_F_post": 24.61037254333496,
  "final_energy_E_post": 0.311332106590271,
  "final_episode_return_end_mean": -26.815990447998047,
  "final_funding_alpha_eff": 5.868861507885015e-10,
  "final_funding_g": 0.0977821797132492,
  "final_funding_g_raw": 0.0977821797132492,
  "final_update_counter": 2.0,
  "final_vartd_VarTD": 0.2036902755498886,
  "mechanism": "hardzero_plus_depr",
  "mechanism_tag": "hardzero_plus_depr__c0p58__z1p10__lam0p020__nu0p50__psi0p75",
  "runtime_sec": 10.893239037017338,
  "seed": 37,
  "z_cut": 1.1
}