{
  "alpha": 0.1,
  "c_upd": 0.54,
  "depr_lambda": 0.01,
  "depr_nu": 0.5,
  "depr_psi": 1.25,
  "eval_CSR_post": 0.0,
  "eval_dbar_post_mean": 0.5570259690284729,
  "eval_done_count": 100.0,
  "eval_episodes_per_env": 4.0,
  "eval_len_end_mean": 26.0,
  "eval_occupied_post_mean": 0.25999999046325684,
  "eval_return_end_mean": -23.60945701599121,
  "eval_t_eval": 104.0,
  "final_depr_F_post": 11.93267822265625,
  "final_energy_E_post": 0.45208224654197693,
  "final_episode_return_end_mean": -26.44692611694336,
  "final_funding_alpha_eff": 3.369446943679577e-08,
  "final_funding_g": 0.11507152020931244,
  "final_funding_g_raw": 0.11507152020931244,
  "final_update_counter": 3.0,
  "final_vartd_VarTD": 0.11365145444869995,
  "mechanism": "hardzero_plus_depr",
  "mechanism_tag": "hardzero_plus_depr__c0p54__z1p10__lam0p010__nu0p50__psi1p25",
  "runtime_sec": 10.612696864991449,
  "seed": 33,
  "z_cut": 1.1
}