{
  "alpha": 0.04,
  "c_upd": 0.5,
  "depr_lambda": 0.02,
  "depr_nu": 0.5,
  "depr_psi": 1.0,
  "eval_CSR_post": 0.009999999776482582,
  "eval_dbar_post_mean": 0.5153884291648865,
  "eval_done_count": 100.0,
  "eval_episodes_per_env": 4.0,
  "eval_len_end_mean": 26.0,
  "eval_occupied_post_mean": 0.3999999761581421,
  "eval_return_end_mean": -24.10341453552246,
  "eval_t_eval": 104.0,
  "final_depr_F_post": 24.96038055419922,
  "final_energy_E_post": 0.1854751855134964,
  "final_episode_return_end_mean": -26.21761703491211,
  "final_funding_alpha_eff": 5.896448693892831e-13,
  "final_funding_g": 0.0992278978228569,
  "final_funding_g_raw": 0.0992278978228569,
  "final_update_counter": 2.0,
  "final_vartd_VarTD": 0.1305973082780838,
  "mechanism": "hardzero_plus_depr",
  "mechanism_tag": "hardzero_plus_depr__c0p50__z1p05__lam0p020__nu0p50__psi1p00",
  "runtime_sec": 11.013655093032867,
  "seed": 32,
  "z_cut": 1.05
}