{
  "alpha": 0.025,
  "c_upd": 0.58,
  "depr_lambda": 0.0,
  "depr_nu": 0.5,
  "depr_psi": 0.0,
  "eval_CSR_post": 0.0,
  "eval_dbar_post_mean": 0.49356505274772644,
  "eval_done_count": 100.0,
  "eval_episodes_per_env": 4.0,
  "eval_len_end_mean": 26.0,
  "eval_occupied_post_mean": 0.38999998569488525,
  "eval_return_end_mean": -23.030208587646484,
  "eval_t_eval": 104.0,
  "final_depr_F_post": 0.0,
  "final_energy_E_post": 0.27070191502571106,
  "final_episode_return_end_mean": -27.04330062866211,
  "final_funding_alpha_eff": 0.02500000037252903,
  "final_funding_g": 0.10710716992616653,
  "final_funding_g_raw": 0.10710716992616653,
  "final_update_counter": 4.0,
  "final_vartd_VarTD": 0.13998356461524963,
  "mechanism": "hardzero_only",
  "mechanism_tag": "hardzero_only__c0p58__z1p00__lam0p000__nu0p50__psi0p00",
  "runtime_sec": 9.600499405991286,
  "seed": 35,
  "z_cut": 1.0
}