{
  "alpha": 0.031,
  "c_upd": 0.58,
  "depr_lambda": 0.005,
  "depr_nu": 1.0,
  "depr_psi": 0.5,
  "eval_CSR_post": 0.0,
  "eval_dbar_post_mean": 0.6845898628234863,
  "eval_done_count": 100.0,
  "eval_episodes_per_env": 4.0,
  "eval_len_end_mean": 26.0,
  "eval_occupied_post_mean": 0.1899999976158142,
  "eval_return_end_mean": -24.877288818359375,
  "eval_t_eval": 104.0,
  "final_depr_F_post": 6.245095252990723,
  "final_energy_E_post": 0.5228139758110046,
  "final_episode_return_end_mean": -28.268869400024414,
  "final_funding_alpha_eff": 0.0013688071630895138,
  "final_funding_g": 0.0,
  "final_funding_g_raw": 0.08699900656938553,
  "final_update_counter": 1.0,
  "final_vartd_VarTD": 0.22033633291721344,
  "mechanism": "hardzero_plus_depr",
  "mechanism_tag": "hardzero_plus_depr__c0p58__z1p00__lam0p005__nu1p00__psi0p50",
  "runtime_sec": 9.462756932945922,
  "seed": 38,
  "z_cut": 1.0
}