{
  "alpha": 0.228,
  "borrow_interest": 0.02,
  "borrow_limit": 0.6,
  "c_upd": 0.58,
  "depr_lambda": 0.0,
  "depr_nu": 0.5,
  "depr_psi": 0.0,
  "eval_CSR_post": 0.019999999552965164,
  "eval_dbar_post_mean": 0.47375690937042236,
  "eval_done_count": 100.0,
  "eval_episodes_per_env": 4.0,
  "eval_len_end_mean": 26.0,
  "eval_occupied_post_mean": 0.5099999904632568,
  "eval_return_end_mean": -21.825700759887695,
  "eval_t_eval": 104.0,
  "family": "borrow",
  "final_depr_F_post": 0.0,
  "final_energy_E_post": -0.2248527556657791,
  "final_update_counter": 57.0,
  "final_vartd_VarTD": 5.659817218780518,
  "max_debt_level_post": 0.6000000238418579,
  "mean_update_fraction": 0.04560000076889992,
  "mechanism": "hardzero_only",
  "mechanism_tag": "hardzero_only__c0p58__z1p00__lam0p000__nu0p50__psi0p00",
  "runtime_sec": 10.688516538939439,
  "seed": 41,
  "support_mode": "none",
  "support_total": 0.0,
  "total_debt_charge": 7.7850565910339355,
  "total_support_s": 0.0,
  "z_cut": 1.0
}