{
  "alpha": 0.08,
  "c_upd": 0.56,
  "depr_lambda": 0.01,
  "depr_nu": 0.5,
  "depr_psi": 0.75,
  "eval_CSR_post": 0.0,
  "eval_dbar_post_mean": 0.6253567934036255,
  "eval_done_count": 100.0,
  "eval_episodes_per_env": 4.0,
  "eval_len_end_mean": 26.0,
  "eval_occupied_post_mean": 0.22999998927116394,
  "eval_return_end_mean": -25.010297775268555,
  "eval_t_eval": 104.0,
  "final_depr_F_post": 9.84887981414795,
  "final_energy_E_post": 0.27339959144592285,
  "final_episode_return_end_mean": -26.481395721435547,
  "final_funding_alpha_eff": 4.9930000386666507e-05,
  "final_funding_g": 0.10315763205289841,
  "final_funding_g_raw": 0.10315763205289841,
  "final_update_counter": 4.0,
  "final_vartd_VarTD": 0.17979153990745544,
  "mechanism": "hardzero_plus_depr",
  "mechanism_tag": "hardzero_plus_depr__c0p56__z1p05__lam0p010__nu0p50__psi0p75",
  "runtime_sec": 10.638489081989974,
  "seed": 37,
  "z_cut": 1.05
}