{
  "alpha": 0.06,
  "c_upd": 0.58,
  "depr_lambda": 0.01,
  "depr_nu": 0.5,
  "depr_psi": 0.75,
  "eval_CSR_post": 0.0,
  "eval_dbar_post_mean": 0.5340356826782227,
  "eval_done_count": 100.0,
  "eval_episodes_per_env": 4.0,
  "eval_len_end_mean": 26.0,
  "eval_occupied_post_mean": 0.38999998569488525,
  "eval_return_end_mean": -23.570167541503906,
  "eval_t_eval": 104.0,
  "final_depr_F_post": 11.102659225463867,
  "final_energy_E_post": 0.3292340040206909,
  "final_episode_return_end_mean": -27.287458419799805,
  "final_funding_alpha_eff": 1.4623145943915006e-05,
  "final_funding_g": 0.10454574227333069,
  "final_funding_g_raw": 0.10454574227333069,
  "final_update_counter": 3.0,
  "final_vartd_VarTD": 0.13823431730270386,
  "mechanism": "hardzero_plus_depr",
  "mechanism_tag": "hardzero_plus_depr__c0p58__z1p10__lam0p010__nu0p50__psi0p75",
  "runtime_sec": 10.688179554999806,
  "seed": 35,
  "z_cut": 1.1
}