{
  "I_R_full_anchor_compat": -1.9550979267949924,
  "above_R_THRESH_FULL_anchor": 0.0,
  "alpha": 1.0,
  "borrow_interest": 0.0,
  "borrow_limit": 0.0,
  "c_upd": 0.9,
  "condition": "enabled_full__support__t4m__a1p00__c0p90",
  "eval_CSR_post": 0.0,
  "eval_CSR_pre": 0.0,
  "eval_dbar_post_mean": 1.187153935432434,
  "eval_dbar_pre_mean": 1.1289498805999756,
  "eval_done_count": 100.0,
  "eval_done_per_env_max": 4.0,
  "eval_done_per_env_min": 4.0,
  "eval_episodes_per_env": 4.0,
  "eval_len_end_mean": 26.0,
  "eval_max_tilde_post_mean": 1.5782274007797241,
  "eval_max_tilde_pre_mean": 1.5082159042358398,
  "eval_occupied_post_mean": 0.07000000029802322,
  "eval_occupied_pre_mean": 0.09999999403953552,
  "eval_return_end_mean": -32.0992317199707,
  "eval_t_eval": 104.0,
  "family": "support",
  "final_energy": 0.39858484268188477,
  "final_executed_updates": 181.0,
  "final_vartd": 1.0784313678741455,
  "max_debt_level": 0.0,
  "mean_update_fraction": 0.14480000734329224,
  "metric_horizon": "long4m",
  "phase": "extension_full",
  "runtime_sec": 11.782174379000935,
  "seed": 44,
  "support_mode": "frontload",
  "support_total": 0.6,
  "total_debt_charge": 0.0,
  "total_support_injected": 0.5999999642372131,
  "total_timesteps": 4000000,
  "train_final_return_end_mean": -27.670188903808594
}