{
  "alpha": 0.08,
  "c_upd": 0.56,
  "depr_lambda": 0.01,
  "depr_nu": 0.5,
  "depr_psi": 1.25,
  "eval_CSR_post": 0.009999999776482582,
  "eval_dbar_post_mean": 0.5139340758323669,
  "eval_done_count": 100.0,
  "eval_episodes_per_env": 4.0,
  "eval_len_end_mean": 26.0,
  "eval_occupied_post_mean": 0.38999998569488525,
  "eval_return_end_mean": -23.293302536010742,
  "eval_t_eval": 104.0,
  "final_depr_F_post": 11.455166816711426,
  "final_energy_E_post": 0.06965003907680511,
  "final_episode_return_end_mean": -26.255434036254883,
  "final_funding_alpha_eff": 4.8963674004198765e-08,
  "final_funding_g": 0.0,
  "final_funding_g_raw": 0.09845755249261856,
  "final_update_counter": 2.0,
  "final_vartd_VarTD": 0.12995831668376923,
  "mechanism": "hardzero_plus_depr",
  "mechanism_tag": "hardzero_plus_depr__c0p56__z1p00__lam0p010__nu0p50__psi1p25",
  "runtime_sec": 10.005515088967513,
  "seed": 32,
  "z_cut": 1.0
}