{
  "alpha": 0.1,
  "c_upd": 0.58,
  "depr_lambda": 0.01,
  "depr_nu": 0.5,
  "depr_psi": 0.75,
  "eval_CSR_post": 0.019999999552965164,
  "eval_dbar_post_mean": 0.49349579215049744,
  "eval_done_count": 100.0,
  "eval_episodes_per_env": 4.0,
  "eval_len_end_mean": 26.0,
  "eval_occupied_post_mean": 0.4699999988079071,
  "eval_return_end_mean": -23.43820571899414,
  "eval_t_eval": 104.0,
  "final_depr_F_post": 7.655086517333984,
  "final_energy_E_post": 0.27531006932258606,
  "final_episode_return_end_mean": -25.642017364501953,
  "final_funding_alpha_eff": 0.00032347143860533834,
  "final_funding_g": 0.13159148395061493,
  "final_funding_g_raw": 0.13159148395061493,
  "final_update_counter": 6.0,
  "final_vartd_VarTD": 0.11340902000665665,
  "mechanism": "hardzero_plus_depr",
  "mechanism_tag": "hardzero_plus_depr__c0p58__z1p10__lam0p010__nu0p50__psi0p75",
  "runtime_sec": 10.898915178026073,
  "seed": 33,
  "z_cut": 1.1
}