{
  "alpha": 0.12,
  "c_upd": 0.5,
  "depr_lambda": 0.03,
  "depr_nu": 0.5,
  "depr_psi": 0.75,
  "eval_CSR_post": 0.0,
  "eval_dbar_post_mean": 0.5357813835144043,
  "eval_done_count": 100.0,
  "eval_episodes_per_env": 4.0,
  "eval_len_end_mean": 26.0,
  "eval_occupied_post_mean": 0.3199999928474426,
  "eval_return_end_mean": -23.041521072387695,
  "eval_t_eval": 104.0,
  "final_depr_F_post": 35.670169830322266,
  "final_energy_E_post": 0.14964228868484497,
  "final_episode_return_end_mean": -27.398618698120117,
  "final_funding_alpha_eff": 2.954157101234256e-13,
  "final_funding_g": 0.09724485129117966,
  "final_funding_g_raw": 0.09724485129117966,
  "final_update_counter": 3.0,
  "final_vartd_VarTD": 0.17063850164413452,
  "mechanism": "hardzero_plus_depr",
  "mechanism_tag": "hardzero_plus_depr__c0p50__z1p10__lam0p030__nu0p50__psi0p75",
  "runtime_sec": 10.781905698997434,
  "seed": 40,
  "z_cut": 1.1
}