{
  "alpha": 0.08,
  "c_upd": 0.54,
  "depr_lambda": 0.02,
  "depr_nu": 0.5,
  "depr_psi": 0.75,
  "eval_CSR_post": 0.0,
  "eval_dbar_post_mean": 0.5344435572624207,
  "eval_done_count": 100.0,
  "eval_episodes_per_env": 4.0,
  "eval_len_end_mean": 26.0,
  "eval_occupied_post_mean": 0.4599999785423279,
  "eval_return_end_mean": -24.231714248657227,
  "eval_t_eval": 104.0,
  "final_depr_F_post": 24.090360641479492,
  "final_energy_E_post": 0.13639380037784576,
  "final_episode_return_end_mean": -26.349157333374023,
  "final_funding_alpha_eff": 1.1557697021657987e-09,
  "final_funding_g": 0.0,
  "final_funding_g_raw": 0.09808803349733353,
  "final_update_counter": 2.0,
  "final_vartd_VarTD": 0.13202016055583954,
  "mechanism": "hardzero_plus_depr",
  "mechanism_tag": "hardzero_plus_depr__c0p54__z1p00__lam0p020__nu0p50__psi0p75",
  "runtime_sec": 10.370573058025911,
  "seed": 32,
  "z_cut": 1.0
}