{
  "alpha": 0.0,
  "c_upd": 0.58,
  "condition": "fragile_full",
  "eval_CSR_post": 0.0,
  "eval_CSR_pre": 0.0,
  "eval_dbar_post_mean": 0.7791838645935059,
  "eval_dbar_pre_mean": 0.7755285501480103,
  "eval_done_count": 100.0,
  "eval_done_per_env_max": 4.0,
  "eval_done_per_env_min": 4.0,
  "eval_episodes_per_env": 4.0,
  "eval_len_end_mean": 26.0,
  "eval_max_tilde_post_mean": 1.1686639785766602,
  "eval_max_tilde_pre_mean": 1.1727280616760254,
  "eval_occupied_post_mean": 0.17000000178813934,
  "eval_occupied_pre_mean": 0.19999998807907104,
  "eval_return_end_mean": -27.798458099365234,
  "eval_t_eval": 104.0,
  "final_energy": 0.42000001668930054,
  "final_executed_updates": 1.0,
  "final_funding_g": 0.09904701262712479,
  "final_funding_z": 1.004158616065979,
  "final_vartd": 0.11755529046058655,
  "horizon_label": "full",
  "mean_update_fraction": 0.0032051282469183207,
  "runtime_sec": 2.3813643860048614,
  "seed": 53,
  "train_final_CSR_train": 0.0,
  "train_final_dbar_end": 0.7363976836204529,
  "train_final_min_dists_end_mean": 2.209192991256714,
  "train_final_occupied_end_mean": 0.18400001525878906,
  "train_final_return_end_mean": -26.41341781616211
}