{
  "alpha": 0.1,
  "c_upd": 0.58,
  "depr_lambda": 0.01,
  "depr_nu": 0.5,
  "depr_psi": 1.25,
  "eval_CSR_post": 0.0,
  "eval_dbar_post_mean": 0.5772829651832581,
  "eval_done_count": 100.0,
  "eval_episodes_per_env": 4.0,
  "eval_len_end_mean": 26.0,
  "eval_occupied_post_mean": 0.3799999952316284,
  "eval_return_end_mean": -24.237977981567383,
  "eval_t_eval": 104.0,
  "final_depr_F_post": 11.555169105529785,
  "final_energy_E_post": 0.28262725472450256,
  "final_episode_return_end_mean": -26.65996551513672,
  "final_funding_alpha_eff": 5.4012712524809103e-08,
  "final_funding_g": 0.097691111266613,
  "final_funding_g_raw": 0.097691111266613,
  "final_update_counter": 3.0,
  "final_vartd_VarTD": 0.14520148932933807,
  "mechanism": "hardzero_plus_depr",
  "mechanism_tag": "hardzero_plus_depr__c0p58__z1p10__lam0p010__nu0p50__psi1p25",
  "runtime_sec": 10.684382210019976,
  "seed": 39,
  "z_cut": 1.1
}