{
  "alpha": 0.061,
  "c_upd": 0.58,
  "depr_lambda": 0.005,
  "depr_nu": 1.0,
  "depr_psi": 0.5,
  "eval_CSR_post": 0.0,
  "eval_dbar_post_mean": 0.6312143802642822,
  "eval_done_count": 100.0,
  "eval_episodes_per_env": 4.0,
  "eval_len_end_mean": 26.0,
  "eval_occupied_post_mean": 0.2800000011920929,
  "eval_return_end_mean": -24.332204818725586,
  "eval_t_eval": 104.0,
  "final_depr_F_post": 0.36999979615211487,
  "final_energy_E_post": 0.18954451382160187,
  "final_episode_return_end_mean": -26.904672622680664,
  "final_funding_alpha_eff": 0.05082426965236664,
  "final_funding_g": 0.0,
  "final_funding_g_raw": 0.09490382671356201,
  "final_update_counter": 3.0,
  "final_vartd_VarTD": 0.17076808214187622,
  "mechanism": "hardzero_plus_depr",
  "mechanism_tag": "hardzero_plus_depr__c0p58__z1p00__lam0p005__nu1p00__psi0p50",
  "runtime_sec": 9.463420027052052,
  "seed": 48,
  "z_cut": 1.0
}