{
  "I_R_full": 0.8124138458152308,
  "alpha": 0.1,
  "borrow_interest": 0.0,
  "borrow_limit": 0.0,
  "c_upd": 1.0,
  "condition": "anchor_edge_full__base__t1m__a0p10__c1p00",
  "eval_CSR_post": 0.0,
  "eval_CSR_pre": 0.0,
  "eval_dbar_post_mean": 0.640830397605896,
  "eval_dbar_pre_mean": 0.6375223994255066,
  "eval_done_count": 100.0,
  "eval_done_per_env_max": 4.0,
  "eval_done_per_env_min": 4.0,
  "eval_episodes_per_env": 4.0,
  "eval_len_end_mean": 26.0,
  "eval_max_tilde_post_mean": 0.931621253490448,
  "eval_max_tilde_pre_mean": 0.9343275427818298,
  "eval_occupied_post_mean": 0.2199999988079071,
  "eval_occupied_pre_mean": 0.20999999344348907,
  "eval_return_end_mean": -25.244237899780273,
  "eval_t_eval": 104.0,
  "family": "base",
  "final_energy": 0.04106768220663071,
  "final_executed_updates": 4.0,
  "final_vartd": 0.1274764984846115,
  "learned_R_full_0p5": 1.0,
  "max_debt_level": 0.0,
  "mean_update_fraction": 0.012820512987673283,
  "metric_horizon": "full",
  "phase": "reproduce_baseline",
  "runtime_sec": 2.957761894000214,
  "seed": 44,
  "support_mode": "none",
  "support_total": 0.0,
  "total_debt_charge": 0.0,
  "total_support_injected": 0.0,
  "total_timesteps": 1000000,
  "train_final_return_end_mean": -25.928363800048828
}