{
  "alpha": 0.04,
  "c_upd": 0.56,
  "depr_lambda": 0.0,
  "depr_nu": 0.5,
  "depr_psi": 0.0,
  "eval_CSR_post": 0.0,
  "eval_dbar_post_mean": 0.5273359417915344,
  "eval_done_count": 100.0,
  "eval_episodes_per_env": 4.0,
  "eval_len_end_mean": 26.0,
  "eval_occupied_post_mean": 0.4099999964237213,
  "eval_return_end_mean": -24.53070068359375,
  "eval_t_eval": 104.0,
  "final_depr_F_post": 0.0,
  "final_energy_E_post": 0.020979376509785652,
  "final_episode_return_end_mean": -26.112350463867188,
  "final_funding_alpha_eff": 0.03999999910593033,
  "final_funding_g": 0.11363434791564941,
  "final_funding_g_raw": 0.11363434791564941,
  "final_update_counter": 7.0,
  "final_vartd_VarTD": 0.17512720823287964,
  "mechanism": "hardzero_only",
  "mechanism_tag": "hardzero_only__c0p56__z1p00__lam0p000__nu0p50__psi0p00",
  "runtime_sec": 9.620167371002026,
  "seed": 37,
  "z_cut": 1.0
}