{
  "alpha": 0.1,
  "c_upd": 0.58,
  "depr_lambda": 0.01,
  "depr_nu": 0.5,
  "depr_psi": 0.75,
  "eval_CSR_post": 0.0,
  "eval_dbar_post_mean": 0.5300627946853638,
  "eval_done_count": 100.0,
  "eval_episodes_per_env": 4.0,
  "eval_len_end_mean": 26.0,
  "eval_occupied_post_mean": 0.32999998331069946,
  "eval_return_end_mean": -23.38883399963379,
  "eval_t_eval": 104.0,
  "final_depr_F_post": 9.757002830505371,
  "final_energy_E_post": 0.533439040184021,
  "final_episode_return_end_mean": -26.621896743774414,
  "final_funding_alpha_eff": 6.686484266538173e-05,
  "final_funding_g": 0.10044953972101212,
  "final_funding_g_raw": 0.10044953972101212,
  "final_update_counter": 5.0,
  "final_vartd_VarTD": 0.17696087062358856,
  "mechanism": "hardzero_plus_depr",
  "mechanism_tag": "hardzero_plus_depr__c0p58__z1p10__lam0p010__nu0p50__psi0p75",
  "runtime_sec": 10.933556021074764,
  "seed": 37,
  "z_cut": 1.1
}