{
  "alpha": 0.12,
  "c_upd": 0.52,
  "depr_lambda": 0.03,
  "depr_nu": 0.5,
  "depr_psi": 0.75,
  "eval_CSR_post": 0.009999999776482582,
  "eval_dbar_post_mean": 0.5434384346008301,
  "eval_done_count": 100.0,
  "eval_episodes_per_env": 4.0,
  "eval_len_end_mean": 26.0,
  "eval_occupied_post_mean": 0.26999998092651367,
  "eval_return_end_mean": -24.326799392700195,
  "eval_t_eval": 104.0,
  "final_depr_F_post": 34.91270446777344,
  "final_energy_E_post": 0.09015373885631561,
  "final_episode_return_end_mean": -26.186870574951172,
  "final_funding_alpha_eff": 5.21382307987206e-13,
  "final_funding_g": 0.11918038129806519,
  "final_funding_g_raw": 0.11918038129806519,
  "final_update_counter": 3.0,
  "final_vartd_VarTD": 0.11707346886396408,
  "mechanism": "hardzero_plus_depr",
  "mechanism_tag": "hardzero_plus_depr__c0p52__z1p10__lam0p030__nu0p50__psi0p75",
  "runtime_sec": 10.616007187985815,
  "seed": 33,
  "z_cut": 1.1
}