{
  "alpha": 0.12,
  "c_upd": 0.58,
  "depr_lambda": 0.03,
  "depr_nu": 0.5,
  "depr_psi": 1.25,
  "eval_CSR_post": 0.0,
  "eval_dbar_post_mean": 0.5581466555595398,
  "eval_done_count": 100.0,
  "eval_episodes_per_env": 4.0,
  "eval_len_end_mean": 26.0,
  "eval_occupied_post_mean": 0.3499999940395355,
  "eval_return_end_mean": -22.100433349609375,
  "eval_t_eval": 104.0,
  "final_depr_F_post": 37.110111236572266,
  "final_energy_E_post": 0.20896993577480316,
  "final_episode_return_end_mean": -27.8482666015625,
  "final_funding_alpha_eff": 8.903716779661454e-22,
  "final_funding_g": 0.09315656870603561,
  "final_funding_g_raw": 0.09315656870603561,
  "final_update_counter": 2.0,
  "final_vartd_VarTD": 0.21654455363750458,
  "mechanism": "hardzero_plus_depr",
  "mechanism_tag": "hardzero_plus_depr__c0p58__z1p10__lam0p030__nu0p50__psi1p25",
  "runtime_sec": 10.702665302087553,
  "seed": 38,
  "z_cut": 1.1
}