{
  "alpha": 0.08,
  "c_upd": 0.52,
  "depr_lambda": 0.03,
  "depr_nu": 0.5,
  "depr_psi": 1.0,
  "eval_CSR_post": 0.0,
  "eval_dbar_post_mean": 0.496888130903244,
  "eval_done_count": 100.0,
  "eval_episodes_per_env": 4.0,
  "eval_len_end_mean": 26.0,
  "eval_occupied_post_mean": 0.4599999785423279,
  "eval_return_end_mean": -23.388051986694336,
  "eval_t_eval": 104.0,
  "final_depr_F_post": 37.32010269165039,
  "final_energy_E_post": 0.2232535034418106,
  "final_episode_return_end_mean": -26.8276309967041,
  "final_funding_alpha_eff": 5.107444476591839e-18,
  "final_funding_g": 0.10655023902654648,
  "final_funding_g_raw": 0.10655023902654648,
  "final_update_counter": 2.0,
  "final_vartd_VarTD": 0.12220398336648941,
  "mechanism": "hardzero_plus_depr",
  "mechanism_tag": "hardzero_plus_depr__c0p52__z1p05__lam0p030__nu0p50__psi1p00",
  "runtime_sec": 10.781794182024896,
  "seed": 33,
  "z_cut": 1.05
}