{
  "alpha": 0.076,
  "c_upd": 0.58,
  "depr_lambda": 0.005,
  "depr_nu": 1.0,
  "depr_psi": 0.5,
  "eval_CSR_post": 0.0,
  "eval_dbar_post_mean": 0.4718421399593353,
  "eval_done_count": 100.0,
  "eval_episodes_per_env": 4.0,
  "eval_len_end_mean": 26.0,
  "eval_occupied_post_mean": 0.4399999976158142,
  "eval_return_end_mean": -22.189186096191406,
  "eval_t_eval": 104.0,
  "final_depr_F_post": 0.18999995291233063,
  "final_energy_E_post": 0.4074423909187317,
  "final_episode_return_end_mean": -25.045982360839844,
  "final_funding_alpha_eff": 0.06928534060716629,
  "final_funding_g": 0.1269974708557129,
  "final_funding_g_raw": 0.1269974708557129,
  "final_update_counter": 14.0,
  "final_vartd_VarTD": 0.2388535887002945,
  "mechanism": "hardzero_plus_depr",
  "mechanism_tag": "hardzero_plus_depr__c0p58__z1p00__lam0p005__nu1p00__psi0p50",
  "runtime_sec": 9.483670192072168,
  "seed": 49,
  "z_cut": 1.0
}