{
  "alpha": 0.039,
  "c_upd": 0.58,
  "depr_lambda": 0.0,
  "depr_nu": 0.5,
  "depr_psi": 0.0,
  "eval_CSR_post": 0.009999999776482582,
  "eval_dbar_post_mean": 0.5192559361457825,
  "eval_done_count": 100.0,
  "eval_episodes_per_env": 4.0,
  "eval_len_end_mean": 26.0,
  "eval_occupied_post_mean": 0.3199999928474426,
  "eval_return_end_mean": -25.20496368408203,
  "eval_t_eval": 104.0,
  "final_depr_F_post": 0.0,
  "final_energy_E_post": 0.5581319332122803,
  "final_episode_return_end_mean": -26.819931030273438,
  "final_funding_alpha_eff": 0.039000000804662704,
  "final_funding_g": 0.102751225233078,
  "final_funding_g_raw": 0.102751225233078,
  "final_update_counter": 5.0,
  "final_vartd_VarTD": 0.15088917315006256,
  "mechanism": "hardzero_only",
  "mechanism_tag": "hardzero_only__c0p58__z1p00__lam0p000__nu0p50__psi0p00",
  "runtime_sec": 10.83089270896744,
  "seed": 46,
  "z_cut": 1.0
}