{
  "alpha": 0.06,
  "c_upd": 0.6,
  "depr_lambda": 0.01,
  "depr_nu": 0.5,
  "depr_psi": 1.25,
  "eval_CSR_post": 0.0,
  "eval_dbar_post_mean": 0.6489845514297485,
  "eval_done_count": 100.0,
  "eval_episodes_per_env": 4.0,
  "eval_len_end_mean": 26.0,
  "eval_occupied_post_mean": 0.2199999988079071,
  "eval_return_end_mean": -25.707286834716797,
  "eval_t_eval": 104.0,
  "final_depr_F_post": 12.03518009185791,
  "final_energy_E_post": 0.2170804888010025,
  "final_episode_return_end_mean": -27.94967269897461,
  "final_funding_alpha_eff": 1.778543712305236e-08,
  "final_funding_g": 0.0912589579820633,
  "final_funding_g_raw": 0.0912589579820633,
  "final_update_counter": 2.0,
  "final_vartd_VarTD": 0.12380216270685196,
  "mechanism": "hardzero_plus_depr",
  "mechanism_tag": "hardzero_plus_depr__c0p60__z1p05__lam0p010__nu0p50__psi1p25",
  "runtime_sec": 10.922682442993391,
  "seed": 31,
  "z_cut": 1.05
}