{
  "alpha": 0.12,
  "c_upd": 0.58,
  "depr_lambda": 0.01,
  "depr_nu": 0.5,
  "depr_psi": 1.25,
  "eval_CSR_post": 0.0,
  "eval_dbar_post_mean": 0.49922287464141846,
  "eval_done_count": 100.0,
  "eval_episodes_per_env": 4.0,
  "eval_len_end_mean": 26.0,
  "eval_occupied_post_mean": 0.3799999952316284,
  "eval_return_end_mean": -23.827295303344727,
  "eval_t_eval": 104.0,
  "final_depr_F_post": 11.105158805847168,
  "final_energy_E_post": 0.20720604062080383,
  "final_episode_return_end_mean": -28.741107940673828,
  "final_funding_alpha_eff": 1.1375583142125834e-07,
  "final_funding_g": 0.0,
  "final_funding_g_raw": 0.07987190783023834,
  "final_update_counter": 3.0,
  "final_vartd_VarTD": 0.1714659482240677,
  "mechanism": "hardzero_plus_depr",
  "mechanism_tag": "hardzero_plus_depr__c0p58__z1p05__lam0p010__nu0p50__psi1p25",
  "runtime_sec": 10.603249227977358,
  "seed": 36,
  "z_cut": 1.05
}