{
  "alpha": 0.049,
  "c_upd": 0.58,
  "depr_lambda": 0.005,
  "depr_nu": 1.0,
  "depr_psi": 0.5,
  "eval_CSR_post": 0.009999999776482582,
  "eval_dbar_post_mean": 0.49972736835479736,
  "eval_done_count": 100.0,
  "eval_episodes_per_env": 4.0,
  "eval_len_end_mean": 26.0,
  "eval_occupied_post_mean": 0.41999998688697815,
  "eval_return_end_mean": -24.535043716430664,
  "eval_t_eval": 104.0,
  "final_depr_F_post": 0.36499980092048645,
  "final_energy_E_post": 0.409138560295105,
  "final_episode_return_end_mean": -26.040470123291016,
  "final_funding_alpha_eff": 0.04092824459075928,
  "final_funding_g": 0.13059616088867188,
  "final_funding_g_raw": 0.13059616088867188,
  "final_update_counter": 8.0,
  "final_vartd_VarTD": 0.13806895911693573,
  "mechanism": "hardzero_plus_depr",
  "mechanism_tag": "hardzero_plus_depr__c0p58__z1p00__lam0p005__nu1p00__psi0p50",
  "runtime_sec": 9.469094374915585,
  "seed": 50,
  "z_cut": 1.0
}