{
  "alpha": 0.076,
  "c_upd": 0.58,
  "depr_lambda": 0.005,
  "depr_nu": 1.0,
  "depr_psi": 0.5,
  "eval_CSR_post": 0.0,
  "eval_dbar_post_mean": 0.5267131328582764,
  "eval_done_count": 100.0,
  "eval_episodes_per_env": 4.0,
  "eval_len_end_mean": 26.0,
  "eval_occupied_post_mean": 0.32999998331069946,
  "eval_return_end_mean": -24.82784080505371,
  "eval_t_eval": 104.0,
  "final_depr_F_post": 0.21999992430210114,
  "final_energy_E_post": 0.5188108086585999,
  "final_episode_return_end_mean": -24.27691078186035,
  "final_funding_alpha_eff": 0.06825381517410278,
  "final_funding_g": 0.160179004073143,
  "final_funding_g_raw": 0.160179004073143,
  "final_update_counter": 16.0,
  "final_vartd_VarTD": 0.3542242646217346,
  "mechanism": "hardzero_plus_depr",
  "mechanism_tag": "hardzero_plus_depr__c0p58__z1p00__lam0p005__nu1p00__psi0p50",
  "runtime_sec": 9.488527285982855,
  "seed": 59,
  "z_cut": 1.0
}