{
  "alpha": 0.0,
  "c_upd": 0.58,
  "condition": "fragile_full",
  "eval_CSR_post": 0.009999999776482582,
  "eval_CSR_pre": 0.0,
  "eval_dbar_post_mean": 0.6202503442764282,
  "eval_dbar_pre_mean": 0.6145790815353394,
  "eval_done_count": 100.0,
  "eval_done_per_env_max": 4.0,
  "eval_done_per_env_min": 4.0,
  "eval_episodes_per_env": 4.0,
  "eval_len_end_mean": 26.0,
  "eval_max_tilde_post_mean": 0.9059420824050903,
  "eval_max_tilde_pre_mean": 0.9022947549819946,
  "eval_occupied_post_mean": 0.28999999165534973,
  "eval_occupied_pre_mean": 0.28999999165534973,
  "eval_return_end_mean": -24.163192749023438,
  "eval_t_eval": 104.0,
  "final_energy": 0.42000001668930054,
  "final_executed_updates": 1.0,
  "final_funding_g": 0.09180782735347748,
  "final_funding_z": 1.0371202230453491,
  "final_vartd": 0.13377125561237335,
  "horizon_label": "full",
  "mean_update_fraction": 0.0032051282469183207,
  "runtime_sec": 2.3781250339816324,
  "seed": 43,
  "train_final_CSR_train": 0.0,
  "train_final_dbar_end": 0.7605700492858887,
  "train_final_min_dists_end_mean": 2.281710147857666,
  "train_final_occupied_end_mean": 0.18400001525878906,
  "train_final_return_end_mean": -27.41531753540039
}