{
  "alpha": 0.12,
  "c_upd": 0.52,
  "depr_lambda": 0.01,
  "depr_nu": 0.5,
  "depr_psi": 1.25,
  "eval_CSR_post": 0.0,
  "eval_dbar_post_mean": 0.5164003372192383,
  "eval_done_count": 100.0,
  "eval_episodes_per_env": 4.0,
  "eval_len_end_mean": 26.0,
  "eval_occupied_post_mean": 0.4599999785423279,
  "eval_return_end_mean": -22.953779220581055,
  "eval_t_eval": 104.0,
  "final_depr_F_post": 11.208910942077637,
  "final_energy_E_post": 0.33041611313819885,
  "final_episode_return_end_mean": -25.929058074951172,
  "final_funding_alpha_eff": 9.99194327278019e-08,
  "final_funding_g": 0.10568039119243622,
  "final_funding_g_raw": 0.10568039119243622,
  "final_update_counter": 4.0,
  "final_vartd_VarTD": 0.13135090470314026,
  "mechanism": "hardzero_plus_depr",
  "mechanism_tag": "hardzero_plus_depr__c0p52__z1p10__lam0p010__nu0p50__psi1p25",
  "runtime_sec": 10.800113664008677,
  "seed": 32,
  "z_cut": 1.1
}