{
  "alpha": 0.05,
  "c_upd": 0.58,
  "depr_lambda": 0.02,
  "depr_nu": 0.5,
  "depr_psi": 1.25,
  "eval_CSR_post": 0.0,
  "eval_dbar_post_mean": 0.6049743890762329,
  "eval_done_count": 100.0,
  "eval_episodes_per_env": 4.0,
  "eval_len_end_mean": 26.0,
  "eval_occupied_post_mean": 0.29999998211860657,
  "eval_return_end_mean": -25.45789909362793,
  "eval_t_eval": 104.0,
  "final_depr_F_post": 24.160362243652344,
  "final_energy_E_post": 0.07088837772607803,
  "final_episode_return_end_mean": -27.824920654296875,
  "final_funding_alpha_eff": 3.925882090526382e-15,
  "final_funding_g": 0.09510276466608047,
  "final_funding_g_raw": 0.09510276466608047,
  "final_update_counter": 2.0,
  "final_vartd_VarTD": 0.1631173938512802,
  "mechanism": "hardzero_plus_depr",
  "mechanism_tag": "hardzero_plus_depr__c0p58__z1p10__lam0p020__nu0p50__psi1p25",
  "runtime_sec": 10.671378814033233,
  "seed": 41,
  "z_cut": 1.1
}