{
  "alpha": 0.059,
  "c_upd": 0.58,
  "depr_lambda": 0.0,
  "depr_nu": 0.5,
  "depr_psi": 0.0,
  "eval_CSR_post": 0.0,
  "eval_dbar_post_mean": 0.5462464094161987,
  "eval_done_count": 100.0,
  "eval_episodes_per_env": 4.0,
  "eval_len_end_mean": 26.0,
  "eval_occupied_post_mean": 0.3700000047683716,
  "eval_return_end_mean": -22.76534652709961,
  "eval_t_eval": 104.0,
  "final_depr_F_post": 0.0,
  "final_energy_E_post": 0.05432277172803879,
  "final_episode_return_end_mean": -27.643522262573242,
  "final_funding_alpha_eff": 0.05900000035762787,
  "final_funding_g": 0.10114297270774841,
  "final_funding_g_raw": 0.10114297270774841,
  "final_update_counter": 7.0,
  "final_vartd_VarTD": 0.1568955034017563,
  "mechanism": "hardzero_only",
  "mechanism_tag": "hardzero_only__c0p58__z1p00__lam0p000__nu0p50__psi0p00",
  "runtime_sec": 10.837806064053439,
  "seed": 47,
  "z_cut": 1.0
}