{
  "alpha": 0.01,
  "c_upd": 0.54,
  "depr_lambda": 0.01,
  "depr_nu": 0.5,
  "depr_psi": 0.75,
  "eval_CSR_post": 0.0,
  "eval_dbar_post_mean": 0.5696371793746948,
  "eval_done_count": 100.0,
  "eval_episodes_per_env": 4.0,
  "eval_len_end_mean": 26.0,
  "eval_occupied_post_mean": 0.3700000047683716,
  "eval_return_end_mean": -22.51156234741211,
  "eval_t_eval": 104.0,
  "final_depr_F_post": 11.69017219543457,
  "final_energy_E_post": 0.07039021700620651,
  "final_episode_return_end_mean": -28.05660629272461,
  "final_funding_alpha_eff": 1.5686437109252438e-06,
  "final_funding_g": 0.08858004957437515,
  "final_funding_g_raw": 0.08858004957437515,
  "final_update_counter": 2.0,
  "final_vartd_VarTD": 0.21631747484207153,
  "mechanism": "hardzero_plus_depr",
  "mechanism_tag": "hardzero_plus_depr__c0p54__z1p10__lam0p010__nu0p50__psi0p75",
  "runtime_sec": 10.664188088965602,
  "seed": 38,
  "z_cut": 1.1
}