{
  "alpha": 0.05,
  "c_upd": 0.58,
  "depr_lambda": 0.01,
  "depr_nu": 0.5,
  "depr_psi": 1.0,
  "eval_CSR_post": 0.0,
  "eval_dbar_post_mean": 0.5453923940658569,
  "eval_done_count": 100.0,
  "eval_episodes_per_env": 4.0,
  "eval_len_end_mean": 26.0,
  "eval_occupied_post_mean": 0.3199999928474426,
  "eval_return_end_mean": -21.81682014465332,
  "eval_t_eval": 104.0,
  "final_depr_F_post": 11.965178489685059,
  "final_energy_E_post": 0.24018070101737976,
  "final_episode_return_end_mean": -28.03036880493164,
  "final_funding_alpha_eff": 3.2129361215993413e-07,
  "final_funding_g": 0.0,
  "final_funding_g_raw": 0.08907139301300049,
  "final_update_counter": 2.0,
  "final_vartd_VarTD": 0.21849077939987183,
  "mechanism": "hardzero_plus_depr",
  "mechanism_tag": "hardzero_plus_depr__c0p58__z1p05__lam0p010__nu0p50__psi1p00",
  "runtime_sec": 10.634106876968872,
  "seed": 38,
  "z_cut": 1.05
}