{
  "alpha": 0.12,
  "c_upd": 0.5,
  "depr_lambda": 0.0,
  "depr_nu": 0.5,
  "depr_psi": 0.0,
  "eval_CSR_post": 0.0,
  "eval_dbar_post_mean": 0.5277906060218811,
  "eval_done_count": 100.0,
  "eval_episodes_per_env": 4.0,
  "eval_len_end_mean": 26.0,
  "eval_occupied_post_mean": 0.32999998331069946,
  "eval_return_end_mean": -23.762924194335938,
  "eval_t_eval": 104.0,
  "final_depr_F_post": 0.0,
  "final_energy_E_post": 0.32002630829811096,
  "final_episode_return_end_mean": -22.6810245513916,
  "final_funding_alpha_eff": 0.11999999731779099,
  "final_funding_g": 0.1794692873954773,
  "final_funding_g_raw": 0.1794692873954773,
  "final_update_counter": 46.0,
  "final_vartd_VarTD": 4.622127056121826,
  "mechanism": "hardzero_only",
  "mechanism_tag": "hardzero_only__c0p50__z1p00__lam0p000__nu0p50__psi0p00",
  "runtime_sec": 9.760174278984778,
  "seed": 33,
  "z_cut": 1.0
}