{
  "alpha": 0.08,
  "c_upd": 0.52,
  "depr_lambda": 0.01,
  "depr_nu": 0.5,
  "depr_psi": 1.0,
  "eval_CSR_post": 0.0,
  "eval_dbar_post_mean": 0.5494109988212585,
  "eval_done_count": 100.0,
  "eval_episodes_per_env": 4.0,
  "eval_len_end_mean": 26.0,
  "eval_occupied_post_mean": 0.3499999940395355,
  "eval_return_end_mean": -23.652284622192383,
  "eval_t_eval": 104.0,
  "final_depr_F_post": 11.827674865722656,
  "final_energy_E_post": 0.4389370083808899,
  "final_episode_return_end_mean": -28.7561092376709,
  "final_funding_alpha_eff": 5.898465929021768e-07,
  "final_funding_g": 0.0807415321469307,
  "final_funding_g_raw": 0.0807415321469307,
  "final_update_counter": 3.0,
  "final_vartd_VarTD": 0.174981027841568,
  "mechanism": "hardzero_plus_depr",
  "mechanism_tag": "hardzero_plus_depr__c0p52__z1p10__lam0p010__nu0p50__psi1p00",
  "runtime_sec": 10.76425265596481,
  "seed": 36,
  "z_cut": 1.1
}