{
  "alpha": 0.04,
  "c_upd": 0.52,
  "depr_lambda": 0.02,
  "depr_nu": 0.5,
  "depr_psi": 1.0,
  "eval_CSR_post": 0.0,
  "eval_dbar_post_mean": 0.6354498863220215,
  "eval_done_count": 100.0,
  "eval_episodes_per_env": 4.0,
  "eval_len_end_mean": 26.0,
  "eval_occupied_post_mean": 0.25999999046325684,
  "eval_return_end_mean": -26.029375076293945,
  "eval_t_eval": 104.0,
  "final_depr_F_post": 24.800376892089844,
  "final_energy_E_post": 0.16005408763885498,
  "final_episode_return_end_mean": -27.75564193725586,
  "final_funding_alpha_eff": 6.919572336991364e-13,
  "final_funding_g": 0.09551935642957687,
  "final_funding_g_raw": 0.09551935642957687,
  "final_update_counter": 2.0,
  "final_vartd_VarTD": 0.15676583349704742,
  "mechanism": "hardzero_plus_depr",
  "mechanism_tag": "hardzero_plus_depr__c0p52__z1p05__lam0p020__nu0p50__psi1p00",
  "runtime_sec": 10.644912488001864,
  "seed": 41,
  "z_cut": 1.05
}