{
  "alpha": 0.1,
  "c_upd": 0.56,
  "depr_lambda": 0.01,
  "depr_nu": 0.5,
  "depr_psi": 0.75,
  "eval_CSR_post": 0.0,
  "eval_dbar_post_mean": 0.5251706838607788,
  "eval_done_count": 100.0,
  "eval_episodes_per_env": 4.0,
  "eval_len_end_mean": 26.0,
  "eval_occupied_post_mean": 0.429999977350235,
  "eval_return_end_mean": -23.67275047302246,
  "eval_t_eval": 104.0,
  "final_depr_F_post": 9.775753021240234,
  "final_energy_E_post": 0.5223159790039062,
  "final_episode_return_end_mean": -28.29991912841797,
  "final_funding_alpha_eff": 6.593114085262641e-05,
  "final_funding_g": 0.08670864999294281,
  "final_funding_g_raw": 0.08670864999294281,
  "final_update_counter": 5.0,
  "final_vartd_VarTD": 0.16462460160255432,
  "mechanism": "hardzero_plus_depr",
  "mechanism_tag": "hardzero_plus_depr__c0p56__z1p10__lam0p010__nu0p50__psi0p75",
  "runtime_sec": 10.637629066943191,
  "seed": 36,
  "z_cut": 1.1
}