{
  "alpha": 0.24,
  "borrow_interest": 0.02,
  "borrow_limit": 0.3,
  "c_upd": 0.58,
  "depr_lambda": 0.0,
  "depr_nu": 0.5,
  "depr_psi": 0.0,
  "eval_CSR_post": 0.0,
  "eval_dbar_post_mean": 0.47631773352622986,
  "eval_done_count": 100.0,
  "eval_episodes_per_env": 4.0,
  "eval_len_end_mean": 26.0,
  "eval_occupied_post_mean": 0.3999999761581421,
  "eval_return_end_mean": -22.769378662109375,
  "eval_t_eval": 104.0,
  "family": "borrow",
  "final_depr_F_post": 0.0,
  "final_energy_E_post": 0.3223643898963928,
  "final_update_counter": 74.0,
  "final_vartd_VarTD": 6.624699115753174,
  "max_debt_level_post": 0.27346697449684143,
  "mean_update_fraction": 0.05920000001788139,
  "mechanism": "hardzero_only",
  "mechanism_tag": "hardzero_only__c0p58__z1p00__lam0p000__nu0p50__psi0p00",
  "runtime_sec": 10.71123173693195,
  "seed": 34,
  "support_mode": "none",
  "support_total": 0.0,
  "total_debt_charge": 1.5759377479553223,
  "total_support_s": 0.0,
  "z_cut": 1.0
}