{
  "alpha": 0.031,
  "c_upd": 0.58,
  "depr_lambda": 0.0,
  "depr_nu": 0.5,
  "depr_psi": 0.0,
  "eval_CSR_post": 0.0,
  "eval_dbar_post_mean": 0.47607702016830444,
  "eval_done_count": 100.0,
  "eval_episodes_per_env": 4.0,
  "eval_len_end_mean": 26.0,
  "eval_occupied_post_mean": 0.3400000035762787,
  "eval_return_end_mean": -22.556537628173828,
  "eval_t_eval": 104.0,
  "final_depr_F_post": 0.0,
  "final_energy_E_post": 0.5472354292869568,
  "final_episode_return_end_mean": -26.738929748535156,
  "final_funding_alpha_eff": 0.03099999949336052,
  "final_funding_g": 0.11013094335794449,
  "final_funding_g_raw": 0.11013094335794449,
  "final_update_counter": 5.0,
  "final_vartd_VarTD": 0.1942489743232727,
  "mechanism": "hardzero_only",
  "mechanism_tag": "hardzero_only__c0p58__z1p00__lam0p000__nu0p50__psi0p00",
  "runtime_sec": 19.126523915096186,
  "seed": 30,
  "z_cut": 1.0
}