{
  "alpha": 0.088,
  "c_upd": 0.58,
  "depr_lambda": 0.005,
  "depr_nu": 1.0,
  "depr_psi": 0.5,
  "eval_CSR_post": 0.009999999776482582,
  "eval_dbar_post_mean": 0.4770596921443939,
  "eval_done_count": 100.0,
  "eval_episodes_per_env": 4.0,
  "eval_len_end_mean": 26.0,
  "eval_occupied_post_mean": 0.5099999904632568,
  "eval_return_end_mean": -24.059520721435547,
  "eval_t_eval": 104.0,
  "final_depr_F_post": 0.04999999329447746,
  "final_energy_E_post": 0.15198254585266113,
  "final_episode_return_end_mean": -25.296363830566406,
  "final_funding_alpha_eff": 0.08604210615158081,
  "final_funding_g": 0.13713139295578003,
  "final_funding_g_raw": 0.13713139295578003,
  "final_update_counter": 20.0,
  "final_vartd_VarTD": 0.5759390592575073,
  "mechanism": "hardzero_plus_depr",
  "mechanism_tag": "hardzero_plus_depr__c0p58__z1p00__lam0p005__nu1p00__psi0p50",
  "runtime_sec": 9.509999906062149,
  "seed": 55,
  "z_cut": 1.0
}