{
  "alpha": 0.12,
  "c_upd": 0.52,
  "depr_lambda": 0.0,
  "depr_nu": 0.5,
  "depr_psi": 0.0,
  "eval_CSR_post": 0.0,
  "eval_dbar_post_mean": 0.4856932759284973,
  "eval_done_count": 100.0,
  "eval_episodes_per_env": 4.0,
  "eval_len_end_mean": 26.0,
  "eval_occupied_post_mean": 0.3199999928474426,
  "eval_return_end_mean": -23.60491943359375,
  "eval_t_eval": 104.0,
  "final_depr_F_post": 0.0,
  "final_energy_E_post": 0.20696164667606354,
  "final_episode_return_end_mean": -23.563793182373047,
  "final_funding_alpha_eff": 0.11999999731779099,
  "final_funding_g": 0.1751135289669037,
  "final_funding_g_raw": 0.1751135289669037,
  "final_update_counter": 42.0,
  "final_vartd_VarTD": 3.697075605392456,
  "mechanism": "hardzero_only",
  "mechanism_tag": "hardzero_only__c0p52__z1p00__lam0p000__nu0p50__psi0p00",
  "runtime_sec": 9.895063633011887,
  "seed": 37,
  "z_cut": 1.0
}