{
  "alpha": 1.0,
  "c_upd": 0.9,
  "condition": "enabled_full",
  "eval_CSR_post": 0.0,
  "eval_CSR_pre": 0.009999999776482582,
  "eval_dbar_post_mean": 0.46976399421691895,
  "eval_dbar_pre_mean": 0.47117000818252563,
  "eval_done_count": 100.0,
  "eval_done_per_env_max": 4.0,
  "eval_done_per_env_min": 4.0,
  "eval_episodes_per_env": 4.0,
  "eval_len_end_mean": 26.0,
  "eval_max_tilde_post_mean": 0.6729034781455994,
  "eval_max_tilde_pre_mean": 0.6725878715515137,
  "eval_occupied_post_mean": 0.3799999952316284,
  "eval_occupied_pre_mean": 0.3799999952316284,
  "eval_return_end_mean": -23.133724212646484,
  "eval_t_eval": 104.0,
  "final_energy": 0.20352357625961304,
  "final_executed_updates": 51.0,
  "final_funding_g": 0.15905702114105225,
  "final_funding_z": 0.7984471321105957,
  "final_vartd": 4.836177825927734,
  "horizon_label": "full",
  "mean_update_fraction": 0.16346153616905212,
  "runtime_sec": 2.580911155004287,
  "seed": 31,
  "train_final_CSR_train": 0.0,
  "train_final_dbar_end": 0.5855395793914795,
  "train_final_min_dists_end_mean": 1.7566187381744385,
  "train_final_occupied_end_mean": 0.18400001525878906,
  "train_final_return_end_mean": -23.02454376220703
}