{
  "alpha": 0.062,
  "c_upd": 0.58,
  "depr_lambda": 0.0,
  "depr_nu": 0.5,
  "depr_psi": 0.0,
  "eval_CSR_post": 0.0,
  "eval_dbar_post_mean": 0.5565528869628906,
  "eval_done_count": 100.0,
  "eval_episodes_per_env": 4.0,
  "eval_len_end_mean": 26.0,
  "eval_occupied_post_mean": 0.35999998450279236,
  "eval_return_end_mean": -23.412826538085938,
  "eval_t_eval": 104.0,
  "final_depr_F_post": 0.0,
  "final_energy_E_post": 0.1411430984735489,
  "final_episode_return_end_mean": -27.322551727294922,
  "final_funding_alpha_eff": 0.06199999898672104,
  "final_funding_g": 0.0,
  "final_funding_g_raw": 0.0985083132982254,
  "final_update_counter": 6.0,
  "final_vartd_VarTD": 0.1501625031232834,
  "mechanism": "hardzero_only",
  "mechanism_tag": "hardzero_only__c0p58__z1p00__lam0p000__nu0p50__psi0p00",
  "runtime_sec": 10.84910712891724,
  "seed": 40,
  "z_cut": 1.0
}