{
  "alpha": 0.08,
  "c_upd": 0.54,
  "depr_lambda": 0.0,
  "depr_nu": 0.5,
  "depr_psi": 0.0,
  "eval_CSR_post": 0.019999999552965164,
  "eval_dbar_post_mean": 0.4851827323436737,
  "eval_done_count": 100.0,
  "eval_episodes_per_env": 4.0,
  "eval_len_end_mean": 26.0,
  "eval_occupied_post_mean": 0.47999998927116394,
  "eval_return_end_mean": -24.44639778137207,
  "eval_t_eval": 104.0,
  "final_depr_F_post": 0.0,
  "final_energy_E_post": 0.351016104221344,
  "final_episode_return_end_mean": -26.01286506652832,
  "final_funding_alpha_eff": 0.07999999821186066,
  "final_funding_g": 0.12480036914348602,
  "final_funding_g_raw": 0.12480036914348602,
  "final_update_counter": 14.0,
  "final_vartd_VarTD": 0.2592780292034149,
  "mechanism": "hardzero_only",
  "mechanism_tag": "hardzero_only__c0p54__z1p00__lam0p000__nu0p50__psi0p00",
  "runtime_sec": 9.67026312201051,
  "seed": 36,
  "z_cut": 1.0
}