{
  "alpha": 0.08,
  "c_upd": 0.6,
  "depr_lambda": 0.02,
  "depr_nu": 0.5,
  "depr_psi": 1.25,
  "eval_CSR_post": 0.0,
  "eval_dbar_post_mean": 0.6679697036743164,
  "eval_done_count": 100.0,
  "eval_episodes_per_env": 4.0,
  "eval_len_end_mean": 26.0,
  "eval_occupied_post_mean": 0.26999998092651367,
  "eval_return_end_mean": -24.990875244140625,
  "eval_t_eval": 104.0,
  "final_depr_F_post": 23.8703556060791,
  "final_energy_E_post": 0.07933080196380615,
  "final_episode_return_end_mean": -26.742183685302734,
  "final_funding_alpha_eff": 9.025945816492145e-15,
  "final_funding_g": 0.10987941920757294,
  "final_funding_g_raw": 0.10987941920757294,
  "final_update_counter": 2.0,
  "final_vartd_VarTD": 0.11851944029331207,
  "mechanism": "hardzero_plus_depr",
  "mechanism_tag": "hardzero_plus_depr__c0p60__z1p05__lam0p020__nu0p50__psi1p25",
  "runtime_sec": 10.779667592025362,
  "seed": 33,
  "z_cut": 1.05
}