{
  "alpha": 0.06,
  "c_upd": 0.58,
  "depr_lambda": 0.03,
  "depr_nu": 0.5,
  "depr_psi": 0.75,
  "eval_CSR_post": 0.0,
  "eval_dbar_post_mean": 0.5748952627182007,
  "eval_done_count": 100.0,
  "eval_episodes_per_env": 4.0,
  "eval_len_end_mean": 26.0,
  "eval_occupied_post_mean": 0.29999998211860657,
  "eval_return_end_mean": -24.351512908935547,
  "eval_t_eval": 104.0,
  "final_depr_F_post": 36.82512283325195,
  "final_energy_E_post": 0.16710633039474487,
  "final_episode_return_end_mean": -26.873397827148438,
  "final_funding_alpha_eff": 6.211712052931265e-14,
  "final_funding_g": 0.09830044955015182,
  "final_funding_g_raw": 0.09830044955015182,
  "final_update_counter": 2.0,
  "final_vartd_VarTD": 0.20018382370471954,
  "mechanism": "hardzero_plus_depr",
  "mechanism_tag": "hardzero_plus_depr__c0p58__z1p10__lam0p030__nu0p50__psi0p75",
  "runtime_sec": 10.901699368027039,
  "seed": 37,
  "z_cut": 1.1
}