{
  "alpha": 0.04,
  "c_upd": 0.6,
  "depr_lambda": 0.0,
  "depr_nu": 0.5,
  "depr_psi": 0.0,
  "eval_CSR_post": 0.009999999776482582,
  "eval_dbar_post_mean": 0.4797222316265106,
  "eval_done_count": 100.0,
  "eval_episodes_per_env": 4.0,
  "eval_len_end_mean": 26.0,
  "eval_occupied_post_mean": 0.4699999988079071,
  "eval_return_end_mean": -22.801513671875,
  "eval_t_eval": 104.0,
  "final_depr_F_post": 0.0,
  "final_energy_E_post": 0.2653663456439972,
  "final_episode_return_end_mean": -26.552345275878906,
  "final_funding_alpha_eff": 0.03999999910593033,
  "final_funding_g": 0.11805979907512665,
  "final_funding_g_raw": 0.11805979907512665,
  "final_update_counter": 10.0,
  "final_vartd_VarTD": 0.21690677106380463,
  "mechanism": "hardzero_only",
  "mechanism_tag": "hardzero_only__c0p60__z1p10__lam0p000__nu0p50__psi0p00",
  "runtime_sec": 20.28299692098517,
  "seed": 30,
  "z_cut": 1.1
}