{
  "alpha": 0.061,
  "c_upd": 0.58,
  "depr_lambda": 0.005,
  "depr_nu": 1.0,
  "depr_psi": 0.5,
  "eval_CSR_post": 0.0,
  "eval_dbar_post_mean": 0.5200430750846863,
  "eval_done_count": 100.0,
  "eval_episodes_per_env": 4.0,
  "eval_len_end_mean": 26.0,
  "eval_occupied_post_mean": 0.35999998450279236,
  "eval_return_end_mean": -24.575042724609375,
  "eval_t_eval": 104.0,
  "final_depr_F_post": 0.2649998962879181,
  "final_energy_E_post": 0.43748924136161804,
  "final_episode_return_end_mean": -26.04498863220215,
  "final_funding_alpha_eff": 0.05356382206082344,
  "final_funding_g": 0.1255243718624115,
  "final_funding_g_raw": 0.1255243718624115,
  "final_update_counter": 13.0,
  "final_vartd_VarTD": 0.24285581707954407,
  "mechanism": "hardzero_plus_depr",
  "mechanism_tag": "hardzero_plus_depr__c0p58__z1p00__lam0p005__nu1p00__psi0p50",
  "runtime_sec": 9.493324406910688,
  "seed": 53,
  "z_cut": 1.0
}