{
  "alpha": 0.01,
  "c_upd": 0.54,
  "depr_lambda": 0.0,
  "depr_nu": 0.5,
  "depr_psi": 0.0,
  "eval_CSR_post": 0.0,
  "eval_dbar_post_mean": 0.671849250793457,
  "eval_done_count": 100.0,
  "eval_episodes_per_env": 4.0,
  "eval_len_end_mean": 26.0,
  "eval_occupied_post_mean": 0.1899999976158142,
  "eval_return_end_mean": -25.86724853515625,
  "eval_t_eval": 104.0,
  "final_depr_F_post": 0.0,
  "final_energy_E_post": 0.35148781538009644,
  "final_episode_return_end_mean": -26.641582489013672,
  "final_funding_alpha_eff": 0.009999999776482582,
  "final_funding_g": 0.09508829563856125,
  "final_funding_g_raw": 0.09508829563856125,
  "final_update_counter": 3.0,
  "final_vartd_VarTD": 0.14292219281196594,
  "mechanism": "hardzero_only",
  "mechanism_tag": "hardzero_only__c0p54__z1p05__lam0p000__nu0p50__psi0p00",
  "runtime_sec": 9.763679256022442,
  "seed": 39,
  "z_cut": 1.05
}