{
  "alpha": 0.12,
  "c_upd": 0.56,
  "depr_lambda": 0.01,
  "depr_nu": 0.5,
  "depr_psi": 1.0,
  "eval_CSR_post": 0.0,
  "eval_dbar_post_mean": 0.6140333414077759,
  "eval_done_count": 100.0,
  "eval_episodes_per_env": 4.0,
  "eval_len_end_mean": 26.0,
  "eval_occupied_post_mean": 0.2800000011920929,
  "eval_return_end_mean": -24.775829315185547,
  "eval_t_eval": 104.0,
  "final_depr_F_post": 11.143909454345703,
  "final_energy_E_post": 0.5522230863571167,
  "final_episode_return_end_mean": -26.96669578552246,
  "final_funding_alpha_eff": 1.753016022121301e-06,
  "final_funding_g": 0.0975487232208252,
  "final_funding_g_raw": 0.0975487232208252,
  "final_update_counter": 4.0,
  "final_vartd_VarTD": 0.18936602771282196,
  "mechanism": "hardzero_plus_depr",
  "mechanism_tag": "hardzero_plus_depr__c0p56__z1p05__lam0p010__nu0p50__psi1p00",
  "runtime_sec": 10.672788576048333,
  "seed": 37,
  "z_cut": 1.05
}