{
  "alpha": 0.3,
  "borrow_interest": 0.0,
  "borrow_limit": 0.6,
  "c_upd": 0.58,
  "depr_lambda": 0.0,
  "depr_nu": 0.5,
  "depr_psi": 0.0,
  "eval_CSR_post": 0.009999999776482582,
  "eval_dbar_post_mean": 0.4884311854839325,
  "eval_done_count": 100.0,
  "eval_episodes_per_env": 4.0,
  "eval_len_end_mean": 26.0,
  "eval_occupied_post_mean": 0.5399999618530273,
  "eval_return_end_mean": -22.39017105102539,
  "eval_t_eval": 104.0,
  "family": "borrow",
  "final_depr_F_post": 0.0,
  "final_energy_E_post": -0.06742192804813385,
  "final_update_counter": 109.0,
  "final_vartd_VarTD": 4.710798263549805,
  "max_debt_level_post": 0.5655471086502075,
  "mean_update_fraction": 0.08720000088214874,
  "mechanism": "hardzero_only",
  "mechanism_tag": "hardzero_only__c0p58__z1p00__lam0p000__nu0p50__psi0p00",
  "runtime_sec": 10.820448762038723,
  "seed": 32,
  "support_mode": "none",
  "support_total": 0.0,
  "total_debt_charge": 0.0,
  "total_support_s": 0.0,
  "z_cut": 1.0
}