{
  "alpha": 0.052,
  "c_upd": 0.58,
  "depr_lambda": 0.0,
  "depr_nu": 0.5,
  "depr_psi": 0.0,
  "eval_CSR_post": 0.0,
  "eval_dbar_post_mean": 0.5000323057174683,
  "eval_done_count": 100.0,
  "eval_episodes_per_env": 4.0,
  "eval_len_end_mean": 26.0,
  "eval_occupied_post_mean": 0.32999998331069946,
  "eval_return_end_mean": -23.699865341186523,
  "eval_t_eval": 104.0,
  "final_depr_F_post": 0.0,
  "final_energy_E_post": 0.01757180131971836,
  "final_episode_return_end_mean": -25.900728225708008,
  "final_funding_alpha_eff": 0.052000001072883606,
  "final_funding_g": 0.1268358826637268,
  "final_funding_g_raw": 0.1268358826637268,
  "final_update_counter": 6.0,
  "final_vartd_VarTD": 0.15031486749649048,
  "mechanism": "hardzero_only",
  "mechanism_tag": "hardzero_only__c0p58__z1p00__lam0p000__nu0p50__psi0p00",
  "runtime_sec": 10.836292697000317,
  "seed": 54,
  "z_cut": 1.0
}