{
  "alpha": 0.04,
  "c_upd": 0.56,
  "depr_lambda": 0.01,
  "depr_nu": 0.5,
  "depr_psi": 1.0,
  "eval_CSR_post": 0.009999999776482582,
  "eval_dbar_post_mean": 0.5453459620475769,
  "eval_done_count": 100.0,
  "eval_episodes_per_env": 4.0,
  "eval_len_end_mean": 26.0,
  "eval_occupied_post_mean": 0.2800000011920929,
  "eval_return_end_mean": -23.90633773803711,
  "eval_t_eval": 104.0,
  "final_depr_F_post": 11.965178489685059,
  "final_energy_E_post": 0.20303229987621307,
  "final_episode_return_end_mean": -29.069692611694336,
  "final_funding_alpha_eff": 2.570348840436054e-07,
  "final_funding_g": 0.0,
  "final_funding_g_raw": 0.07366802543401718,
  "final_update_counter": 2.0,
  "final_vartd_VarTD": 0.1814129650592804,
  "mechanism": "hardzero_plus_depr",
  "mechanism_tag": "hardzero_plus_depr__c0p56__z1p05__lam0p010__nu0p50__psi1p00",
  "runtime_sec": 10.708719789981842,
  "seed": 36,
  "z_cut": 1.05
}