{
  "alpha": 0.04,
  "c_upd": 0.58,
  "depr_lambda": 0.005,
  "depr_nu": 1.0,
  "depr_psi": 0.5,
  "eval_CSR_post": 0.0,
  "eval_dbar_post_mean": 0.7648367881774902,
  "eval_done_count": 100.0,
  "eval_episodes_per_env": 4.0,
  "eval_len_end_mean": 26.0,
  "eval_occupied_post_mean": 0.1899999976158142,
  "eval_return_end_mean": -26.469804763793945,
  "eval_t_eval": 104.0,
  "final_depr_F_post": 4.0250444412231445,
  "final_energy_E_post": 0.3910190761089325,
  "final_episode_return_end_mean": -26.87320899963379,
  "final_funding_alpha_eff": 0.0053594280034303665,
  "final_funding_g": 0.0,
  "final_funding_g_raw": 0.09576156735420227,
  "final_update_counter": 2.0,
  "final_vartd_VarTD": 0.14310088753700256,
  "mechanism": "hardzero_plus_depr",
  "mechanism_tag": "hardzero_plus_depr__c0p58__z1p00__lam0p005__nu1p00__psi0p50",
  "runtime_sec": 9.466339348000474,
  "seed": 43,
  "z_cut": 1.0
}