{
  "alpha": 0.252,
  "borrow_interest": 0.02,
  "borrow_limit": 0.6,
  "c_upd": 0.58,
  "depr_lambda": 0.0,
  "depr_nu": 0.5,
  "depr_psi": 0.0,
  "eval_CSR_post": 0.019999999552965164,
  "eval_dbar_post_mean": 0.47733551263809204,
  "eval_done_count": 100.0,
  "eval_episodes_per_env": 4.0,
  "eval_len_end_mean": 26.0,
  "eval_occupied_post_mean": 0.38999998569488525,
  "eval_return_end_mean": -22.038503646850586,
  "eval_t_eval": 104.0,
  "family": "borrow",
  "final_depr_F_post": 0.0,
  "final_energy_E_post": -0.43606430292129517,
  "final_update_counter": 71.0,
  "final_vartd_VarTD": 5.461994647979736,
  "max_debt_level_post": 0.6000000238418579,
  "mean_update_fraction": 0.0568000003695488,
  "mechanism": "hardzero_only",
  "mechanism_tag": "hardzero_only__c0p58__z1p00__lam0p000__nu0p50__psi0p00",
  "runtime_sec": 10.718660901999101,
  "seed": 40,
  "support_mode": "none",
  "support_total": 0.0,
  "total_debt_charge": 7.218887805938721,
  "total_support_s": 0.0,
  "z_cut": 1.0
}