{
  "alpha": 0.02,
  "c_upd": 0.54,
  "depr_lambda": 0.01,
  "depr_nu": 0.5,
  "depr_psi": 1.25,
  "eval_CSR_post": 0.0,
  "eval_dbar_post_mean": 0.6788355708122253,
  "eval_done_count": 100.0,
  "eval_episodes_per_env": 4.0,
  "eval_len_end_mean": 26.0,
  "eval_occupied_post_mean": 0.1899999976158142,
  "eval_return_end_mean": -25.800546646118164,
  "eval_t_eval": 104.0,
  "final_depr_F_post": 11.930177688598633,
  "final_energy_E_post": 0.06985047459602356,
  "final_episode_return_end_mean": -27.79810905456543,
  "final_funding_alpha_eff": 6.759986792559403e-09,
  "final_funding_g": 0.09628236293792725,
  "final_funding_g_raw": 0.09628236293792725,
  "final_update_counter": 2.0,
  "final_vartd_VarTD": 0.16209273040294647,
  "mechanism": "hardzero_plus_depr",
  "mechanism_tag": "hardzero_plus_depr__c0p54__z1p05__lam0p010__nu0p50__psi1p25",
  "runtime_sec": 10.782244400004856,
  "seed": 41,
  "z_cut": 1.05
}