{
  "alpha": 0.08,
  "c_upd": 0.5,
  "depr_lambda": 0.03,
  "depr_nu": 0.5,
  "depr_psi": 0.75,
  "eval_CSR_post": 0.0,
  "eval_dbar_post_mean": 0.6060818433761597,
  "eval_done_count": 100.0,
  "eval_episodes_per_env": 4.0,
  "eval_len_end_mean": 26.0,
  "eval_occupied_post_mean": 0.2199999988079071,
  "eval_return_end_mean": -25.280658721923828,
  "eval_t_eval": 104.0,
  "final_depr_F_post": 37.44009780883789,
  "final_energy_E_post": 0.36859744787216187,
  "final_episode_return_end_mean": -26.269454956054688,
  "final_funding_alpha_eff": 5.222036385667088e-14,
  "final_funding_g": 0.09743394702672958,
  "final_funding_g_raw": 0.09743394702672958,
  "final_update_counter": 2.0,
  "final_vartd_VarTD": 0.12303551286458969,
  "mechanism": "hardzero_plus_depr",
  "mechanism_tag": "hardzero_plus_depr__c0p50__z1p10__lam0p030__nu0p50__psi0p75",
  "runtime_sec": 10.626335563021712,
  "seed": 34,
  "z_cut": 1.1
}