{
  "alpha": 0.02,
  "c_upd": 0.56,
  "depr_lambda": 0.02,
  "depr_nu": 0.5,
  "depr_psi": 0.75,
  "eval_CSR_post": 0.0,
  "eval_dbar_post_mean": 0.6239184737205505,
  "eval_done_count": 100.0,
  "eval_episodes_per_env": 4.0,
  "eval_len_end_mean": 26.0,
  "eval_occupied_post_mean": 0.3400000035762787,
  "eval_return_end_mean": -24.982940673828125,
  "eval_t_eval": 104.0,
  "final_depr_F_post": 23.11033821105957,
  "final_energy_E_post": 0.03229145705699921,
  "final_episode_return_end_mean": -26.885597229003906,
  "final_funding_alpha_eff": 6.025949184085277e-10,
  "final_funding_g": 0.09751302748918533,
  "final_funding_g_raw": 0.09751302748918533,
  "final_update_counter": 2.0,
  "final_vartd_VarTD": 0.2047530859708786,
  "mechanism": "hardzero_plus_depr",
  "mechanism_tag": "hardzero_plus_depr__c0p56__z1p10__lam0p020__nu0p50__psi0p75",
  "runtime_sec": 10.774886677972972,
  "seed": 37,
  "z_cut": 1.1
}