{
  "alpha": 0.03,
  "c_upd": 0.58,
  "depr_lambda": 0.0,
  "depr_nu": 0.5,
  "depr_psi": 0.0,
  "eval_CSR_post": 0.009999999776482582,
  "eval_dbar_post_mean": 0.5714157223701477,
  "eval_done_count": 100.0,
  "eval_episodes_per_env": 4.0,
  "eval_len_end_mean": 26.0,
  "eval_occupied_post_mean": 0.32999998331069946,
  "eval_return_end_mean": -24.6313419342041,
  "eval_t_eval": 104.0,
  "final_depr_F_post": 0.0,
  "final_energy_E_post": 0.5310500264167786,
  "final_episode_return_end_mean": -25.351930618286133,
  "final_funding_alpha_eff": 0.029999999329447746,
  "final_funding_g": 0.1372092366218567,
  "final_funding_g_raw": 0.1372092366218567,
  "final_update_counter": 8.0,
  "final_vartd_VarTD": 0.11968695372343063,
  "mechanism": "hardzero_only",
  "mechanism_tag": "hardzero_only__c0p58__z1p10__lam0p000__nu0p50__psi0p00",
  "runtime_sec": 9.69693770998856,
  "seed": 33,
  "z_cut": 1.1
}