{
  "alpha": 0.064,
  "c_upd": 0.58,
  "depr_lambda": 0.005,
  "depr_nu": 1.0,
  "depr_psi": 0.5,
  "eval_CSR_post": 0.0,
  "eval_dbar_post_mean": 0.5912129282951355,
  "eval_done_count": 100.0,
  "eval_episodes_per_env": 4.0,
  "eval_len_end_mean": 26.0,
  "eval_occupied_post_mean": 0.3199999928474426,
  "eval_return_end_mean": -24.259634017944336,
  "eval_t_eval": 104.0,
  "final_depr_F_post": 1.7849985361099243,
  "final_energy_E_post": 0.5485987663269043,
  "final_episode_return_end_mean": -26.54413604736328,
  "final_funding_alpha_eff": 0.026281990110874176,
  "final_funding_g": 0.0,
  "final_funding_g_raw": 0.09702245891094208,
  "final_update_counter": 3.0,
  "final_vartd_VarTD": 0.14330950379371643,
  "mechanism": "hardzero_plus_depr",
  "mechanism_tag": "hardzero_plus_depr__c0p58__z1p00__lam0p005__nu1p00__psi0p50",
  "runtime_sec": 9.467260831035674,
  "seed": 39,
  "z_cut": 1.0
}