{
  "alpha": 0.06,
  "c_upd": 0.58,
  "depr_lambda": 0.02,
  "depr_nu": 0.5,
  "depr_psi": 0.75,
  "eval_CSR_post": 0.0,
  "eval_dbar_post_mean": 0.5675058960914612,
  "eval_done_count": 100.0,
  "eval_episodes_per_env": 4.0,
  "eval_len_end_mean": 26.0,
  "eval_occupied_post_mean": 0.3100000023841858,
  "eval_return_end_mean": -22.469736099243164,
  "eval_t_eval": 104.0,
  "final_depr_F_post": 23.90035629272461,
  "final_energy_E_post": 0.14708209037780762,
  "final_episode_return_end_mean": -28.064537048339844,
  "final_funding_alpha_eff": 9.99588189998235e-10,
  "final_funding_g": 0.09007416665554047,
  "final_funding_g_raw": 0.09007416665554047,
  "final_update_counter": 2.0,
  "final_vartd_VarTD": 0.21670883893966675,
  "mechanism": "hardzero_plus_depr",
  "mechanism_tag": "hardzero_plus_depr__c0p58__z1p05__lam0p020__nu0p50__psi0p75",
  "runtime_sec": 10.92131204798352,
  "seed": 38,
  "z_cut": 1.05
}