{
  "alpha": 0.034,
  "c_upd": 0.58,
  "depr_lambda": 0.0,
  "depr_nu": 0.5,
  "depr_psi": 0.0,
  "eval_CSR_post": 0.009999999776482582,
  "eval_dbar_post_mean": 0.4893169403076172,
  "eval_done_count": 100.0,
  "eval_episodes_per_env": 4.0,
  "eval_len_end_mean": 26.0,
  "eval_occupied_post_mean": 0.47999998927116394,
  "eval_return_end_mean": -23.57139015197754,
  "eval_t_eval": 104.0,
  "final_depr_F_post": 0.0,
  "final_energy_E_post": 0.030251318588852882,
  "final_episode_return_end_mean": -25.300251007080078,
  "final_funding_alpha_eff": 0.03400000184774399,
  "final_funding_g": 0.11987552046775818,
  "final_funding_g_raw": 0.11987552046775818,
  "final_update_counter": 6.0,
  "final_vartd_VarTD": 0.12861193716526031,
  "mechanism": "hardzero_only",
  "mechanism_tag": "hardzero_only__c0p58__z1p00__lam0p000__nu0p50__psi0p00",
  "runtime_sec": 9.565911357058212,
  "seed": 32,
  "z_cut": 1.0
}