{
  "alpha": 0.069,
  "c_upd": 0.58,
  "depr_lambda": 0.0,
  "depr_nu": 0.5,
  "depr_psi": 0.0,
  "eval_CSR_post": 0.009999999776482582,
  "eval_dbar_post_mean": 0.48475295305252075,
  "eval_done_count": 100.0,
  "eval_episodes_per_env": 4.0,
  "eval_len_end_mean": 26.0,
  "eval_occupied_post_mean": 0.3999999761581421,
  "eval_return_end_mean": -23.87645149230957,
  "eval_t_eval": 104.0,
  "final_depr_F_post": 0.0,
  "final_energy_E_post": 0.5660192966461182,
  "final_episode_return_end_mean": -24.113576889038086,
  "final_funding_alpha_eff": 0.0689999982714653,
  "final_funding_g": 0.16512742638587952,
  "final_funding_g_raw": 0.16512742638587952,
  "final_update_counter": 16.0,
  "final_vartd_VarTD": 0.3715319037437439,
  "mechanism": "hardzero_only",
  "mechanism_tag": "hardzero_only__c0p58__z1p00__lam0p000__nu0p50__psi0p00",
  "runtime_sec": 9.500165057950653,
  "seed": 54,
  "z_cut": 1.0
}