{
  "alpha": 0.12,
  "c_upd": 0.58,
  "depr_lambda": 0.01,
  "depr_nu": 0.5,
  "depr_psi": 1.0,
  "eval_CSR_post": 0.0,
  "eval_dbar_post_mean": 0.6048094034194946,
  "eval_done_count": 100.0,
  "eval_episodes_per_env": 4.0,
  "eval_len_end_mean": 26.0,
  "eval_occupied_post_mean": 0.23999999463558197,
  "eval_return_end_mean": -24.416166305541992,
  "eval_t_eval": 104.0,
  "final_depr_F_post": 11.775174140930176,
  "final_energy_E_post": 0.5693113207817078,
  "final_episode_return_end_mean": -26.618799209594727,
  "final_funding_alpha_eff": 9.324620577899623e-07,
  "final_funding_g": 0.09641578793525696,
  "final_funding_g_raw": 0.09641578793525696,
  "final_update_counter": 3.0,
  "final_vartd_VarTD": 0.14573471248149872,
  "mechanism": "hardzero_plus_depr",
  "mechanism_tag": "hardzero_plus_depr__c0p58__z1p05__lam0p010__nu0p50__psi1p00",
  "runtime_sec": 10.661498886998743,
  "seed": 39,
  "z_cut": 1.05
}