{
  "alpha": 0.1,
  "c_upd": 0.56,
  "depr_lambda": 0.03,
  "depr_nu": 0.5,
  "depr_psi": 1.25,
  "eval_CSR_post": 0.0,
  "eval_dbar_post_mean": 0.5880125164985657,
  "eval_done_count": 100.0,
  "eval_episodes_per_env": 4.0,
  "eval_len_end_mean": 26.0,
  "eval_occupied_post_mean": 0.3100000023841858,
  "eval_return_end_mean": -23.939226150512695,
  "eval_t_eval": 104.0,
  "final_depr_F_post": 37.1251106262207,
  "final_energy_E_post": 0.14255021512508392,
  "final_episode_return_end_mean": -26.683874130249023,
  "final_funding_alpha_eff": 7.2819454811428685e-22,
  "final_funding_g": 0.09513101726770401,
  "final_funding_g_raw": 0.09513101726770401,
  "final_update_counter": 2.0,
  "final_vartd_VarTD": 0.14309585094451904,
  "mechanism": "hardzero_plus_depr",
  "mechanism_tag": "hardzero_plus_depr__c0p56__z1p05__lam0p030__nu0p50__psi1p25",
  "runtime_sec": 10.821302755037323,
  "seed": 39,
  "z_cut": 1.05
}