{
  "alpha": 0.04,
  "c_upd": 0.6,
  "depr_lambda": 0.0,
  "depr_nu": 0.5,
  "depr_psi": 0.0,
  "eval_CSR_post": 0.0,
  "eval_dbar_post_mean": 0.5132787823677063,
  "eval_done_count": 100.0,
  "eval_episodes_per_env": 4.0,
  "eval_len_end_mean": 26.0,
  "eval_occupied_post_mean": 0.3700000047683716,
  "eval_return_end_mean": -22.84056854248047,
  "eval_t_eval": 104.0,
  "final_depr_F_post": 0.0,
  "final_energy_E_post": 0.3732410669326782,
  "final_episode_return_end_mean": -26.81837272644043,
  "final_funding_alpha_eff": 0.03999999910593033,
  "final_funding_g": 0.0,
  "final_funding_g_raw": 0.09430097788572311,
  "final_update_counter": 3.0,
  "final_vartd_VarTD": 0.1452205926179886,
  "mechanism": "hardzero_only",
  "mechanism_tag": "hardzero_only__c0p60__z1p00__lam0p000__nu0p50__psi0p00",
  "runtime_sec": 9.619859539001482,
  "seed": 39,
  "z_cut": 1.0
}