{
  "alpha": 0.037,
  "c_upd": 0.58,
  "depr_lambda": 0.005,
  "depr_nu": 1.0,
  "depr_psi": 0.5,
  "eval_CSR_post": 0.009999999776482582,
  "eval_dbar_post_mean": 0.64447021484375,
  "eval_done_count": 100.0,
  "eval_episodes_per_env": 4.0,
  "eval_len_end_mean": 26.0,
  "eval_occupied_post_mean": 0.25999999046325684,
  "eval_return_end_mean": -25.11466407775879,
  "eval_t_eval": 104.0,
  "final_depr_F_post": 4.910064697265625,
  "final_energy_E_post": 0.543681263923645,
  "final_episode_return_end_mean": -26.709585189819336,
  "final_funding_alpha_eff": 0.0031847874633967876,
  "final_funding_g": 0.10870412737131119,
  "final_funding_g_raw": 0.10870412737131119,
  "final_update_counter": 2.0,
  "final_vartd_VarTD": 0.12054147571325302,
  "mechanism": "hardzero_plus_depr",
  "mechanism_tag": "hardzero_plus_depr__c0p58__z1p00__lam0p005__nu1p00__psi0p50",
  "runtime_sec": 9.469110680976883,
  "seed": 33,
  "z_cut": 1.0
}