{
  "alpha": 0.05,
  "c_upd": 0.54,
  "depr_lambda": 0.03,
  "depr_nu": 0.5,
  "depr_psi": 0.75,
  "eval_CSR_post": 0.0,
  "eval_dbar_post_mean": 0.8034056425094604,
  "eval_done_count": 100.0,
  "eval_episodes_per_env": 4.0,
  "eval_len_end_mean": 26.0,
  "eval_occupied_post_mean": 0.14000000059604645,
  "eval_return_end_mean": -27.75741195678711,
  "eval_t_eval": 104.0,
  "final_depr_F_post": 37.1251106262207,
  "final_energy_E_post": 0.1555011123418808,
  "final_episode_return_end_mean": -29.17463493347168,
  "final_funding_alpha_eff": 4.133498759744357e-14,
  "final_funding_g": 0.0,
  "final_funding_g_raw": 0.07193716615438461,
  "final_update_counter": 2.0,
  "final_vartd_VarTD": 0.178872749209404,
  "mechanism": "hardzero_plus_depr",
  "mechanism_tag": "hardzero_plus_depr__c0p54__z1p10__lam0p030__nu0p50__psi0p75",
  "runtime_sec": 10.622599994996563,
  "seed": 36,
  "z_cut": 1.1
}