{
  "alpha": 0.03,
  "c_upd": 0.56,
  "depr_lambda": 0.02,
  "depr_nu": 0.5,
  "depr_psi": 1.0,
  "eval_CSR_post": 0.0,
  "eval_dbar_post_mean": 0.6484276056289673,
  "eval_done_count": 100.0,
  "eval_episodes_per_env": 4.0,
  "eval_len_end_mean": 26.0,
  "eval_occupied_post_mean": 0.10999999940395355,
  "eval_return_end_mean": -25.774694442749023,
  "eval_t_eval": 104.0,
  "final_depr_F_post": 24.010358810424805,
  "final_energy_E_post": 0.056384772062301636,
  "final_episode_return_end_mean": -28.18267822265625,
  "final_funding_alpha_eff": 1.1435128018100205e-12,
  "final_funding_g": 0.08793146163225174,
  "final_funding_g_raw": 0.08793146163225174,
  "final_update_counter": 2.0,
  "final_vartd_VarTD": 0.12464974820613861,
  "mechanism": "hardzero_plus_depr",
  "mechanism_tag": "hardzero_plus_depr__c0p56__z1p10__lam0p020__nu0p50__psi1p00",
  "runtime_sec": 10.725592041038908,
  "seed": 31,
  "z_cut": 1.1
}