{
  "alpha": 0.1,
  "c_upd": 0.5,
  "depr_lambda": 0.02,
  "depr_nu": 0.5,
  "depr_psi": 1.0,
  "eval_CSR_post": 0.0,
  "eval_dbar_post_mean": 0.48293739557266235,
  "eval_done_count": 100.0,
  "eval_episodes_per_env": 4.0,
  "eval_len_end_mean": 26.0,
  "eval_occupied_post_mean": 0.4699999988079071,
  "eval_return_end_mean": -23.760066986083984,
  "eval_t_eval": 104.0,
  "final_depr_F_post": 23.28034210205078,
  "final_energy_E_post": 0.102603480219841,
  "final_episode_return_end_mean": -25.841760635375977,
  "final_funding_alpha_eff": 7.9097353666846e-12,
  "final_funding_g": 0.1069638580083847,
  "final_funding_g_raw": 0.1069638580083847,
  "final_update_counter": 3.0,
  "final_vartd_VarTD": 0.1300756186246872,
  "mechanism": "hardzero_plus_depr",
  "mechanism_tag": "hardzero_plus_depr__c0p50__z1p10__lam0p020__nu0p50__psi1p00",
  "runtime_sec": 10.75155927601736,
  "seed": 32,
  "z_cut": 1.1
}