{
  "alpha": 0.08,
  "c_upd": 0.52,
  "depr_lambda": 0.03,
  "depr_nu": 0.5,
  "depr_psi": 0.75,
  "eval_CSR_post": 0.0,
  "eval_dbar_post_mean": 0.5493255257606506,
  "eval_done_count": 100.0,
  "eval_episodes_per_env": 4.0,
  "eval_len_end_mean": 26.0,
  "eval_occupied_post_mean": 0.32999998331069946,
  "eval_return_end_mean": -23.526689529418945,
  "eval_t_eval": 104.0,
  "final_depr_F_post": 37.33510208129883,
  "final_energy_E_post": 0.31830930709838867,
  "final_episode_return_end_mean": -27.22966194152832,
  "final_funding_alpha_eff": 5.649879842401992e-14,
  "final_funding_g": 0.09518226236104965,
  "final_funding_g_raw": 0.09518226236104965,
  "final_update_counter": 2.0,
  "final_vartd_VarTD": 0.1888992041349411,
  "mechanism": "hardzero_plus_depr",
  "mechanism_tag": "hardzero_plus_depr__c0p52__z1p05__lam0p030__nu0p50__psi0p75",
  "runtime_sec": 23.450527081033215,
  "seed": 30,
  "z_cut": 1.05
}