{
  "alpha": 0.12,
  "c_upd": 0.58,
  "depr_lambda": 0.01,
  "depr_nu": 0.5,
  "depr_psi": 1.25,
  "eval_CSR_post": 0.0,
  "eval_dbar_post_mean": 0.5826692581176758,
  "eval_done_count": 100.0,
  "eval_episodes_per_env": 4.0,
  "eval_len_end_mean": 26.0,
  "eval_occupied_post_mean": 0.22999998927116394,
  "eval_return_end_mean": -24.467758178710938,
  "eval_t_eval": 104.0,
  "final_depr_F_post": 11.657670974731445,
  "final_energy_E_post": 0.41467341780662537,
  "final_episode_return_end_mean": -26.34816551208496,
  "final_funding_alpha_eff": 5.702066729895705e-08,
  "final_funding_g": 0.11595363914966583,
  "final_funding_g_raw": 0.11595363914966583,
  "final_update_counter": 3.0,
  "final_vartd_VarTD": 0.11872059106826782,
  "mechanism": "hardzero_plus_depr",
  "mechanism_tag": "hardzero_plus_depr__c0p58__z1p05__lam0p010__nu0p50__psi1p25",
  "runtime_sec": 10.616424147970974,
  "seed": 33,
  "z_cut": 1.05
}