{
  "alpha": 0.05,
  "c_upd": 0.56,
  "depr_lambda": 0.02,
  "depr_nu": 0.5,
  "depr_psi": 1.0,
  "eval_CSR_post": 0.0,
  "eval_dbar_post_mean": 0.5643486976623535,
  "eval_done_count": 100.0,
  "eval_episodes_per_env": 4.0,
  "eval_len_end_mean": 26.0,
  "eval_occupied_post_mean": 0.22999998927116394,
  "eval_return_end_mean": -24.001800537109375,
  "eval_t_eval": 104.0,
  "final_depr_F_post": 24.61037254333496,
  "final_energy_E_post": 0.17775563895702362,
  "final_episode_return_end_mean": -27.968900680541992,
  "final_funding_alpha_eff": 1.0459408946589255e-12,
  "final_funding_g": 0.08999708294868469,
  "final_funding_g_raw": 0.08999708294868469,
  "final_update_counter": 2.0,
  "final_vartd_VarTD": 0.17417708039283752,
  "mechanism": "hardzero_plus_depr",
  "mechanism_tag": "hardzero_plus_depr__c0p56__z1p10__lam0p020__nu0p50__psi1p00",
  "runtime_sec": 10.78219322906807,
  "seed": 40,
  "z_cut": 1.1
}