{
  "alpha": 0.052,
  "c_upd": 0.58,
  "depr_lambda": 0.005,
  "depr_nu": 1.0,
  "depr_psi": 0.5,
  "eval_CSR_post": 0.0,
  "eval_dbar_post_mean": 0.6006439328193665,
  "eval_done_count": 100.0,
  "eval_episodes_per_env": 4.0,
  "eval_len_end_mean": 26.0,
  "eval_occupied_post_mean": 0.20999999344348907,
  "eval_return_end_mean": -24.52737808227539,
  "eval_t_eval": 104.0,
  "final_depr_F_post": 0.784999430179596,
  "final_energy_E_post": 0.5770680904388428,
  "final_episode_return_end_mean": -27.22332191467285,
  "final_funding_alpha_eff": 0.03520696982741356,
  "final_funding_g": 0.0,
  "final_funding_g_raw": 0.0979258194565773,
  "final_update_counter": 5.0,
  "final_vartd_VarTD": 0.1318550854921341,
  "mechanism": "hardzero_plus_depr",
  "mechanism_tag": "hardzero_plus_depr__c0p58__z1p00__lam0p005__nu1p00__psi0p50",
  "runtime_sec": 9.465926817967556,
  "seed": 56,
  "z_cut": 1.0
}