{
  "alpha": 0.12,
  "c_upd": 0.54,
  "depr_lambda": 0.02,
  "depr_nu": 0.5,
  "depr_psi": 1.25,
  "eval_CSR_post": 0.0,
  "eval_dbar_post_mean": 0.6911836862564087,
  "eval_done_count": 100.0,
  "eval_episodes_per_env": 4.0,
  "eval_len_end_mean": 26.0,
  "eval_occupied_post_mean": 0.22999998927116394,
  "eval_return_end_mean": -24.418575286865234,
  "eval_t_eval": 104.0,
  "final_depr_F_post": 24.88037872314453,
  "final_energy_E_post": 0.4052146375179291,
  "final_episode_return_end_mean": -28.144086837768555,
  "final_funding_alpha_eff": 3.8306675404419996e-15,
  "final_funding_g": 0.08903678506612778,
  "final_funding_g_raw": 0.08903678506612778,
  "final_update_counter": 2.0,
  "final_vartd_VarTD": 0.21523727476596832,
  "mechanism": "hardzero_plus_depr",
  "mechanism_tag": "hardzero_plus_depr__c0p54__z1p10__lam0p020__nu0p50__psi1p25",
  "runtime_sec": 10.6599117659498,
  "seed": 38,
  "z_cut": 1.1
}