{
  "alpha": 0.061,
  "c_upd": 0.58,
  "depr_lambda": 0.005,
  "depr_nu": 1.0,
  "depr_psi": 0.5,
  "eval_CSR_post": 0.0,
  "eval_dbar_post_mean": 0.6032769680023193,
  "eval_done_count": 100.0,
  "eval_episodes_per_env": 4.0,
  "eval_len_end_mean": 26.0,
  "eval_occupied_post_mean": 0.25999999046325684,
  "eval_return_end_mean": -25.193309783935547,
  "eval_t_eval": 104.0,
  "final_depr_F_post": 0.1250000149011612,
  "final_energy_E_post": 0.1782485544681549,
  "final_episode_return_end_mean": -26.827743530273438,
  "final_funding_alpha_eff": 0.0574476383626461,
  "final_funding_g": 0.11131017655134201,
  "final_funding_g_raw": 0.11131017655134201,
  "final_update_counter": 8.0,
  "final_vartd_VarTD": 0.16366562247276306,
  "mechanism": "hardzero_plus_depr",
  "mechanism_tag": "hardzero_plus_depr__c0p58__z1p00__lam0p005__nu1p00__psi0p50",
  "runtime_sec": 9.474372246069834,
  "seed": 41,
  "z_cut": 1.0
}