{
  "alpha": 0.03,
  "c_upd": 0.6,
  "depr_lambda": 0.01,
  "depr_nu": 0.5,
  "depr_psi": 0.75,
  "eval_CSR_post": 0.009999999776482582,
  "eval_dbar_post_mean": 0.5347869992256165,
  "eval_done_count": 100.0,
  "eval_episodes_per_env": 4.0,
  "eval_len_end_mean": 26.0,
  "eval_occupied_post_mean": 0.3999999761581421,
  "eval_return_end_mean": -23.903106689453125,
  "eval_t_eval": 104.0,
  "final_depr_F_post": 11.64017105102539,
  "final_energy_E_post": 0.20154526829719543,
  "final_episode_return_end_mean": -26.71659278869629,
  "final_funding_alpha_eff": 4.885760517936433e-06,
  "final_funding_g": 0.10806501656770706,
  "final_funding_g_raw": 0.10806501656770706,
  "final_update_counter": 2.0,
  "final_vartd_VarTD": 0.11812164634466171,
  "mechanism": "hardzero_plus_depr",
  "mechanism_tag": "hardzero_plus_depr__c0p60__z1p05__lam0p010__nu0p50__psi0p75",
  "runtime_sec": 10.663801788992714,
  "seed": 33,
  "z_cut": 1.05
}