{
  "alpha": 0.1,
  "c_upd": 0.6,
  "depr_lambda": 0.03,
  "depr_nu": 0.5,
  "depr_psi": 1.25,
  "eval_CSR_post": 0.0,
  "eval_dbar_post_mean": 0.5192492008209229,
  "eval_done_count": 100.0,
  "eval_episodes_per_env": 4.0,
  "eval_len_end_mean": 26.0,
  "eval_occupied_post_mean": 0.25999999046325684,
  "eval_return_end_mean": -23.295656204223633,
  "eval_t_eval": 104.0,
  "final_depr_F_post": 36.78012466430664,
  "final_energy_E_post": 0.11076518893241882,
  "final_episode_return_end_mean": -29.00229835510254,
  "final_funding_alpha_eff": 1.1208030728216433e-21,
  "final_funding_g": 0.0,
  "final_funding_g_raw": 0.07576607912778854,
  "final_update_counter": 2.0,
  "final_vartd_VarTD": 0.17836569249629974,
  "mechanism": "hardzero_plus_depr",
  "mechanism_tag": "hardzero_plus_depr__c0p60__z1p10__lam0p030__nu0p50__psi1p25",
  "runtime_sec": 10.636229138937779,
  "seed": 36,
  "z_cut": 1.1
}