{
  "alpha": 0.034,
  "c_upd": 0.58,
  "depr_lambda": 0.005,
  "depr_nu": 1.0,
  "depr_psi": 0.5,
  "eval_CSR_post": 0.0,
  "eval_dbar_post_mean": 0.6293889284133911,
  "eval_done_count": 100.0,
  "eval_episodes_per_env": 4.0,
  "eval_len_end_mean": 26.0,
  "eval_occupied_post_mean": 0.22999998927116394,
  "eval_return_end_mean": -24.54305076599121,
  "eval_t_eval": 104.0,
  "final_depr_F_post": 2.4600088596343994,
  "final_energy_E_post": 0.31205230951309204,
  "final_episode_return_end_mean": -26.698575973510742,
  "final_funding_alpha_eff": 0.009962780401110649,
  "final_funding_g": 0.0,
  "final_funding_g_raw": 0.09565532207489014,
  "final_update_counter": 2.0,
  "final_vartd_VarTD": 0.14308524131774902,
  "mechanism": "hardzero_plus_depr",
  "mechanism_tag": "hardzero_plus_depr__c0p58__z1p00__lam0p005__nu1p00__psi0p50",
  "runtime_sec": 9.457346769981086,
  "seed": 39,
  "z_cut": 1.0
}