{
  "alpha": 0.04,
  "c_upd": 0.56,
  "depr_lambda": 0.0,
  "depr_nu": 0.5,
  "depr_psi": 0.0,
  "eval_CSR_post": 0.0,
  "eval_dbar_post_mean": 0.5356302857398987,
  "eval_done_count": 100.0,
  "eval_episodes_per_env": 4.0,
  "eval_len_end_mean": 26.0,
  "eval_occupied_post_mean": 0.4099999964237213,
  "eval_return_end_mean": -24.30559539794922,
  "eval_t_eval": 104.0,
  "final_depr_F_post": 0.0,
  "final_energy_E_post": 0.3014901578426361,
  "final_episode_return_end_mean": -26.4615478515625,
  "final_funding_alpha_eff": 0.03999999910593033,
  "final_funding_g": 0.12090008705854416,
  "final_funding_g_raw": 0.12090008705854416,
  "final_update_counter": 11.0,
  "final_vartd_VarTD": 0.18830159306526184,
  "mechanism": "hardzero_only",
  "mechanism_tag": "hardzero_only__c0p56__z1p10__lam0p000__nu0p50__psi0p00",
  "runtime_sec": 9.776744330010843,
  "seed": 36,
  "z_cut": 1.1
}