{
  "alpha": 0.04,
  "c_upd": 0.54,
  "depr_lambda": 0.02,
  "depr_nu": 0.5,
  "depr_psi": 1.25,
  "eval_CSR_post": 0.0,
  "eval_dbar_post_mean": 0.5813608169555664,
  "eval_done_count": 100.0,
  "eval_episodes_per_env": 4.0,
  "eval_len_end_mean": 26.0,
  "eval_occupied_post_mean": 0.29999998211860657,
  "eval_return_end_mean": -24.74995994567871,
  "eval_t_eval": 104.0,
  "final_depr_F_post": 24.650373458862305,
  "final_energy_E_post": 0.10880915820598602,
  "final_episode_return_end_mean": -27.891468048095703,
  "final_funding_alpha_eff": 1.7022226100324228e-15,
  "final_funding_g": 0.09444227069616318,
  "final_funding_g_raw": 0.09444227069616318,
  "final_update_counter": 2.0,
  "final_vartd_VarTD": 0.16522027552127838,
  "mechanism": "hardzero_plus_depr",
  "mechanism_tag": "hardzero_plus_depr__c0p54__z1p10__lam0p020__nu0p50__psi1p25",
  "runtime_sec": 10.571711048018187,
  "seed": 41,
  "z_cut": 1.1
}