{
  "alpha": 0.058,
  "c_upd": 0.58,
  "depr_lambda": 0.005,
  "depr_nu": 1.0,
  "depr_psi": 0.5,
  "eval_CSR_post": 0.009999999776482582,
  "eval_dbar_post_mean": 0.5485447645187378,
  "eval_done_count": 100.0,
  "eval_episodes_per_env": 4.0,
  "eval_len_end_mean": 26.0,
  "eval_occupied_post_mean": 0.3799999952316284,
  "eval_return_end_mean": -21.838863372802734,
  "eval_t_eval": 104.0,
  "final_depr_F_post": 2.68001389503479,
  "final_energy_E_post": 0.5085424780845642,
  "final_episode_return_end_mean": -27.973793029785156,
  "final_funding_alpha_eff": 0.015224957838654518,
  "final_funding_g": 0.0,
  "final_funding_g_raw": 0.09079071134328842,
  "final_update_counter": 2.0,
  "final_vartd_VarTD": 0.2201523631811142,
  "mechanism": "hardzero_plus_depr",
  "mechanism_tag": "hardzero_plus_depr__c0p58__z1p00__lam0p005__nu1p00__psi0p50",
  "runtime_sec": 9.462364032980986,
  "seed": 38,
  "z_cut": 1.0
}