{
  "alpha": 0.031,
  "c_upd": 0.58,
  "depr_lambda": 0.005,
  "depr_nu": 1.0,
  "depr_psi": 0.5,
  "eval_CSR_post": 0.0,
  "eval_dbar_post_mean": 0.5409650206565857,
  "eval_done_count": 100.0,
  "eval_episodes_per_env": 4.0,
  "eval_len_end_mean": 26.0,
  "eval_occupied_post_mean": 0.26999998092651367,
  "eval_return_end_mean": -23.497325897216797,
  "eval_t_eval": 104.0,
  "final_depr_F_post": 0.7799994349479675,
  "final_energy_E_post": 0.30564385652542114,
  "final_episode_return_end_mean": -26.391145706176758,
  "final_funding_alpha_eff": 0.021041303873062134,
  "final_funding_g": 0.11873061954975128,
  "final_funding_g_raw": 0.11873061954975128,
  "final_update_counter": 3.0,
  "final_vartd_VarTD": 0.11243971437215805,
  "mechanism": "hardzero_plus_depr",
  "mechanism_tag": "hardzero_plus_depr__c0p58__z1p00__lam0p005__nu1p00__psi0p50",
  "runtime_sec": 9.4668628819054,
  "seed": 33,
  "z_cut": 1.0
}