{
  "alpha": 0.1,
  "c_upd": 0.54,
  "depr_lambda": 0.01,
  "depr_nu": 0.5,
  "depr_psi": 0.75,
  "eval_CSR_post": 0.0,
  "eval_dbar_post_mean": 0.9549852609634399,
  "eval_done_count": 100.0,
  "eval_episodes_per_env": 4.0,
  "eval_len_end_mean": 26.0,
  "eval_occupied_post_mean": 0.10999999940395355,
  "eval_return_end_mean": -29.196197509765625,
  "eval_t_eval": 104.0,
  "final_depr_F_post": 11.355164527893066,
  "final_energy_E_post": 0.08840784430503845,
  "final_episode_return_end_mean": -29.220190048217773,
  "final_funding_alpha_eff": 2.0167097318335436e-05,
  "final_funding_g": 0.0,
  "final_funding_g_raw": 0.07277534902095795,
  "final_update_counter": 2.0,
  "final_vartd_VarTD": 0.17514494061470032,
  "mechanism": "hardzero_plus_depr",
  "mechanism_tag": "hardzero_plus_depr__c0p54__z1p00__lam0p010__nu0p50__psi0p75",
  "runtime_sec": 10.391305549012031,
  "seed": 36,
  "z_cut": 1.0
}