{
  "alpha": 0.1,
  "c_upd": 0.52,
  "depr_lambda": 0.01,
  "depr_nu": 0.5,
  "depr_psi": 1.0,
  "eval_CSR_post": 0.0,
  "eval_dbar_post_mean": 0.5517696142196655,
  "eval_done_count": 100.0,
  "eval_episodes_per_env": 4.0,
  "eval_len_end_mean": 26.0,
  "eval_occupied_post_mean": 0.3100000023841858,
  "eval_return_end_mean": -22.727251052856445,
  "eval_t_eval": 104.0,
  "final_depr_F_post": 12.285185813903809,
  "final_energy_E_post": 0.2610110938549042,
  "final_episode_return_end_mean": -27.49060821533203,
  "final_funding_alpha_eff": 4.6661065766784304e-07,
  "final_funding_g": 0.0,
  "final_funding_g_raw": 0.09114294499158859,
  "final_update_counter": 2.0,
  "final_vartd_VarTD": 0.1922132670879364,
  "mechanism": "hardzero_plus_depr",
  "mechanism_tag": "hardzero_plus_depr__c0p52__z1p00__lam0p010__nu0p50__psi1p00",
  "runtime_sec": 22.436503744975198,
  "seed": 30,
  "z_cut": 1.0
}