{
  "alpha": 0.02,
  "c_upd": 0.54,
  "depr_lambda": 0.01,
  "depr_nu": 0.5,
  "depr_psi": 0.75,
  "eval_CSR_post": 0.0,
  "eval_dbar_post_mean": 0.6430800557136536,
  "eval_done_count": 100.0,
  "eval_episodes_per_env": 4.0,
  "eval_len_end_mean": 26.0,
  "eval_occupied_post_mean": 0.26999998092651367,
  "eval_return_end_mean": -24.763071060180664,
  "eval_t_eval": 104.0,
  "final_depr_F_post": 12.215184211730957,
  "final_energy_E_post": 0.2154099941253662,
  "final_episode_return_end_mean": -26.783405303955078,
  "final_funding_alpha_eff": 2.1161529275559587e-06,
  "final_funding_g": 0.10607355087995529,
  "final_funding_g_raw": 0.10607355087995529,
  "final_update_counter": 2.0,
  "final_vartd_VarTD": 0.12029054015874863,
  "mechanism": "hardzero_plus_depr",
  "mechanism_tag": "hardzero_plus_depr__c0p54__z1p10__lam0p010__nu0p50__psi0p75",
  "runtime_sec": 10.708065010956489,
  "seed": 33,
  "z_cut": 1.1
}