{
  "alpha": 0.12,
  "c_upd": 0.6,
  "depr_lambda": 0.01,
  "depr_nu": 0.5,
  "depr_psi": 0.75,
  "eval_CSR_post": 0.009999999776482582,
  "eval_dbar_post_mean": 0.46950170397758484,
  "eval_done_count": 100.0,
  "eval_episodes_per_env": 4.0,
  "eval_len_end_mean": 26.0,
  "eval_occupied_post_mean": 0.41999998688697815,
  "eval_return_end_mean": -23.778602600097656,
  "eval_t_eval": 104.0,
  "final_depr_F_post": 5.987074851989746,
  "final_energy_E_post": 0.3900086581707001,
  "final_episode_return_end_mean": -26.235485076904297,
  "final_funding_alpha_eff": 0.0013561984524130821,
  "final_funding_g": 0.12643273174762726,
  "final_funding_g_raw": 0.12643273174762726,
  "final_update_counter": 8.0,
  "final_vartd_VarTD": 0.13878634572029114,
  "mechanism": "hardzero_plus_depr",
  "mechanism_tag": "hardzero_plus_depr__c0p60__z1p05__lam0p010__nu0p50__psi0p75",
  "runtime_sec": 10.75616530602565,
  "seed": 35,
  "z_cut": 1.05
}