{
  "alpha": 0.04,
  "c_upd": 0.56,
  "depr_lambda": 0.01,
  "depr_nu": 0.5,
  "depr_psi": 1.0,
  "eval_CSR_post": 0.0,
  "eval_dbar_post_mean": 0.8374632596969604,
  "eval_done_count": 100.0,
  "eval_episodes_per_env": 4.0,
  "eval_len_end_mean": 26.0,
  "eval_occupied_post_mean": 0.20999999344348907,
  "eval_return_end_mean": -29.153987884521484,
  "eval_t_eval": 104.0,
  "final_depr_F_post": 12.155182838439941,
  "final_energy_E_post": 0.19803957641124725,
  "final_episode_return_end_mean": -28.149778366088867,
  "final_funding_alpha_eff": 2.1255640092476824e-07,
  "final_funding_g": 0.0,
  "final_funding_g_raw": 0.08804889768362045,
  "final_update_counter": 2.0,
  "final_vartd_VarTD": 0.12253334373235703,
  "mechanism": "hardzero_plus_depr",
  "mechanism_tag": "hardzero_plus_depr__c0p56__z1p05__lam0p010__nu0p50__psi1p00",
  "runtime_sec": 10.665430304012261,
  "seed": 31,
  "z_cut": 1.05
}