{
  "alpha": 0.08,
  "c_upd": 0.5,
  "depr_lambda": 0.02,
  "depr_nu": 0.5,
  "depr_psi": 1.0,
  "eval_CSR_post": 0.0,
  "eval_dbar_post_mean": 0.5519514083862305,
  "eval_done_count": 100.0,
  "eval_episodes_per_env": 4.0,
  "eval_len_end_mean": 26.0,
  "eval_occupied_post_mean": 0.22999998927116394,
  "eval_return_end_mean": -22.34294891357422,
  "eval_t_eval": 104.0,
  "final_depr_F_post": 24.96038055419922,
  "final_energy_E_post": 0.3913424015045166,
  "final_episode_return_end_mean": -27.997100830078125,
  "final_funding_alpha_eff": 1.1792897387785661e-12,
  "final_funding_g": 0.08885282278060913,
  "final_funding_g_raw": 0.08885282278060913,
  "final_update_counter": 2.0,
  "final_vartd_VarTD": 0.2186214178800583,
  "mechanism": "hardzero_plus_depr",
  "mechanism_tag": "hardzero_plus_depr__c0p50__z1p10__lam0p020__nu0p50__psi1p00",
  "runtime_sec": 10.873142905009445,
  "seed": 38,
  "z_cut": 1.1
}