{
  "alpha": 0.12,
  "c_upd": 0.58,
  "depr_lambda": 0.01,
  "depr_nu": 0.5,
  "depr_psi": 0.75,
  "eval_CSR_post": 0.0,
  "eval_dbar_post_mean": 0.47825300693511963,
  "eval_done_count": 100.0,
  "eval_episodes_per_env": 4.0,
  "eval_len_end_mean": 26.0,
  "eval_occupied_post_mean": 0.4099999964237213,
  "eval_return_end_mean": -24.670053482055664,
  "eval_t_eval": 104.0,
  "final_depr_F_post": 4.744626045227051,
  "final_energy_E_post": 0.3617958724498749,
  "final_episode_return_end_mean": -26.073373794555664,
  "final_funding_alpha_eff": 0.003443616908043623,
  "final_funding_g": 0.12647801637649536,
  "final_funding_g_raw": 0.12647801637649536,
  "final_update_counter": 9.0,
  "final_vartd_VarTD": 0.15176956355571747,
  "mechanism": "hardzero_plus_depr",
  "mechanism_tag": "hardzero_plus_depr__c0p58__z1p10__lam0p010__nu0p50__psi0p75",
  "runtime_sec": 10.87602769501973,
  "seed": 41,
  "z_cut": 1.1
}