{
  "alpha": 0.02,
  "c_upd": 0.52,
  "depr_lambda": 0.02,
  "depr_nu": 0.5,
  "depr_psi": 0.75,
  "eval_CSR_post": 0.0,
  "eval_dbar_post_mean": 0.636328935623169,
  "eval_done_count": 100.0,
  "eval_episodes_per_env": 4.0,
  "eval_len_end_mean": 26.0,
  "eval_occupied_post_mean": 0.26999998092651367,
  "eval_return_end_mean": -24.04477882385254,
  "eval_t_eval": 104.0,
  "final_depr_F_post": 24.630373001098633,
  "final_energy_E_post": 0.08055684715509415,
  "final_episode_return_end_mean": -26.715084075927734,
  "final_funding_alpha_eff": 1.9271631512829401e-10,
  "final_funding_g": 0.093037910759449,
  "final_funding_g_raw": 0.093037910759449,
  "final_update_counter": 2.0,
  "final_vartd_VarTD": 0.14407184720039368,
  "mechanism": "hardzero_plus_depr",
  "mechanism_tag": "hardzero_plus_depr__c0p52__z1p05__lam0p020__nu0p50__psi0p75",
  "runtime_sec": 10.621199054992758,
  "seed": 39,
  "z_cut": 1.05
}