{
  "alpha": 0.055,
  "c_upd": 0.58,
  "depr_lambda": 0.005,
  "depr_nu": 1.0,
  "depr_psi": 0.5,
  "eval_CSR_post": 0.0,
  "eval_dbar_post_mean": 0.5298625826835632,
  "eval_done_count": 100.0,
  "eval_episodes_per_env": 4.0,
  "eval_len_end_mean": 26.0,
  "eval_occupied_post_mean": 0.3999999761581421,
  "eval_return_end_mean": -25.294452667236328,
  "eval_t_eval": 104.0,
  "final_depr_F_post": 0.5799996256828308,
  "final_energy_E_post": 0.2518908679485321,
  "final_episode_return_end_mean": -27.945404052734375,
  "final_funding_alpha_eff": 0.04125751927495003,
  "final_funding_g": 0.0,
  "final_funding_g_raw": 0.0936509221792221,
  "final_update_counter": 3.0,
  "final_vartd_VarTD": 0.11697617173194885,
  "mechanism": "hardzero_plus_depr",
  "mechanism_tag": "hardzero_plus_depr__c0p58__z1p00__lam0p005__nu1p00__psi0p50",
  "runtime_sec": 9.459760063909926,
  "seed": 31,
  "z_cut": 1.0
}