{
  "alpha": 0.1,
  "c_upd": 0.58,
  "depr_lambda": 0.01,
  "depr_nu": 0.5,
  "depr_psi": 1.0,
  "eval_CSR_post": 0.0,
  "eval_dbar_post_mean": 0.5286622643470764,
  "eval_done_count": 100.0,
  "eval_episodes_per_env": 4.0,
  "eval_len_end_mean": 26.0,
  "eval_occupied_post_mean": 0.4099999964237213,
  "eval_return_end_mean": -23.451032638549805,
  "eval_t_eval": 104.0,
  "final_depr_F_post": 11.580169677734375,
  "final_energy_E_post": 0.47381624579429626,
  "final_episode_return_end_mean": -25.943973541259766,
  "final_funding_alpha_eff": 9.44363648613944e-07,
  "final_funding_g": 0.10419388860464096,
  "final_funding_g_raw": 0.10419388860464096,
  "final_update_counter": 3.0,
  "final_vartd_VarTD": 0.13507354259490967,
  "mechanism": "hardzero_plus_depr",
  "mechanism_tag": "hardzero_plus_depr__c0p58__z1p05__lam0p010__nu0p50__psi1p00",
  "runtime_sec": 10.787264547951054,
  "seed": 32,
  "z_cut": 1.05
}