{
  "alpha": 0.082,
  "c_upd": 0.58,
  "depr_lambda": 0.005,
  "depr_nu": 1.0,
  "depr_psi": 0.5,
  "eval_CSR_post": 0.0,
  "eval_dbar_post_mean": 0.536081075668335,
  "eval_done_count": 100.0,
  "eval_episodes_per_env": 4.0,
  "eval_len_end_mean": 26.0,
  "eval_occupied_post_mean": 0.3999999761581421,
  "eval_return_end_mean": -23.403453826904297,
  "eval_t_eval": 104.0,
  "final_depr_F_post": 0.1300000101327896,
  "final_energy_E_post": 0.24847063422203064,
  "final_episode_return_end_mean": -26.191577911376953,
  "final_funding_alpha_eff": 0.07703187316656113,
  "final_funding_g": 0.11662108451128006,
  "final_funding_g_raw": 0.11662108451128006,
  "final_update_counter": 7.0,
  "final_vartd_VarTD": 0.16396817564964294,
  "mechanism": "hardzero_plus_depr",
  "mechanism_tag": "hardzero_plus_depr__c0p58__z1p00__lam0p005__nu1p00__psi0p50",
  "runtime_sec": 9.474672807962634,
  "seed": 54,
  "z_cut": 1.0
}