{
  "alpha": 0.12,
  "c_upd": 0.54,
  "depr_lambda": 0.01,
  "depr_nu": 0.5,
  "depr_psi": 1.0,
  "eval_CSR_post": 0.0,
  "eval_dbar_post_mean": 0.6097999811172485,
  "eval_done_count": 100.0,
  "eval_episodes_per_env": 4.0,
  "eval_len_end_mean": 26.0,
  "eval_occupied_post_mean": 0.17000000178813934,
  "eval_return_end_mean": -23.76297378540039,
  "eval_t_eval": 104.0,
  "final_depr_F_post": 9.726377487182617,
  "final_energy_E_post": 0.2492595911026001,
  "final_episode_return_end_mean": -27.59623146057129,
  "final_funding_alpha_eff": 7.23456150808488e-06,
  "final_funding_g": 0.10119131207466125,
  "final_funding_g_raw": 0.10119131207466125,
  "final_update_counter": 5.0,
  "final_vartd_VarTD": 0.21011950075626373,
  "mechanism": "hardzero_plus_depr",
  "mechanism_tag": "hardzero_plus_depr__c0p54__z1p10__lam0p010__nu0p50__psi1p00",
  "runtime_sec": 10.768137261969969,
  "seed": 38,
  "z_cut": 1.1
}