{
  "alpha": 0.08,
  "c_upd": 0.56,
  "depr_lambda": 0.0,
  "depr_nu": 0.5,
  "depr_psi": 0.0,
  "eval_CSR_post": 0.0,
  "eval_dbar_post_mean": 0.4925610423088074,
  "eval_done_count": 100.0,
  "eval_episodes_per_env": 4.0,
  "eval_len_end_mean": 26.0,
  "eval_occupied_post_mean": 0.38999998569488525,
  "eval_return_end_mean": -24.04122543334961,
  "eval_t_eval": 104.0,
  "final_depr_F_post": 0.0,
  "final_energy_E_post": 0.11404179036617279,
  "final_episode_return_end_mean": -24.131074905395508,
  "final_funding_alpha_eff": 0.07999999821186066,
  "final_funding_g": 0.14989641308784485,
  "final_funding_g_raw": 0.14989641308784485,
  "final_update_counter": 22.0,
  "final_vartd_VarTD": 0.8842287659645081,
  "mechanism": "hardzero_only",
  "mechanism_tag": "hardzero_only__c0p56__z1p05__lam0p000__nu0p50__psi0p00",
  "runtime_sec": 9.78454761498142,
  "seed": 39,
  "z_cut": 1.05
}