{
  "alpha": 0.1,
  "c_upd": 0.6,
  "depr_lambda": 0.01,
  "depr_nu": 0.5,
  "depr_psi": 1.25,
  "eval_CSR_post": 0.009999999776482582,
  "eval_dbar_post_mean": 0.5627970695495605,
  "eval_done_count": 100.0,
  "eval_episodes_per_env": 4.0,
  "eval_len_end_mean": 26.0,
  "eval_occupied_post_mean": 0.2800000011920929,
  "eval_return_end_mean": -24.33201026916504,
  "eval_t_eval": 104.0,
  "final_depr_F_post": 11.347663879394531,
  "final_energy_E_post": 0.22715042531490326,
  "final_episode_return_end_mean": -26.634288787841797,
  "final_funding_alpha_eff": 7.000745227969674e-08,
  "final_funding_g": 0.09725446999073029,
  "final_funding_g_raw": 0.09725446999073029,
  "final_update_counter": 3.0,
  "final_vartd_VarTD": 0.14044690132141113,
  "mechanism": "hardzero_plus_depr",
  "mechanism_tag": "hardzero_plus_depr__c0p60__z1p10__lam0p010__nu0p50__psi1p25",
  "runtime_sec": 10.786242744070478,
  "seed": 39,
  "z_cut": 1.1
}