{
  "alpha": 0.03,
  "c_upd": 0.5,
  "depr_lambda": 0.0,
  "depr_nu": 0.5,
  "depr_psi": 0.0,
  "eval_CSR_post": 0.0,
  "eval_dbar_post_mean": 0.5195441246032715,
  "eval_done_count": 100.0,
  "eval_episodes_per_env": 4.0,
  "eval_len_end_mean": 26.0,
  "eval_occupied_post_mean": 0.2800000011920929,
  "eval_return_end_mean": -23.281747817993164,
  "eval_t_eval": 104.0,
  "final_depr_F_post": 0.0,
  "final_energy_E_post": 0.4759015142917633,
  "final_episode_return_end_mean": -26.13677406311035,
  "final_funding_alpha_eff": 0.029999999329447746,
  "final_funding_g": 0.1277960240840912,
  "final_funding_g_raw": 0.1277960240840912,
  "final_update_counter": 9.0,
  "final_vartd_VarTD": 0.19368326663970947,
  "mechanism": "hardzero_only",
  "mechanism_tag": "hardzero_only__c0p50__z1p05__lam0p000__nu0p50__psi0p00",
  "runtime_sec": 9.939649530977476,
  "seed": 38,
  "z_cut": 1.05
}