{
  "alpha": 0.03,
  "c_upd": 0.54,
  "depr_lambda": 0.0,
  "depr_nu": 0.5,
  "depr_psi": 0.0,
  "eval_CSR_post": 0.009999999776482582,
  "eval_dbar_post_mean": 0.49922090768814087,
  "eval_done_count": 100.0,
  "eval_episodes_per_env": 4.0,
  "eval_len_end_mean": 26.0,
  "eval_occupied_post_mean": 0.3999999761581421,
  "eval_return_end_mean": -24.39026641845703,
  "eval_t_eval": 104.0,
  "final_depr_F_post": 0.0,
  "final_energy_E_post": 0.40556657314300537,
  "final_episode_return_end_mean": -25.86302375793457,
  "final_funding_alpha_eff": 0.029999999329447746,
  "final_funding_g": 0.12184459716081619,
  "final_funding_g_raw": 0.12184459716081619,
  "final_update_counter": 9.0,
  "final_vartd_VarTD": 0.16270799934864044,
  "mechanism": "hardzero_only",
  "mechanism_tag": "hardzero_only__c0p54__z1p10__lam0p000__nu0p50__psi0p00",
  "runtime_sec": 9.947298156039324,
  "seed": 37,
  "z_cut": 1.1
}