{
  "alpha": 0.03,
  "c_upd": 0.58,
  "depr_lambda": 0.0,
  "depr_nu": 0.5,
  "depr_psi": 0.0,
  "eval_CSR_post": 0.0,
  "eval_dbar_post_mean": 0.5872458815574646,
  "eval_done_count": 100.0,
  "eval_episodes_per_env": 4.0,
  "eval_len_end_mean": 26.0,
  "eval_occupied_post_mean": 0.19999998807907104,
  "eval_return_end_mean": -25.045278549194336,
  "eval_t_eval": 104.0,
  "final_depr_F_post": 0.0,
  "final_energy_E_post": 0.40903761982917786,
  "final_episode_return_end_mean": -25.642074584960938,
  "final_funding_alpha_eff": 0.029999999329447746,
  "final_funding_g": 0.1092575192451477,
  "final_funding_g_raw": 0.1092575192451477,
  "final_update_counter": 4.0,
  "final_vartd_VarTD": 0.1172422543168068,
  "mechanism": "hardzero_only",
  "mechanism_tag": "hardzero_only__c0p58__z1p00__lam0p000__nu0p50__psi0p00",
  "runtime_sec": 10.83551250398159,
  "seed": 34,
  "z_cut": 1.0
}