{
  "alpha": 0.03,
  "c_upd": 0.56,
  "depr_lambda": 0.0,
  "depr_nu": 0.5,
  "depr_psi": 0.0,
  "eval_CSR_post": 0.0,
  "eval_dbar_post_mean": 0.5253787040710449,
  "eval_done_count": 100.0,
  "eval_episodes_per_env": 4.0,
  "eval_len_end_mean": 26.0,
  "eval_occupied_post_mean": 0.28999999165534973,
  "eval_return_end_mean": -24.092065811157227,
  "eval_t_eval": 104.0,
  "final_depr_F_post": 0.0,
  "final_energy_E_post": 0.4946387708187103,
  "final_episode_return_end_mean": -24.92867088317871,
  "final_funding_alpha_eff": 0.029999999329447746,
  "final_funding_g": 0.1282767355442047,
  "final_funding_g_raw": 0.1282767355442047,
  "final_update_counter": 8.0,
  "final_vartd_VarTD": 0.12419352680444717,
  "mechanism": "hardzero_only",
  "mechanism_tag": "hardzero_only__c0p56__z1p05__lam0p000__nu0p50__psi0p00",
  "runtime_sec": 9.772163918009028,
  "seed": 34,
  "z_cut": 1.05
}