{
  "alpha": 0.216,
  "borrow_interest": 0.01,
  "borrow_limit": 0.6,
  "c_upd": 0.58,
  "depr_lambda": 0.0,
  "depr_nu": 0.5,
  "depr_psi": 0.0,
  "eval_CSR_post": 0.009999999776482582,
  "eval_dbar_post_mean": 0.5089457035064697,
  "eval_done_count": 100.0,
  "eval_episodes_per_env": 4.0,
  "eval_len_end_mean": 26.0,
  "eval_occupied_post_mean": 0.3400000035762787,
  "eval_return_end_mean": -23.976224899291992,
  "eval_t_eval": 104.0,
  "family": "borrow",
  "final_depr_F_post": 0.0,
  "final_energy_E_post": 0.014014764688909054,
  "final_update_counter": 66.0,
  "final_vartd_VarTD": 5.499826431274414,
  "max_debt_level_post": 0.5927982926368713,
  "mean_update_fraction": 0.052799999713897705,
  "mechanism": "hardzero_only",
  "mechanism_tag": "hardzero_only__c0p58__z1p00__lam0p000__nu0p50__psi0p00",
  "runtime_sec": 10.727170903002843,
  "seed": 34,
  "support_mode": "none",
  "support_total": 0.0,
  "total_debt_charge": 3.514902353286743,
  "total_support_s": 0.0,
  "z_cut": 1.0
}