{
  "alpha": 0.03,
  "c_upd": 0.52,
  "depr_lambda": 0.0,
  "depr_nu": 0.5,
  "depr_psi": 0.0,
  "eval_CSR_post": 0.0,
  "eval_dbar_post_mean": 0.4866170585155487,
  "eval_done_count": 100.0,
  "eval_episodes_per_env": 4.0,
  "eval_len_end_mean": 26.0,
  "eval_occupied_post_mean": 0.429999977350235,
  "eval_return_end_mean": -23.6407470703125,
  "eval_t_eval": 104.0,
  "final_depr_F_post": 0.0,
  "final_energy_E_post": 0.07306057959794998,
  "final_episode_return_end_mean": -24.499370574951172,
  "final_funding_alpha_eff": 0.029999999329447746,
  "final_funding_g": 0.1367238312959671,
  "final_funding_g_raw": 0.1367238312959671,
  "final_update_counter": 10.0,
  "final_vartd_VarTD": 0.12875324487686157,
  "mechanism": "hardzero_only",
  "mechanism_tag": "hardzero_only__c0p52__z1p10__lam0p000__nu0p50__psi0p00",
  "runtime_sec": 9.855587630008813,
  "seed": 32,
  "z_cut": 1.1
}