{
  "alpha": 0.12,
  "c_upd": 0.5,
  "depr_lambda": 0.0,
  "depr_nu": 0.5,
  "depr_psi": 0.0,
  "eval_CSR_post": 0.0,
  "eval_dbar_post_mean": 0.4897345006465912,
  "eval_done_count": 100.0,
  "eval_episodes_per_env": 4.0,
  "eval_len_end_mean": 26.0,
  "eval_occupied_post_mean": 0.38999998569488525,
  "eval_return_end_mean": -23.484806060791016,
  "eval_t_eval": 104.0,
  "final_depr_F_post": 0.0,
  "final_energy_E_post": 0.15452659130096436,
  "final_episode_return_end_mean": -24.111509323120117,
  "final_funding_alpha_eff": 0.11999999731779099,
  "final_funding_g": 0.17164486646652222,
  "final_funding_g_raw": 0.17164486646652222,
  "final_update_counter": 39.0,
  "final_vartd_VarTD": 3.4342570304870605,
  "mechanism": "hardzero_only",
  "mechanism_tag": "hardzero_only__c0p50__z1p00__lam0p000__nu0p50__psi0p00",
  "runtime_sec": 9.783838337985799,
  "seed": 36,
  "z_cut": 1.0
}