{
  "alpha": 0.12,
  "c_upd": 0.58,
  "depr_lambda": 0.03,
  "depr_nu": 0.5,
  "depr_psi": 1.25,
  "eval_CSR_post": 0.0,
  "eval_dbar_post_mean": 0.5980656147003174,
  "eval_done_count": 100.0,
  "eval_episodes_per_env": 4.0,
  "eval_len_end_mean": 26.0,
  "eval_occupied_post_mean": 0.22999998927116394,
  "eval_return_end_mean": -24.26002311706543,
  "eval_t_eval": 104.0,
  "final_depr_F_post": 37.170108795166016,
  "final_energy_E_post": 0.2284690886735916,
  "final_episode_return_end_mean": -27.874650955200195,
  "final_funding_alpha_eff": 8.260390487816387e-22,
  "final_funding_g": 0.09027273207902908,
  "final_funding_g_raw": 0.09027273207902908,
  "final_update_counter": 2.0,
  "final_vartd_VarTD": 0.1747291386127472,
  "mechanism": "hardzero_plus_depr",
  "mechanism_tag": "hardzero_plus_depr__c0p58__z1p10__lam0p030__nu0p50__psi1p25",
  "runtime_sec": 10.714860993088223,
  "seed": 40,
  "z_cut": 1.1
}