{
  "alpha": 0.1,
  "c_upd": 0.54,
  "depr_lambda": 0.03,
  "depr_nu": 0.5,
  "depr_psi": 1.25,
  "eval_CSR_post": 0.0,
  "eval_dbar_post_mean": 0.5671005845069885,
  "eval_done_count": 100.0,
  "eval_episodes_per_env": 4.0,
  "eval_len_end_mean": 26.0,
  "eval_occupied_post_mean": 0.3499999940395355,
  "eval_return_end_mean": -24.379777908325195,
  "eval_t_eval": 104.0,
  "final_depr_F_post": 37.230106353759766,
  "final_energy_E_post": 0.18597093224525452,
  "final_episode_return_end_mean": -28.031246185302734,
  "final_funding_alpha_eff": 6.386290227403719e-22,
  "final_funding_g": 0.0921182930469513,
  "final_funding_g_raw": 0.0921182930469513,
  "final_update_counter": 2.0,
  "final_vartd_VarTD": 0.16241440176963806,
  "mechanism": "hardzero_plus_depr",
  "mechanism_tag": "hardzero_plus_depr__c0p54__z1p05__lam0p030__nu0p50__psi1p25",
  "runtime_sec": 10.852122409967706,
  "seed": 41,
  "z_cut": 1.05
}