{
  "alpha": 0.04,
  "c_upd": 0.52,
  "depr_lambda": 0.01,
  "depr_nu": 0.5,
  "depr_psi": 0.75,
  "eval_CSR_post": 0.0,
  "eval_dbar_post_mean": 0.5200951099395752,
  "eval_done_count": 100.0,
  "eval_episodes_per_env": 4.0,
  "eval_len_end_mean": 26.0,
  "eval_occupied_post_mean": 0.38999998569488525,
  "eval_return_end_mean": -23.434476852416992,
  "eval_t_eval": 104.0,
  "final_depr_F_post": 12.43018913269043,
  "final_energy_E_post": 0.514755129814148,
  "final_episode_return_end_mean": -26.81026840209961,
  "final_funding_alpha_eff": 3.6020137486048043e-06,
  "final_funding_g": 0.09854722023010254,
  "final_funding_g_raw": 0.09854722023010254,
  "final_update_counter": 2.0,
  "final_vartd_VarTD": 0.20374812185764313,
  "mechanism": "hardzero_plus_depr",
  "mechanism_tag": "hardzero_plus_depr__c0p52__z1p10__lam0p010__nu0p50__psi0p75",
  "runtime_sec": 10.593411309993826,
  "seed": 37,
  "z_cut": 1.1
}