{
  "I_R_full_anchor_compat": -0.19747636802861454,
  "above_R_THRESH_FULL_anchor": 0.0,
  "alpha": 1.0,
  "borrow_interest": 0.02,
  "borrow_limit": 0.6,
  "c_upd": 0.9,
  "condition": "enabled_full__borrow__t4m__a1p00__c0p90",
  "eval_CSR_post": 0.0,
  "eval_CSR_pre": 0.0,
  "eval_dbar_post_mean": 1.0521140098571777,
  "eval_dbar_pre_mean": 1.0148255825042725,
  "eval_done_count": 100.0,
  "eval_done_per_env_max": 4.0,
  "eval_done_per_env_min": 4.0,
  "eval_episodes_per_env": 4.0,
  "eval_len_end_mean": 26.0,
  "eval_max_tilde_post_mean": 1.3599566221237183,
  "eval_max_tilde_pre_mean": 1.3165264129638672,
  "eval_occupied_post_mean": 0.09999999403953552,
  "eval_occupied_pre_mean": 0.14000000059604645,
  "eval_return_end_mean": -27.74568748474121,
  "eval_t_eval": 104.0,
  "family": "borrow",
  "final_energy": 0.3894628882408142,
  "final_executed_updates": 216.0,
  "final_vartd": 2.6952929496765137,
  "max_debt_level": 0.49290773272514343,
  "mean_update_fraction": 0.1728000044822693,
  "metric_horizon": "long4m",
  "phase": "extension_full",
  "runtime_sec": 24.26089851999859,
  "seed": 30,
  "support_mode": "none",
  "support_total": 0.0,
  "total_debt_charge": 2.8397762775421143,
  "total_support_injected": 0.0,
  "total_timesteps": 4000000,
  "train_final_return_end_mean": -23.054542541503906
}