{
  "alpha": 0.08,
  "c_upd": 0.56,
  "depr_lambda": 0.03,
  "depr_nu": 0.5,
  "depr_psi": 1.25,
  "eval_CSR_post": 0.0,
  "eval_dbar_post_mean": 0.6457747220993042,
  "eval_done_count": 100.0,
  "eval_episodes_per_env": 4.0,
  "eval_len_end_mean": 26.0,
  "eval_occupied_post_mean": 0.25,
  "eval_return_end_mean": -24.220930099487305,
  "eval_t_eval": 104.0,
  "final_depr_F_post": 36.73512649536133,
  "final_energy_E_post": 0.07482742518186569,
  "final_episode_return_end_mean": -27.596027374267578,
  "final_funding_alpha_eff": 9.485219095731264e-22,
  "final_funding_g": 0.0,
  "final_funding_g_raw": 0.08834589272737503,
  "final_update_counter": 2.0,
  "final_vartd_VarTD": 0.19441115856170654,
  "mechanism": "hardzero_plus_depr",
  "mechanism_tag": "hardzero_plus_depr__c0p56__z1p05__lam0p030__nu0p50__psi1p25",
  "runtime_sec": 23.526252538023982,
  "seed": 30,
  "z_cut": 1.05
}