{
  "alpha": 0.12,
  "c_upd": 0.6,
  "depr_lambda": 0.02,
  "depr_nu": 0.5,
  "depr_psi": 1.25,
  "eval_CSR_post": 0.0,
  "eval_dbar_post_mean": 0.5374808311462402,
  "eval_done_count": 100.0,
  "eval_episodes_per_env": 4.0,
  "eval_len_end_mean": 26.0,
  "eval_occupied_post_mean": 0.3700000047683716,
  "eval_return_end_mean": -23.41139030456543,
  "eval_t_eval": 104.0,
  "final_depr_F_post": 24.700374603271484,
  "final_energy_E_post": 0.3521362245082855,
  "final_episode_return_end_mean": -26.330350875854492,
  "final_funding_alpha_eff": 4.7972613057836126e-15,
  "final_funding_g": 0.09606795012950897,
  "final_funding_g_raw": 0.09606795012950897,
  "final_update_counter": 2.0,
  "final_vartd_VarTD": 0.13159121572971344,
  "mechanism": "hardzero_plus_depr",
  "mechanism_tag": "hardzero_plus_depr__c0p60__z1p10__lam0p020__nu0p50__psi1p25",
  "runtime_sec": 10.755372037994675,
  "seed": 32,
  "z_cut": 1.1
}