{
  "alpha": 0.08,
  "c_upd": 0.52,
  "depr_lambda": 0.03,
  "depr_nu": 0.5,
  "depr_psi": 1.25,
  "eval_CSR_post": 0.0,
  "eval_dbar_post_mean": 0.5339949727058411,
  "eval_done_count": 100.0,
  "eval_episodes_per_env": 4.0,
  "eval_len_end_mean": 26.0,
  "eval_occupied_post_mean": 0.4699999988079071,
  "eval_return_end_mean": -23.39629554748535,
  "eval_t_eval": 104.0,
  "final_depr_F_post": 37.26010513305664,
  "final_energy_E_post": 0.1523934304714203,
  "final_episode_return_end_mean": -26.3040714263916,
  "final_funding_alpha_eff": 4.920998640222222e-22,
  "final_funding_g": 0.09795865416526794,
  "final_funding_g_raw": 0.09795865416526794,
  "final_update_counter": 2.0,
  "final_vartd_VarTD": 0.1336641013622284,
  "mechanism": "hardzero_plus_depr",
  "mechanism_tag": "hardzero_plus_depr__c0p52__z1p05__lam0p030__nu0p50__psi1p25",
  "runtime_sec": 10.867563967010938,
  "seed": 32,
  "z_cut": 1.05
}