{
  "alpha": 0.08,
  "c_upd": 0.52,
  "depr_lambda": 0.02,
  "depr_nu": 0.5,
  "depr_psi": 0.75,
  "eval_CSR_post": 0.0,
  "eval_dbar_post_mean": 0.6924794912338257,
  "eval_done_count": 100.0,
  "eval_episodes_per_env": 4.0,
  "eval_len_end_mean": 26.0,
  "eval_occupied_post_mean": 0.17999999225139618,
  "eval_return_end_mean": -25.430980682373047,
  "eval_t_eval": 104.0,
  "final_depr_F_post": 24.770376205444336,
  "final_energy_E_post": 0.188627228140831,
  "final_episode_return_end_mean": -26.895092010498047,
  "final_funding_alpha_eff": 6.94026502934264e-10,
  "final_funding_g": 0.0,
  "final_funding_g_raw": 0.09719228744506836,
  "final_update_counter": 2.0,
  "final_vartd_VarTD": 0.20502611994743347,
  "mechanism": "hardzero_plus_depr",
  "mechanism_tag": "hardzero_plus_depr__c0p52__z1p00__lam0p020__nu0p50__psi0p75",
  "runtime_sec": 10.660831467015669,
  "seed": 37,
  "z_cut": 1.0
}