{
  "alpha": 0.038,
  "c_upd": 0.58,
  "depr_lambda": 0.0,
  "depr_nu": 0.5,
  "depr_psi": 0.0,
  "eval_CSR_post": 0.0,
  "eval_dbar_post_mean": 0.5991278290748596,
  "eval_done_count": 100.0,
  "eval_episodes_per_env": 4.0,
  "eval_len_end_mean": 26.0,
  "eval_occupied_post_mean": 0.25,
  "eval_return_end_mean": -25.537073135375977,
  "eval_t_eval": 104.0,
  "final_depr_F_post": 0.0,
  "final_energy_E_post": 0.2110585868358612,
  "final_episode_return_end_mean": -26.851001739501953,
  "final_funding_alpha_eff": 0.03799999877810478,
  "final_funding_g": 0.10340198129415512,
  "final_funding_g_raw": 0.10340198129415512,
  "final_update_counter": 6.0,
  "final_vartd_VarTD": 0.12943345308303833,
  "mechanism": "hardzero_only",
  "mechanism_tag": "hardzero_only__c0p58__z1p00__lam0p000__nu0p50__psi0p00",
  "runtime_sec": 10.875937140081078,
  "seed": 55,
  "z_cut": 1.0
}