{
  "alpha": 0.12,
  "c_upd": 0.52,
  "depr_lambda": 0.02,
  "depr_nu": 0.5,
  "depr_psi": 1.0,
  "eval_CSR_post": 0.0,
  "eval_dbar_post_mean": 0.4863815903663635,
  "eval_done_count": 100.0,
  "eval_episodes_per_env": 4.0,
  "eval_len_end_mean": 26.0,
  "eval_occupied_post_mean": 0.3999999761581421,
  "eval_return_end_mean": -24.34421730041504,
  "eval_t_eval": 104.0,
  "final_depr_F_post": 23.93535614013672,
  "final_energy_E_post": 0.24645088613033295,
  "final_episode_return_end_mean": -26.916366577148438,
  "final_funding_alpha_eff": 4.930310066458832e-12,
  "final_funding_g": 0.11295472085475922,
  "final_funding_g_raw": 0.11295472085475922,
  "final_update_counter": 3.0,
  "final_vartd_VarTD": 0.1364702582359314,
  "mechanism": "hardzero_plus_depr",
  "mechanism_tag": "hardzero_plus_depr__c0p52__z1p10__lam0p020__nu0p50__psi1p00",
  "runtime_sec": 10.626364702999126,
  "seed": 35,
  "z_cut": 1.1
}