{
  "alpha": 0.1,
  "c_upd": 0.5,
  "depr_lambda": 0.01,
  "depr_nu": 0.5,
  "depr_psi": 1.0,
  "eval_CSR_post": 0.009999999776482582,
  "eval_dbar_post_mean": 0.5061088800430298,
  "eval_done_count": 100.0,
  "eval_episodes_per_env": 4.0,
  "eval_len_end_mean": 26.0,
  "eval_occupied_post_mean": 0.35999998450279236,
  "eval_return_end_mean": -23.138208389282227,
  "eval_t_eval": 104.0,
  "final_depr_F_post": 11.307662963867188,
  "final_energy_E_post": 0.4947637617588043,
  "final_episode_return_end_mean": -28.22844696044922,
  "final_funding_alpha_eff": 1.240187771145429e-06,
  "final_funding_g": 0.08528038114309311,
  "final_funding_g_raw": 0.08528038114309311,
  "final_update_counter": 4.0,
  "final_vartd_VarTD": 0.1712593138217926,
  "mechanism": "hardzero_plus_depr",
  "mechanism_tag": "hardzero_plus_depr__c0p50__z1p10__lam0p010__nu0p50__psi1p00",
  "runtime_sec": 10.88658765197033,
  "seed": 36,
  "z_cut": 1.1
}