{
  "alpha": 0.04,
  "c_upd": 0.58,
  "depr_lambda": 0.0,
  "depr_nu": 0.5,
  "depr_psi": 0.0,
  "eval_CSR_post": 0.009999999776482582,
  "eval_dbar_post_mean": 0.5073079466819763,
  "eval_done_count": 100.0,
  "eval_episodes_per_env": 4.0,
  "eval_len_end_mean": 26.0,
  "eval_occupied_post_mean": 0.3199999928474426,
  "eval_return_end_mean": -25.25314712524414,
  "eval_t_eval": 104.0,
  "final_depr_F_post": 0.0,
  "final_energy_E_post": 0.05794732645153999,
  "final_episode_return_end_mean": -24.727550506591797,
  "final_funding_alpha_eff": 0.03999999910593033,
  "final_funding_g": 0.13763661682605743,
  "final_funding_g_raw": 0.13763661682605743,
  "final_update_counter": 9.0,
  "final_vartd_VarTD": 0.16293953359127045,
  "mechanism": "hardzero_only",
  "mechanism_tag": "hardzero_only__c0p58__z1p00__lam0p000__nu0p50__psi0p00",
  "runtime_sec": 9.46982992591802,
  "seed": 44,
  "z_cut": 1.0
}