{
  "alpha": 0.04,
  "c_upd": 0.54,
  "depr_lambda": 0.03,
  "depr_nu": 0.5,
  "depr_psi": 1.25,
  "eval_CSR_post": 0.0,
  "eval_dbar_post_mean": 0.6528241634368896,
  "eval_done_count": 100.0,
  "eval_episodes_per_env": 4.0,
  "eval_len_end_mean": 26.0,
  "eval_occupied_post_mean": 0.25,
  "eval_return_end_mean": -25.088186264038086,
  "eval_t_eval": 104.0,
  "final_depr_F_post": 36.31514358520508,
  "final_energy_E_post": 0.022876791656017303,
  "final_episode_return_end_mean": -27.934600830078125,
  "final_funding_alpha_eff": 8.017014402998966e-22,
  "final_funding_g": 0.0,
  "final_funding_g_raw": 0.08827675133943558,
  "final_update_counter": 2.0,
  "final_vartd_VarTD": 0.17338651418685913,
  "mechanism": "hardzero_plus_depr",
  "mechanism_tag": "hardzero_plus_depr__c0p54__z1p05__lam0p030__nu0p50__psi1p25",
  "runtime_sec": 10.693449268990662,
  "seed": 40,
  "z_cut": 1.05
}