{
  "alpha": 0.05,
  "c_upd": 0.56,
  "depr_lambda": 0.03,
  "depr_nu": 0.5,
  "depr_psi": 0.75,
  "eval_CSR_post": 0.0,
  "eval_dbar_post_mean": 0.6175047755241394,
  "eval_done_count": 100.0,
  "eval_episodes_per_env": 4.0,
  "eval_len_end_mean": 26.0,
  "eval_occupied_post_mean": 0.23999999463558197,
  "eval_return_end_mean": -24.81192970275879,
  "eval_t_eval": 104.0,
  "final_depr_F_post": 36.6451301574707,
  "final_energy_E_post": 0.10738003998994827,
  "final_episode_return_end_mean": -26.752782821655273,
  "final_funding_alpha_eff": 5.924578725833782e-14,
  "final_funding_g": 0.09946294873952866,
  "final_funding_g_raw": 0.09946294873952866,
  "final_update_counter": 2.0,
  "final_vartd_VarTD": 0.19965443015098572,
  "mechanism": "hardzero_plus_depr",
  "mechanism_tag": "hardzero_plus_depr__c0p56__z1p05__lam0p030__nu0p50__psi0p75",
  "runtime_sec": 10.746073729998898,
  "seed": 37,
  "z_cut": 1.05
}