{
  "I_R_full": 0.9560429842440149,
  "alpha": 0.1,
  "borrow_interest": 0.0,
  "borrow_limit": 0.0,
  "c_upd": 1.0,
  "condition": "edge_full__support__t1m__a0p10__c1p00",
  "eval_CSR_post": 0.0,
  "eval_CSR_pre": 0.0,
  "eval_dbar_post_mean": 0.5282814502716064,
  "eval_dbar_pre_mean": 0.5437971353530884,
  "eval_done_count": 100.0,
  "eval_done_per_env_max": 4.0,
  "eval_done_per_env_min": 4.0,
  "eval_episodes_per_env": 4.0,
  "eval_len_end_mean": 26.0,
  "eval_max_tilde_post_mean": 0.7740053534507751,
  "eval_max_tilde_pre_mean": 0.7908647060394287,
  "eval_occupied_post_mean": 0.3199999928474426,
  "eval_occupied_pre_mean": 0.3199999928474426,
  "eval_return_end_mean": -24.88847541809082,
  "eval_t_eval": 104.0,
  "family": "support",
  "final_energy": 0.6538509130477905,
  "final_executed_updates": 4.0,
  "final_vartd": 0.12337934225797653,
  "learned_R_full_0p5": 1.0,
  "max_debt_level": 0.0,
  "mean_update_fraction": 0.012820512987673283,
  "metric_horizon": "full",
  "phase": "extension_full",
  "runtime_sec": 2.687681736000741,
  "seed": 39,
  "support_mode": "frontload",
  "support_total": 0.6,
  "total_debt_charge": 0.0,
  "total_support_injected": 0.6000000238418579,
  "total_timesteps": 1000000,
  "train_final_return_end_mean": -25.57929801940918
}