{
  "alpha": 0.088,
  "c_upd": 0.58,
  "depr_lambda": 0.005,
  "depr_nu": 1.0,
  "depr_psi": 0.5,
  "eval_CSR_post": 0.009999999776482582,
  "eval_dbar_post_mean": 0.4970639944076538,
  "eval_done_count": 100.0,
  "eval_episodes_per_env": 4.0,
  "eval_len_end_mean": 26.0,
  "eval_occupied_post_mean": 0.32999998331069946,
  "eval_return_end_mean": -23.498146057128906,
  "eval_t_eval": 104.0,
  "final_depr_F_post": 0.1799999624490738,
  "final_energy_E_post": 0.5166798830032349,
  "final_episode_return_end_mean": -23.794511795043945,
  "final_funding_alpha_eff": 0.08062726259231567,
  "final_funding_g": 0.1629348248243332,
  "final_funding_g_raw": 0.1629348248243332,
  "final_update_counter": 21.0,
  "final_vartd_VarTD": 0.7465248107910156,
  "mechanism": "hardzero_plus_depr",
  "mechanism_tag": "hardzero_plus_depr__c0p58__z1p00__lam0p005__nu1p00__psi0p50",
  "runtime_sec": 9.507462962064892,
  "seed": 44,
  "z_cut": 1.0
}