{
  "alpha": 0.058,
  "c_upd": 0.58,
  "depr_lambda": 0.005,
  "depr_nu": 1.0,
  "depr_psi": 0.5,
  "eval_CSR_post": 0.0,
  "eval_dbar_post_mean": 0.5525472164154053,
  "eval_done_count": 100.0,
  "eval_episodes_per_env": 4.0,
  "eval_len_end_mean": 26.0,
  "eval_occupied_post_mean": 0.3999999761581421,
  "eval_return_end_mean": -24.552196502685547,
  "eval_t_eval": 104.0,
  "final_depr_F_post": 0.11000001430511475,
  "final_energy_E_post": 0.1527903974056244,
  "final_episode_return_end_mean": -26.89459228515625,
  "final_funding_alpha_eff": 0.055033549666404724,
  "final_funding_g": 0.1041979119181633,
  "final_funding_g_raw": 0.1041979119181633,
  "final_update_counter": 8.0,
  "final_vartd_VarTD": 0.150481715798378,
  "mechanism": "hardzero_plus_depr",
  "mechanism_tag": "hardzero_plus_depr__c0p58__z1p00__lam0p005__nu1p00__psi0p50",
  "runtime_sec": 9.471504005952738,
  "seed": 56,
  "z_cut": 1.0
}