{
  "alpha": 0.12,
  "c_upd": 0.52,
  "depr_lambda": 0.0,
  "depr_nu": 0.5,
  "depr_psi": 0.0,
  "eval_CSR_post": 0.0,
  "eval_dbar_post_mean": 0.47134464979171753,
  "eval_done_count": 100.0,
  "eval_episodes_per_env": 4.0,
  "eval_len_end_mean": 26.0,
  "eval_occupied_post_mean": 0.3799999952316284,
  "eval_return_end_mean": -22.236000061035156,
  "eval_t_eval": 104.0,
  "final_depr_F_post": 0.0,
  "final_energy_E_post": 0.2549017071723938,
  "final_episode_return_end_mean": -23.408985137939453,
  "final_funding_alpha_eff": 0.11999999731779099,
  "final_funding_g": 0.17533715069293976,
  "final_funding_g_raw": 0.17533715069293976,
  "final_update_counter": 43.0,
  "final_vartd_VarTD": 4.179502010345459,
  "mechanism": "hardzero_only",
  "mechanism_tag": "hardzero_only__c0p52__z1p10__lam0p000__nu0p50__psi0p00",
  "runtime_sec": 20.246645555016585,
  "seed": 30,
  "z_cut": 1.1
}