{
  "alpha": 0.085,
  "c_upd": 0.58,
  "depr_lambda": 0.005,
  "depr_nu": 1.0,
  "depr_psi": 0.5,
  "eval_CSR_post": 0.0,
  "eval_dbar_post_mean": 0.48635727167129517,
  "eval_done_count": 100.0,
  "eval_episodes_per_env": 4.0,
  "eval_len_end_mean": 26.0,
  "eval_occupied_post_mean": 0.3400000035762787,
  "eval_return_end_mean": -23.577789306640625,
  "eval_t_eval": 104.0,
  "final_depr_F_post": 0.029999997466802597,
  "final_energy_E_post": 0.09178753942251205,
  "final_episode_return_end_mean": -25.02887535095215,
  "final_funding_alpha_eff": 0.08394411206245422,
  "final_funding_g": 0.1439138799905777,
  "final_funding_g_raw": 0.1439138799905777,
  "final_update_counter": 19.0,
  "final_vartd_VarTD": 0.5020092725753784,
  "mechanism": "hardzero_plus_depr",
  "mechanism_tag": "hardzero_plus_depr__c0p58__z1p00__lam0p005__nu1p00__psi0p50",
  "runtime_sec": 9.498896969016641,
  "seed": 56,
  "z_cut": 1.0
}