{
  "alpha": 0.056,
  "c_upd": 0.58,
  "depr_lambda": 0.0,
  "depr_nu": 0.5,
  "depr_psi": 0.0,
  "eval_CSR_post": 0.0,
  "eval_dbar_post_mean": 0.5357717871665955,
  "eval_done_count": 100.0,
  "eval_episodes_per_env": 4.0,
  "eval_len_end_mean": 26.0,
  "eval_occupied_post_mean": 0.3700000047683716,
  "eval_return_end_mean": -23.09910774230957,
  "eval_t_eval": 104.0,
  "final_depr_F_post": 0.0,
  "final_energy_E_post": 0.2998673915863037,
  "final_episode_return_end_mean": -28.444900512695312,
  "final_funding_alpha_eff": 0.0560000017285347,
  "final_funding_g": 0.0,
  "final_funding_g_raw": 0.08233001828193665,
  "final_update_counter": 4.0,
  "final_vartd_VarTD": 0.16548077762126923,
  "mechanism": "hardzero_only",
  "mechanism_tag": "hardzero_only__c0p58__z1p00__lam0p000__nu0p50__psi0p00",
  "runtime_sec": 10.851094510988332,
  "seed": 36,
  "z_cut": 1.0
}