{
  "alpha": 0.12,
  "c_upd": 0.5,
  "depr_lambda": 0.01,
  "depr_nu": 0.5,
  "depr_psi": 1.0,
  "eval_CSR_post": 0.0,
  "eval_dbar_post_mean": 0.49646875262260437,
  "eval_done_count": 100.0,
  "eval_episodes_per_env": 4.0,
  "eval_len_end_mean": 26.0,
  "eval_occupied_post_mean": 0.3400000035762787,
  "eval_return_end_mean": -23.587778091430664,
  "eval_t_eval": 104.0,
  "final_depr_F_post": 8.464473724365234,
  "final_energy_E_post": 0.36114948987960815,
  "final_episode_return_end_mean": -25.04486656188965,
  "final_funding_alpha_eff": 2.5553481464157812e-05,
  "final_funding_g": 0.14293783903121948,
  "final_funding_g_raw": 0.14293783903121948,
  "final_update_counter": 7.0,
  "final_vartd_VarTD": 0.11887242645025253,
  "mechanism": "hardzero_plus_depr",
  "mechanism_tag": "hardzero_plus_depr__c0p50__z1p05__lam0p010__nu0p50__psi1p00",
  "runtime_sec": 10.737498015980236,
  "seed": 33,
  "z_cut": 1.05
}