{
  "alpha": 0.045,
  "c_upd": 0.58,
  "depr_lambda": 0.0,
  "depr_nu": 0.5,
  "depr_psi": 0.0,
  "eval_CSR_post": 0.0,
  "eval_dbar_post_mean": 0.5538439750671387,
  "eval_done_count": 100.0,
  "eval_episodes_per_env": 4.0,
  "eval_len_end_mean": 26.0,
  "eval_occupied_post_mean": 0.3400000035762787,
  "eval_return_end_mean": -23.673452377319336,
  "eval_t_eval": 104.0,
  "final_depr_F_post": 0.0,
  "final_energy_E_post": 0.13877400755882263,
  "final_episode_return_end_mean": -25.406095504760742,
  "final_funding_alpha_eff": 0.04500000178813934,
  "final_funding_g": 0.1235356330871582,
  "final_funding_g_raw": 0.1235356330871582,
  "final_update_counter": 6.0,
  "final_vartd_VarTD": 0.13566266000270844,
  "mechanism": "hardzero_only",
  "mechanism_tag": "hardzero_only__c0p58__z1p00__lam0p000__nu0p50__psi0p00",
  "runtime_sec": 9.475366855971515,
  "seed": 43,
  "z_cut": 1.0
}