{
  "alpha": 0.08,
  "c_upd": 0.6,
  "depr_lambda": 0.01,
  "depr_nu": 0.5,
  "depr_psi": 1.25,
  "eval_CSR_post": 0.0,
  "eval_dbar_post_mean": 0.5720600485801697,
  "eval_done_count": 100.0,
  "eval_episodes_per_env": 4.0,
  "eval_len_end_mean": 26.0,
  "eval_occupied_post_mean": 0.3400000035762787,
  "eval_return_end_mean": -24.682790756225586,
  "eval_t_eval": 104.0,
  "final_depr_F_post": 12.265185356140137,
  "final_energy_E_post": 0.44068700075149536,
  "final_episode_return_end_mean": -27.821516036987305,
  "final_funding_alpha_eff": 1.7788567063803384e-08,
  "final_funding_g": 0.09048999845981598,
  "final_funding_g_raw": 0.09048999845981598,
  "final_update_counter": 2.0,
  "final_vartd_VarTD": 0.1737734079360962,
  "mechanism": "hardzero_plus_depr",
  "mechanism_tag": "hardzero_plus_depr__c0p60__z1p05__lam0p010__nu0p50__psi1p25",
  "runtime_sec": 10.792293919017538,
  "seed": 40,
  "z_cut": 1.05
}