{
  "alpha": 0.1,
  "c_upd": 0.52,
  "depr_lambda": 0.02,
  "depr_nu": 0.5,
  "depr_psi": 0.75,
  "eval_CSR_post": 0.0,
  "eval_dbar_post_mean": 0.48988527059555054,
  "eval_done_count": 100.0,
  "eval_episodes_per_env": 4.0,
  "eval_len_end_mean": 26.0,
  "eval_occupied_post_mean": 0.38999998569488525,
  "eval_return_end_mean": -23.613298416137695,
  "eval_t_eval": 104.0,
  "final_depr_F_post": 23.590349197387695,
  "final_energy_E_post": 0.2696593999862671,
  "final_episode_return_end_mean": -27.272903442382812,
  "final_funding_alpha_eff": 2.1020640783575573e-09,
  "final_funding_g": 0.1052175983786583,
  "final_funding_g_raw": 0.1052175983786583,
  "final_update_counter": 3.0,
  "final_vartd_VarTD": 0.15160690248012543,
  "mechanism": "hardzero_plus_depr",
  "mechanism_tag": "hardzero_plus_depr__c0p52__z1p05__lam0p020__nu0p50__psi0p75",
  "runtime_sec": 10.991378543025348,
  "seed": 41,
  "z_cut": 1.05
}