{
  "alpha": 0.067,
  "borrow_interest": 0.02,
  "borrow_limit": 0.3,
  "c_upd": 0.58,
  "depr_lambda": 0.0,
  "depr_nu": 0.5,
  "depr_psi": 0.0,
  "eval_CSR_post": 0.0,
  "eval_dbar_post_mean": 0.5316228270530701,
  "eval_done_count": 100.0,
  "eval_episodes_per_env": 4.0,
  "eval_len_end_mean": 26.0,
  "eval_occupied_post_mean": 0.29999998211860657,
  "eval_return_end_mean": -24.275630950927734,
  "eval_t_eval": 104.0,
  "family": "borrow",
  "final_depr_F_post": 0.0,
  "final_energy_E_post": -0.07537047564983368,
  "final_update_counter": 11.0,
  "final_vartd_VarTD": 0.14935302734375,
  "max_debt_level_post": 0.30000001192092896,
  "mean_update_fraction": 0.008799999952316284,
  "mechanism": "hardzero_only",
  "mechanism_tag": "hardzero_only__c0p58__z1p00__lam0p000__nu0p50__psi0p00",
  "runtime_sec": 10.586554205976427,
  "seed": 33,
  "support_mode": "none",
  "support_total": 0.0,
  "total_debt_charge": 3.3552498817443848,
  "total_support_s": 0.0,
  "z_cut": 1.0
}