{
  "alpha": 0.12,
  "c_upd": 0.58,
  "depr_lambda": 0.01,
  "depr_nu": 0.5,
  "depr_psi": 0.75,
  "eval_CSR_post": 0.0,
  "eval_dbar_post_mean": 0.5355929732322693,
  "eval_done_count": 100.0,
  "eval_episodes_per_env": 4.0,
  "eval_len_end_mean": 26.0,
  "eval_occupied_post_mean": 0.3400000035762787,
  "eval_return_end_mean": -24.119935989379883,
  "eval_t_eval": 104.0,
  "final_depr_F_post": 5.225024223327637,
  "final_energy_E_post": 0.47234436869621277,
  "final_episode_return_end_mean": -24.953454971313477,
  "final_funding_alpha_eff": 0.002401812933385372,
  "final_funding_g": 0.1254277378320694,
  "final_funding_g_raw": 0.1254277378320694,
  "final_update_counter": 9.0,
  "final_vartd_VarTD": 0.13605383038520813,
  "mechanism": "hardzero_plus_depr",
  "mechanism_tag": "hardzero_plus_depr__c0p58__z1p10__lam0p010__nu0p50__psi0p75",
  "runtime_sec": 10.855192234972492,
  "seed": 34,
  "z_cut": 1.1
}