{
  "I_R_full_anchor_compat": 1.4061829044305743,
  "above_R_THRESH_FULL_anchor": 1.0,
  "alpha": 0.1,
  "borrow_interest": 0.0,
  "borrow_limit": 0.0,
  "c_upd": 1.0,
  "condition": "edge_full__support__t4m__a0p10__c1p00",
  "eval_CSR_post": 0.0,
  "eval_CSR_pre": 0.009999999776482582,
  "eval_dbar_post_mean": 0.4953326880931854,
  "eval_dbar_pre_mean": 0.49424445629119873,
  "eval_done_count": 100.0,
  "eval_done_per_env_max": 4.0,
  "eval_done_per_env_min": 4.0,
  "eval_episodes_per_env": 4.0,
  "eval_len_end_mean": 26.0,
  "eval_max_tilde_post_mean": 0.6896681785583496,
  "eval_max_tilde_pre_mean": 0.6927881240844727,
  "eval_occupied_post_mean": 0.2800000011920929,
  "eval_occupied_pre_mean": 0.2800000011920929,
  "eval_return_end_mean": -23.773500442504883,
  "eval_t_eval": 104.0,
  "family": "support",
  "final_energy": 0.6024487614631653,
  "final_executed_updates": 17.0,
  "final_vartd": 0.39744895696640015,
  "max_debt_level": 0.0,
  "mean_update_fraction": 0.01360000018030405,
  "metric_horizon": "long4m",
  "phase": "extension_full",
  "runtime_sec": 11.371016552000583,
  "seed": 47,
  "support_mode": "frontload",
  "support_total": 0.6,
  "total_debt_charge": 0.0,
  "total_support_injected": 0.5999999642372131,
  "total_timesteps": 4000000,
  "train_final_return_end_mean": -25.23149871826172
}