{
  "alpha": 0.03,
  "c_upd": 0.52,
  "depr_lambda": 0.01,
  "depr_nu": 0.5,
  "depr_psi": 1.25,
  "eval_CSR_post": 0.0,
  "eval_dbar_post_mean": 0.5408697724342346,
  "eval_done_count": 100.0,
  "eval_episodes_per_env": 4.0,
  "eval_len_end_mean": 26.0,
  "eval_occupied_post_mean": 0.29999998211860657,
  "eval_return_end_mean": -24.64541244506836,
  "eval_t_eval": 104.0,
  "final_depr_F_post": 12.40518856048584,
  "final_energy_E_post": 0.21586354076862335,
  "final_episode_return_end_mean": -27.987199783325195,
  "final_funding_alpha_eff": 5.599753993834611e-09,
  "final_funding_g": 0.09156692773103714,
  "final_funding_g_raw": 0.09156692773103714,
  "final_update_counter": 2.0,
  "final_vartd_VarTD": 0.12567541003227234,
  "mechanism": "hardzero_plus_depr",
  "mechanism_tag": "hardzero_plus_depr__c0p52__z1p10__lam0p010__nu0p50__psi1p25",
  "runtime_sec": 10.704620555974543,
  "seed": 31,
  "z_cut": 1.1
}