{
  "alpha": 0.12,
  "c_upd": 0.5,
  "depr_lambda": 0.01,
  "depr_nu": 0.5,
  "depr_psi": 1.0,
  "eval_CSR_post": 0.019999999552965164,
  "eval_dbar_post_mean": 0.5083746314048767,
  "eval_done_count": 100.0,
  "eval_episodes_per_env": 4.0,
  "eval_len_end_mean": 26.0,
  "eval_occupied_post_mean": 0.3999999761581421,
  "eval_return_end_mean": -24.800094604492188,
  "eval_t_eval": 104.0,
  "final_depr_F_post": 9.601999282836914,
  "final_energy_E_post": 0.4193190932273865,
  "final_episode_return_end_mean": -25.31597328186035,
  "final_funding_alpha_eff": 8.192735549528152e-06,
  "final_funding_g": 0.12038897722959518,
  "final_funding_g_raw": 0.12038897722959518,
  "final_update_counter": 6.0,
  "final_vartd_VarTD": 0.11726316064596176,
  "mechanism": "hardzero_plus_depr",
  "mechanism_tag": "hardzero_plus_depr__c0p50__z1p05__lam0p010__nu0p50__psi1p00",
  "runtime_sec": 10.699236068991013,
  "seed": 34,
  "z_cut": 1.05
}