{
  "alpha": 0.05,
  "c_upd": 0.58,
  "depr_lambda": 0.02,
  "depr_nu": 0.5,
  "depr_psi": 1.0,
  "eval_CSR_post": 0.0,
  "eval_dbar_post_mean": 0.5193215012550354,
  "eval_done_count": 100.0,
  "eval_episodes_per_env": 4.0,
  "eval_len_end_mean": 26.0,
  "eval_occupied_post_mean": 0.429999977350235,
  "eval_return_end_mean": -23.296762466430664,
  "eval_t_eval": 104.0,
  "final_depr_F_post": 23.780353546142578,
  "final_energy_E_post": 0.07181770354509354,
  "final_episode_return_end_mean": -26.1362361907959,
  "final_funding_alpha_eff": 2.39872119563167e-12,
  "final_funding_g": 0.10042880475521088,
  "final_funding_g_raw": 0.10042880475521088,
  "final_update_counter": 2.0,
  "final_vartd_VarTD": 0.129874125123024,
  "mechanism": "hardzero_plus_depr",
  "mechanism_tag": "hardzero_plus_depr__c0p58__z1p05__lam0p020__nu0p50__psi1p00",
  "runtime_sec": 10.676626480009872,
  "seed": 32,
  "z_cut": 1.05
}