{
  "alpha": 0.08,
  "c_upd": 0.56,
  "depr_lambda": 0.01,
  "depr_nu": 0.5,
  "depr_psi": 0.75,
  "eval_CSR_post": 0.0,
  "eval_dbar_post_mean": 0.5235766172409058,
  "eval_done_count": 100.0,
  "eval_episodes_per_env": 4.0,
  "eval_len_end_mean": 26.0,
  "eval_occupied_post_mean": 0.2800000011920929,
  "eval_return_end_mean": -22.521419525146484,
  "eval_t_eval": 104.0,
  "final_depr_F_post": 10.052635192871094,
  "final_energy_E_post": 0.290561318397522,
  "final_episode_return_end_mean": -26.413864135742188,
  "final_funding_alpha_eff": 4.285428440198302e-05,
  "final_funding_g": 0.0981144905090332,
  "final_funding_g_raw": 0.0981144905090332,
  "final_update_counter": 4.0,
  "final_vartd_VarTD": 0.14498858153820038,
  "mechanism": "hardzero_plus_depr",
  "mechanism_tag": "hardzero_plus_depr__c0p56__z1p10__lam0p010__nu0p50__psi0p75",
  "runtime_sec": 10.900752887013368,
  "seed": 39,
  "z_cut": 1.1
}