{
  "alpha": 0.12,
  "c_upd": 0.58,
  "depr_lambda": 0.01,
  "depr_nu": 0.5,
  "depr_psi": 1.25,
  "eval_CSR_post": 0.019999999552965164,
  "eval_dbar_post_mean": 0.5021036863327026,
  "eval_done_count": 100.0,
  "eval_episodes_per_env": 4.0,
  "eval_len_end_mean": 26.0,
  "eval_occupied_post_mean": 0.3499999940395355,
  "eval_return_end_mean": -23.23631477355957,
  "eval_t_eval": 104.0,
  "final_depr_F_post": 11.937677383422852,
  "final_energy_E_post": 0.574891209602356,
  "final_episode_return_end_mean": -26.348657608032227,
  "final_funding_alpha_eff": 4.018146526618693e-08,
  "final_funding_g": 0.11594802141189575,
  "final_funding_g_raw": 0.11594802141189575,
  "final_update_counter": 3.0,
  "final_vartd_VarTD": 0.11417961120605469,
  "mechanism": "hardzero_plus_depr",
  "mechanism_tag": "hardzero_plus_depr__c0p58__z1p10__lam0p010__nu0p50__psi1p25",
  "runtime_sec": 10.758912072982639,
  "seed": 33,
  "z_cut": 1.1
}