{
  "alpha": 0.09,
  "borrow_interest": 0.02,
  "borrow_limit": 0.3,
  "c_upd": 0.58,
  "depr_lambda": 0.0,
  "depr_nu": 0.5,
  "depr_psi": 0.0,
  "eval_CSR_post": 0.0,
  "eval_dbar_post_mean": 0.4934222102165222,
  "eval_done_count": 100.0,
  "eval_episodes_per_env": 4.0,
  "eval_len_end_mean": 26.0,
  "eval_occupied_post_mean": 0.3400000035762787,
  "eval_return_end_mean": -21.999370574951172,
  "eval_t_eval": 104.0,
  "family": "borrow",
  "final_depr_F_post": 0.0,
  "final_energy_E_post": -0.2611995339393616,
  "final_update_counter": 20.0,
  "final_vartd_VarTD": 0.6047458052635193,
  "max_debt_level_post": 0.29019105434417725,
  "mean_update_fraction": 0.01600000075995922,
  "mechanism": "hardzero_only",
  "mechanism_tag": "hardzero_only__c0p58__z1p00__lam0p000__nu0p50__psi0p00",
  "runtime_sec": 10.604915046016686,
  "seed": 32,
  "support_mode": "none",
  "support_total": 0.0,
  "total_debt_charge": 2.4140357971191406,
  "total_support_s": 0.0,
  "z_cut": 1.0
}