{
  "alpha": 0.028,
  "c_upd": 0.58,
  "depr_lambda": 0.005,
  "depr_nu": 1.0,
  "depr_psi": 0.5,
  "eval_CSR_post": 0.0,
  "eval_dbar_post_mean": 0.6402828693389893,
  "eval_done_count": 100.0,
  "eval_episodes_per_env": 4.0,
  "eval_len_end_mean": 26.0,
  "eval_occupied_post_mean": 0.2199999988079071,
  "eval_return_end_mean": -24.556730270385742,
  "eval_t_eval": 104.0,
  "final_depr_F_post": 4.0350446701049805,
  "final_energy_E_post": 0.4425806701183319,
  "final_episode_return_end_mean": -27.00809669494629,
  "final_funding_alpha_eff": 0.0037328884936869144,
  "final_funding_g": 0.10203350335359573,
  "final_funding_g_raw": 0.10203350335359573,
  "final_update_counter": 2.0,
  "final_vartd_VarTD": 0.13206566870212555,
  "mechanism": "hardzero_plus_depr",
  "mechanism_tag": "hardzero_plus_depr__c0p58__z1p00__lam0p005__nu1p00__psi0p50",
  "runtime_sec": 9.451568988966756,
  "seed": 57,
  "z_cut": 1.0
}