{
  "alpha": 0.08,
  "c_upd": 0.6,
  "depr_lambda": 0.03,
  "depr_nu": 0.5,
  "depr_psi": 1.0,
  "eval_CSR_post": 0.0,
  "eval_dbar_post_mean": 0.637284517288208,
  "eval_done_count": 100.0,
  "eval_episodes_per_env": 4.0,
  "eval_len_end_mean": 26.0,
  "eval_occupied_post_mean": 0.2800000011920929,
  "eval_return_end_mean": -25.45522689819336,
  "eval_t_eval": 104.0,
  "final_depr_F_post": 36.61513137817383,
  "final_energy_E_post": 0.11520055681467056,
  "final_episode_return_end_mean": -27.946535110473633,
  "final_funding_alpha_eff": 1.0336386895916692e-17,
  "final_funding_g": 0.09269240498542786,
  "final_funding_g_raw": 0.09269240498542786,
  "final_update_counter": 2.0,
  "final_vartd_VarTD": 0.16365838050842285,
  "mechanism": "hardzero_plus_depr",
  "mechanism_tag": "hardzero_plus_depr__c0p60__z1p10__lam0p030__nu0p50__psi1p00",
  "runtime_sec": 10.799874185002409,
  "seed": 41,
  "z_cut": 1.1
}