{
  "alpha": 0.04,
  "c_upd": 0.6,
  "depr_lambda": 0.02,
  "depr_nu": 0.5,
  "depr_psi": 0.75,
  "eval_CSR_post": 0.0,
  "eval_dbar_post_mean": 0.5163882374763489,
  "eval_done_count": 100.0,
  "eval_episodes_per_env": 4.0,
  "eval_len_end_mean": 26.0,
  "eval_occupied_post_mean": 0.32999998331069946,
  "eval_return_end_mean": -23.853673934936523,
  "eval_t_eval": 104.0,
  "final_depr_F_post": 23.960357666015625,
  "final_energy_E_post": 0.1265091449022293,
  "final_episode_return_end_mean": -27.352746963500977,
  "final_funding_alpha_eff": 6.370680094569536e-10,
  "final_funding_g": 0.10425904393196106,
  "final_funding_g_raw": 0.10425904393196106,
  "final_update_counter": 2.0,
  "final_vartd_VarTD": 0.14142338931560516,
  "mechanism": "hardzero_plus_depr",
  "mechanism_tag": "hardzero_plus_depr__c0p60__z1p10__lam0p020__nu0p50__psi0p75",
  "runtime_sec": 10.59552706789691,
  "seed": 35,
  "z_cut": 1.1
}