{
  "alpha": 0.06,
  "c_upd": 0.54,
  "depr_lambda": 0.01,
  "depr_nu": 0.5,
  "depr_psi": 0.75,
  "eval_CSR_post": 0.0,
  "eval_dbar_post_mean": 0.5747334361076355,
  "eval_done_count": 100.0,
  "eval_episodes_per_env": 4.0,
  "eval_len_end_mean": 26.0,
  "eval_occupied_post_mean": 0.28999999165534973,
  "eval_return_end_mean": -23.596635818481445,
  "eval_t_eval": 104.0,
  "final_depr_F_post": 11.492668151855469,
  "final_energy_E_post": 0.41029295325279236,
  "final_episode_return_end_mean": -26.34816551208496,
  "final_funding_alpha_eff": 1.0914568520092871e-05,
  "final_funding_g": 0.09720859676599503,
  "final_funding_g_raw": 0.09720859676599503,
  "final_update_counter": 3.0,
  "final_vartd_VarTD": 0.12999387085437775,
  "mechanism": "hardzero_plus_depr",
  "mechanism_tag": "hardzero_plus_depr__c0p54__z1p10__lam0p010__nu0p50__psi0p75",
  "runtime_sec": 10.763679532916285,
  "seed": 32,
  "z_cut": 1.1
}