{
  "alpha": 0.06,
  "c_upd": 0.52,
  "depr_lambda": 0.02,
  "depr_nu": 0.5,
  "depr_psi": 1.25,
  "eval_CSR_post": 0.0,
  "eval_dbar_post_mean": 0.7190989255905151,
  "eval_done_count": 100.0,
  "eval_episodes_per_env": 4.0,
  "eval_len_end_mean": 26.0,
  "eval_occupied_post_mean": 0.22999998927116394,
  "eval_return_end_mean": -24.495752334594727,
  "eval_t_eval": 104.0,
  "final_depr_F_post": 24.81037712097168,
  "final_energy_E_post": 0.11848098784685135,
  "final_episode_return_end_mean": -28.052101135253906,
  "final_funding_alpha_eff": 2.090483454812481e-15,
  "final_funding_g": 0.08917194604873657,
  "final_funding_g_raw": 0.08917194604873657,
  "final_update_counter": 2.0,
  "final_vartd_VarTD": 0.22022897005081177,
  "mechanism": "hardzero_plus_depr",
  "mechanism_tag": "hardzero_plus_depr__c0p52__z1p05__lam0p020__nu0p50__psi1p25",
  "runtime_sec": 10.80743181501748,
  "seed": 38,
  "z_cut": 1.05
}