{
  "alpha": 0.08,
  "c_upd": 0.56,
  "depr_lambda": 0.02,
  "depr_nu": 0.5,
  "depr_psi": 1.0,
  "eval_CSR_post": 0.009999999776482582,
  "eval_dbar_post_mean": 0.549552321434021,
  "eval_done_count": 100.0,
  "eval_episodes_per_env": 4.0,
  "eval_len_end_mean": 26.0,
  "eval_occupied_post_mean": 0.3400000035762787,
  "eval_return_end_mean": -23.359506607055664,
  "eval_t_eval": 104.0,
  "final_depr_F_post": 24.69037437438965,
  "final_energy_E_post": 0.28614357113838196,
  "final_episode_return_end_mean": -27.38614845275879,
  "final_funding_alpha_eff": 1.5448371748494338e-12,
  "final_funding_g": 0.09363603591918945,
  "final_funding_g_raw": 0.09363603591918945,
  "final_update_counter": 2.0,
  "final_vartd_VarTD": 0.1884557157754898,
  "mechanism": "hardzero_plus_depr",
  "mechanism_tag": "hardzero_plus_depr__c0p56__z1p05__lam0p020__nu0p50__psi1p00",
  "runtime_sec": 23.584490181994624,
  "seed": 30,
  "z_cut": 1.05
}