{
  "alpha": 0.08,
  "c_upd": 0.52,
  "depr_lambda": 0.0,
  "depr_nu": 0.5,
  "depr_psi": 0.0,
  "eval_CSR_post": 0.0,
  "eval_dbar_post_mean": 0.5042481422424316,
  "eval_done_count": 100.0,
  "eval_episodes_per_env": 4.0,
  "eval_len_end_mean": 26.0,
  "eval_occupied_post_mean": 0.32999998331069946,
  "eval_return_end_mean": -23.9195556640625,
  "eval_t_eval": 104.0,
  "final_depr_F_post": 0.0,
  "final_energy_E_post": 0.23126402497291565,
  "final_episode_return_end_mean": -24.569103240966797,
  "final_funding_alpha_eff": 0.07999999821186066,
  "final_funding_g": 0.15509021282196045,
  "final_funding_g_raw": 0.15509021282196045,
  "final_update_counter": 26.0,
  "final_vartd_VarTD": 1.3953490257263184,
  "mechanism": "hardzero_only",
  "mechanism_tag": "hardzero_only__c0p52__z1p10__lam0p000__nu0p50__psi0p00",
  "runtime_sec": 20.089911797025707,
  "seed": 30,
  "z_cut": 1.1
}