{
  "alpha": 0.05,
  "c_upd": 0.56,
  "depr_lambda": 0.01,
  "depr_nu": 0.5,
  "depr_psi": 0.75,
  "eval_CSR_post": 0.0,
  "eval_dbar_post_mean": 0.5346583127975464,
  "eval_done_count": 100.0,
  "eval_episodes_per_env": 4.0,
  "eval_len_end_mean": 26.0,
  "eval_occupied_post_mean": 0.25999999046325684,
  "eval_return_end_mean": -22.983768463134766,
  "eval_t_eval": 104.0,
  "final_depr_F_post": 9.425141334533691,
  "final_energy_E_post": 0.07875911146402359,
  "final_episode_return_end_mean": -27.590229034423828,
  "final_funding_alpha_eff": 4.2880739783868194e-05,
  "final_funding_g": 0.09775317460298538,
  "final_funding_g_raw": 0.09775317460298538,
  "final_update_counter": 3.0,
  "final_vartd_VarTD": 0.20671097934246063,
  "mechanism": "hardzero_plus_depr",
  "mechanism_tag": "hardzero_plus_depr__c0p56__z1p10__lam0p010__nu0p50__psi0p75",
  "runtime_sec": 10.768278450937942,
  "seed": 38,
  "z_cut": 1.1
}