{
  "alpha": 0.088,
  "c_upd": 0.58,
  "depr_lambda": 0.005,
  "depr_nu": 1.0,
  "depr_psi": 0.5,
  "eval_CSR_post": 0.009999999776482582,
  "eval_dbar_post_mean": 0.5112930536270142,
  "eval_done_count": 100.0,
  "eval_episodes_per_env": 4.0,
  "eval_len_end_mean": 26.0,
  "eval_occupied_post_mean": 0.32999998331069946,
  "eval_return_end_mean": -24.908782958984375,
  "eval_t_eval": 104.0,
  "final_depr_F_post": 0.21499992907047272,
  "final_energy_E_post": 0.4832572937011719,
  "final_episode_return_end_mean": -26.102664947509766,
  "final_funding_alpha_eff": 0.07922856509685516,
  "final_funding_g": 0.1266040951013565,
  "final_funding_g_raw": 0.1266040951013565,
  "final_update_counter": 11.0,
  "final_vartd_VarTD": 0.19983261823654175,
  "mechanism": "hardzero_plus_depr",
  "mechanism_tag": "hardzero_plus_depr__c0p58__z1p00__lam0p005__nu1p00__psi0p50",
  "runtime_sec": 9.481887637986802,
  "seed": 51,
  "z_cut": 1.0
}