{
  "alpha": 0.085,
  "c_upd": 0.58,
  "depr_lambda": 0.005,
  "depr_nu": 1.0,
  "depr_psi": 0.5,
  "eval_CSR_post": 0.0,
  "eval_dbar_post_mean": 0.48698899149894714,
  "eval_done_count": 100.0,
  "eval_episodes_per_env": 4.0,
  "eval_len_end_mean": 26.0,
  "eval_occupied_post_mean": 0.3700000047683716,
  "eval_return_end_mean": -24.13638687133789,
  "eval_t_eval": 104.0,
  "final_depr_F_post": 0.044999994337558746,
  "final_energy_E_post": 0.11582423746585846,
  "final_episode_return_end_mean": -24.96742820739746,
  "final_funding_alpha_eff": 0.08331689238548279,
  "final_funding_g": 0.13821355998516083,
  "final_funding_g_raw": 0.13821355998516083,
  "final_update_counter": 14.0,
  "final_vartd_VarTD": 0.22732798755168915,
  "mechanism": "hardzero_plus_depr",
  "mechanism_tag": "hardzero_plus_depr__c0p58__z1p00__lam0p005__nu1p00__psi0p50",
  "runtime_sec": 9.482360619003884,
  "seed": 61,
  "z_cut": 1.0
}