{
  "alpha": 0.01,
  "c_upd": 0.52,
  "depr_lambda": 0.01,
  "depr_nu": 0.5,
  "depr_psi": 0.75,
  "eval_CSR_post": 0.0,
  "eval_dbar_post_mean": 0.6109790205955505,
  "eval_done_count": 100.0,
  "eval_episodes_per_env": 4.0,
  "eval_len_end_mean": 26.0,
  "eval_occupied_post_mean": 0.3400000035762787,
  "eval_return_end_mean": -24.749826431274414,
  "eval_t_eval": 104.0,
  "final_depr_F_post": 12.210184097290039,
  "final_energy_E_post": 0.1095636636018753,
  "final_episode_return_end_mean": -27.823938369750977,
  "final_funding_alpha_eff": 1.0620515240589157e-06,
  "final_funding_g": 0.09511730074882507,
  "final_funding_g_raw": 0.09511730074882507,
  "final_update_counter": 2.0,
  "final_vartd_VarTD": 0.1625710427761078,
  "mechanism": "hardzero_plus_depr",
  "mechanism_tag": "hardzero_plus_depr__c0p52__z1p10__lam0p010__nu0p50__psi0p75",
  "runtime_sec": 10.64485360897379,
  "seed": 41,
  "z_cut": 1.1
}