{
  "alpha": 0.08,
  "c_upd": 0.56,
  "depr_lambda": 0.01,
  "depr_nu": 0.5,
  "depr_psi": 1.0,
  "eval_CSR_post": 0.0,
  "eval_dbar_post_mean": 0.5930606722831726,
  "eval_done_count": 100.0,
  "eval_episodes_per_env": 4.0,
  "eval_len_end_mean": 26.0,
  "eval_occupied_post_mean": 0.26999998092651367,
  "eval_return_end_mean": -23.26887321472168,
  "eval_t_eval": 104.0,
  "final_depr_F_post": 11.385165214538574,
  "final_energy_E_post": 0.3039892017841339,
  "final_episode_return_end_mean": -27.12383460998535,
  "final_funding_alpha_eff": 9.181604809782584e-07,
  "final_funding_g": 0.09765319526195526,
  "final_funding_g_raw": 0.09765319526195526,
  "final_update_counter": 3.0,
  "final_vartd_VarTD": 0.18802469968795776,
  "mechanism": "hardzero_plus_depr",
  "mechanism_tag": "hardzero_plus_depr__c0p56__z1p05__lam0p010__nu0p50__psi1p00",
  "runtime_sec": 23.614781662006862,
  "seed": 30,
  "z_cut": 1.05
}