{
  "alpha": 0.04,
  "c_upd": 0.52,
  "depr_lambda": 0.01,
  "depr_nu": 0.5,
  "depr_psi": 0.75,
  "eval_CSR_post": 0.0,
  "eval_dbar_post_mean": 0.6415671110153198,
  "eval_done_count": 100.0,
  "eval_episodes_per_env": 4.0,
  "eval_len_end_mean": 26.0,
  "eval_occupied_post_mean": 0.22999998927116394,
  "eval_return_end_mean": -25.49211311340332,
  "eval_t_eval": 104.0,
  "final_depr_F_post": 12.055180549621582,
  "final_energy_E_post": 0.15977346897125244,
  "final_episode_return_end_mean": -27.944448471069336,
  "final_funding_alpha_eff": 4.771924523083726e-06,
  "final_funding_g": 0.0,
  "final_funding_g_raw": 0.09360625594854355,
  "final_update_counter": 2.0,
  "final_vartd_VarTD": 0.12136980891227722,
  "mechanism": "hardzero_plus_depr",
  "mechanism_tag": "hardzero_plus_depr__c0p52__z1p00__lam0p010__nu0p50__psi0p75",
  "runtime_sec": 10.855480231984984,
  "seed": 31,
  "z_cut": 1.0
}