{
  "alpha": 0.03,
  "c_upd": 0.6,
  "depr_lambda": 0.01,
  "depr_nu": 0.5,
  "depr_psi": 0.75,
  "eval_CSR_post": 0.0,
  "eval_dbar_post_mean": 0.6081023216247559,
  "eval_done_count": 100.0,
  "eval_episodes_per_env": 4.0,
  "eval_len_end_mean": 26.0,
  "eval_occupied_post_mean": 0.3199999928474426,
  "eval_return_end_mean": -24.997114181518555,
  "eval_t_eval": 104.0,
  "final_depr_F_post": 11.560169219970703,
  "final_energy_E_post": 0.18392884731292725,
  "final_episode_return_end_mean": -27.864990234375,
  "final_funding_alpha_eff": 5.1878864724130835e-06,
  "final_funding_g": 0.09300805628299713,
  "final_funding_g_raw": 0.09300805628299713,
  "final_update_counter": 2.0,
  "final_vartd_VarTD": 0.16168072819709778,
  "mechanism": "hardzero_plus_depr",
  "mechanism_tag": "hardzero_plus_depr__c0p60__z1p05__lam0p010__nu0p50__psi0p75",
  "runtime_sec": 10.679473578988109,
  "seed": 41,
  "z_cut": 1.05
}