{
  "alpha": 0.06,
  "c_upd": 0.54,
  "depr_lambda": 0.01,
  "depr_nu": 0.5,
  "depr_psi": 1.0,
  "eval_CSR_post": 0.0,
  "eval_dbar_post_mean": 0.590743899345398,
  "eval_done_count": 100.0,
  "eval_episodes_per_env": 4.0,
  "eval_len_end_mean": 26.0,
  "eval_occupied_post_mean": 0.2199999988079071,
  "eval_return_end_mean": -23.911222457885742,
  "eval_t_eval": 104.0,
  "final_depr_F_post": 9.997642517089844,
  "final_energy_E_post": 0.05445999652147293,
  "final_episode_return_end_mean": -27.706541061401367,
  "final_funding_alpha_eff": 2.7578669232752873e-06,
  "final_funding_g": 0.09268782287836075,
  "final_funding_g_raw": 0.09268782287836075,
  "final_update_counter": 3.0,
  "final_vartd_VarTD": 0.16386345028877258,
  "mechanism": "hardzero_plus_depr",
  "mechanism_tag": "hardzero_plus_depr__c0p54__z1p10__lam0p010__nu0p50__psi1p00",
  "runtime_sec": 10.688830322935246,
  "seed": 40,
  "z_cut": 1.1
}