{
  "alpha": 0.1,
  "c_upd": 0.52,
  "depr_lambda": 0.01,
  "depr_nu": 0.5,
  "depr_psi": 1.0,
  "eval_CSR_post": 0.0,
  "eval_dbar_post_mean": 0.6545974016189575,
  "eval_done_count": 100.0,
  "eval_episodes_per_env": 4.0,
  "eval_len_end_mean": 26.0,
  "eval_occupied_post_mean": 0.17999999225139618,
  "eval_return_end_mean": -25.2630615234375,
  "eval_t_eval": 104.0,
  "final_depr_F_post": 10.458893775939941,
  "final_energy_E_post": 0.23870022594928741,
  "final_episode_return_end_mean": -26.012157440185547,
  "final_funding_alpha_eff": 2.8980318802496186e-06,
  "final_funding_g": 0.10279346257448196,
  "final_funding_g_raw": 0.10279346257448196,
  "final_update_counter": 4.0,
  "final_vartd_VarTD": 0.13022048771381378,
  "mechanism": "hardzero_plus_depr",
  "mechanism_tag": "hardzero_plus_depr__c0p52__z1p05__lam0p010__nu0p50__psi1p00",
  "runtime_sec": 10.845466220984235,
  "seed": 34,
  "z_cut": 1.05
}