{
  "alpha": 0.06,
  "c_upd": 0.56,
  "depr_lambda": 0.02,
  "depr_nu": 0.5,
  "depr_psi": 0.75,
  "eval_CSR_post": 0.0,
  "eval_dbar_post_mean": 0.6502322554588318,
  "eval_done_count": 100.0,
  "eval_episodes_per_env": 4.0,
  "eval_len_end_mean": 26.0,
  "eval_occupied_post_mean": 0.1599999964237213,
  "eval_return_end_mean": -24.539535522460938,
  "eval_t_eval": 104.0,
  "final_depr_F_post": 24.56037139892578,
  "final_energy_E_post": 0.2779998183250427,
  "final_episode_return_end_mean": -26.798585891723633,
  "final_funding_alpha_eff": 6.093136550866518e-10,
  "final_funding_g": 0.10719384998083115,
  "final_funding_g_raw": 0.10719384998083115,
  "final_update_counter": 2.0,
  "final_vartd_VarTD": 0.11822374910116196,
  "mechanism": "hardzero_plus_depr",
  "mechanism_tag": "hardzero_plus_depr__c0p56__z1p05__lam0p020__nu0p50__psi0p75",
  "runtime_sec": 10.632328417035751,
  "seed": 33,
  "z_cut": 1.05
}