{
  "alpha": 0.06,
  "c_upd": 0.52,
  "depr_lambda": 0.01,
  "depr_nu": 0.5,
  "depr_psi": 0.75,
  "eval_CSR_post": 0.0,
  "eval_dbar_post_mean": 0.5394808053970337,
  "eval_done_count": 100.0,
  "eval_episodes_per_env": 4.0,
  "eval_len_end_mean": 26.0,
  "eval_occupied_post_mean": 0.3400000035762787,
  "eval_return_end_mean": -22.835750579833984,
  "eval_t_eval": 104.0,
  "final_depr_F_post": 12.175183296203613,
  "final_energy_E_post": 0.2995339632034302,
  "final_episode_return_end_mean": -27.42974281311035,
  "final_funding_alpha_eff": 6.541803031723248e-06,
  "final_funding_g": 0.0,
  "final_funding_g_raw": 0.0932634174823761,
  "final_update_counter": 2.0,
  "final_vartd_VarTD": 0.1901039481163025,
  "mechanism": "hardzero_plus_depr",
  "mechanism_tag": "hardzero_plus_depr__c0p52__z1p00__lam0p010__nu0p50__psi0p75",
  "runtime_sec": 22.422533980978187,
  "seed": 30,
  "z_cut": 1.0
}