{
  "alpha": 0.1,
  "c_upd": 0.6,
  "depr_lambda": 0.01,
  "depr_nu": 0.5,
  "depr_psi": 0.75,
  "eval_CSR_post": 0.0,
  "eval_dbar_post_mean": 0.5691633224487305,
  "eval_done_count": 100.0,
  "eval_episodes_per_env": 4.0,
  "eval_len_end_mean": 26.0,
  "eval_occupied_post_mean": 0.25999999046325684,
  "eval_return_end_mean": -23.434656143188477,
  "eval_t_eval": 104.0,
  "final_depr_F_post": 10.21138858795166,
  "final_energy_E_post": 0.4513953626155853,
  "final_episode_return_end_mean": -26.223255157470703,
  "final_funding_alpha_eff": 4.755488407681696e-05,
  "final_funding_g": 0.10241910815238953,
  "final_funding_g_raw": 0.10241910815238953,
  "final_update_counter": 4.0,
  "final_vartd_VarTD": 0.14102064073085785,
  "mechanism": "hardzero_plus_depr",
  "mechanism_tag": "hardzero_plus_depr__c0p60__z1p05__lam0p010__nu0p50__psi0p75",
  "runtime_sec": 10.859661622031126,
  "seed": 39,
  "z_cut": 1.05
}