{
  "alpha": 0.04,
  "c_upd": 0.56,
  "depr_lambda": 0.03,
  "depr_nu": 0.5,
  "depr_psi": 1.0,
  "eval_CSR_post": 0.0,
  "eval_dbar_post_mean": 0.5263225436210632,
  "eval_done_count": 100.0,
  "eval_episodes_per_env": 4.0,
  "eval_len_end_mean": 26.0,
  "eval_occupied_post_mean": 0.4099999964237213,
  "eval_return_end_mean": -23.934438705444336,
  "eval_t_eval": 104.0,
  "final_depr_F_post": 35.26519012451172,
  "final_energy_E_post": 0.015112275257706642,
  "final_episode_return_end_mean": -26.337139129638672,
  "final_funding_alpha_eff": 1.9934750014423773e-17,
  "final_funding_g": 0.09523238986730576,
  "final_funding_g_raw": 0.09523238986730576,
  "final_update_counter": 2.0,
  "final_vartd_VarTD": 0.13054369390010834,
  "mechanism": "hardzero_plus_depr",
  "mechanism_tag": "hardzero_plus_depr__c0p56__z1p10__lam0p030__nu0p50__psi1p00",
  "runtime_sec": 10.778232597047463,
  "seed": 32,
  "z_cut": 1.1
}