{
  "alpha": 0.1,
  "c_upd": 0.58,
  "depr_lambda": 0.0,
  "depr_nu": 0.5,
  "depr_psi": 0.0,
  "eval_CSR_post": 0.0,
  "eval_dbar_post_mean": 0.4774298071861267,
  "eval_done_count": 100.0,
  "eval_episodes_per_env": 4.0,
  "eval_len_end_mean": 26.0,
  "eval_occupied_post_mean": 0.4399999976158142,
  "eval_return_end_mean": -23.700063705444336,
  "eval_t_eval": 104.0,
  "final_depr_F_post": 0.0,
  "final_energy_E_post": 0.10623501986265182,
  "final_episode_return_end_mean": -22.9915714263916,
  "final_funding_alpha_eff": 0.10000000149011612,
  "final_funding_g": 0.1746608167886734,
  "final_funding_g_raw": 0.1746608167886734,
  "final_update_counter": 28.0,
  "final_vartd_VarTD": 1.5251225233078003,
  "mechanism": "hardzero_only",
  "mechanism_tag": "hardzero_only__c0p58__z1p00__lam0p000__nu0p50__psi0p00",
  "runtime_sec": 9.743482013989706,
  "seed": 32,
  "z_cut": 1.0
}