{
  "alpha": 0.04,
  "c_upd": 0.54,
  "depr_lambda": 0.0,
  "depr_nu": 0.5,
  "depr_psi": 0.0,
  "eval_CSR_post": 0.0,
  "eval_dbar_post_mean": 0.47987255454063416,
  "eval_done_count": 100.0,
  "eval_episodes_per_env": 4.0,
  "eval_len_end_mean": 26.0,
  "eval_occupied_post_mean": 0.4599999785423279,
  "eval_return_end_mean": -23.75115203857422,
  "eval_t_eval": 104.0,
  "final_depr_F_post": 0.0,
  "final_energy_E_post": 0.042563483119010925,
  "final_episode_return_end_mean": -25.843727111816406,
  "final_funding_alpha_eff": 0.03999999910593033,
  "final_funding_g": 0.12728643417358398,
  "final_funding_g_raw": 0.12728643417358398,
  "final_update_counter": 12.0,
  "final_vartd_VarTD": 0.26141446828842163,
  "mechanism": "hardzero_only",
  "mechanism_tag": "hardzero_only__c0p54__z1p05__lam0p000__nu0p50__psi0p00",
  "runtime_sec": 19.787388686963823,
  "seed": 30,
  "z_cut": 1.05
}