{
  "alpha": 0.01,
  "c_upd": 0.6,
  "depr_lambda": 0.0,
  "depr_nu": 0.5,
  "depr_psi": 0.0,
  "eval_CSR_post": 0.0,
  "eval_dbar_post_mean": 0.5366102457046509,
  "eval_done_count": 100.0,
  "eval_episodes_per_env": 4.0,
  "eval_len_end_mean": 26.0,
  "eval_occupied_post_mean": 0.3700000047683716,
  "eval_return_end_mean": -22.350238800048828,
  "eval_t_eval": 104.0,
  "final_depr_F_post": 0.0,
  "final_energy_E_post": 0.1899115890264511,
  "final_episode_return_end_mean": -27.16205596923828,
  "final_funding_alpha_eff": 0.009999999776482582,
  "final_funding_g": 0.09597072750329971,
  "final_funding_g_raw": 0.09597072750329971,
  "final_update_counter": 3.0,
  "final_vartd_VarTD": 0.18221986293792725,
  "mechanism": "hardzero_only",
  "mechanism_tag": "hardzero_only__c0p60__z1p05__lam0p000__nu0p50__psi0p00",
  "runtime_sec": 19.95187787199393,
  "seed": 30,
  "z_cut": 1.05
}