{
  "alpha": 0.1,
  "c_upd": 0.58,
  "depr_lambda": 0.01,
  "depr_nu": 0.5,
  "depr_psi": 0.75,
  "eval_CSR_post": 0.0,
  "eval_dbar_post_mean": 0.49563246965408325,
  "eval_done_count": 100.0,
  "eval_episodes_per_env": 4.0,
  "eval_len_end_mean": 26.0,
  "eval_occupied_post_mean": 0.44999998807907104,
  "eval_return_end_mean": -24.37334442138672,
  "eval_t_eval": 104.0,
  "final_depr_F_post": 9.645125389099121,
  "final_energy_E_post": 0.5252100229263306,
  "final_episode_return_end_mean": -26.63784408569336,
  "final_funding_alpha_eff": 7.271744834724814e-05,
  "final_funding_g": 0.10903006047010422,
  "final_funding_g_raw": 0.10903006047010422,
  "final_update_counter": 5.0,
  "final_vartd_VarTD": 0.18988898396492004,
  "mechanism": "hardzero_plus_depr",
  "mechanism_tag": "hardzero_plus_depr__c0p58__z1p10__lam0p010__nu0p50__psi0p75",
  "runtime_sec": 24.3814839750994,
  "seed": 30,
  "z_cut": 1.1
}