{
  "alpha": 0.037,
  "c_upd": 0.58,
  "depr_lambda": 0.005,
  "depr_nu": 1.0,
  "depr_psi": 0.5,
  "eval_CSR_post": 0.0,
  "eval_dbar_post_mean": 0.793324887752533,
  "eval_done_count": 100.0,
  "eval_episodes_per_env": 4.0,
  "eval_len_end_mean": 26.0,
  "eval_occupied_post_mean": 0.11999999731779099,
  "eval_return_end_mean": -27.399370193481445,
  "eval_t_eval": 104.0,
  "final_depr_F_post": 3.490032434463501,
  "final_energy_E_post": 0.4121047556400299,
  "final_episode_return_end_mean": -26.806825637817383,
  "final_funding_alpha_eff": 0.0064779347740113735,
  "final_funding_g": 0.0,
  "final_funding_g_raw": 0.09601915627717972,
  "final_update_counter": 2.0,
  "final_vartd_VarTD": 0.13892468810081482,
  "mechanism": "hardzero_plus_depr",
  "mechanism_tag": "hardzero_plus_depr__c0p58__z1p00__lam0p005__nu1p00__psi0p50",
  "runtime_sec": 9.476599942077883,
  "seed": 43,
  "z_cut": 1.0
}