{
  "alpha": 0.1,
  "c_upd": 0.54,
  "depr_lambda": 0.01,
  "depr_nu": 0.5,
  "depr_psi": 1.0,
  "eval_CSR_post": 0.0,
  "eval_dbar_post_mean": 0.5280965566635132,
  "eval_done_count": 100.0,
  "eval_episodes_per_env": 4.0,
  "eval_len_end_mean": 26.0,
  "eval_occupied_post_mean": 0.29999998211860657,
  "eval_return_end_mean": -23.189144134521484,
  "eval_t_eval": 104.0,
  "final_depr_F_post": 11.705172538757324,
  "final_energy_E_post": 0.49282553791999817,
  "final_episode_return_end_mean": -28.661916732788086,
  "final_funding_alpha_eff": 8.333955747730215e-07,
  "final_funding_g": 0.0,
  "final_funding_g_raw": 0.08282513171434402,
  "final_update_counter": 3.0,
  "final_vartd_VarTD": 0.17720255255699158,
  "mechanism": "hardzero_plus_depr",
  "mechanism_tag": "hardzero_plus_depr__c0p54__z1p05__lam0p010__nu0p50__psi1p00",
  "runtime_sec": 10.754403292026836,
  "seed": 36,
  "z_cut": 1.05
}