{
  "alpha": 0.08,
  "c_upd": 0.56,
  "depr_lambda": 0.03,
  "depr_nu": 0.5,
  "depr_psi": 1.0,
  "eval_CSR_post": 0.0,
  "eval_dbar_post_mean": 0.6492546796798706,
  "eval_done_count": 100.0,
  "eval_episodes_per_env": 4.0,
  "eval_len_end_mean": 26.0,
  "eval_occupied_post_mean": 0.17999999225139618,
  "eval_return_end_mean": -24.287689208984375,
  "eval_t_eval": 104.0,
  "final_depr_F_post": 36.870121002197266,
  "final_energy_E_post": 0.13071118295192719,
  "final_episode_return_end_mean": -27.588197708129883,
  "final_funding_alpha_eff": 8.009919916415376e-18,
  "final_funding_g": 0.09099779278039932,
  "final_funding_g_raw": 0.09099779278039932,
  "final_update_counter": 2.0,
  "final_vartd_VarTD": 0.19297373294830322,
  "mechanism": "hardzero_plus_depr",
  "mechanism_tag": "hardzero_plus_depr__c0p56__z1p05__lam0p030__nu0p50__psi1p00",
  "runtime_sec": 23.536432845983654,
  "seed": 30,
  "z_cut": 1.05
}