{
  "alpha": 0.06,
  "c_upd": 0.6,
  "depr_lambda": 0.02,
  "depr_nu": 0.5,
  "depr_psi": 0.75,
  "eval_CSR_post": 0.009999999776482582,
  "eval_dbar_post_mean": 0.5393126606941223,
  "eval_done_count": 100.0,
  "eval_episodes_per_env": 4.0,
  "eval_len_end_mean": 26.0,
  "eval_occupied_post_mean": 0.29999998211860657,
  "eval_return_end_mean": -21.393766403198242,
  "eval_t_eval": 104.0,
  "final_depr_F_post": 24.350366592407227,
  "final_energy_E_post": 0.25048568844795227,
  "final_episode_return_end_mean": -28.02248191833496,
  "final_funding_alpha_eff": 7.132530677189663e-10,
  "final_funding_g": 0.08929784595966339,
  "final_funding_g_raw": 0.08929784595966339,
  "final_update_counter": 2.0,
  "final_vartd_VarTD": 0.21619363129138947,
  "mechanism": "hardzero_plus_depr",
  "mechanism_tag": "hardzero_plus_depr__c0p60__z1p10__lam0p020__nu0p50__psi0p75",
  "runtime_sec": 10.738712138030678,
  "seed": 38,
  "z_cut": 1.1
}