{
  "alpha": 0.039,
  "c_upd": 0.58,
  "depr_lambda": 0.0,
  "depr_nu": 0.5,
  "depr_psi": 0.0,
  "eval_CSR_post": 0.0,
  "eval_dbar_post_mean": 0.6893050074577332,
  "eval_done_count": 100.0,
  "eval_episodes_per_env": 4.0,
  "eval_len_end_mean": 26.0,
  "eval_occupied_post_mean": 0.20999999344348907,
  "eval_return_end_mean": -25.76534080505371,
  "eval_t_eval": 104.0,
  "final_depr_F_post": 0.0,
  "final_energy_E_post": 0.0356379896402359,
  "final_episode_return_end_mean": -27.977951049804688,
  "final_funding_alpha_eff": 0.039000000804662704,
  "final_funding_g": 0.0,
  "final_funding_g_raw": 0.09240993857383728,
  "final_update_counter": 3.0,
  "final_vartd_VarTD": 0.21414215862751007,
  "mechanism": "hardzero_only",
  "mechanism_tag": "hardzero_only__c0p58__z1p00__lam0p000__nu0p50__psi0p00",
  "runtime_sec": 10.84015967999585,
  "seed": 38,
  "z_cut": 1.0
}