{
  "alpha": 0.1,
  "c_upd": 0.5,
  "depr_lambda": 0.02,
  "depr_nu": 0.5,
  "depr_psi": 0.75,
  "eval_CSR_post": 0.0,
  "eval_dbar_post_mean": 0.5783472657203674,
  "eval_done_count": 100.0,
  "eval_episodes_per_env": 4.0,
  "eval_len_end_mean": 26.0,
  "eval_occupied_post_mean": 0.2199999988079071,
  "eval_return_end_mean": -23.724924087524414,
  "eval_t_eval": 104.0,
  "final_depr_F_post": 24.040359497070312,
  "final_energy_E_post": 0.3503430485725403,
  "final_episode_return_end_mean": -26.997440338134766,
  "final_funding_alpha_eff": 1.4999180786290367e-09,
  "final_funding_g": 0.10085847973823547,
  "final_funding_g_raw": 0.10085847973823547,
  "final_update_counter": 3.0,
  "final_vartd_VarTD": 0.18196040391921997,
  "mechanism": "hardzero_plus_depr",
  "mechanism_tag": "hardzero_plus_depr__c0p50__z1p10__lam0p020__nu0p50__psi0p75",
  "runtime_sec": 24.020372158032842,
  "seed": 30,
  "z_cut": 1.1
}