{
  "alpha": 0.12,
  "c_upd": 0.54,
  "depr_lambda": 0.01,
  "depr_nu": 0.5,
  "depr_psi": 1.25,
  "eval_CSR_post": 0.0,
  "eval_dbar_post_mean": 0.6969089508056641,
  "eval_done_count": 100.0,
  "eval_episodes_per_env": 4.0,
  "eval_len_end_mean": 26.0,
  "eval_occupied_post_mean": 0.2800000011920929,
  "eval_return_end_mean": -26.573163986206055,
  "eval_t_eval": 104.0,
  "final_depr_F_post": 11.890176773071289,
  "final_energy_E_post": 0.46987611055374146,
  "final_episode_return_end_mean": -26.24881935119629,
  "final_funding_alpha_eff": 4.263952391170278e-08,
  "final_funding_g": 0.09830494970083237,
  "final_funding_g_raw": 0.09830494970083237,
  "final_update_counter": 3.0,
  "final_vartd_VarTD": 0.12479553371667862,
  "mechanism": "hardzero_plus_depr",
  "mechanism_tag": "hardzero_plus_depr__c0p54__z1p05__lam0p010__nu0p50__psi1p25",
  "runtime_sec": 10.74337190296501,
  "seed": 34,
  "z_cut": 1.05
}