{
  "alpha": 0.025,
  "c_upd": 0.58,
  "depr_lambda": 0.005,
  "depr_nu": 1.0,
  "depr_psi": 0.5,
  "eval_CSR_post": 0.0,
  "eval_dbar_post_mean": 0.6075674295425415,
  "eval_done_count": 100.0,
  "eval_episodes_per_env": 4.0,
  "eval_len_end_mean": 26.0,
  "eval_occupied_post_mean": 0.26999998092651367,
  "eval_return_end_mean": -24.022445678710938,
  "eval_t_eval": 104.0,
  "final_depr_F_post": 3.5250332355499268,
  "final_energy_E_post": 0.3967573642730713,
  "final_episode_return_end_mean": -26.813379287719727,
  "final_funding_alpha_eff": 0.004301050212234259,
  "final_funding_g": 0.10427390784025192,
  "final_funding_g_raw": 0.10427390784025192,
  "final_update_counter": 2.0,
  "final_vartd_VarTD": 0.12552760541439056,
  "mechanism": "hardzero_plus_depr",
  "mechanism_tag": "hardzero_plus_depr__c0p58__z1p00__lam0p005__nu1p00__psi0p50",
  "runtime_sec": 9.466736134025268,
  "seed": 57,
  "z_cut": 1.0
}