{
  "alpha": 0.06,
  "c_upd": 0.52,
  "depr_lambda": 0.01,
  "depr_nu": 0.5,
  "depr_psi": 1.0,
  "eval_CSR_post": 0.009999999776482582,
  "eval_dbar_post_mean": 0.541115403175354,
  "eval_done_count": 100.0,
  "eval_episodes_per_env": 4.0,
  "eval_len_end_mean": 26.0,
  "eval_occupied_post_mean": 0.3700000047683716,
  "eval_return_end_mean": -23.6920108795166,
  "eval_t_eval": 104.0,
  "final_depr_F_post": 11.282663345336914,
  "final_energy_E_post": 0.19694052636623383,
  "final_episode_return_end_mean": -26.656143188476562,
  "final_funding_alpha_eff": 7.62949582622241e-07,
  "final_funding_g": 0.0997157022356987,
  "final_funding_g_raw": 0.0997157022356987,
  "final_update_counter": 3.0,
  "final_vartd_VarTD": 0.1861128956079483,
  "mechanism": "hardzero_plus_depr",
  "mechanism_tag": "hardzero_plus_depr__c0p52__z1p10__lam0p010__nu0p50__psi1p00",
  "runtime_sec": 10.679965218005236,
  "seed": 37,
  "z_cut": 1.1
}