{
  "alpha": 0.1,
  "c_upd": 0.52,
  "depr_lambda": 0.03,
  "depr_nu": 0.5,
  "depr_psi": 1.25,
  "eval_CSR_post": 0.0,
  "eval_dbar_post_mean": 0.5801068544387817,
  "eval_done_count": 100.0,
  "eval_episodes_per_env": 4.0,
  "eval_len_end_mean": 26.0,
  "eval_occupied_post_mean": 0.32999998331069946,
  "eval_return_end_mean": -23.779211044311523,
  "eval_t_eval": 104.0,
  "final_depr_F_post": 37.38010025024414,
  "final_energy_E_post": 0.25631436705589294,
  "final_episode_return_end_mean": -27.944623947143555,
  "final_funding_alpha_eff": 5.294460286447739e-22,
  "final_funding_g": 0.09099092334508896,
  "final_funding_g_raw": 0.09099092334508896,
  "final_update_counter": 2.0,
  "final_vartd_VarTD": 0.17512263357639313,
  "mechanism": "hardzero_plus_depr",
  "mechanism_tag": "hardzero_plus_depr__c0p52__z1p10__lam0p030__nu0p50__psi1p25",
  "runtime_sec": 10.607116069062613,
  "seed": 40,
  "z_cut": 1.1
}