{
  "alpha": 0.049,
  "c_upd": 0.58,
  "depr_lambda": 0.0,
  "depr_nu": 0.5,
  "depr_psi": 0.0,
  "eval_CSR_post": 0.0,
  "eval_dbar_post_mean": 0.5004187822341919,
  "eval_done_count": 100.0,
  "eval_episodes_per_env": 4.0,
  "eval_len_end_mean": 26.0,
  "eval_occupied_post_mean": 0.35999998450279236,
  "eval_return_end_mean": -23.300073623657227,
  "eval_t_eval": 104.0,
  "final_depr_F_post": 0.0,
  "final_energy_E_post": 0.14706109464168549,
  "final_episode_return_end_mean": -25.658462524414062,
  "final_funding_alpha_eff": 0.04899999871850014,
  "final_funding_g": 0.13706353306770325,
  "final_funding_g_raw": 0.13706353306770325,
  "final_update_counter": 9.0,
  "final_vartd_VarTD": 0.19781750440597534,
  "mechanism": "hardzero_only",
  "mechanism_tag": "hardzero_only__c0p58__z1p00__lam0p000__nu0p50__psi0p00",
  "runtime_sec": 21.680787206976674,
  "seed": 30,
  "z_cut": 1.0
}