{
  "alpha": 0.08,
  "c_upd": 0.56,
  "depr_lambda": 0.01,
  "depr_nu": 0.5,
  "depr_psi": 1.25,
  "eval_CSR_post": 0.0,
  "eval_dbar_post_mean": 0.5233360528945923,
  "eval_done_count": 100.0,
  "eval_episodes_per_env": 4.0,
  "eval_len_end_mean": 26.0,
  "eval_occupied_post_mean": 0.35999998450279236,
  "eval_return_end_mean": -24.47088623046875,
  "eval_t_eval": 104.0,
  "final_depr_F_post": 11.117658615112305,
  "final_energy_E_post": 0.1388464719057083,
  "final_episode_return_end_mean": -26.39642906188965,
  "final_funding_alpha_eff": 7.46614716717886e-08,
  "final_funding_g": 0.11554352194070816,
  "final_funding_g_raw": 0.11554352194070816,
  "final_update_counter": 3.0,
  "final_vartd_VarTD": 0.11695075035095215,
  "mechanism": "hardzero_plus_depr",
  "mechanism_tag": "hardzero_plus_depr__c0p56__z1p10__lam0p010__nu0p50__psi1p25",
  "runtime_sec": 10.81411757110618,
  "seed": 33,
  "z_cut": 1.1
}