{
  "alpha": 0.1,
  "c_upd": 0.5,
  "depr_lambda": 0.02,
  "depr_nu": 0.5,
  "depr_psi": 0.75,
  "eval_CSR_post": 0.009999999776482582,
  "eval_dbar_post_mean": 0.5161623358726501,
  "eval_done_count": 100.0,
  "eval_episodes_per_env": 4.0,
  "eval_len_end_mean": 26.0,
  "eval_occupied_post_mean": 0.3999999761581421,
  "eval_return_end_mean": -23.729028701782227,
  "eval_t_eval": 104.0,
  "final_depr_F_post": 24.07036018371582,
  "final_energy_E_post": 0.37504056096076965,
  "final_episode_return_end_mean": -26.00332260131836,
  "final_funding_alpha_eff": 1.4665481051778784e-09,
  "final_funding_g": 0.10594283789396286,
  "final_funding_g_raw": 0.10594283789396286,
  "final_update_counter": 3.0,
  "final_vartd_VarTD": 0.12615494430065155,
  "mechanism": "hardzero_plus_depr",
  "mechanism_tag": "hardzero_plus_depr__c0p50__z1p10__lam0p020__nu0p50__psi0p75",
  "runtime_sec": 10.859223312989343,
  "seed": 32,
  "z_cut": 1.1
}