{
  "alpha": 0.08,
  "c_upd": 0.58,
  "depr_lambda": 0.01,
  "depr_nu": 0.5,
  "depr_psi": 0.75,
  "eval_CSR_post": 0.0,
  "eval_dbar_post_mean": 0.530735433101654,
  "eval_done_count": 100.0,
  "eval_episodes_per_env": 4.0,
  "eval_len_end_mean": 26.0,
  "eval_occupied_post_mean": 0.429999977350235,
  "eval_return_end_mean": -23.89556121826172,
  "eval_t_eval": 104.0,
  "final_depr_F_post": 7.3976216316223145,
  "final_energy_E_post": 0.04846937209367752,
  "final_episode_return_end_mean": -26.13068389892578,
  "final_funding_alpha_eff": 0.0003138972679153085,
  "final_funding_g": 0.11907235532999039,
  "final_funding_g_raw": 0.11907235532999039,
  "final_update_counter": 4.0,
  "final_vartd_VarTD": 0.11495567858219147,
  "mechanism": "hardzero_plus_depr",
  "mechanism_tag": "hardzero_plus_depr__c0p58__z1p05__lam0p010__nu0p50__psi0p75",
  "runtime_sec": 10.60499428701587,
  "seed": 33,
  "z_cut": 1.05
}