{
  "alpha": 0.067,
  "c_upd": 0.58,
  "depr_lambda": 0.005,
  "depr_nu": 1.0,
  "depr_psi": 0.5,
  "eval_CSR_post": 0.0,
  "eval_dbar_post_mean": 0.5280565619468689,
  "eval_done_count": 100.0,
  "eval_episodes_per_env": 4.0,
  "eval_len_end_mean": 26.0,
  "eval_occupied_post_mean": 0.29999998211860657,
  "eval_return_end_mean": -24.423025131225586,
  "eval_t_eval": 104.0,
  "final_depr_F_post": 0.16999997198581696,
  "final_energy_E_post": 0.3012133240699768,
  "final_episode_return_end_mean": -26.470149993896484,
  "final_funding_alpha_eff": 0.06169436499476433,
  "final_funding_g": 0.11864732205867767,
  "final_funding_g_raw": 0.11864732205867767,
  "final_update_counter": 13.0,
  "final_vartd_VarTD": 0.2369438260793686,
  "mechanism": "hardzero_plus_depr",
  "mechanism_tag": "hardzero_plus_depr__c0p58__z1p00__lam0p005__nu1p00__psi0p50",
  "runtime_sec": 9.483921529026702,
  "seed": 53,
  "z_cut": 1.0
}