{
  "alpha": 0.04,
  "c_upd": 0.56,
  "depr_lambda": 0.01,
  "depr_nu": 0.5,
  "depr_psi": 1.0,
  "eval_CSR_post": 0.0,
  "eval_dbar_post_mean": 0.5878967046737671,
  "eval_done_count": 100.0,
  "eval_episodes_per_env": 4.0,
  "eval_len_end_mean": 26.0,
  "eval_occupied_post_mean": 0.35999998450279236,
  "eval_return_end_mean": -24.936735153198242,
  "eval_t_eval": 104.0,
  "final_depr_F_post": 12.175183296203613,
  "final_energy_E_post": 0.2852008640766144,
  "final_episode_return_end_mean": -27.762727737426758,
  "final_funding_alpha_eff": 2.083474299752197e-07,
  "final_funding_g": 0.09586066007614136,
  "final_funding_g_raw": 0.09586066007614136,
  "final_update_counter": 2.0,
  "final_vartd_VarTD": 0.1624602973461151,
  "mechanism": "hardzero_plus_depr",
  "mechanism_tag": "hardzero_plus_depr__c0p56__z1p05__lam0p010__nu0p50__psi1p00",
  "runtime_sec": 10.695445761026349,
  "seed": 41,
  "z_cut": 1.05
}