{
  "alpha": 0.04,
  "c_upd": 0.56,
  "depr_lambda": 0.01,
  "depr_nu": 0.5,
  "depr_psi": 0.75,
  "eval_CSR_post": 0.0,
  "eval_dbar_post_mean": 0.6494195461273193,
  "eval_done_count": 100.0,
  "eval_episodes_per_env": 4.0,
  "eval_len_end_mean": 26.0,
  "eval_occupied_post_mean": 0.2199999988079071,
  "eval_return_end_mean": -24.77168846130371,
  "eval_t_eval": 104.0,
  "final_depr_F_post": 12.28018569946289,
  "final_energy_E_post": 0.4268215298652649,
  "final_episode_return_end_mean": -29.05165672302246,
  "final_funding_alpha_eff": 4.030925992992707e-06,
  "final_funding_g": 0.0,
  "final_funding_g_raw": 0.07409971952438354,
  "final_update_counter": 2.0,
  "final_vartd_VarTD": 0.1768856793642044,
  "mechanism": "hardzero_plus_depr",
  "mechanism_tag": "hardzero_plus_depr__c0p56__z1p10__lam0p010__nu0p50__psi0p75",
  "runtime_sec": 10.882075814995915,
  "seed": 36,
  "z_cut": 1.1
}