{
  "alpha": 0.12,
  "c_upd": 0.56,
  "depr_lambda": 0.01,
  "depr_nu": 0.5,
  "depr_psi": 1.0,
  "eval_CSR_post": 0.0,
  "eval_dbar_post_mean": 0.5660960078239441,
  "eval_done_count": 100.0,
  "eval_episodes_per_env": 4.0,
  "eval_len_end_mean": 26.0,
  "eval_occupied_post_mean": 0.3700000047683716,
  "eval_return_end_mean": -23.376136779785156,
  "eval_t_eval": 104.0,
  "final_depr_F_post": 10.523895263671875,
  "final_energy_E_post": 0.32671794295310974,
  "final_episode_return_end_mean": -27.211423873901367,
  "final_funding_alpha_eff": 3.258777041992289e-06,
  "final_funding_g": 0.1017480418086052,
  "final_funding_g_raw": 0.1017480418086052,
  "final_update_counter": 4.0,
  "final_vartd_VarTD": 0.1593971848487854,
  "mechanism": "hardzero_plus_depr",
  "mechanism_tag": "hardzero_plus_depr__c0p56__z1p05__lam0p010__nu0p50__psi1p00",
  "runtime_sec": 10.713670868019108,
  "seed": 40,
  "z_cut": 1.05
}