{
  "alpha": 0.08,
  "c_upd": 0.6,
  "depr_lambda": 0.03,
  "depr_nu": 0.5,
  "depr_psi": 1.25,
  "eval_CSR_post": 0.0,
  "eval_dbar_post_mean": 0.5356943607330322,
  "eval_done_count": 100.0,
  "eval_episodes_per_env": 4.0,
  "eval_len_end_mean": 26.0,
  "eval_occupied_post_mean": 0.29999998211860657,
  "eval_return_end_mean": -23.434354782104492,
  "eval_t_eval": 104.0,
  "final_depr_F_post": 36.07515335083008,
  "final_energy_E_post": 0.03927179425954819,
  "final_episode_return_end_mean": -26.89716911315918,
  "final_funding_alpha_eff": 2.1643412968100466e-21,
  "final_funding_g": 0.10521826893091202,
  "final_funding_g_raw": 0.10521826893091202,
  "final_update_counter": 2.0,
  "final_vartd_VarTD": 0.12402287125587463,
  "mechanism": "hardzero_plus_depr",
  "mechanism_tag": "hardzero_plus_depr__c0p60__z1p10__lam0p030__nu0p50__psi1p25",
  "runtime_sec": 10.67986406001728,
  "seed": 33,
  "z_cut": 1.1
}