{
  "alpha": 0.03,
  "c_upd": 0.56,
  "depr_lambda": 0.01,
  "depr_nu": 0.5,
  "depr_psi": 1.25,
  "eval_CSR_post": 0.0,
  "eval_dbar_post_mean": 0.5536094903945923,
  "eval_done_count": 100.0,
  "eval_episodes_per_env": 4.0,
  "eval_len_end_mean": 26.0,
  "eval_occupied_post_mean": 0.25,
  "eval_return_end_mean": -23.8183536529541,
  "eval_t_eval": 104.0,
  "final_depr_F_post": 12.16018295288086,
  "final_energy_E_post": 0.16367079317569733,
  "final_episode_return_end_mean": -26.342018127441406,
  "final_funding_alpha_eff": 7.606316465569307e-09,
  "final_funding_g": 0.09573029726743698,
  "final_funding_g_raw": 0.09573029726743698,
  "final_update_counter": 2.0,
  "final_vartd_VarTD": 0.12308192253112793,
  "mechanism": "hardzero_plus_depr",
  "mechanism_tag": "hardzero_plus_depr__c0p56__z1p10__lam0p010__nu0p50__psi1p25",
  "runtime_sec": 10.657138064038008,
  "seed": 34,
  "z_cut": 1.1
}