{
  "alpha": 0.05,
  "c_upd": 0.54,
  "depr_lambda": 0.02,
  "depr_nu": 0.5,
  "depr_psi": 1.25,
  "eval_CSR_post": 0.0,
  "eval_dbar_post_mean": 0.6631742715835571,
  "eval_done_count": 100.0,
  "eval_episodes_per_env": 4.0,
  "eval_len_end_mean": 26.0,
  "eval_occupied_post_mean": 0.19999998807907104,
  "eval_return_end_mean": -25.428424835205078,
  "eval_t_eval": 104.0,
  "final_depr_F_post": 24.570371627807617,
  "final_energy_E_post": 0.1131843850016594,
  "final_episode_return_end_mean": -26.40523910522461,
  "final_funding_alpha_eff": 2.3515639966282e-15,
  "final_funding_g": 0.094875268638134,
  "final_funding_g_raw": 0.094875268638134,
  "final_update_counter": 2.0,
  "final_vartd_VarTD": 0.13005739450454712,
  "mechanism": "hardzero_plus_depr",
  "mechanism_tag": "hardzero_plus_depr__c0p54__z1p05__lam0p020__nu0p50__psi1p25",
  "runtime_sec": 10.72121527598938,
  "seed": 34,
  "z_cut": 1.05
}