{
  "alpha": 0.028,
  "borrow_interest": 0.0,
  "borrow_limit": 0.0,
  "c_upd": 0.58,
  "depr_lambda": 0.0,
  "depr_nu": 0.5,
  "depr_psi": 0.0,
  "eval_CSR_post": 0.009999999776482582,
  "eval_dbar_post_mean": 0.5043410658836365,
  "eval_done_count": 100.0,
  "eval_episodes_per_env": 4.0,
  "eval_len_end_mean": 26.0,
  "eval_occupied_post_mean": 0.3799999952316284,
  "eval_return_end_mean": -24.806249618530273,
  "eval_t_eval": 104.0,
  "family": "support",
  "final_depr_F_post": 0.0,
  "final_energy_E_post": 0.10406377166509628,
  "final_update_counter": 9.0,
  "final_vartd_VarTD": 0.16557849943637848,
  "max_debt_level_post": 0.0,
  "mean_update_fraction": 0.007199999876320362,
  "mechanism": "hardzero_only",
  "mechanism_tag": "hardzero_only__c0p58__z1p00__lam0p000__nu0p50__psi0p00",
  "runtime_sec": 10.875295663019642,
  "seed": 58,
  "support_mode": "frontload",
  "support_total": 0.6,
  "total_debt_charge": 0.0,
  "total_support_s": 0.5999999642372131,
  "z_cut": 1.0
}