{
  "alpha": 0.08,
  "c_upd": 0.6,
  "depr_lambda": 0.03,
  "depr_nu": 0.5,
  "depr_psi": 1.0,
  "eval_CSR_post": 0.0,
  "eval_dbar_post_mean": 0.6185773611068726,
  "eval_done_count": 100.0,
  "eval_episodes_per_env": 4.0,
  "eval_len_end_mean": 26.0,
  "eval_occupied_post_mean": 0.2199999988079071,
  "eval_return_end_mean": -24.570873260498047,
  "eval_t_eval": 104.0,
  "final_depr_F_post": 35.70016860961914,
  "final_energy_E_post": 0.039901573210954666,
  "final_episode_return_end_mean": -28.055147171020508,
  "final_funding_alpha_eff": 2.58066735723662e-17,
  "final_funding_g": 0.0,
  "final_funding_g_raw": 0.08745568245649338,
  "final_update_counter": 2.0,
  "final_vartd_VarTD": 0.18009823560714722,
  "mechanism": "hardzero_plus_depr",
  "mechanism_tag": "hardzero_plus_depr__c0p60__z1p05__lam0p030__nu0p50__psi1p00",
  "runtime_sec": 10.803732524975203,
  "seed": 40,
  "z_cut": 1.05
}