{
  "alpha": 0.08,
  "c_upd": 0.5,
  "depr_lambda": 0.01,
  "depr_nu": 0.5,
  "depr_psi": 0.75,
  "eval_CSR_post": 0.009999999776482582,
  "eval_dbar_post_mean": 0.49960237741470337,
  "eval_done_count": 100.0,
  "eval_episodes_per_env": 4.0,
  "eval_len_end_mean": 26.0,
  "eval_occupied_post_mean": 0.4099999964237213,
  "eval_return_end_mean": -24.296913146972656,
  "eval_t_eval": 104.0,
  "final_depr_F_post": 9.32636833190918,
  "final_energy_E_post": 0.3314521610736847,
  "final_episode_return_end_mean": -25.535301208496094,
  "final_funding_alpha_eff": 7.388470112346113e-05,
  "final_funding_g": 0.11324429512023926,
  "final_funding_g_raw": 0.11324429512023926,
  "final_update_counter": 5.0,
  "final_vartd_VarTD": 0.11778399348258972,
  "mechanism": "hardzero_plus_depr",
  "mechanism_tag": "hardzero_plus_depr__c0p50__z1p05__lam0p010__nu0p50__psi0p75",
  "runtime_sec": 10.892099599994253,
  "seed": 34,
  "z_cut": 1.05
}