{
  "alpha": 0.04,
  "c_upd": 0.54,
  "depr_lambda": 0.0,
  "depr_nu": 0.5,
  "depr_psi": 0.0,
  "eval_CSR_post": 0.009999999776482582,
  "eval_dbar_post_mean": 0.5133429169654846,
  "eval_done_count": 100.0,
  "eval_episodes_per_env": 4.0,
  "eval_len_end_mean": 26.0,
  "eval_occupied_post_mean": 0.26999998092651367,
  "eval_return_end_mean": -22.905990600585938,
  "eval_t_eval": 104.0,
  "final_depr_F_post": 0.0,
  "final_energy_E_post": 0.5214256644248962,
  "final_episode_return_end_mean": -26.417219161987305,
  "final_funding_alpha_eff": 0.03999999910593033,
  "final_funding_g": 0.11997272819280624,
  "final_funding_g_raw": 0.11997272819280624,
  "final_update_counter": 8.0,
  "final_vartd_VarTD": 0.15170110762119293,
  "mechanism": "hardzero_only",
  "mechanism_tag": "hardzero_only__c0p54__z1p00__lam0p000__nu0p50__psi0p00",
  "runtime_sec": 9.693658439995488,
  "seed": 41,
  "z_cut": 1.0
}