{
  "alpha": 0.03,
  "c_upd": 0.5,
  "depr_lambda": 0.01,
  "depr_nu": 0.5,
  "depr_psi": 1.25,
  "eval_CSR_post": 0.0,
  "eval_dbar_post_mean": 0.5519514083862305,
  "eval_done_count": 100.0,
  "eval_episodes_per_env": 4.0,
  "eval_len_end_mean": 26.0,
  "eval_occupied_post_mean": 0.22999998927116394,
  "eval_return_end_mean": -22.34294891357422,
  "eval_t_eval": 104.0,
  "final_depr_F_post": 12.48019027709961,
  "final_energy_E_post": 0.17203733325004578,
  "final_episode_return_end_mean": -27.997100830078125,
  "final_funding_alpha_eff": 5.098620192711678e-09,
  "final_funding_g": 0.0,
  "final_funding_g_raw": 0.08885282278060913,
  "final_update_counter": 2.0,
  "final_vartd_VarTD": 0.2186214178800583,
  "mechanism": "hardzero_plus_depr",
  "mechanism_tag": "hardzero_plus_depr__c0p50__z1p05__lam0p010__nu0p50__psi1p25",
  "runtime_sec": 10.792053500015754,
  "seed": 38,
  "z_cut": 1.05
}