{
  "alpha": 0.05,
  "c_upd": 0.52,
  "depr_lambda": 0.01,
  "depr_nu": 0.5,
  "depr_psi": 1.25,
  "eval_CSR_post": 0.0,
  "eval_dbar_post_mean": 0.6566872596740723,
  "eval_done_count": 100.0,
  "eval_episodes_per_env": 4.0,
  "eval_len_end_mean": 26.0,
  "eval_occupied_post_mean": 0.22999998927116394,
  "eval_return_end_mean": -23.963396072387695,
  "eval_t_eval": 104.0,
  "final_depr_F_post": 12.385188102722168,
  "final_energy_E_post": 0.26170918345451355,
  "final_episode_return_end_mean": -28.096263885498047,
  "final_funding_alpha_eff": 9.569194325820263e-09,
  "final_funding_g": 0.0,
  "final_funding_g_raw": 0.08872240036725998,
  "final_update_counter": 2.0,
  "final_vartd_VarTD": 0.21681839227676392,
  "mechanism": "hardzero_plus_depr",
  "mechanism_tag": "hardzero_plus_depr__c0p52__z1p05__lam0p010__nu0p50__psi1p25",
  "runtime_sec": 10.907891435024794,
  "seed": 38,
  "z_cut": 1.05
}