{
  "alpha": 0.03,
  "c_upd": 0.58,
  "depr_lambda": 0.02,
  "depr_nu": 0.5,
  "depr_psi": 0.75,
  "eval_CSR_post": 0.0,
  "eval_dbar_post_mean": 0.6923147439956665,
  "eval_done_count": 100.0,
  "eval_episodes_per_env": 4.0,
  "eval_len_end_mean": 26.0,
  "eval_occupied_post_mean": 0.2199999988079071,
  "eval_return_end_mean": -27.105224609375,
  "eval_t_eval": 104.0,
  "final_depr_F_post": 23.590349197387695,
  "final_energy_E_post": 0.06949445605278015,
  "final_episode_return_end_mean": -27.98342514038086,
  "final_funding_alpha_eff": 6.306191679961159e-10,
  "final_funding_g": 0.09301679581403732,
  "final_funding_g_raw": 0.09301679581403732,
  "final_update_counter": 2.0,
  "final_vartd_VarTD": 0.16813892126083374,
  "mechanism": "hardzero_plus_depr",
  "mechanism_tag": "hardzero_plus_depr__c0p58__z1p10__lam0p020__nu0p50__psi0p75",
  "runtime_sec": 10.751413982943632,
  "seed": 41,
  "z_cut": 1.1
}