{
  "alpha": 0.1,
  "c_upd": 0.52,
  "depr_lambda": 0.03,
  "depr_nu": 0.5,
  "depr_psi": 1.0,
  "eval_CSR_post": 0.0,
  "eval_dbar_post_mean": 0.5386466979980469,
  "eval_done_count": 100.0,
  "eval_episodes_per_env": 4.0,
  "eval_len_end_mean": 26.0,
  "eval_occupied_post_mean": 0.29999998211860657,
  "eval_return_end_mean": -24.027734756469727,
  "eval_t_eval": 104.0,
  "final_depr_F_post": 37.33510208129883,
  "final_energy_E_post": 0.27201828360557556,
  "final_episode_return_end_mean": -26.741722106933594,
  "final_funding_alpha_eff": 6.289258924442276e-18,
  "final_funding_g": 0.10913577675819397,
  "final_funding_g_raw": 0.10913577675819397,
  "final_update_counter": 2.0,
  "final_vartd_VarTD": 0.12087387591600418,
  "mechanism": "hardzero_plus_depr",
  "mechanism_tag": "hardzero_plus_depr__c0p52__z1p05__lam0p030__nu0p50__psi1p00",
  "runtime_sec": 10.74886329495348,
  "seed": 33,
  "z_cut": 1.05
}