{
  "alpha": 0.1,
  "c_upd": 0.54,
  "depr_lambda": 0.01,
  "depr_nu": 0.5,
  "depr_psi": 1.25,
  "eval_CSR_post": 0.0,
  "eval_dbar_post_mean": 0.5901776552200317,
  "eval_done_count": 100.0,
  "eval_episodes_per_env": 4.0,
  "eval_len_end_mean": 26.0,
  "eval_occupied_post_mean": 0.25,
  "eval_return_end_mean": -24.804216384887695,
  "eval_t_eval": 104.0,
  "final_depr_F_post": 11.727672576904297,
  "final_energy_E_post": 0.36936864256858826,
  "final_episode_return_end_mean": -27.491130828857422,
  "final_funding_alpha_eff": 4.353607252483016e-08,
  "final_funding_g": 0.1011299267411232,
  "final_funding_g_raw": 0.1011299267411232,
  "final_update_counter": 3.0,
  "final_vartd_VarTD": 0.15233340859413147,
  "mechanism": "hardzero_plus_depr",
  "mechanism_tag": "hardzero_plus_depr__c0p54__z1p05__lam0p010__nu0p50__psi1p25",
  "runtime_sec": 10.656867216981482,
  "seed": 41,
  "z_cut": 1.05
}