{
  "alpha": 0.06,
  "c_upd": 0.56,
  "depr_lambda": 0.02,
  "depr_nu": 0.5,
  "depr_psi": 1.0,
  "eval_CSR_post": 0.0,
  "eval_dbar_post_mean": 0.5761112570762634,
  "eval_done_count": 100.0,
  "eval_episodes_per_env": 4.0,
  "eval_len_end_mean": 26.0,
  "eval_occupied_post_mean": 0.23999999463558197,
  "eval_return_end_mean": -26.02121925354004,
  "eval_t_eval": 104.0,
  "final_depr_F_post": 24.700374603271484,
  "final_energy_E_post": 0.23816898465156555,
  "final_episode_return_end_mean": -26.792016983032227,
  "final_funding_alpha_eff": 1.147099125756168e-12,
  "final_funding_g": 0.09909138828516006,
  "final_funding_g_raw": 0.09909138828516006,
  "final_update_counter": 2.0,
  "final_vartd_VarTD": 0.20103752613067627,
  "mechanism": "hardzero_plus_depr",
  "mechanism_tag": "hardzero_plus_depr__c0p56__z1p10__lam0p020__nu0p50__psi1p00",
  "runtime_sec": 10.746803725953214,
  "seed": 37,
  "z_cut": 1.1
}