{
  "I_R_full": 1.4602657949657778,
  "alpha": 1.0,
  "borrow_interest": 0.0,
  "borrow_limit": 0.0,
  "c_upd": 0.9,
  "condition": "enabled_full__base__t1m__a1p00__c0p90",
  "eval_CSR_post": 0.0,
  "eval_CSR_pre": 0.0,
  "eval_dbar_post_mean": 0.4729818105697632,
  "eval_dbar_pre_mean": 0.46896427869796753,
  "eval_done_count": 100.0,
  "eval_done_per_env_max": 4.0,
  "eval_done_per_env_min": 4.0,
  "eval_episodes_per_env": 4.0,
  "eval_len_end_mean": 26.0,
  "eval_max_tilde_post_mean": 0.673224151134491,
  "eval_max_tilde_pre_mean": 0.6722065806388855,
  "eval_occupied_post_mean": 0.47999998927116394,
  "eval_occupied_pre_mean": 0.4399999976158142,
  "eval_return_end_mean": -23.63953971862793,
  "eval_t_eval": 104.0,
  "family": "base",
  "final_energy": 0.7929903268814087,
  "final_executed_updates": 53.0,
  "final_vartd": 5.324942588806152,
  "learned_R_full_0p5": 1.0,
  "max_debt_level": 0.0,
  "mean_update_fraction": 0.16987179219722748,
  "metric_horizon": "full",
  "phase": "extension_full",
  "runtime_sec": 2.8089421199983917,
  "seed": 56,
  "support_mode": "none",
  "support_total": 0.0,
  "total_debt_charge": 0.0,
  "total_support_injected": 0.0,
  "total_timesteps": 1000000,
  "train_final_return_end_mean": -22.792253494262695
}