{
  "I_R_full": 0.8974399671683659,
  "alpha": 0.0,
  "borrow_interest": 0.0,
  "borrow_limit": 0.0,
  "c_upd": 0.58,
  "condition": "fragile_full__support__t1m__a0p00__c0p58",
  "eval_CSR_post": 0.0,
  "eval_CSR_pre": 0.0,
  "eval_dbar_post_mean": 0.6505939960479736,
  "eval_dbar_pre_mean": 0.6402770280838013,
  "eval_done_count": 100.0,
  "eval_done_per_env_max": 4.0,
  "eval_done_per_env_min": 4.0,
  "eval_episodes_per_env": 4.0,
  "eval_len_end_mean": 26.0,
  "eval_max_tilde_post_mean": 1.000503659248352,
  "eval_max_tilde_pre_mean": 0.9858697056770325,
  "eval_occupied_post_mean": 0.32999998331069946,
  "eval_occupied_pre_mean": 0.3400000035762787,
  "eval_return_end_mean": -25.033632278442383,
  "eval_t_eval": 104.0,
  "family": "support",
  "final_energy": 0.440000057220459,
  "final_executed_updates": 2.0,
  "final_vartd": 0.16815902292728424,
  "learned_R_full_0p5": 1.0,
  "max_debt_level": 0.0,
  "mean_update_fraction": 0.006410256493836641,
  "metric_horizon": "full",
  "phase": "extension_full",
  "runtime_sec": 2.6954362359992956,
  "seed": 57,
  "support_mode": "frontload",
  "support_total": 0.6,
  "total_debt_charge": 0.0,
  "total_support_injected": 0.6000000238418579,
  "total_timesteps": 1000000,
  "train_final_return_end_mean": -27.693279266357422
}