{
  "alpha": 0.032,
  "c_upd": 0.58,
  "depr_lambda": 0.0,
  "depr_nu": 0.5,
  "depr_psi": 0.0,
  "eval_CSR_post": 0.0,
  "eval_dbar_post_mean": 0.548321008682251,
  "eval_done_count": 100.0,
  "eval_episodes_per_env": 4.0,
  "eval_len_end_mean": 26.0,
  "eval_occupied_post_mean": 0.3499999940395355,
  "eval_return_end_mean": -23.753202438354492,
  "eval_t_eval": 104.0,
  "final_depr_F_post": 0.0,
  "final_energy_E_post": 0.23638957738876343,
  "final_episode_return_end_mean": -26.492517471313477,
  "final_funding_alpha_eff": 0.03200000151991844,
  "final_funding_g": 0.1077541932463646,
  "final_funding_g_raw": 0.1077541932463646,
  "final_update_counter": 5.0,
  "final_vartd_VarTD": 0.15060719847679138,
  "mechanism": "hardzero_only",
  "mechanism_tag": "hardzero_only__c0p58__z1p00__lam0p000__nu0p50__psi0p00",
  "runtime_sec": 10.840320324059576,
  "seed": 58,
  "z_cut": 1.0
}