{
  "alpha": 0.08,
  "c_upd": 0.54,
  "depr_lambda": 0.01,
  "depr_nu": 0.5,
  "depr_psi": 1.0,
  "eval_CSR_post": 0.0,
  "eval_dbar_post_mean": 0.6117632389068604,
  "eval_done_count": 100.0,
  "eval_episodes_per_env": 4.0,
  "eval_len_end_mean": 26.0,
  "eval_occupied_post_mean": 0.20999999344348907,
  "eval_return_end_mean": -24.702882766723633,
  "eval_t_eval": 104.0,
  "final_depr_F_post": 11.760173797607422,
  "final_energy_E_post": 0.13718359172344208,
  "final_episode_return_end_mean": -27.930051803588867,
  "final_funding_alpha_eff": 6.310364142336766e-07,
  "final_funding_g": 0.0,
  "final_funding_g_raw": 0.09383047372102737,
  "final_update_counter": 2.0,
  "final_vartd_VarTD": 0.1654139757156372,
  "mechanism": "hardzero_plus_depr",
  "mechanism_tag": "hardzero_plus_depr__c0p54__z1p00__lam0p010__nu0p50__psi1p00",
  "runtime_sec": 10.318063165992498,
  "seed": 41,
  "z_cut": 1.0
}