{
  "alpha": 0.076,
  "c_upd": 0.58,
  "depr_lambda": 0.005,
  "depr_nu": 1.0,
  "depr_psi": 0.5,
  "eval_CSR_post": 0.0,
  "eval_dbar_post_mean": 0.5025317668914795,
  "eval_done_count": 100.0,
  "eval_episodes_per_env": 4.0,
  "eval_len_end_mean": 26.0,
  "eval_occupied_post_mean": 0.47999998927116394,
  "eval_return_end_mean": -23.678003311157227,
  "eval_t_eval": 104.0,
  "final_depr_F_post": 0.3299998342990875,
  "final_energy_E_post": 0.2611561417579651,
  "final_episode_return_end_mean": -28.8493595123291,
  "final_funding_alpha_eff": 0.06460122764110565,
  "final_funding_g": 0.0,
  "final_funding_g_raw": 0.07874756306409836,
  "final_update_counter": 3.0,
  "final_vartd_VarTD": 0.17319829761981964,
  "mechanism": "hardzero_plus_depr",
  "mechanism_tag": "hardzero_plus_depr__c0p58__z1p00__lam0p005__nu1p00__psi0p50",
  "runtime_sec": 9.471942055039108,
  "seed": 36,
  "z_cut": 1.0
}