{
  "alpha": 0.1,
  "c_upd": 0.56,
  "depr_lambda": 0.02,
  "depr_nu": 0.5,
  "depr_psi": 1.25,
  "eval_CSR_post": 0.0,
  "eval_dbar_post_mean": 0.6647213697433472,
  "eval_done_count": 100.0,
  "eval_episodes_per_env": 4.0,
  "eval_len_end_mean": 26.0,
  "eval_occupied_post_mean": 0.20999999344348907,
  "eval_return_end_mean": -26.338626861572266,
  "eval_t_eval": 104.0,
  "final_depr_F_post": 24.7603759765625,
  "final_energy_E_post": 0.2744824290275574,
  "final_episode_return_end_mean": -27.799144744873047,
  "final_funding_alpha_eff": 3.7088536147149905e-15,
  "final_funding_g": 0.09397479891777039,
  "final_funding_g_raw": 0.09397479891777039,
  "final_update_counter": 2.0,
  "final_vartd_VarTD": 0.16540300846099854,
  "mechanism": "hardzero_plus_depr",
  "mechanism_tag": "hardzero_plus_depr__c0p56__z1p05__lam0p020__nu0p50__psi1p25",
  "runtime_sec": 10.829244292981457,
  "seed": 41,
  "z_cut": 1.05
}