{
  "alpha": 0.03,
  "c_upd": 0.58,
  "depr_lambda": 0.0,
  "depr_nu": 0.5,
  "depr_psi": 0.0,
  "eval_CSR_post": 0.0,
  "eval_dbar_post_mean": 0.6273662447929382,
  "eval_done_count": 100.0,
  "eval_episodes_per_env": 4.0,
  "eval_len_end_mean": 26.0,
  "eval_occupied_post_mean": 0.3100000023841858,
  "eval_return_end_mean": -24.562728881835938,
  "eval_t_eval": 104.0,
  "final_depr_F_post": 0.0,
  "final_energy_E_post": 0.02263661101460457,
  "final_episode_return_end_mean": -25.990703582763672,
  "final_funding_alpha_eff": 0.029999999329447746,
  "final_funding_g": 0.10645174980163574,
  "final_funding_g_raw": 0.10645174980163574,
  "final_update_counter": 4.0,
  "final_vartd_VarTD": 0.13725697994232178,
  "mechanism": "hardzero_only",
  "mechanism_tag": "hardzero_only__c0p58__z1p00__lam0p000__nu0p50__psi0p00",
  "runtime_sec": 9.546995517011965,
  "seed": 32,
  "z_cut": 1.0
}