{
  "I_R_full_anchor_compat": -1.9820461973928507,
  "above_R_THRESH_FULL_anchor": 0.0,
  "alpha": 1.0,
  "borrow_interest": 0.0,
  "borrow_limit": 0.0,
  "c_upd": 0.9,
  "condition": "enabled_full__support__t4m__a1p00__c0p90",
  "eval_CSR_post": 0.0,
  "eval_CSR_pre": 0.0,
  "eval_dbar_post_mean": 1.3052394390106201,
  "eval_dbar_pre_mean": 1.230928897857666,
  "eval_done_count": 100.0,
  "eval_done_per_env_max": 4.0,
  "eval_done_per_env_min": 4.0,
  "eval_episodes_per_env": 4.0,
  "eval_len_end_mean": 26.0,
  "eval_max_tilde_post_mean": 1.6756582260131836,
  "eval_max_tilde_pre_mean": 1.5958384275436401,
  "eval_occupied_post_mean": 0.029999999329447746,
  "eval_occupied_pre_mean": 0.07000000029802322,
  "eval_return_end_mean": -32.16598129272461,
  "eval_t_eval": 104.0,
  "family": "support",
  "final_energy": 0.3424570560455322,
  "final_executed_updates": 178.0,
  "final_vartd": 1.797079086303711,
  "max_debt_level": 0.0,
  "mean_update_fraction": 0.14239999651908875,
  "metric_horizon": "long4m",
  "phase": "extension_full",
  "runtime_sec": 11.762320210000325,
  "seed": 40,
  "support_mode": "frontload",
  "support_total": 0.6,
  "total_debt_charge": 0.0,
  "total_support_injected": 0.5999999642372131,
  "total_timesteps": 4000000,
  "train_final_return_end_mean": -26.2551212310791
}