{
  "alpha": 0.099,
  "borrow_interest": 0.01,
  "borrow_limit": 0.6,
  "c_upd": 0.58,
  "depr_lambda": 0.0,
  "depr_nu": 0.5,
  "depr_psi": 0.0,
  "eval_CSR_post": 0.0,
  "eval_dbar_post_mean": 0.5071500539779663,
  "eval_done_count": 100.0,
  "eval_episodes_per_env": 4.0,
  "eval_len_end_mean": 26.0,
  "eval_occupied_post_mean": 0.3700000047683716,
  "eval_return_end_mean": -24.121328353881836,
  "eval_t_eval": 104.0,
  "family": "borrow",
  "final_depr_F_post": 0.0,
  "final_energy_E_post": -0.33040839433670044,
  "final_update_counter": 20.0,
  "final_vartd_VarTD": 0.6792996525764465,
  "max_debt_level_post": 0.5966052412986755,
  "mean_update_fraction": 0.01600000075995922,
  "mechanism": "hardzero_only",
  "mechanism_tag": "hardzero_only__c0p58__z1p00__lam0p000__nu0p50__psi0p00",
  "runtime_sec": 10.597040754044428,
  "seed": 54,
  "support_mode": "none",
  "support_total": 0.0,
  "total_debt_charge": 4.119213581085205,
  "total_support_s": 0.0,
  "z_cut": 1.0
}