{
  "alpha": 0.276,
  "borrow_interest": 0.01,
  "borrow_limit": 0.6,
  "c_upd": 0.58,
  "depr_lambda": 0.0,
  "depr_nu": 0.5,
  "depr_psi": 0.0,
  "eval_CSR_post": 0.0,
  "eval_dbar_post_mean": 0.6006613969802856,
  "eval_done_count": 100.0,
  "eval_episodes_per_env": 4.0,
  "eval_len_end_mean": 26.0,
  "eval_occupied_post_mean": 0.25999999046325684,
  "eval_return_end_mean": -22.53105926513672,
  "eval_t_eval": 104.0,
  "family": "borrow",
  "final_depr_F_post": 0.0,
  "final_energy_E_post": -0.5494034290313721,
  "final_update_counter": 93.0,
  "final_vartd_VarTD": 4.415699005126953,
  "max_debt_level_post": 0.5994338989257812,
  "mean_update_fraction": 0.07440000027418137,
  "mechanism": "hardzero_only",
  "mechanism_tag": "hardzero_only__c0p58__z1p00__lam0p000__nu0p50__psi0p00",
  "runtime_sec": 10.762792416033335,
  "seed": 49,
  "support_mode": "none",
  "support_total": 0.0,
  "total_debt_charge": 3.388688087463379,
  "total_support_s": 0.0,
  "z_cut": 1.0
}