{
  "alpha": 0.02,
  "c_upd": 0.54,
  "depr_lambda": 0.0,
  "depr_nu": 0.5,
  "depr_psi": 0.0,
  "eval_CSR_post": 0.0,
  "eval_dbar_post_mean": 0.5818713307380676,
  "eval_done_count": 100.0,
  "eval_episodes_per_env": 4.0,
  "eval_len_end_mean": 26.0,
  "eval_occupied_post_mean": 0.3100000023841858,
  "eval_return_end_mean": -23.868759155273438,
  "eval_t_eval": 104.0,
  "final_depr_F_post": 0.0,
  "final_energy_E_post": 0.17017550766468048,
  "final_episode_return_end_mean": -27.22333526611328,
  "final_funding_alpha_eff": 0.019999999552965164,
  "final_funding_g": 0.0,
  "final_funding_g_raw": 0.09921765327453613,
  "final_update_counter": 3.0,
  "final_vartd_VarTD": 0.19874265789985657,
  "mechanism": "hardzero_only",
  "mechanism_tag": "hardzero_only__c0p54__z1p00__lam0p000__nu0p50__psi0p00",
  "runtime_sec": 19.288703976984834,
  "seed": 30,
  "z_cut": 1.0
}