{
  "alpha": 0.12,
  "c_upd": 0.52,
  "depr_lambda": 0.02,
  "depr_nu": 0.5,
  "depr_psi": 1.0,
  "eval_CSR_post": 0.0,
  "eval_dbar_post_mean": 0.5769755840301514,
  "eval_done_count": 100.0,
  "eval_episodes_per_env": 4.0,
  "eval_len_end_mean": 26.0,
  "eval_occupied_post_mean": 0.3100000023841858,
  "eval_return_end_mean": -22.64156723022461,
  "eval_t_eval": 104.0,
  "final_depr_F_post": 23.34534454345703,
  "final_energy_E_post": 0.12250464409589767,
  "final_episode_return_end_mean": -27.951711654663086,
  "final_funding_alpha_eff": 8.894326247732565e-12,
  "final_funding_g": 0.09407194703817368,
  "final_funding_g_raw": 0.09407194703817368,
  "final_update_counter": 3.0,
  "final_vartd_VarTD": 0.21379272639751434,
  "mechanism": "hardzero_plus_depr",
  "mechanism_tag": "hardzero_plus_depr__c0p52__z1p10__lam0p020__nu0p50__psi1p00",
  "runtime_sec": 10.659484645002522,
  "seed": 38,
  "z_cut": 1.1
}