{
  "alpha": 0.02,
  "c_upd": 0.52,
  "depr_lambda": 0.02,
  "depr_nu": 0.5,
  "depr_psi": 0.75,
  "eval_CSR_post": 0.0,
  "eval_dbar_post_mean": 0.6178541779518127,
  "eval_done_count": 100.0,
  "eval_episodes_per_env": 4.0,
  "eval_len_end_mean": 26.0,
  "eval_occupied_post_mean": 0.1899999976158142,
  "eval_return_end_mean": -22.956459045410156,
  "eval_t_eval": 104.0,
  "final_depr_F_post": 24.670373916625977,
  "final_energy_E_post": 0.10210366547107697,
  "final_episode_return_end_mean": -28.05495834350586,
  "final_funding_alpha_eff": 1.8702055182284738e-10,
  "final_funding_g": 0.08852669596672058,
  "final_funding_g_raw": 0.08852669596672058,
  "final_update_counter": 2.0,
  "final_vartd_VarTD": 0.21793130040168762,
  "mechanism": "hardzero_plus_depr",
  "mechanism_tag": "hardzero_plus_depr__c0p52__z1p10__lam0p020__nu0p50__psi0p75",
  "runtime_sec": 10.931056589004584,
  "seed": 38,
  "z_cut": 1.1
}