{
  "alpha": 0.04,
  "c_upd": 0.56,
  "depr_lambda": 0.02,
  "depr_nu": 0.5,
  "depr_psi": 1.0,
  "eval_CSR_post": 0.0,
  "eval_dbar_post_mean": 0.7587300539016724,
  "eval_done_count": 100.0,
  "eval_episodes_per_env": 4.0,
  "eval_len_end_mean": 26.0,
  "eval_occupied_post_mean": 0.17000000178813934,
  "eval_return_end_mean": -27.44215202331543,
  "eval_t_eval": 104.0,
  "final_depr_F_post": 23.320343017578125,
  "final_energy_E_post": 0.03040183149278164,
  "final_episode_return_end_mean": -28.0743350982666,
  "final_funding_alpha_eff": 3.0398333589892745e-12,
  "final_funding_g": 0.09067964553833008,
  "final_funding_g_raw": 0.09067964553833008,
  "final_update_counter": 2.0,
  "final_vartd_VarTD": 0.12176083028316498,
  "mechanism": "hardzero_plus_depr",
  "mechanism_tag": "hardzero_plus_depr__c0p56__z1p05__lam0p020__nu0p50__psi1p00",
  "runtime_sec": 10.84845771099208,
  "seed": 31,
  "z_cut": 1.05
}