{
  "alpha": 0.12,
  "c_upd": 0.54,
  "depr_lambda": 0.01,
  "depr_nu": 0.5,
  "depr_psi": 1.0,
  "eval_CSR_post": 0.0,
  "eval_dbar_post_mean": 0.544029712677002,
  "eval_done_count": 100.0,
  "eval_episodes_per_env": 4.0,
  "eval_len_end_mean": 26.0,
  "eval_occupied_post_mean": 0.29999998211860657,
  "eval_return_end_mean": -23.280996322631836,
  "eval_t_eval": 104.0,
  "final_depr_F_post": 9.736377716064453,
  "final_energy_E_post": 0.1616756021976471,
  "final_episode_return_end_mean": -28.6318302154541,
  "final_funding_alpha_eff": 7.162574547692202e-06,
  "final_funding_g": 0.0,
  "final_funding_g_raw": 0.08041751384735107,
  "final_update_counter": 4.0,
  "final_vartd_VarTD": 0.17060810327529907,
  "mechanism": "hardzero_plus_depr",
  "mechanism_tag": "hardzero_plus_depr__c0p54__z1p05__lam0p010__nu0p50__psi1p00",
  "runtime_sec": 10.690846342011355,
  "seed": 36,
  "z_cut": 1.05
}