{
  "alpha": 0.1,
  "c_upd": 0.6,
  "depr_lambda": 0.01,
  "depr_nu": 0.5,
  "depr_psi": 0.75,
  "eval_CSR_post": 0.019999999552965164,
  "eval_dbar_post_mean": 0.4923896789550781,
  "eval_done_count": 100.0,
  "eval_episodes_per_env": 4.0,
  "eval_len_end_mean": 26.0,
  "eval_occupied_post_mean": 0.429999977350235,
  "eval_return_end_mean": -22.28598976135254,
  "eval_t_eval": 104.0,
  "final_depr_F_post": 8.373852729797363,
  "final_energy_E_post": 0.26480019092559814,
  "final_episode_return_end_mean": -25.616958618164062,
  "final_funding_alpha_eff": 0.00018867696053348482,
  "final_funding_g": 0.11522465944290161,
  "final_funding_g_raw": 0.11522465944290161,
  "final_update_counter": 5.0,
  "final_vartd_VarTD": 0.1303447186946869,
  "mechanism": "hardzero_plus_depr",
  "mechanism_tag": "hardzero_plus_depr__c0p60__z1p05__lam0p010__nu0p50__psi0p75",
  "runtime_sec": 10.844522234983742,
  "seed": 32,
  "z_cut": 1.05
}