{
  "alpha": 0.06,
  "c_upd": 0.6,
  "depr_lambda": 0.02,
  "depr_nu": 0.5,
  "depr_psi": 0.75,
  "eval_CSR_post": 0.0,
  "eval_dbar_post_mean": 0.6331377029418945,
  "eval_done_count": 100.0,
  "eval_episodes_per_env": 4.0,
  "eval_len_end_mean": 26.0,
  "eval_occupied_post_mean": 0.19999998807907104,
  "eval_return_end_mean": -26.039594650268555,
  "eval_t_eval": 104.0,
  "final_depr_F_post": 24.450368881225586,
  "final_energy_E_post": 0.2664355933666229,
  "final_episode_return_end_mean": -28.05429458618164,
  "final_funding_alpha_eff": 6.617140724252124e-10,
  "final_funding_g": 0.08909019082784653,
  "final_funding_g_raw": 0.08909019082784653,
  "final_update_counter": 2.0,
  "final_vartd_VarTD": 0.12332690507173538,
  "mechanism": "hardzero_plus_depr",
  "mechanism_tag": "hardzero_plus_depr__c0p60__z1p10__lam0p020__nu0p50__psi0p75",
  "runtime_sec": 10.721833490999416,
  "seed": 31,
  "z_cut": 1.1
}