{
  "alpha": 0.061,
  "c_upd": 0.58,
  "depr_lambda": 0.0,
  "depr_nu": 0.5,
  "depr_psi": 0.0,
  "eval_CSR_post": 0.009999999776482582,
  "eval_dbar_post_mean": 0.5778356790542603,
  "eval_done_count": 100.0,
  "eval_episodes_per_env": 4.0,
  "eval_len_end_mean": 26.0,
  "eval_occupied_post_mean": 0.29999998211860657,
  "eval_return_end_mean": -24.795753479003906,
  "eval_t_eval": 104.0,
  "final_depr_F_post": 0.0,
  "final_energy_E_post": 0.27144837379455566,
  "final_episode_return_end_mean": -29.091720581054688,
  "final_funding_alpha_eff": 0.061000000685453415,
  "final_funding_g": 0.0,
  "final_funding_g_raw": 0.07470738887786865,
  "final_update_counter": 4.0,
  "final_vartd_VarTD": 0.1891210675239563,
  "mechanism": "hardzero_only",
  "mechanism_tag": "hardzero_only__c0p58__z1p00__lam0p000__nu0p50__psi0p00",
  "runtime_sec": 9.46159050508868,
  "seed": 36,
  "z_cut": 1.0
}