{
  "alpha": 0.05,
  "c_upd": 0.56,
  "depr_lambda": 0.01,
  "depr_nu": 0.5,
  "depr_psi": 1.0,
  "eval_CSR_post": 0.0,
  "eval_dbar_post_mean": 0.5739367604255676,
  "eval_done_count": 100.0,
  "eval_episodes_per_env": 4.0,
  "eval_len_end_mean": 26.0,
  "eval_occupied_post_mean": 0.38999998569488525,
  "eval_return_end_mean": -22.263166427612305,
  "eval_t_eval": 104.0,
  "final_depr_F_post": 12.310186386108398,
  "final_energy_E_post": 0.4073801338672638,
  "final_episode_return_end_mean": -28.026201248168945,
  "final_funding_alpha_eff": 2.275448736099861e-07,
  "final_funding_g": 0.0890054777264595,
  "final_funding_g_raw": 0.0890054777264595,
  "final_update_counter": 2.0,
  "final_vartd_VarTD": 0.21520642936229706,
  "mechanism": "hardzero_plus_depr",
  "mechanism_tag": "hardzero_plus_depr__c0p56__z1p10__lam0p010__nu0p50__psi1p00",
  "runtime_sec": 10.920998787041754,
  "seed": 38,
  "z_cut": 1.1
}