{
  "alpha": 0.0,
  "c_upd": 0.58,
  "condition": "fragile_full",
  "eval_CSR_post": 0.0,
  "eval_CSR_pre": 0.0,
  "eval_dbar_post_mean": 1.1433069705963135,
  "eval_dbar_pre_mean": 1.1211118698120117,
  "eval_done_count": 100.0,
  "eval_done_per_env_max": 4.0,
  "eval_done_per_env_min": 4.0,
  "eval_episodes_per_env": 4.0,
  "eval_len_end_mean": 26.0,
  "eval_max_tilde_post_mean": 1.5419715642929077,
  "eval_max_tilde_pre_mean": 1.5145933628082275,
  "eval_occupied_post_mean": 0.07000000029802322,
  "eval_occupied_pre_mean": 0.07999999821186066,
  "eval_return_end_mean": -33.05596923828125,
  "eval_t_eval": 104.0,
  "final_energy": 0.42000001668930054,
  "final_executed_updates": 1.0,
  "final_funding_g": 0.07706933468580246,
  "final_funding_z": 1.1131184101104736,
  "final_vartd": 0.18003670871257782,
  "horizon_label": "full",
  "mean_update_fraction": 0.0032051282469183207,
  "runtime_sec": 2.593117313022958,
  "seed": 49,
  "train_final_CSR_train": 0.0,
  "train_final_dbar_end": 0.8163031339645386,
  "train_final_min_dists_end_mean": 2.448909282684326,
  "train_final_occupied_end_mean": 0.1600000113248825,
  "train_final_return_end_mean": -28.66351318359375
}