{
  "alpha": 0.12,
  "c_upd": 0.58,
  "depr_lambda": 0.01,
  "depr_nu": 0.5,
  "depr_psi": 1.0,
  "eval_CSR_post": 0.0,
  "eval_dbar_post_mean": 0.5829008221626282,
  "eval_done_count": 100.0,
  "eval_episodes_per_env": 4.0,
  "eval_len_end_mean": 26.0,
  "eval_occupied_post_mean": 0.3100000023841858,
  "eval_return_end_mean": -24.192367553710938,
  "eval_t_eval": 104.0,
  "final_depr_F_post": 8.270115852355957,
  "final_energy_E_post": 0.07399576157331467,
  "final_episode_return_end_mean": -26.677330017089844,
  "final_funding_alpha_eff": 3.1035491701914e-05,
  "final_funding_g": 0.11540647596120834,
  "final_funding_g_raw": 0.11540647596120834,
  "final_update_counter": 5.0,
  "final_vartd_VarTD": 0.1310841590166092,
  "mechanism": "hardzero_plus_depr",
  "mechanism_tag": "hardzero_plus_depr__c0p58__z1p10__lam0p010__nu0p50__psi1p00",
  "runtime_sec": 10.841320669045672,
  "seed": 35,
  "z_cut": 1.1
}