{
  "alpha": 0.02,
  "c_upd": 0.54,
  "depr_lambda": 0.0,
  "depr_nu": 0.5,
  "depr_psi": 0.0,
  "eval_CSR_post": 0.0,
  "eval_dbar_post_mean": 0.5007612109184265,
  "eval_done_count": 100.0,
  "eval_episodes_per_env": 4.0,
  "eval_len_end_mean": 26.0,
  "eval_occupied_post_mean": 0.3199999928474426,
  "eval_return_end_mean": -23.21248435974121,
  "eval_t_eval": 104.0,
  "final_depr_F_post": 0.0,
  "final_energy_E_post": 0.12045451253652573,
  "final_episode_return_end_mean": -27.852209091186523,
  "final_funding_alpha_eff": 0.019999999552965164,
  "final_funding_g": 0.0,
  "final_funding_g_raw": 0.0910300463438034,
  "final_update_counter": 3.0,
  "final_vartd_VarTD": 0.174691841006279,
  "mechanism": "hardzero_only",
  "mechanism_tag": "hardzero_only__c0p54__z1p00__lam0p000__nu0p50__psi0p00",
  "runtime_sec": 9.719386301992927,
  "seed": 40,
  "z_cut": 1.0
}