{
  "I_R_full_anchor_compat": 1.9268106173359232,
  "above_R_THRESH_FULL_anchor": 1.0,
  "alpha": 1.0,
  "borrow_interest": 0.02,
  "borrow_limit": 0.6,
  "c_upd": 0.9,
  "condition": "enabled_full__borrow__t4m__a1p00__c0p90",
  "eval_CSR_post": 0.009999999776482582,
  "eval_CSR_pre": 0.009999999776482582,
  "eval_dbar_post_mean": 0.5723101496696472,
  "eval_dbar_pre_mean": 0.5659613609313965,
  "eval_done_count": 100.0,
  "eval_done_per_env_max": 4.0,
  "eval_done_per_env_min": 4.0,
  "eval_episodes_per_env": 4.0,
  "eval_len_end_mean": 26.0,
  "eval_max_tilde_post_mean": 0.8290817141532898,
  "eval_max_tilde_pre_mean": 0.820867121219635,
  "eval_occupied_post_mean": 0.28999999165534973,
  "eval_occupied_pre_mean": 0.32999998331069946,
  "eval_return_end_mean": -22.483930587768555,
  "eval_t_eval": 104.0,
  "family": "borrow",
  "final_energy": 0.27794885635375977,
  "final_executed_updates": 225.0,
  "final_vartd": 3.6803390979766846,
  "max_debt_level": 0.4836837947368622,
  "mean_update_fraction": 0.18000000715255737,
  "metric_horizon": "long4m",
  "phase": "extension_full",
  "runtime_sec": 11.229696186999718,
  "seed": 36,
  "support_mode": "none",
  "support_total": 0.0,
  "total_debt_charge": 2.7938804626464844,
  "total_support_injected": 0.0,
  "total_timesteps": 4000000,
  "train_final_return_end_mean": -23.268409729003906
}