{
  "alpha": 0.03,
  "c_upd": 0.58,
  "depr_lambda": 0.01,
  "depr_nu": 0.5,
  "depr_psi": 0.75,
  "eval_CSR_post": 0.0,
  "eval_dbar_post_mean": 0.6314517259597778,
  "eval_done_count": 100.0,
  "eval_episodes_per_env": 4.0,
  "eval_len_end_mean": 26.0,
  "eval_occupied_post_mean": 0.2199999988079071,
  "eval_return_end_mean": -25.192922592163086,
  "eval_t_eval": 104.0,
  "final_depr_F_post": 12.105181694030762,
  "final_energy_E_post": 0.2911980152130127,
  "final_episode_return_end_mean": -28.027740478515625,
  "final_funding_alpha_eff": 3.447213657636894e-06,
  "final_funding_g": 0.09000549465417862,
  "final_funding_g_raw": 0.09000549465417862,
  "final_update_counter": 2.0,
  "final_vartd_VarTD": 0.12356570363044739,
  "mechanism": "hardzero_plus_depr",
  "mechanism_tag": "hardzero_plus_depr__c0p58__z1p10__lam0p010__nu0p50__psi0p75",
  "runtime_sec": 10.635192418005317,
  "seed": 31,
  "z_cut": 1.1
}