{
  "alpha": 0.067,
  "borrow_interest": 0.01,
  "borrow_limit": 0.6,
  "c_upd": 0.58,
  "depr_lambda": 0.0,
  "depr_nu": 0.5,
  "depr_psi": 0.0,
  "eval_CSR_post": 0.0,
  "eval_dbar_post_mean": 0.5169786214828491,
  "eval_done_count": 100.0,
  "eval_episodes_per_env": 4.0,
  "eval_len_end_mean": 26.0,
  "eval_occupied_post_mean": 0.35999998450279236,
  "eval_return_end_mean": -24.412748336791992,
  "eval_t_eval": 104.0,
  "family": "borrow",
  "final_depr_F_post": 0.0,
  "final_energy_E_post": -0.4034837782382965,
  "final_update_counter": 12.0,
  "final_vartd_VarTD": 0.21923696994781494,
  "max_debt_level_post": 0.5924262404441833,
  "mean_update_fraction": 0.009600000455975533,
  "mechanism": "hardzero_only",
  "mechanism_tag": "hardzero_only__c0p58__z1p00__lam0p000__nu0p50__psi0p00",
  "runtime_sec": 10.583666356047615,
  "seed": 53,
  "support_mode": "none",
  "support_total": 0.0,
  "total_debt_charge": 4.544101715087891,
  "total_support_s": 0.0,
  "z_cut": 1.0
}