{
  "alpha": 0.1,
  "c_upd": 0.52,
  "depr_lambda": 0.01,
  "depr_nu": 0.5,
  "depr_psi": 0.75,
  "eval_CSR_post": 0.0,
  "eval_dbar_post_mean": 0.5177608132362366,
  "eval_done_count": 100.0,
  "eval_episodes_per_env": 4.0,
  "eval_len_end_mean": 26.0,
  "eval_occupied_post_mean": 0.38999998569488525,
  "eval_return_end_mean": -23.338163375854492,
  "eval_t_eval": 104.0,
  "final_depr_F_post": 8.878232955932617,
  "final_energy_E_post": 0.5022518038749695,
  "final_episode_return_end_mean": -26.627044677734375,
  "final_funding_alpha_eff": 0.00012925031478516757,
  "final_funding_g": 0.11359542608261108,
  "final_funding_g_raw": 0.11359542608261108,
  "final_update_counter": 6.0,
  "final_vartd_VarTD": 0.13931193947792053,
  "mechanism": "hardzero_plus_depr",
  "mechanism_tag": "hardzero_plus_depr__c0p52__z1p05__lam0p010__nu0p50__psi0p75",
  "runtime_sec": 10.871241301996633,
  "seed": 40,
  "z_cut": 1.05
}