{
  "alpha": 0.06,
  "c_upd": 0.58,
  "depr_lambda": 0.0,
  "depr_nu": 0.5,
  "depr_psi": 0.0,
  "eval_CSR_post": 0.0,
  "eval_dbar_post_mean": 0.48625311255455017,
  "eval_done_count": 100.0,
  "eval_episodes_per_env": 4.0,
  "eval_len_end_mean": 26.0,
  "eval_occupied_post_mean": 0.47999998927116394,
  "eval_return_end_mean": -23.666269302368164,
  "eval_t_eval": 104.0,
  "final_depr_F_post": 0.0,
  "final_energy_E_post": 0.24947486817836761,
  "final_episode_return_end_mean": -25.012178421020508,
  "final_funding_alpha_eff": 0.05999999865889549,
  "final_funding_g": 0.14692367613315582,
  "final_funding_g_raw": 0.14692367613315582,
  "final_update_counter": 17.0,
  "final_vartd_VarTD": 0.4214290976524353,
  "mechanism": "hardzero_only",
  "mechanism_tag": "hardzero_only__c0p58__z1p05__lam0p000__nu0p50__psi0p00",
  "runtime_sec": 9.747582494979724,
  "seed": 35,
  "z_cut": 1.05
}