{
  "alpha": 0.05,
  "c_upd": 0.52,
  "depr_lambda": 0.02,
  "depr_nu": 0.5,
  "depr_psi": 1.0,
  "eval_CSR_post": 0.009999999776482582,
  "eval_dbar_post_mean": 0.6147787570953369,
  "eval_done_count": 100.0,
  "eval_episodes_per_env": 4.0,
  "eval_len_end_mean": 26.0,
  "eval_occupied_post_mean": 0.32999998331069946,
  "eval_return_end_mean": -23.678295135498047,
  "eval_t_eval": 104.0,
  "final_depr_F_post": 24.870378494262695,
  "final_energy_E_post": 0.2270967811346054,
  "final_episode_return_end_mean": -26.693328857421875,
  "final_funding_alpha_eff": 8.064694745346657e-13,
  "final_funding_g": 0.09461497515439987,
  "final_funding_g_raw": 0.09461497515439987,
  "final_update_counter": 2.0,
  "final_vartd_VarTD": 0.14328807592391968,
  "mechanism": "hardzero_plus_depr",
  "mechanism_tag": "hardzero_plus_depr__c0p52__z1p10__lam0p020__nu0p50__psi1p00",
  "runtime_sec": 10.679871380038094,
  "seed": 39,
  "z_cut": 1.1
}