{
  "alpha": 0.04,
  "c_upd": 0.56,
  "depr_lambda": 0.03,
  "depr_nu": 0.5,
  "depr_psi": 0.75,
  "eval_CSR_post": 0.0,
  "eval_dbar_post_mean": 0.6478409767150879,
  "eval_done_count": 100.0,
  "eval_episodes_per_env": 4.0,
  "eval_len_end_mean": 26.0,
  "eval_occupied_post_mean": 0.20999999344348907,
  "eval_return_end_mean": -25.74518585205078,
  "eval_t_eval": 104.0,
  "final_depr_F_post": 36.61513137817383,
  "final_energy_E_post": 0.09667275100946426,
  "final_episode_return_end_mean": -27.898176193237305,
  "final_funding_alpha_eff": 4.8475089095773374e-14,
  "final_funding_g": 0.09545587003231049,
  "final_funding_g_raw": 0.09545587003231049,
  "final_update_counter": 2.0,
  "final_vartd_VarTD": 0.11908071488142014,
  "mechanism": "hardzero_plus_depr",
  "mechanism_tag": "hardzero_plus_depr__c0p56__z1p10__lam0p030__nu0p50__psi0p75",
  "runtime_sec": 10.684459700947627,
  "seed": 31,
  "z_cut": 1.1
}