{
  "alpha": 0.08,
  "c_upd": 0.5,
  "depr_lambda": 0.01,
  "depr_nu": 0.5,
  "depr_psi": 1.25,
  "eval_CSR_post": 0.0,
  "eval_dbar_post_mean": 0.5881054401397705,
  "eval_done_count": 100.0,
  "eval_episodes_per_env": 4.0,
  "eval_len_end_mean": 26.0,
  "eval_occupied_post_mean": 0.35999998450279236,
  "eval_return_end_mean": -24.237531661987305,
  "eval_t_eval": 104.0,
  "final_depr_F_post": 11.565169334411621,
  "final_energy_E_post": 0.20135709643363953,
  "final_episode_return_end_mean": -27.015283584594727,
  "final_funding_alpha_eff": 4.267340969477118e-08,
  "final_funding_g": 0.09879055619239807,
  "final_funding_g_raw": 0.09879055619239807,
  "final_update_counter": 3.0,
  "final_vartd_VarTD": 0.18453849852085114,
  "mechanism": "hardzero_plus_depr",
  "mechanism_tag": "hardzero_plus_depr__c0p50__z1p05__lam0p010__nu0p50__psi1p25",
  "runtime_sec": 23.522313024965115,
  "seed": 30,
  "z_cut": 1.05
}