{
  "alpha": 0.1,
  "c_upd": 0.58,
  "depr_lambda": 0.01,
  "depr_nu": 0.5,
  "depr_psi": 1.25,
  "eval_CSR_post": 0.0,
  "eval_dbar_post_mean": 0.5072343945503235,
  "eval_done_count": 100.0,
  "eval_episodes_per_env": 4.0,
  "eval_len_end_mean": 26.0,
  "eval_occupied_post_mean": 0.35999998450279236,
  "eval_return_end_mean": -22.930160522460938,
  "eval_t_eval": 104.0,
  "final_depr_F_post": 11.795174598693848,
  "final_energy_E_post": 0.17628420889377594,
  "final_episode_return_end_mean": -26.752120971679688,
  "final_funding_alpha_eff": 4.001332953862402e-08,
  "final_funding_g": 0.1118038222193718,
  "final_funding_g_raw": 0.1118038222193718,
  "final_update_counter": 2.0,
  "final_vartd_VarTD": 0.12257294356822968,
  "mechanism": "hardzero_plus_depr",
  "mechanism_tag": "hardzero_plus_depr__c0p58__z1p00__lam0p010__nu0p50__psi1p25",
  "runtime_sec": 10.830456679977942,
  "seed": 33,
  "z_cut": 1.0
}