{
  "alpha": 0.03,
  "c_upd": 0.58,
  "depr_lambda": 0.03,
  "depr_nu": 0.5,
  "depr_psi": 1.25,
  "eval_CSR_post": 0.0,
  "eval_dbar_post_mean": 0.6782103776931763,
  "eval_done_count": 100.0,
  "eval_episodes_per_env": 4.0,
  "eval_len_end_mean": 26.0,
  "eval_occupied_post_mean": 0.2199999988079071,
  "eval_return_end_mean": -25.31313705444336,
  "eval_t_eval": 104.0,
  "final_depr_F_post": 37.470096588134766,
  "final_energy_E_post": 0.4439040720462799,
  "final_episode_return_end_mean": -27.03207778930664,
  "final_funding_alpha_eff": 1.4193412598677148e-22,
  "final_funding_g": 0.10433065891265869,
  "final_funding_g_raw": 0.10433065891265869,
  "final_update_counter": 1.0,
  "final_vartd_VarTD": 0.12514762580394745,
  "mechanism": "hardzero_plus_depr",
  "mechanism_tag": "hardzero_plus_depr__c0p58__z1p00__lam0p030__nu0p50__psi1p25",
  "runtime_sec": 10.624898064008448,
  "seed": 33,
  "z_cut": 1.0
}