{
  "alpha": 0.08,
  "c_upd": 0.58,
  "depr_lambda": 0.0,
  "depr_nu": 0.5,
  "depr_psi": 0.0,
  "eval_CSR_post": 0.0,
  "eval_dbar_post_mean": 0.46591246128082275,
  "eval_done_count": 100.0,
  "eval_episodes_per_env": 4.0,
  "eval_len_end_mean": 26.0,
  "eval_occupied_post_mean": 0.4699999988079071,
  "eval_return_end_mean": -23.00391387939453,
  "eval_t_eval": 104.0,
  "final_depr_F_post": 0.0,
  "final_energy_E_post": 0.11775404959917068,
  "final_episode_return_end_mean": -25.0665283203125,
  "final_funding_alpha_eff": 0.07999999821186066,
  "final_funding_g": 0.14321815967559814,
  "final_funding_g_raw": 0.14321815967559814,
  "final_update_counter": 20.0,
  "final_vartd_VarTD": 0.6065092086791992,
  "mechanism": "hardzero_only",
  "mechanism_tag": "hardzero_only__c0p58__z1p00__lam0p000__nu0p50__psi0p00",
  "runtime_sec": 9.50254284904804,
  "seed": 55,
  "z_cut": 1.0
}