{
  "alpha": 0.1,
  "c_upd": 0.56,
  "depr_lambda": 0.03,
  "depr_nu": 0.5,
  "depr_psi": 0.75,
  "eval_CSR_post": 0.0,
  "eval_dbar_post_mean": 0.6041207313537598,
  "eval_done_count": 100.0,
  "eval_episodes_per_env": 4.0,
  "eval_len_end_mean": 26.0,
  "eval_occupied_post_mean": 0.26999998092651367,
  "eval_return_end_mean": -24.748422622680664,
  "eval_t_eval": 104.0,
  "final_depr_F_post": 37.21510696411133,
  "final_energy_E_post": 0.3783220946788788,
  "final_episode_return_end_mean": -26.376705169677734,
  "final_funding_alpha_eff": 7.727413137538844e-14,
  "final_funding_g": 0.09781913459300995,
  "final_funding_g_raw": 0.09781913459300995,
  "final_update_counter": 2.0,
  "final_vartd_VarTD": 0.12187543511390686,
  "mechanism": "hardzero_plus_depr",
  "mechanism_tag": "hardzero_plus_depr__c0p56__z1p10__lam0p030__nu0p50__psi0p75",
  "runtime_sec": 10.79501523997169,
  "seed": 34,
  "z_cut": 1.1
}