{
  "alpha": 0.1,
  "c_upd": 0.58,
  "depr_lambda": 0.02,
  "depr_nu": 0.5,
  "depr_psi": 0.75,
  "eval_CSR_post": 0.009999999776482582,
  "eval_dbar_post_mean": 0.599839985370636,
  "eval_done_count": 100.0,
  "eval_episodes_per_env": 4.0,
  "eval_len_end_mean": 26.0,
  "eval_occupied_post_mean": 0.2800000011920929,
  "eval_return_end_mean": -25.347946166992188,
  "eval_t_eval": 104.0,
  "final_depr_F_post": 21.875308990478516,
  "final_energy_E_post": 0.08088196069002151,
  "final_episode_return_end_mean": -26.388261795043945,
  "final_funding_alpha_eff": 7.607993346425701e-09,
  "final_funding_g": 0.114109568297863,
  "final_funding_g_raw": 0.114109568297863,
  "final_update_counter": 3.0,
  "final_vartd_VarTD": 0.11774551868438721,
  "mechanism": "hardzero_plus_depr",
  "mechanism_tag": "hardzero_plus_depr__c0p58__z1p10__lam0p020__nu0p50__psi0p75",
  "runtime_sec": 10.564139435999095,
  "seed": 33,
  "z_cut": 1.1
}