{
  "alpha": 0.12,
  "c_upd": 0.52,
  "depr_lambda": 0.01,
  "depr_nu": 0.5,
  "depr_psi": 1.25,
  "eval_CSR_post": 0.009999999776482582,
  "eval_dbar_post_mean": 0.5565077066421509,
  "eval_done_count": 100.0,
  "eval_episodes_per_env": 4.0,
  "eval_len_end_mean": 26.0,
  "eval_occupied_post_mean": 0.25,
  "eval_return_end_mean": -24.530263900756836,
  "eval_t_eval": 104.0,
  "final_depr_F_post": 11.366415023803711,
  "final_energy_E_post": 0.3999667167663574,
  "final_episode_return_end_mean": -26.394824981689453,
  "final_funding_alpha_eff": 8.206271928656861e-08,
  "final_funding_g": 0.105042465031147,
  "final_funding_g_raw": 0.105042465031147,
  "final_update_counter": 4.0,
  "final_vartd_VarTD": 0.1812218725681305,
  "mechanism": "hardzero_plus_depr",
  "mechanism_tag": "hardzero_plus_depr__c0p52__z1p10__lam0p010__nu0p50__psi1p25",
  "runtime_sec": 10.81665063102264,
  "seed": 37,
  "z_cut": 1.1
}