{
  "alpha": 0.089,
  "c_upd": 0.58,
  "depr_lambda": 0.0,
  "depr_nu": 0.5,
  "depr_psi": 0.0,
  "eval_CSR_post": 0.009999999776482582,
  "eval_dbar_post_mean": 0.5168150663375854,
  "eval_done_count": 100.0,
  "eval_episodes_per_env": 4.0,
  "eval_len_end_mean": 26.0,
  "eval_occupied_post_mean": 0.35999998450279236,
  "eval_return_end_mean": -23.964216232299805,
  "eval_t_eval": 104.0,
  "final_depr_F_post": 0.0,
  "final_energy_E_post": 0.18165722489356995,
  "final_episode_return_end_mean": -24.22721290588379,
  "final_funding_alpha_eff": 0.08900000154972076,
  "final_funding_g": 0.15555410087108612,
  "final_funding_g_raw": 0.15555410087108612,
  "final_update_counter": 19.0,
  "final_vartd_VarTD": 0.5366743206977844,
  "mechanism": "hardzero_only",
  "mechanism_tag": "hardzero_only__c0p58__z1p00__lam0p000__nu0p50__psi0p00",
  "runtime_sec": 9.501705912058242,
  "seed": 43,
  "z_cut": 1.0
}