{
  "alpha": 0.06,
  "c_upd": 0.56,
  "depr_lambda": 0.03,
  "depr_nu": 0.5,
  "depr_psi": 0.75,
  "eval_CSR_post": 0.0,
  "eval_dbar_post_mean": 0.6466711163520813,
  "eval_done_count": 100.0,
  "eval_episodes_per_env": 4.0,
  "eval_len_end_mean": 26.0,
  "eval_occupied_post_mean": 0.14999999105930328,
  "eval_return_end_mean": -25.62342643737793,
  "eval_t_eval": 104.0,
  "final_depr_F_post": 36.990116119384766,
  "final_energy_E_post": 0.1853317767381668,
  "final_episode_return_end_mean": -26.461355209350586,
  "final_funding_alpha_eff": 5.48870133100076e-14,
  "final_funding_g": 0.09443709999322891,
  "final_funding_g_raw": 0.09443709999322891,
  "final_update_counter": 2.0,
  "final_vartd_VarTD": 0.12743867933750153,
  "mechanism": "hardzero_plus_depr",
  "mechanism_tag": "hardzero_plus_depr__c0p56__z1p10__lam0p030__nu0p50__psi0p75",
  "runtime_sec": 10.717212560935877,
  "seed": 34,
  "z_cut": 1.1
}