{
  "alpha": 0.1,
  "c_upd": 0.54,
  "depr_lambda": 0.01,
  "depr_nu": 0.5,
  "depr_psi": 1.25,
  "eval_CSR_post": 0.0,
  "eval_dbar_post_mean": 0.5083840489387512,
  "eval_done_count": 100.0,
  "eval_episodes_per_env": 4.0,
  "eval_len_end_mean": 26.0,
  "eval_occupied_post_mean": 0.2800000011920929,
  "eval_return_end_mean": -22.998432159423828,
  "eval_t_eval": 104.0,
  "final_depr_F_post": 11.600170135498047,
  "final_energy_E_post": 0.30054113268852234,
  "final_episode_return_end_mean": -26.954730987548828,
  "final_funding_alpha_eff": 5.105829004037332e-08,
  "final_funding_g": 0.1020982414484024,
  "final_funding_g_raw": 0.1020982414484024,
  "final_update_counter": 3.0,
  "final_vartd_VarTD": 0.19019097089767456,
  "mechanism": "hardzero_plus_depr",
  "mechanism_tag": "hardzero_plus_depr__c0p54__z1p05__lam0p010__nu0p50__psi1p25",
  "runtime_sec": 23.310646678030025,
  "seed": 30,
  "z_cut": 1.05
}