{
  "alpha": 0.049,
  "c_upd": 0.58,
  "depr_lambda": 0.005,
  "depr_nu": 1.0,
  "depr_psi": 0.5,
  "eval_CSR_post": 0.0,
  "eval_dbar_post_mean": 0.6203747987747192,
  "eval_done_count": 100.0,
  "eval_episodes_per_env": 4.0,
  "eval_len_end_mean": 26.0,
  "eval_occupied_post_mean": 0.25999999046325684,
  "eval_return_end_mean": -24.43293571472168,
  "eval_t_eval": 104.0,
  "final_depr_F_post": 0.689999520778656,
  "final_energy_E_post": 0.12504976987838745,
  "final_episode_return_end_mean": -29.248722076416016,
  "final_funding_alpha_eff": 0.03478967025876045,
  "final_funding_g": 0.0,
  "final_funding_g_raw": 0.07197833806276321,
  "final_update_counter": 2.0,
  "final_vartd_VarTD": 0.18393824994564056,
  "mechanism": "hardzero_plus_depr",
  "mechanism_tag": "hardzero_plus_depr__c0p58__z1p00__lam0p005__nu1p00__psi0p50",
  "runtime_sec": 9.45945051999297,
  "seed": 36,
  "z_cut": 1.0
}