{
  "alpha": 0.12,
  "c_upd": 0.54,
  "depr_lambda": 0.0,
  "depr_nu": 0.5,
  "depr_psi": 0.0,
  "eval_CSR_post": 0.019999999552965164,
  "eval_dbar_post_mean": 0.45051810145378113,
  "eval_done_count": 100.0,
  "eval_episodes_per_env": 4.0,
  "eval_len_end_mean": 26.0,
  "eval_occupied_post_mean": 0.5799999833106995,
  "eval_return_end_mean": -22.016273498535156,
  "eval_t_eval": 104.0,
  "final_depr_F_post": 0.0,
  "final_energy_E_post": 0.047032520174980164,
  "final_episode_return_end_mean": -23.32306671142578,
  "final_funding_alpha_eff": 0.11999999731779099,
  "final_funding_g": 0.17475038766860962,
  "final_funding_g_raw": 0.17475038766860962,
  "final_update_counter": 36.0,
  "final_vartd_VarTD": 2.794235944747925,
  "mechanism": "hardzero_only",
  "mechanism_tag": "hardzero_only__c0p54__z1p00__lam0p000__nu0p50__psi0p00",
  "runtime_sec": 9.775334720994579,
  "seed": 32,
  "z_cut": 1.0
}