{
  "alpha": 0.05,
  "c_upd": 0.56,
  "depr_lambda": 0.03,
  "depr_nu": 0.5,
  "depr_psi": 1.0,
  "eval_CSR_post": 0.0,
  "eval_dbar_post_mean": 0.659065842628479,
  "eval_done_count": 100.0,
  "eval_episodes_per_env": 4.0,
  "eval_len_end_mean": 26.0,
  "eval_occupied_post_mean": 0.25,
  "eval_return_end_mean": -26.169052124023438,
  "eval_t_eval": 104.0,
  "final_depr_F_post": 36.750125885009766,
  "final_energy_E_post": 0.08319002389907837,
  "final_episode_return_end_mean": -28.043548583984375,
  "final_funding_alpha_eff": 5.644446821538815e-18,
  "final_funding_g": 0.08943339437246323,
  "final_funding_g_raw": 0.08943339437246323,
  "final_update_counter": 2.0,
  "final_vartd_VarTD": 0.11878073960542679,
  "mechanism": "hardzero_plus_depr",
  "mechanism_tag": "hardzero_plus_depr__c0p56__z1p10__lam0p030__nu0p50__psi1p00",
  "runtime_sec": 10.80408084706869,
  "seed": 31,
  "z_cut": 1.1
}