{
  "alpha": 0.05,
  "c_upd": 0.56,
  "depr_lambda": 0.0,
  "depr_nu": 0.5,
  "depr_psi": 0.0,
  "eval_CSR_post": 0.0,
  "eval_dbar_post_mean": 0.5075411200523376,
  "eval_done_count": 100.0,
  "eval_episodes_per_env": 4.0,
  "eval_len_end_mean": 26.0,
  "eval_occupied_post_mean": 0.3199999928474426,
  "eval_return_end_mean": -24.95867156982422,
  "eval_t_eval": 104.0,
  "final_depr_F_post": 0.0,
  "final_energy_E_post": 0.4933737516403198,
  "final_episode_return_end_mean": -24.52352523803711,
  "final_funding_alpha_eff": 0.05000000074505806,
  "final_funding_g": 0.14019790291786194,
  "final_funding_g_raw": 0.14019790291786194,
  "final_update_counter": 14.0,
  "final_vartd_VarTD": 0.2307131439447403,
  "mechanism": "hardzero_only",
  "mechanism_tag": "hardzero_only__c0p56__z1p10__lam0p000__nu0p50__psi0p00",
  "runtime_sec": 9.779247051978018,
  "seed": 34,
  "z_cut": 1.1
}