{
  "alpha": 0.1,
  "c_upd": 0.6,
  "depr_lambda": 0.01,
  "depr_nu": 0.5,
  "depr_psi": 1.25,
  "eval_CSR_post": 0.0,
  "eval_dbar_post_mean": 0.5257108807563782,
  "eval_done_count": 100.0,
  "eval_episodes_per_env": 4.0,
  "eval_len_end_mean": 26.0,
  "eval_occupied_post_mean": 0.35999998450279236,
  "eval_return_end_mean": -24.301156997680664,
  "eval_t_eval": 104.0,
  "final_depr_F_post": 10.31764030456543,
  "final_energy_E_post": 0.07115821540355682,
  "final_episode_return_end_mean": -26.29981231689453,
  "final_funding_alpha_eff": 2.5369448053425003e-07,
  "final_funding_g": 0.119026780128479,
  "final_funding_g_raw": 0.119026780128479,
  "final_update_counter": 3.0,
  "final_vartd_VarTD": 0.11852402240037918,
  "mechanism": "hardzero_plus_depr",
  "mechanism_tag": "hardzero_plus_depr__c0p60__z1p05__lam0p010__nu0p50__psi1p25",
  "runtime_sec": 10.892762503004633,
  "seed": 33,
  "z_cut": 1.05
}