{
  "alpha": 0.02,
  "c_upd": 0.56,
  "depr_lambda": 0.01,
  "depr_nu": 0.5,
  "depr_psi": 0.75,
  "eval_CSR_post": 0.0,
  "eval_dbar_post_mean": 0.6209329962730408,
  "eval_done_count": 100.0,
  "eval_episodes_per_env": 4.0,
  "eval_len_end_mean": 26.0,
  "eval_occupied_post_mean": 0.22999998927116394,
  "eval_return_end_mean": -23.928890228271484,
  "eval_t_eval": 104.0,
  "final_depr_F_post": 12.050180435180664,
  "final_energy_E_post": 0.193428635597229,
  "final_episode_return_end_mean": -27.320863723754883,
  "final_funding_alpha_eff": 2.3949260139488615e-06,
  "final_funding_g": 0.09333782643079758,
  "final_funding_g_raw": 0.09333782643079758,
  "final_update_counter": 2.0,
  "final_vartd_VarTD": 0.19073443114757538,
  "mechanism": "hardzero_plus_depr",
  "mechanism_tag": "hardzero_plus_depr__c0p56__z1p10__lam0p010__nu0p50__psi0p75",
  "runtime_sec": 24.12906246795319,
  "seed": 30,
  "z_cut": 1.1
}