{
  "alpha": 0.252,
  "borrow_interest": 0.01,
  "borrow_limit": 0.6,
  "c_upd": 0.58,
  "depr_lambda": 0.0,
  "depr_nu": 0.5,
  "depr_psi": 0.0,
  "eval_CSR_post": 0.0,
  "eval_dbar_post_mean": 0.467963308095932,
  "eval_done_count": 100.0,
  "eval_episodes_per_env": 4.0,
  "eval_len_end_mean": 26.0,
  "eval_occupied_post_mean": 0.47999998927116394,
  "eval_return_end_mean": -20.964696884155273,
  "eval_t_eval": 104.0,
  "family": "borrow",
  "final_depr_F_post": 0.0,
  "final_energy_E_post": -0.04243491217494011,
  "final_update_counter": 85.0,
  "final_vartd_VarTD": 5.058173179626465,
  "max_debt_level_post": 0.5997704267501831,
  "mean_update_fraction": 0.06800000369548798,
  "mechanism": "hardzero_only",
  "mechanism_tag": "hardzero_only__c0p58__z1p00__lam0p000__nu0p50__psi0p00",
  "runtime_sec": 10.756294721970335,
  "seed": 47,
  "support_mode": "none",
  "support_total": 0.0,
  "total_debt_charge": 3.392282009124756,
  "total_support_s": 0.0,
  "z_cut": 1.0
}