{
  "alpha": 0.06,
  "c_upd": 0.6,
  "depr_lambda": 0.02,
  "depr_nu": 0.5,
  "depr_psi": 1.0,
  "eval_CSR_post": 0.009999999776482582,
  "eval_dbar_post_mean": 0.615466833114624,
  "eval_done_count": 100.0,
  "eval_episodes_per_env": 4.0,
  "eval_len_end_mean": 26.0,
  "eval_occupied_post_mean": 0.26999998092651367,
  "eval_return_end_mean": -22.939992904663086,
  "eval_t_eval": 104.0,
  "final_depr_F_post": 24.19036293029785,
  "final_energy_E_post": 0.13542211055755615,
  "final_episode_return_end_mean": -28.021818161010742,
  "final_funding_alpha_eff": 1.910276190703053e-12,
  "final_funding_g": 0.09076540917158127,
  "final_funding_g_raw": 0.09076540917158127,
  "final_update_counter": 2.0,
  "final_vartd_VarTD": 0.2141883373260498,
  "mechanism": "hardzero_plus_depr",
  "mechanism_tag": "hardzero_plus_depr__c0p60__z1p10__lam0p020__nu0p50__psi1p00",
  "runtime_sec": 10.697462679003365,
  "seed": 38,
  "z_cut": 1.1
}