{
  "alpha": 0.078,
  "borrow_interest": 0.01,
  "borrow_limit": 0.6,
  "c_upd": 0.58,
  "depr_lambda": 0.0,
  "depr_nu": 0.5,
  "depr_psi": 0.0,
  "eval_CSR_post": 0.0,
  "eval_dbar_post_mean": 0.569717526435852,
  "eval_done_count": 100.0,
  "eval_episodes_per_env": 4.0,
  "eval_len_end_mean": 26.0,
  "eval_occupied_post_mean": 0.3100000023841858,
  "eval_return_end_mean": -24.476924896240234,
  "eval_t_eval": 104.0,
  "family": "borrow",
  "final_depr_F_post": 0.0,
  "final_energy_E_post": -0.04805799201130867,
  "final_update_counter": 14.0,
  "final_vartd_VarTD": 0.2503896653652191,
  "max_debt_level_post": 0.6000000238418579,
  "mean_update_fraction": 0.01119999960064888,
  "mechanism": "hardzero_only",
  "mechanism_tag": "hardzero_only__c0p58__z1p00__lam0p000__nu0p50__psi0p00",
  "runtime_sec": 10.569885528995655,
  "seed": 44,
  "support_mode": "none",
  "support_total": 0.0,
  "total_debt_charge": 4.264995098114014,
  "total_support_s": 0.0,
  "z_cut": 1.0
}