{
  "alpha": 0.04,
  "c_upd": 0.56,
  "depr_lambda": 0.01,
  "depr_nu": 0.5,
  "depr_psi": 1.25,
  "eval_CSR_post": 0.0,
  "eval_dbar_post_mean": 0.630000650882721,
  "eval_done_count": 100.0,
  "eval_episodes_per_env": 4.0,
  "eval_len_end_mean": 26.0,
  "eval_occupied_post_mean": 0.23999999463558197,
  "eval_return_end_mean": -24.076059341430664,
  "eval_t_eval": 104.0,
  "final_depr_F_post": 12.130182266235352,
  "final_energy_E_post": 0.16549894213676453,
  "final_episode_return_end_mean": -26.825422286987305,
  "final_funding_alpha_eff": 1.0529306315731901e-08,
  "final_funding_g": 0.09325379133224487,
  "final_funding_g_raw": 0.09325379133224487,
  "final_update_counter": 2.0,
  "final_vartd_VarTD": 0.14280131459236145,
  "mechanism": "hardzero_plus_depr",
  "mechanism_tag": "hardzero_plus_depr__c0p56__z1p05__lam0p010__nu0p50__psi1p25",
  "runtime_sec": 10.614557234977838,
  "seed": 39,
  "z_cut": 1.05
}