{
  "alpha": 0.06,
  "c_upd": 0.58,
  "depr_lambda": 0.01,
  "depr_nu": 0.5,
  "depr_psi": 0.75,
  "eval_CSR_post": 0.0,
  "eval_dbar_post_mean": 0.5911349058151245,
  "eval_done_count": 100.0,
  "eval_episodes_per_env": 4.0,
  "eval_len_end_mean": 26.0,
  "eval_occupied_post_mean": 0.29999998211860657,
  "eval_return_end_mean": -23.45896339416504,
  "eval_t_eval": 104.0,
  "final_depr_F_post": 10.735150337219238,
  "final_energy_E_post": 0.23749743402004242,
  "final_episode_return_end_mean": -28.94280242919922,
  "final_funding_alpha_eff": 1.9263987269368954e-05,
  "final_funding_g": 0.0,
  "final_funding_g_raw": 0.07576955109834671,
  "final_update_counter": 3.0,
  "final_vartd_VarTD": 0.17655318975448608,
  "mechanism": "hardzero_plus_depr",
  "mechanism_tag": "hardzero_plus_depr__c0p58__z1p10__lam0p010__nu0p50__psi0p75",
  "runtime_sec": 10.645826806081459,
  "seed": 36,
  "z_cut": 1.1
}