{
  "alpha": 0.03,
  "c_upd": 0.52,
  "depr_lambda": 0.02,
  "depr_nu": 0.5,
  "depr_psi": 0.75,
  "eval_CSR_post": 0.009999999776482582,
  "eval_dbar_post_mean": 0.506208062171936,
  "eval_done_count": 100.0,
  "eval_episodes_per_env": 4.0,
  "eval_len_end_mean": 26.0,
  "eval_occupied_post_mean": 0.3700000047683716,
  "eval_return_end_mean": -22.778730392456055,
  "eval_t_eval": 104.0,
  "final_depr_F_post": 24.740375518798828,
  "final_energy_E_post": 0.160933718085289,
  "final_episode_return_end_mean": -27.288692474365234,
  "final_funding_alpha_eff": 2.661824372029997e-10,
  "final_funding_g": 0.094059057533741,
  "final_funding_g_raw": 0.094059057533741,
  "final_update_counter": 2.0,
  "final_vartd_VarTD": 0.1908964365720749,
  "mechanism": "hardzero_plus_depr",
  "mechanism_tag": "hardzero_plus_depr__c0p52__z1p05__lam0p020__nu0p50__psi0p75",
  "runtime_sec": 23.595551533042453,
  "seed": 30,
  "z_cut": 1.05
}