{
  "alpha": 0.12,
  "c_upd": 0.52,
  "depr_lambda": 0.01,
  "depr_nu": 0.5,
  "depr_psi": 0.75,
  "eval_CSR_post": 0.0,
  "eval_dbar_post_mean": 0.4908427596092224,
  "eval_done_count": 100.0,
  "eval_episodes_per_env": 4.0,
  "eval_len_end_mean": 26.0,
  "eval_occupied_post_mean": 0.35999998450279236,
  "eval_return_end_mean": -24.091299057006836,
  "eval_t_eval": 104.0,
  "final_depr_F_post": 1.9172992706298828,
  "final_energy_E_post": 0.42535170912742615,
  "final_episode_return_end_mean": -24.877016067504883,
  "final_funding_alpha_eff": 0.028703447431325912,
  "final_funding_g": 0.12341075390577316,
  "final_funding_g_raw": 0.12341075390577316,
  "final_update_counter": 14.0,
  "final_vartd_VarTD": 0.24799108505249023,
  "mechanism": "hardzero_plus_depr",
  "mechanism_tag": "hardzero_plus_depr__c0p52__z1p10__lam0p010__nu0p50__psi0p75",
  "runtime_sec": 10.67063623899594,
  "seed": 39,
  "z_cut": 1.1
}