{
  "alpha": 0.12,
  "c_upd": 0.56,
  "depr_lambda": 0.03,
  "depr_nu": 0.5,
  "depr_psi": 1.0,
  "eval_CSR_post": 0.0,
  "eval_dbar_post_mean": 0.5882023572921753,
  "eval_done_count": 100.0,
  "eval_episodes_per_env": 4.0,
  "eval_len_end_mean": 26.0,
  "eval_occupied_post_mean": 0.3700000047683716,
  "eval_return_end_mean": -23.873754501342773,
  "eval_t_eval": 104.0,
  "final_depr_F_post": 37.20010757446289,
  "final_energy_E_post": 0.2595227062702179,
  "final_episode_return_end_mean": -26.767091751098633,
  "final_funding_alpha_eff": 8.63789806667277e-18,
  "final_funding_g": 0.0935119166970253,
  "final_funding_g_raw": 0.0935119166970253,
  "final_update_counter": 2.0,
  "final_vartd_VarTD": 0.1468539535999298,
  "mechanism": "hardzero_plus_depr",
  "mechanism_tag": "hardzero_plus_depr__c0p56__z1p05__lam0p030__nu0p50__psi1p00",
  "runtime_sec": 10.627390894980635,
  "seed": 39,
  "z_cut": 1.05
}