{
  "alpha": 0.1,
  "c_upd": 0.58,
  "depr_lambda": 0.0,
  "depr_nu": 0.5,
  "depr_psi": 0.0,
  "eval_CSR_post": 0.009999999776482582,
  "eval_dbar_post_mean": 0.5157859325408936,
  "eval_done_count": 100.0,
  "eval_episodes_per_env": 4.0,
  "eval_len_end_mean": 26.0,
  "eval_occupied_post_mean": 0.4899999797344208,
  "eval_return_end_mean": -23.939884185791016,
  "eval_t_eval": 104.0,
  "final_depr_F_post": 0.0,
  "final_energy_E_post": 0.438523530960083,
  "final_episode_return_end_mean": -24.748332977294922,
  "final_funding_alpha_eff": 0.10000000149011612,
  "final_funding_g": 0.1710105836391449,
  "final_funding_g_raw": 0.1710105836391449,
  "final_update_counter": 30.0,
  "final_vartd_VarTD": 1.8236743211746216,
  "mechanism": "hardzero_only",
  "mechanism_tag": "hardzero_only__c0p58__z1p10__lam0p000__nu0p50__psi0p00",
  "runtime_sec": 9.933526734006591,
  "seed": 31,
  "z_cut": 1.1
}