{
  "alpha": 0.0,
  "c_upd": 0.6,
  "condition": "disabled_short",
  "eval_CSR_post": 0.0,
  "eval_CSR_pre": 0.0,
  "eval_dbar_post_mean": 0.6521340608596802,
  "eval_dbar_pre_mean": 0.647182047367096,
  "eval_done_count": 100.0,
  "eval_done_per_env_max": 4.0,
  "eval_done_per_env_min": 4.0,
  "eval_episodes_per_env": 4.0,
  "eval_len_end_mean": 26.0,
  "eval_max_tilde_post_mean": 0.9350491166114807,
  "eval_max_tilde_pre_mean": 0.9272568821907043,
  "eval_occupied_post_mean": 0.19999998807907104,
  "eval_occupied_pre_mean": 0.19999998807907104,
  "eval_return_end_mean": -24.898271560668945,
  "eval_t_eval": 104.0,
  "final_energy": 0.3999999761581421,
  "final_executed_updates": 1.0,
  "final_funding_g": 0.08696369081735611,
  "final_funding_z": 1.060662031173706,
  "final_vartd": 0.17769598960876465,
  "horizon_label": "short",
  "mean_update_fraction": 0.00800000037997961,
  "runtime_sec": 0.9972807919839397,
  "seed": 54,
  "train_final_CSR_train": 0.0,
  "train_final_dbar_end": 0.7778343558311462,
  "train_final_min_dists_end_mean": 2.333503007888794,
  "train_final_occupied_end_mean": 0.14400000870227814,
  "train_final_return_end_mean": -27.867528915405273
}