{
  "alpha": 0.06,
  "c_upd": 0.5,
  "depr_lambda": 0.01,
  "depr_nu": 0.5,
  "depr_psi": 1.0,
  "eval_CSR_post": 0.0,
  "eval_dbar_post_mean": 0.5324224233627319,
  "eval_done_count": 100.0,
  "eval_episodes_per_env": 4.0,
  "eval_len_end_mean": 26.0,
  "eval_occupied_post_mean": 0.3199999928474426,
  "eval_return_end_mean": -23.67413330078125,
  "eval_t_eval": 104.0,
  "final_depr_F_post": 11.335164070129395,
  "final_energy_E_post": 0.20212173461914062,
  "final_episode_return_end_mean": -25.963953018188477,
  "final_funding_alpha_eff": 7.239274850689981e-07,
  "final_funding_g": 0.10358664393424988,
  "final_funding_g_raw": 0.10358664393424988,
  "final_update_counter": 3.0,
  "final_vartd_VarTD": 0.1289650946855545,
  "mechanism": "hardzero_plus_depr",
  "mechanism_tag": "hardzero_plus_depr__c0p50__z1p05__lam0p010__nu0p50__psi1p00",
  "runtime_sec": 10.69295392400818,
  "seed": 32,
  "z_cut": 1.05
}