{
  "alpha": 0.1,
  "c_upd": 0.58,
  "depr_lambda": 0.0,
  "depr_nu": 0.5,
  "depr_psi": 0.0,
  "eval_CSR_post": 0.0,
  "eval_dbar_post_mean": 0.47137802839279175,
  "eval_done_count": 100.0,
  "eval_episodes_per_env": 4.0,
  "eval_len_end_mean": 26.0,
  "eval_occupied_post_mean": 0.3799999952316284,
  "eval_return_end_mean": -23.176401138305664,
  "eval_t_eval": 104.0,
  "final_depr_F_post": 0.0,
  "final_energy_E_post": 0.2702241837978363,
  "final_episode_return_end_mean": -24.10477066040039,
  "final_funding_alpha_eff": 0.10000000149011612,
  "final_funding_g": 0.1712328940629959,
  "final_funding_g_raw": 0.1712328940629959,
  "final_update_counter": 30.0,
  "final_vartd_VarTD": 2.01175856590271,
  "mechanism": "hardzero_only",
  "mechanism_tag": "hardzero_only__c0p58__z1p05__lam0p000__nu0p50__psi0p00",
  "runtime_sec": 9.946680047956761,
  "seed": 41,
  "z_cut": 1.05
}