{
  "alpha": 0.04,
  "c_upd": 0.56,
  "depr_lambda": 0.02,
  "depr_nu": 0.5,
  "depr_psi": 1.25,
  "eval_CSR_post": 0.0,
  "eval_dbar_post_mean": 0.5015774965286255,
  "eval_done_count": 100.0,
  "eval_episodes_per_env": 4.0,
  "eval_len_end_mean": 26.0,
  "eval_occupied_post_mean": 0.4699999988079071,
  "eval_return_end_mean": -23.902002334594727,
  "eval_t_eval": 104.0,
  "final_depr_F_post": 24.250364303588867,
  "final_energy_E_post": 0.06848705559968948,
  "final_episode_return_end_mean": -26.159934997558594,
  "final_funding_alpha_eff": 2.806522545015667e-15,
  "final_funding_g": 0.10024644434452057,
  "final_funding_g_raw": 0.10024644434452057,
  "final_update_counter": 2.0,
  "final_vartd_VarTD": 0.12906140089035034,
  "mechanism": "hardzero_plus_depr",
  "mechanism_tag": "hardzero_plus_depr__c0p56__z1p10__lam0p020__nu0p50__psi1p25",
  "runtime_sec": 10.714159431983717,
  "seed": 32,
  "z_cut": 1.1
}