{
  "alpha": 0.04,
  "c_upd": 0.54,
  "depr_lambda": 0.03,
  "depr_nu": 0.5,
  "depr_psi": 1.0,
  "eval_CSR_post": 0.0,
  "eval_dbar_post_mean": 0.767947793006897,
  "eval_done_count": 100.0,
  "eval_episodes_per_env": 4.0,
  "eval_len_end_mean": 26.0,
  "eval_occupied_post_mean": 0.14000000059604645,
  "eval_return_end_mean": -25.99431037902832,
  "eval_t_eval": 104.0,
  "final_depr_F_post": 36.48013687133789,
  "final_energy_E_post": 0.03447221592068672,
  "final_episode_return_end_mean": -26.8707332611084,
  "final_funding_alpha_eff": 5.915154911886594e-18,
  "final_funding_g": 0.09132757782936096,
  "final_funding_g_raw": 0.09132757782936096,
  "final_update_counter": 2.0,
  "final_vartd_VarTD": 0.1468365490436554,
  "mechanism": "hardzero_plus_depr",
  "mechanism_tag": "hardzero_plus_depr__c0p54__z1p05__lam0p030__nu0p50__psi1p00",
  "runtime_sec": 10.826557184976991,
  "seed": 39,
  "z_cut": 1.05
}