{
  "alpha": 0.065,
  "c_upd": 0.58,
  "depr_lambda": 0.0,
  "depr_nu": 0.5,
  "depr_psi": 0.0,
  "eval_CSR_post": 0.009999999776482582,
  "eval_dbar_post_mean": 0.5367686748504639,
  "eval_done_count": 100.0,
  "eval_episodes_per_env": 4.0,
  "eval_len_end_mean": 26.0,
  "eval_occupied_post_mean": 0.35999998450279236,
  "eval_return_end_mean": -24.483606338500977,
  "eval_t_eval": 104.0,
  "final_depr_F_post": 0.0,
  "final_energy_E_post": 0.29909712076187134,
  "final_episode_return_end_mean": -25.162649154663086,
  "final_funding_alpha_eff": 0.06499999761581421,
  "final_funding_g": 0.1394152045249939,
  "final_funding_g_raw": 0.1394152045249939,
  "final_update_counter": 11.0,
  "final_vartd_VarTD": 0.19419896602630615,
  "mechanism": "hardzero_only",
  "mechanism_tag": "hardzero_only__c0p58__z1p00__lam0p000__nu0p50__psi0p00",
  "runtime_sec": 10.860346559085883,
  "seed": 54,
  "z_cut": 1.0
}