{
  "alpha": 0.05,
  "c_upd": 0.54,
  "depr_lambda": 0.01,
  "depr_nu": 0.5,
  "depr_psi": 1.0,
  "eval_CSR_post": 0.0,
  "eval_dbar_post_mean": 0.5717681050300598,
  "eval_done_count": 100.0,
  "eval_episodes_per_env": 4.0,
  "eval_len_end_mean": 26.0,
  "eval_occupied_post_mean": 0.3100000023841858,
  "eval_return_end_mean": -24.388158798217773,
  "eval_t_eval": 104.0,
  "final_depr_F_post": 12.365187644958496,
  "final_energy_E_post": 0.39029255509376526,
  "final_episode_return_end_mean": -26.834421157836914,
  "final_funding_alpha_eff": 2.1536754957196536e-07,
  "final_funding_g": 0.09765182435512543,
  "final_funding_g_raw": 0.09765182435512543,
  "final_update_counter": 2.0,
  "final_vartd_VarTD": 0.1988418698310852,
  "mechanism": "hardzero_plus_depr",
  "mechanism_tag": "hardzero_plus_depr__c0p54__z1p05__lam0p010__nu0p50__psi1p00",
  "runtime_sec": 10.747254301037174,
  "seed": 37,
  "z_cut": 1.05
}