{
  "I_R_full": 0.9392322717219597,
  "alpha": 0.1,
  "borrow_interest": 0.02,
  "borrow_limit": 0.6,
  "c_upd": 1.0,
  "condition": "edge_full__borrow__t1m__a0p10__c1p00",
  "eval_CSR_post": 0.0,
  "eval_CSR_pre": 0.0,
  "eval_dbar_post_mean": 0.5779423713684082,
  "eval_dbar_pre_mean": 0.5716955661773682,
  "eval_done_count": 100.0,
  "eval_done_per_env_max": 4.0,
  "eval_done_per_env_min": 4.0,
  "eval_episodes_per_env": 4.0,
  "eval_len_end_mean": 26.0,
  "eval_max_tilde_post_mean": 0.9032757878303528,
  "eval_max_tilde_pre_mean": 0.8872209191322327,
  "eval_occupied_post_mean": 0.35999998450279236,
  "eval_occupied_pre_mean": 0.29999998211860657,
  "eval_return_end_mean": -24.93011474609375,
  "eval_t_eval": 104.0,
  "family": "borrow",
  "final_energy": -0.6000000238418579,
  "final_executed_updates": 2.0,
  "final_vartd": 0.1553041636943817,
  "learned_R_full_0p5": 1.0,
  "max_debt_level": 0.6000000238418579,
  "mean_update_fraction": 0.006410256493836641,
  "metric_horizon": "full",
  "phase": "extension_full",
  "runtime_sec": 2.713532060999569,
  "seed": 33,
  "support_mode": "none",
  "support_total": 0.0,
  "total_debt_charge": 3.2150979042053223,
  "total_support_injected": 0.0,
  "total_timesteps": 1000000,
  "train_final_return_end_mean": -27.460622787475586
}