{
  "alpha": 0.028,
  "c_upd": 0.58,
  "depr_lambda": 0.0,
  "depr_nu": 0.5,
  "depr_psi": 0.0,
  "eval_CSR_post": 0.0,
  "eval_dbar_post_mean": 0.551784873008728,
  "eval_done_count": 100.0,
  "eval_episodes_per_env": 4.0,
  "eval_len_end_mean": 26.0,
  "eval_occupied_post_mean": 0.3199999928474426,
  "eval_return_end_mean": -24.042858123779297,
  "eval_t_eval": 104.0,
  "final_depr_F_post": 0.0,
  "final_energy_E_post": 0.19410718977451324,
  "final_episode_return_end_mean": -27.22795295715332,
  "final_funding_alpha_eff": 0.02800000086426735,
  "final_funding_g": 0.10335604101419449,
  "final_funding_g_raw": 0.10335604101419449,
  "final_update_counter": 4.0,
  "final_vartd_VarTD": 0.15852922201156616,
  "mechanism": "hardzero_only",
  "mechanism_tag": "hardzero_only__c0p58__z1p00__lam0p000__nu0p50__psi0p00",
  "runtime_sec": 9.62840690498706,
  "seed": 40,
  "z_cut": 1.0
}