{
  "alpha": 0.034,
  "c_upd": 0.58,
  "depr_lambda": 0.005,
  "depr_nu": 1.0,
  "depr_psi": 0.5,
  "eval_CSR_post": 0.0,
  "eval_dbar_post_mean": 0.573104977607727,
  "eval_done_count": 100.0,
  "eval_episodes_per_env": 4.0,
  "eval_len_end_mean": 26.0,
  "eval_occupied_post_mean": 0.3100000023841858,
  "eval_return_end_mean": -24.71369171142578,
  "eval_t_eval": 104.0,
  "final_depr_F_post": 4.440053939819336,
  "final_energy_E_post": 0.54335618019104,
  "final_episode_return_end_mean": -27.619464874267578,
  "final_funding_alpha_eff": 0.0037018535658717155,
  "final_funding_g": 0.0,
  "final_funding_g_raw": 0.09186143428087234,
  "final_update_counter": 2.0,
  "final_vartd_VarTD": 0.13814079761505127,
  "mechanism": "hardzero_plus_depr",
  "mechanism_tag": "hardzero_plus_depr__c0p58__z1p00__lam0p005__nu1p00__psi0p50",
  "runtime_sec": 9.458862338098697,
  "seed": 56,
  "z_cut": 1.0
}