{
  "alpha": 0.08,
  "c_upd": 0.5,
  "depr_lambda": 0.01,
  "depr_nu": 0.5,
  "depr_psi": 1.25,
  "eval_CSR_post": 0.0,
  "eval_dbar_post_mean": 0.5567256808280945,
  "eval_done_count": 100.0,
  "eval_episodes_per_env": 4.0,
  "eval_len_end_mean": 26.0,
  "eval_occupied_post_mean": 0.23999999463558197,
  "eval_return_end_mean": -24.870014190673828,
  "eval_t_eval": 104.0,
  "final_depr_F_post": 11.890176773071289,
  "final_energy_E_post": 0.3298303782939911,
  "final_episode_return_end_mean": -26.180747985839844,
  "final_funding_alpha_eff": 2.842634927446852e-08,
  "final_funding_g": 0.1015336811542511,
  "final_funding_g_raw": 0.1015336811542511,
  "final_update_counter": 3.0,
  "final_vartd_VarTD": 0.12341871857643127,
  "mechanism": "hardzero_plus_depr",
  "mechanism_tag": "hardzero_plus_depr__c0p50__z1p10__lam0p010__nu0p50__psi1p25",
  "runtime_sec": 10.941131943021901,
  "seed": 34,
  "z_cut": 1.1
}