{
  "alpha": 0.055,
  "c_upd": 0.58,
  "depr_lambda": 0.005,
  "depr_nu": 1.0,
  "depr_psi": 0.5,
  "eval_CSR_post": 0.0,
  "eval_dbar_post_mean": 0.5819979310035706,
  "eval_done_count": 100.0,
  "eval_episodes_per_env": 4.0,
  "eval_len_end_mean": 26.0,
  "eval_occupied_post_mean": 0.3400000035762787,
  "eval_return_end_mean": -24.331422805786133,
  "eval_t_eval": 104.0,
  "final_depr_F_post": 0.2699998915195465,
  "final_energy_E_post": 0.31415849924087524,
  "final_episode_return_end_mean": -27.002918243408203,
  "final_funding_alpha_eff": 0.0481746606528759,
  "final_funding_g": 0.10716162621974945,
  "final_funding_g_raw": 0.10716162621974945,
  "final_update_counter": 7.0,
  "final_vartd_VarTD": 0.155117467045784,
  "mechanism": "hardzero_plus_depr",
  "mechanism_tag": "hardzero_plus_depr__c0p58__z1p00__lam0p005__nu1p00__psi0p50",
  "runtime_sec": 9.480709073017351,
  "seed": 41,
  "z_cut": 1.0
}