{
  "alpha": 0.12,
  "c_upd": 0.6,
  "depr_lambda": 0.03,
  "depr_nu": 0.5,
  "depr_psi": 0.75,
  "eval_CSR_post": 0.0,
  "eval_dbar_post_mean": 1.200774908065796,
  "eval_done_count": 100.0,
  "eval_episodes_per_env": 4.0,
  "eval_len_end_mean": 26.0,
  "eval_occupied_post_mean": 0.10999999940395355,
  "eval_return_end_mean": -32.661033630371094,
  "eval_t_eval": 104.0,
  "final_depr_F_post": 36.42013931274414,
  "final_energy_E_post": 0.16720879077911377,
  "final_episode_return_end_mean": -29.22657585144043,
  "final_funding_alpha_eff": 1.6832666987695588e-13,
  "final_funding_g": 0.0,
  "final_funding_g_raw": 0.07062587141990662,
  "final_update_counter": 2.0,
  "final_vartd_VarTD": 0.17843973636627197,
  "mechanism": "hardzero_plus_depr",
  "mechanism_tag": "hardzero_plus_depr__c0p60__z1p05__lam0p030__nu0p50__psi0p75",
  "runtime_sec": 10.728843203978613,
  "seed": 36,
  "z_cut": 1.05
}