{
  "alpha": 0.039,
  "c_upd": 0.58,
  "depr_lambda": 0.0,
  "depr_nu": 0.5,
  "depr_psi": 0.0,
  "eval_CSR_post": 0.0,
  "eval_dbar_post_mean": 0.5530152320861816,
  "eval_done_count": 100.0,
  "eval_episodes_per_env": 4.0,
  "eval_len_end_mean": 26.0,
  "eval_occupied_post_mean": 0.3199999928474426,
  "eval_return_end_mean": -24.996601104736328,
  "eval_t_eval": 104.0,
  "final_depr_F_post": 0.0,
  "final_energy_E_post": 0.3722819685935974,
  "final_episode_return_end_mean": -25.297958374023438,
  "final_funding_alpha_eff": 0.039000000804662704,
  "final_funding_g": 0.12181530892848969,
  "final_funding_g_raw": 0.12181530892848969,
  "final_update_counter": 7.0,
  "final_vartd_VarTD": 0.12812238931655884,
  "mechanism": "hardzero_only",
  "mechanism_tag": "hardzero_only__c0p58__z1p00__lam0p000__nu0p50__psi0p00",
  "runtime_sec": 10.83747825701721,
  "seed": 34,
  "z_cut": 1.0
}