{
  "alpha": 0.02,
  "c_upd": 0.5,
  "depr_lambda": 0.0,
  "depr_nu": 0.5,
  "depr_psi": 0.0,
  "eval_CSR_post": 0.019999999552965164,
  "eval_dbar_post_mean": 0.5027384161949158,
  "eval_done_count": 100.0,
  "eval_episodes_per_env": 4.0,
  "eval_len_end_mean": 26.0,
  "eval_occupied_post_mean": 0.3999999761581421,
  "eval_return_end_mean": -23.7412052154541,
  "eval_t_eval": 104.0,
  "final_depr_F_post": 0.0,
  "final_energy_E_post": 0.11490190029144287,
  "final_episode_return_end_mean": -26.594274520874023,
  "final_funding_alpha_eff": 0.019999999552965164,
  "final_funding_g": 0.117892324924469,
  "final_funding_g_raw": 0.117892324924469,
  "final_update_counter": 7.0,
  "final_vartd_VarTD": 0.13508711755275726,
  "mechanism": "hardzero_only",
  "mechanism_tag": "hardzero_only__c0p50__z1p05__lam0p000__nu0p50__psi0p00",
  "runtime_sec": 9.939223341003526,
  "seed": 35,
  "z_cut": 1.05
}