{
  "alpha": 0.028,
  "c_upd": 0.58,
  "depr_lambda": 0.005,
  "depr_nu": 1.0,
  "depr_psi": 0.5,
  "eval_CSR_post": 0.0,
  "eval_dbar_post_mean": 0.6404146552085876,
  "eval_done_count": 100.0,
  "eval_episodes_per_env": 4.0,
  "eval_len_end_mean": 26.0,
  "eval_occupied_post_mean": 0.25999999046325684,
  "eval_return_end_mean": -25.429550170898438,
  "eval_t_eval": 104.0,
  "final_depr_F_post": 0.7449994683265686,
  "final_energy_E_post": 0.10297411680221558,
  "final_episode_return_end_mean": -28.025840759277344,
  "final_funding_alpha_eff": 0.019340569153428078,
  "final_funding_g": 0.0,
  "final_funding_g_raw": 0.08808795362710953,
  "final_update_counter": 2.0,
  "final_vartd_VarTD": 0.17788442969322205,
  "mechanism": "hardzero_plus_depr",
  "mechanism_tag": "hardzero_plus_depr__c0p58__z1p00__lam0p005__nu1p00__psi0p50",
  "runtime_sec": 9.462777310982347,
  "seed": 40,
  "z_cut": 1.0
}