{
  "I_R_full_anchor_compat": 0.9229721367938428,
  "above_R_THRESH_FULL_anchor": 1.0,
  "alpha": 1.0,
  "borrow_interest": 0.0,
  "borrow_limit": 0.0,
  "c_upd": 0.9,
  "condition": "enabled_full__support__t4m__a1p00__c0p90",
  "eval_CSR_post": 0.009999999776482582,
  "eval_CSR_pre": 0.009999999776482582,
  "eval_dbar_post_mean": 0.6236842274665833,
  "eval_dbar_pre_mean": 0.6200686693191528,
  "eval_done_count": 100.0,
  "eval_done_per_env_max": 4.0,
  "eval_done_per_env_min": 4.0,
  "eval_episodes_per_env": 4.0,
  "eval_len_end_mean": 26.0,
  "eval_max_tilde_post_mean": 0.8836864829063416,
  "eval_max_tilde_pre_mean": 0.8788154125213623,
  "eval_occupied_post_mean": 0.25999999046325684,
  "eval_occupied_pre_mean": 0.26999998092651367,
  "eval_return_end_mean": -24.97039031982422,
  "eval_t_eval": 104.0,
  "family": "support",
  "final_energy": 0.6200074553489685,
  "final_executed_updates": 185.0,
  "final_vartd": 3.990431308746338,
  "max_debt_level": 0.0,
  "mean_update_fraction": 0.14800000190734863,
  "metric_horizon": "long4m",
  "phase": "extension_full",
  "runtime_sec": 11.108398043001216,
  "seed": 51,
  "support_mode": "frontload",
  "support_total": 0.6,
  "total_debt_charge": 0.0,
  "total_support_injected": 0.5999999642372131,
  "total_timesteps": 4000000,
  "train_final_return_end_mean": -23.99887466430664
}