{
  "alpha": 0.08,
  "c_upd": 0.54,
  "depr_lambda": 0.0,
  "depr_nu": 0.5,
  "depr_psi": 0.0,
  "eval_CSR_post": 0.0,
  "eval_dbar_post_mean": 0.4777596890926361,
  "eval_done_count": 100.0,
  "eval_episodes_per_env": 4.0,
  "eval_len_end_mean": 26.0,
  "eval_occupied_post_mean": 0.429999977350235,
  "eval_return_end_mean": -23.16068458557129,
  "eval_t_eval": 104.0,
  "final_depr_F_post": 0.0,
  "final_energy_E_post": 0.5463679432868958,
  "final_episode_return_end_mean": -24.54276466369629,
  "final_funding_alpha_eff": 0.07999999821186066,
  "final_funding_g": 0.15511023998260498,
  "final_funding_g_raw": 0.15511023998260498,
  "final_update_counter": 24.0,
  "final_vartd_VarTD": 1.1008862257003784,
  "mechanism": "hardzero_only",
  "mechanism_tag": "hardzero_only__c0p54__z1p05__lam0p000__nu0p50__psi0p00",
  "runtime_sec": 20.019931760034524,
  "seed": 30,
  "z_cut": 1.05
}