{
  "alpha": 0.12,
  "c_upd": 0.5,
  "depr_lambda": 0.01,
  "depr_nu": 0.5,
  "depr_psi": 1.25,
  "eval_CSR_post": 0.0,
  "eval_dbar_post_mean": 0.5400205850601196,
  "eval_done_count": 100.0,
  "eval_episodes_per_env": 4.0,
  "eval_len_end_mean": 26.0,
  "eval_occupied_post_mean": 0.3499999940395355,
  "eval_return_end_mean": -23.750770568847656,
  "eval_t_eval": 104.0,
  "final_depr_F_post": 11.235161781311035,
  "final_energy_E_post": 0.3419947326183319,
  "final_episode_return_end_mean": -26.24726676940918,
  "final_funding_alpha_eff": 9.669388134625478e-08,
  "final_funding_g": 0.1017569974064827,
  "final_funding_g_raw": 0.1017569974064827,
  "final_update_counter": 4.0,
  "final_vartd_VarTD": 0.13766980171203613,
  "mechanism": "hardzero_plus_depr",
  "mechanism_tag": "hardzero_plus_depr__c0p50__z1p05__lam0p010__nu0p50__psi1p25",
  "runtime_sec": 10.756014872982632,
  "seed": 39,
  "z_cut": 1.05
}