{
  "alpha": 0.08,
  "c_upd": 0.5,
  "depr_lambda": 0.01,
  "depr_nu": 0.5,
  "depr_psi": 0.75,
  "eval_CSR_post": 0.019999999552965164,
  "eval_dbar_post_mean": 0.5133579969406128,
  "eval_done_count": 100.0,
  "eval_episodes_per_env": 4.0,
  "eval_len_end_mean": 26.0,
  "eval_occupied_post_mean": 0.3799999952316284,
  "eval_return_end_mean": -24.024492263793945,
  "eval_t_eval": 104.0,
  "final_depr_F_post": 9.300117492675781,
  "final_energy_E_post": 0.30593472719192505,
  "final_episode_return_end_mean": -28.028261184692383,
  "final_funding_alpha_eff": 7.535377517342567e-05,
  "final_funding_g": 0.09029120206832886,
  "final_funding_g_raw": 0.09029120206832886,
  "final_update_counter": 5.0,
  "final_vartd_VarTD": 0.1590462476015091,
  "mechanism": "hardzero_plus_depr",
  "mechanism_tag": "hardzero_plus_depr__c0p50__z1p10__lam0p010__nu0p50__psi0p75",
  "runtime_sec": 10.834246348007582,
  "seed": 36,
  "z_cut": 1.1
}