{
  "alpha": 0.1,
  "c_upd": 0.5,
  "depr_lambda": 0.01,
  "depr_nu": 0.5,
  "depr_psi": 1.25,
  "eval_CSR_post": 0.0,
  "eval_dbar_post_mean": 0.519966185092926,
  "eval_done_count": 100.0,
  "eval_episodes_per_env": 4.0,
  "eval_len_end_mean": 26.0,
  "eval_occupied_post_mean": 0.4099999964237213,
  "eval_return_end_mean": -24.41500473022461,
  "eval_t_eval": 104.0,
  "final_depr_F_post": 10.960155487060547,
  "final_energy_E_post": 0.21245984733104706,
  "final_episode_return_end_mean": -25.83048439025879,
  "final_funding_alpha_eff": 1.1363438545686222e-07,
  "final_funding_g": 0.12506432831287384,
  "final_funding_g_raw": 0.12506432831287384,
  "final_update_counter": 4.0,
  "final_vartd_VarTD": 0.11122876405715942,
  "mechanism": "hardzero_plus_depr",
  "mechanism_tag": "hardzero_plus_depr__c0p50__z1p10__lam0p010__nu0p50__psi1p25",
  "runtime_sec": 10.97985773102846,
  "seed": 33,
  "z_cut": 1.1
}