{
  "alpha": 0.08,
  "c_upd": 0.6,
  "depr_lambda": 0.02,
  "depr_nu": 0.5,
  "depr_psi": 1.25,
  "eval_CSR_post": 0.0,
  "eval_dbar_post_mean": 0.6378786563873291,
  "eval_done_count": 100.0,
  "eval_episodes_per_env": 4.0,
  "eval_len_end_mean": 26.0,
  "eval_occupied_post_mean": 0.17999999225139618,
  "eval_return_end_mean": -24.378347396850586,
  "eval_t_eval": 104.0,
  "final_depr_F_post": 24.420368194580078,
  "final_energy_E_post": 0.15789586305618286,
  "final_episode_return_end_mean": -28.042865753173828,
  "final_funding_alpha_eff": 4.538461400178375e-15,
  "final_funding_g": 0.08996865898370743,
  "final_funding_g_raw": 0.08996865898370743,
  "final_update_counter": 2.0,
  "final_vartd_VarTD": 0.22201889753341675,
  "mechanism": "hardzero_plus_depr",
  "mechanism_tag": "hardzero_plus_depr__c0p60__z1p10__lam0p020__nu0p50__psi1p25",
  "runtime_sec": 10.664015820017084,
  "seed": 38,
  "z_cut": 1.1
}