{
  "alpha": 0.06,
  "c_upd": 0.6,
  "depr_lambda": 0.01,
  "depr_nu": 0.5,
  "depr_psi": 1.0,
  "eval_CSR_post": 0.0,
  "eval_dbar_post_mean": 0.658759355545044,
  "eval_done_count": 100.0,
  "eval_episodes_per_env": 4.0,
  "eval_len_end_mean": 26.0,
  "eval_occupied_post_mean": 0.32999998331069946,
  "eval_return_end_mean": -24.674041748046875,
  "eval_t_eval": 104.0,
  "final_depr_F_post": 12.220184326171875,
  "final_energy_E_post": 0.4419029653072357,
  "final_episode_return_end_mean": -28.061859130859375,
  "final_funding_alpha_eff": 2.987690947975352e-07,
  "final_funding_g": 0.08901097625494003,
  "final_funding_g_raw": 0.08901097625494003,
  "final_update_counter": 2.0,
  "final_vartd_VarTD": 0.21979495882987976,
  "mechanism": "hardzero_plus_depr",
  "mechanism_tag": "hardzero_plus_depr__c0p60__z1p10__lam0p010__nu0p50__psi1p00",
  "runtime_sec": 10.726822918979451,
  "seed": 38,
  "z_cut": 1.1
}