{
  "alpha": 0.025,
  "c_upd": 0.58,
  "depr_lambda": 0.005,
  "depr_nu": 1.0,
  "depr_psi": 0.5,
  "eval_CSR_post": 0.0,
  "eval_dbar_post_mean": 0.5432827472686768,
  "eval_done_count": 100.0,
  "eval_episodes_per_env": 4.0,
  "eval_len_end_mean": 26.0,
  "eval_occupied_post_mean": 0.3700000047683716,
  "eval_return_end_mean": -24.72061538696289,
  "eval_t_eval": 104.0,
  "final_depr_F_post": 4.06004524230957,
  "final_energy_E_post": 0.4260386526584625,
  "final_episode_return_end_mean": -25.890548706054688,
  "final_funding_alpha_eff": 0.00329153286293149,
  "final_funding_g": 0.11227558553218842,
  "final_funding_g_raw": 0.11227558553218842,
  "final_update_counter": 2.0,
  "final_vartd_VarTD": 0.12773384153842926,
  "mechanism": "hardzero_plus_depr",
  "mechanism_tag": "hardzero_plus_depr__c0p58__z1p00__lam0p005__nu1p00__psi0p50",
  "runtime_sec": 9.466476534027606,
  "seed": 44,
  "z_cut": 1.0
}