{
  "alpha": 0.05,
  "c_upd": 0.52,
  "depr_lambda": 0.02,
  "depr_nu": 0.5,
  "depr_psi": 1.25,
  "eval_CSR_post": 0.0,
  "eval_dbar_post_mean": 0.6388106346130371,
  "eval_done_count": 100.0,
  "eval_episodes_per_env": 4.0,
  "eval_len_end_mean": 26.0,
  "eval_occupied_post_mean": 0.25999999046325684,
  "eval_return_end_mean": -25.50814437866211,
  "eval_t_eval": 104.0,
  "final_depr_F_post": 24.64037322998047,
  "final_energy_E_post": 0.0557834766805172,
  "final_episode_return_end_mean": -26.5600643157959,
  "final_funding_alpha_eff": 2.1545398979321137e-15,
  "final_funding_g": 0.11068505048751831,
  "final_funding_g_raw": 0.11068505048751831,
  "final_update_counter": 2.0,
  "final_vartd_VarTD": 0.11947868764400482,
  "mechanism": "hardzero_plus_depr",
  "mechanism_tag": "hardzero_plus_depr__c0p52__z1p00__lam0p020__nu0p50__psi1p25",
  "runtime_sec": 10.649932817032095,
  "seed": 33,
  "z_cut": 1.0
}