{
  "alpha": 0.07,
  "c_upd": 0.58,
  "depr_lambda": 0.005,
  "depr_nu": 1.0,
  "depr_psi": 0.5,
  "eval_CSR_post": 0.009999999776482582,
  "eval_dbar_post_mean": 0.4936751127243042,
  "eval_done_count": 100.0,
  "eval_episodes_per_env": 4.0,
  "eval_len_end_mean": 26.0,
  "eval_occupied_post_mean": 0.47999998927116394,
  "eval_return_end_mean": -24.365591049194336,
  "eval_t_eval": 104.0,
  "final_depr_F_post": 0.004999999888241291,
  "final_energy_E_post": 0.024086972698569298,
  "final_episode_return_end_mean": -25.51424789428711,
  "final_funding_alpha_eff": 0.07000000029802322,
  "final_funding_g": 0.13946440815925598,
  "final_funding_g_raw": 0.13946440815925598,
  "final_update_counter": 14.0,
  "final_vartd_VarTD": 0.2623538076877594,
  "mechanism": "hardzero_plus_depr",
  "mechanism_tag": "hardzero_plus_depr__c0p58__z1p00__lam0p005__nu1p00__psi0p50",
  "runtime_sec": 9.489358445047401,
  "seed": 41,
  "z_cut": 1.0
}