{
  "alpha": 0.043,
  "c_upd": 0.58,
  "depr_lambda": 0.0,
  "depr_nu": 0.5,
  "depr_psi": 0.0,
  "eval_CSR_post": 0.0,
  "eval_dbar_post_mean": 1.4343050718307495,
  "eval_done_count": 100.0,
  "eval_episodes_per_env": 4.0,
  "eval_len_end_mean": 26.0,
  "eval_occupied_post_mean": 0.03999999910593033,
  "eval_return_end_mean": -35.83090591430664,
  "eval_t_eval": 104.0,
  "final_depr_F_post": 0.0,
  "final_energy_E_post": 0.3779294490814209,
  "final_episode_return_end_mean": -26.805686950683594,
  "final_funding_alpha_eff": 0.0430000014603138,
  "final_funding_g": 0.0,
  "final_funding_g_raw": 0.0980798751115799,
  "final_update_counter": 2.0,
  "final_vartd_VarTD": 0.14822088181972504,
  "mechanism": "hardzero_only",
  "mechanism_tag": "hardzero_only__c0p58__z1p00__lam0p000__nu0p50__psi0p00",
  "runtime_sec": 10.86505332600791,
  "seed": 60,
  "z_cut": 1.0
}