{
  "alpha": 0.0,
  "c_upd": 0.58,
  "condition": "fragile_full",
  "eval_CSR_post": 0.0,
  "eval_CSR_pre": 0.0,
  "eval_dbar_post_mean": 0.6196885108947754,
  "eval_dbar_pre_mean": 0.6145979166030884,
  "eval_done_count": 100.0,
  "eval_done_per_env_max": 4.0,
  "eval_done_per_env_min": 4.0,
  "eval_episodes_per_env": 4.0,
  "eval_len_end_mean": 26.0,
  "eval_max_tilde_post_mean": 0.9437630772590637,
  "eval_max_tilde_pre_mean": 0.9380981922149658,
  "eval_occupied_post_mean": 0.3700000047683716,
  "eval_occupied_pre_mean": 0.3499999940395355,
  "eval_return_end_mean": -24.347646713256836,
  "eval_t_eval": 104.0,
  "final_energy": 0.42000001668930054,
  "final_executed_updates": 1.0,
  "final_funding_g": 0.10493981093168259,
  "final_funding_z": 0.9790596961975098,
  "final_vartd": 0.15716306865215302,
  "horizon_label": "full",
  "mean_update_fraction": 0.0032051282469183207,
  "runtime_sec": 2.3793695300118998,
  "seed": 52,
  "train_final_CSR_train": 0.0,
  "train_final_dbar_end": 0.7179914712905884,
  "train_final_min_dists_end_mean": 2.1539742946624756,
  "train_final_occupied_end_mean": 0.18400001525878906,
  "train_final_return_end_mean": -26.622283935546875
}