{
  "alpha": 0.12,
  "c_upd": 0.52,
  "depr_lambda": 0.01,
  "depr_nu": 0.5,
  "depr_psi": 1.0,
  "eval_CSR_post": 0.0,
  "eval_dbar_post_mean": 0.5370794534683228,
  "eval_done_count": 100.0,
  "eval_episodes_per_env": 4.0,
  "eval_len_end_mean": 26.0,
  "eval_occupied_post_mean": 0.3100000023841858,
  "eval_return_end_mean": -23.264760971069336,
  "eval_t_eval": 104.0,
  "final_depr_F_post": 8.961671829223633,
  "final_energy_E_post": 0.2609882354736328,
  "final_episode_return_end_mean": -25.174043655395508,
  "final_funding_alpha_eff": 1.554245682200417e-05,
  "final_funding_g": 0.12365851551294327,
  "final_funding_g_raw": 0.12365851551294327,
  "final_update_counter": 6.0,
  "final_vartd_VarTD": 0.13082832098007202,
  "mechanism": "hardzero_plus_depr",
  "mechanism_tag": "hardzero_plus_depr__c0p52__z1p10__lam0p010__nu0p50__psi1p00",
  "runtime_sec": 10.789058441005182,
  "seed": 32,
  "z_cut": 1.1
}