{
  "alpha": 0.03,
  "c_upd": 0.6,
  "depr_lambda": 0.0,
  "depr_nu": 0.5,
  "depr_psi": 0.0,
  "eval_CSR_post": 0.0,
  "eval_dbar_post_mean": 0.5192588567733765,
  "eval_done_count": 100.0,
  "eval_episodes_per_env": 4.0,
  "eval_len_end_mean": 26.0,
  "eval_occupied_post_mean": 0.3100000023841858,
  "eval_return_end_mean": -23.732877731323242,
  "eval_t_eval": 104.0,
  "final_depr_F_post": 0.0,
  "final_energy_E_post": 0.3142019510269165,
  "final_episode_return_end_mean": -26.271516799926758,
  "final_funding_alpha_eff": 0.029999999329447746,
  "final_funding_g": 0.11781803518533707,
  "final_funding_g_raw": 0.11781803518533707,
  "final_update_counter": 8.0,
  "final_vartd_VarTD": 0.15226659178733826,
  "mechanism": "hardzero_only",
  "mechanism_tag": "hardzero_only__c0p60__z1p10__lam0p000__nu0p50__psi0p00",
  "runtime_sec": 9.872772219998296,
  "seed": 40,
  "z_cut": 1.1
}