{
  "I_R_full": 1.986853606580334,
  "alpha": 1.0,
  "borrow_interest": 0.0,
  "borrow_limit": 0.0,
  "c_upd": 0.9,
  "condition": "enabled_full__base__t1m__a1p00__c0p90",
  "eval_CSR_post": 0.019999999552965164,
  "eval_CSR_pre": 0.009999999776482582,
  "eval_dbar_post_mean": 0.4458952844142914,
  "eval_dbar_pre_mean": 0.44628798961639404,
  "eval_done_count": 100.0,
  "eval_done_per_env_max": 4.0,
  "eval_done_per_env_min": 4.0,
  "eval_episodes_per_env": 4.0,
  "eval_len_end_mean": 26.0,
  "eval_max_tilde_post_mean": 0.6182389855384827,
  "eval_max_tilde_pre_mean": 0.62251216173172,
  "eval_occupied_post_mean": 0.47999998927116394,
  "eval_occupied_pre_mean": 0.44999998807907104,
  "eval_return_end_mean": -22.335206985473633,
  "eval_t_eval": 104.0,
  "family": "base",
  "final_energy": 0.8907642364501953,
  "final_executed_updates": 52.0,
  "final_vartd": 5.011813640594482,
  "learned_R_full_0p5": 1.0,
  "max_debt_level": 0.0,
  "mean_update_fraction": 0.1666666716337204,
  "metric_horizon": "full",
  "phase": "extension_full",
  "runtime_sec": 2.7980619970003318,
  "seed": 38,
  "support_mode": "none",
  "support_total": 0.0,
  "total_debt_charge": 0.0,
  "total_support_injected": 0.0,
  "total_timesteps": 1000000,
  "train_final_return_end_mean": -22.76799964904785
}