{
  "alpha": 0.12,
  "c_upd": 0.58,
  "depr_lambda": 0.02,
  "depr_nu": 0.5,
  "depr_psi": 0.75,
  "eval_CSR_post": 0.0,
  "eval_dbar_post_mean": 0.5272272229194641,
  "eval_done_count": 100.0,
  "eval_episodes_per_env": 4.0,
  "eval_len_end_mean": 26.0,
  "eval_occupied_post_mean": 0.4099999964237213,
  "eval_return_end_mean": -22.75151824951172,
  "eval_t_eval": 104.0,
  "final_depr_F_post": 23.655349731445312,
  "final_energy_E_post": 0.3605444133281708,
  "final_episode_return_end_mean": -26.32659339904785,
  "final_funding_alpha_eff": 2.402450904881448e-09,
  "final_funding_g": 0.11544518917798996,
  "final_funding_g_raw": 0.11544518917798996,
  "final_update_counter": 3.0,
  "final_vartd_VarTD": 0.11426743119955063,
  "mechanism": "hardzero_plus_depr",
  "mechanism_tag": "hardzero_plus_depr__c0p58__z1p10__lam0p020__nu0p50__psi0p75",
  "runtime_sec": 10.764521845034324,
  "seed": 33,
  "z_cut": 1.1
}