{
  "alpha": 0.06,
  "c_upd": 0.58,
  "depr_lambda": 0.02,
  "depr_nu": 0.5,
  "depr_psi": 1.0,
  "eval_CSR_post": 0.0,
  "eval_dbar_post_mean": 0.5885902643203735,
  "eval_done_count": 100.0,
  "eval_episodes_per_env": 4.0,
  "eval_len_end_mean": 26.0,
  "eval_occupied_post_mean": 0.28999999165534973,
  "eval_return_end_mean": -24.172460556030273,
  "eval_t_eval": 104.0,
  "final_depr_F_post": 24.160362243652344,
  "final_energy_E_post": 0.12404482811689377,
  "final_episode_return_end_mean": -26.757816314697266,
  "final_funding_alpha_eff": 1.9684542624381907e-12,
  "final_funding_g": 0.10769300907850266,
  "final_funding_g_raw": 0.10769300907850266,
  "final_update_counter": 2.0,
  "final_vartd_VarTD": 0.12080613523721695,
  "mechanism": "hardzero_plus_depr",
  "mechanism_tag": "hardzero_plus_depr__c0p58__z1p05__lam0p020__nu0p50__psi1p00",
  "runtime_sec": 10.65972886804957,
  "seed": 33,
  "z_cut": 1.05
}