{
  "alpha": 0.1,
  "c_upd": 0.52,
  "depr_lambda": 0.01,
  "depr_nu": 0.5,
  "depr_psi": 1.25,
  "eval_CSR_post": 0.0,
  "eval_dbar_post_mean": 0.5379773378372192,
  "eval_done_count": 100.0,
  "eval_episodes_per_env": 4.0,
  "eval_len_end_mean": 26.0,
  "eval_occupied_post_mean": 0.3999999761581421,
  "eval_return_end_mean": -24.847450256347656,
  "eval_t_eval": 104.0,
  "final_depr_F_post": 11.990179061889648,
  "final_energy_E_post": 0.48281511664390564,
  "final_episode_return_end_mean": -25.93984031677246,
  "final_funding_alpha_eff": 3.135761872385956e-08,
  "final_funding_g": 0.10306087136268616,
  "final_funding_g_raw": 0.10306087136268616,
  "final_update_counter": 3.0,
  "final_vartd_VarTD": 0.13097819685935974,
  "mechanism": "hardzero_plus_depr",
  "mechanism_tag": "hardzero_plus_depr__c0p52__z1p10__lam0p010__nu0p50__psi1p25",
  "runtime_sec": 10.665454059024341,
  "seed": 32,
  "z_cut": 1.1
}