{
  "alpha": 0.1,
  "c_upd": 0.54,
  "depr_lambda": 0.01,
  "depr_nu": 0.5,
  "depr_psi": 1.0,
  "eval_CSR_post": 0.0,
  "eval_dbar_post_mean": 0.547229528427124,
  "eval_done_count": 100.0,
  "eval_episodes_per_env": 4.0,
  "eval_len_end_mean": 26.0,
  "eval_occupied_post_mean": 0.3799999952316284,
  "eval_return_end_mean": -23.25991439819336,
  "eval_t_eval": 104.0,
  "final_depr_F_post": 10.571396827697754,
  "final_energy_E_post": 0.2643592357635498,
  "final_episode_return_end_mean": -28.51580047607422,
  "final_funding_alpha_eff": 2.589666109997779e-06,
  "final_funding_g": 0.08108115196228027,
  "final_funding_g_raw": 0.08108115196228027,
  "final_update_counter": 4.0,
  "final_vartd_VarTD": 0.17274819314479828,
  "mechanism": "hardzero_plus_depr",
  "mechanism_tag": "hardzero_plus_depr__c0p54__z1p10__lam0p010__nu0p50__psi1p00",
  "runtime_sec": 10.712206362979487,
  "seed": 36,
  "z_cut": 1.1
}