{
  "alpha": 0.03,
  "c_upd": 0.56,
  "depr_lambda": 0.0,
  "depr_nu": 0.5,
  "depr_psi": 0.0,
  "eval_CSR_post": 0.009999999776482582,
  "eval_dbar_post_mean": 0.4789203405380249,
  "eval_done_count": 100.0,
  "eval_episodes_per_env": 4.0,
  "eval_len_end_mean": 26.0,
  "eval_occupied_post_mean": 0.5600000023841858,
  "eval_return_end_mean": -23.86607551574707,
  "eval_t_eval": 104.0,
  "final_depr_F_post": 0.0,
  "final_energy_E_post": 0.5305764079093933,
  "final_episode_return_end_mean": -26.594026565551758,
  "final_funding_alpha_eff": 0.029999999329447746,
  "final_funding_g": 0.11446112394332886,
  "final_funding_g_raw": 0.11446112394332886,
  "final_update_counter": 8.0,
  "final_vartd_VarTD": 0.1171354204416275,
  "mechanism": "hardzero_only",
  "mechanism_tag": "hardzero_only__c0p56__z1p10__lam0p000__nu0p50__psi0p00",
  "runtime_sec": 9.717610558029264,
  "seed": 31,
  "z_cut": 1.1
}