{
  "alpha": 0.06,
  "c_upd": 0.6,
  "depr_lambda": 0.01,
  "depr_nu": 0.5,
  "depr_psi": 1.25,
  "eval_CSR_post": 0.009999999776482582,
  "eval_dbar_post_mean": 0.5378401875495911,
  "eval_done_count": 100.0,
  "eval_episodes_per_env": 4.0,
  "eval_len_end_mean": 26.0,
  "eval_occupied_post_mean": 0.35999998450279236,
  "eval_return_end_mean": -23.381916046142578,
  "eval_t_eval": 104.0,
  "final_depr_F_post": 12.230184555053711,
  "final_energy_E_post": 0.35188624262809753,
  "final_episode_return_end_mean": -26.327993392944336,
  "final_funding_alpha_eff": 1.393808002347896e-08,
  "final_funding_g": 0.0985913947224617,
  "final_funding_g_raw": 0.0985913947224617,
  "final_update_counter": 2.0,
  "final_vartd_VarTD": 0.13676926493644714,
  "mechanism": "hardzero_plus_depr",
  "mechanism_tag": "hardzero_plus_depr__c0p60__z1p10__lam0p010__nu0p50__psi1p25",
  "runtime_sec": 10.882080233073793,
  "seed": 32,
  "z_cut": 1.1
}