{
  "I_R_full_anchor_compat": 3.2247083555882488,
  "above_R_THRESH_FULL_anchor": 1.0,
  "alpha": 1.0,
  "borrow_interest": 0.02,
  "borrow_limit": 0.6,
  "c_upd": 0.9,
  "condition": "enabled_full__borrow__t4m__a1p00__c0p90",
  "eval_CSR_post": 0.0,
  "eval_CSR_pre": 0.0,
  "eval_dbar_post_mean": 0.4619463086128235,
  "eval_dbar_pre_mean": 0.4574868679046631,
  "eval_done_count": 100.0,
  "eval_done_per_env_max": 4.0,
  "eval_done_per_env_min": 4.0,
  "eval_episodes_per_env": 4.0,
  "eval_len_end_mean": 26.0,
  "eval_max_tilde_post_mean": 0.6797193288803101,
  "eval_max_tilde_pre_mean": 0.6752472519874573,
  "eval_occupied_post_mean": 0.3499999940395355,
  "eval_occupied_pre_mean": 0.41999998688697815,
  "eval_return_end_mean": -19.269100189208984,
  "eval_t_eval": 104.0,
  "family": "borrow",
  "final_energy": -0.33902525901794434,
  "final_executed_updates": 262.0,
  "final_vartd": 4.035825729370117,
  "max_debt_level": 0.4658259153366089,
  "mean_update_fraction": 0.20960000157356262,
  "metric_horizon": "long4m",
  "phase": "extension_full",
  "runtime_sec": 11.94069566700091,
  "seed": 49,
  "support_mode": "none",
  "support_total": 0.0,
  "total_debt_charge": 2.407289743423462,
  "total_support_injected": 0.0,
  "total_timesteps": 4000000,
  "train_final_return_end_mean": -20.899526596069336
}