{
  "alpha": 0.046,
  "c_upd": 0.58,
  "depr_lambda": 0.005,
  "depr_nu": 1.0,
  "depr_psi": 0.5,
  "eval_CSR_post": 0.0,
  "eval_dbar_post_mean": 0.4843143820762634,
  "eval_done_count": 100.0,
  "eval_episodes_per_env": 4.0,
  "eval_len_end_mean": 26.0,
  "eval_occupied_post_mean": 0.4399999976158142,
  "eval_return_end_mean": -23.145614624023438,
  "eval_t_eval": 104.0,
  "final_depr_F_post": 0.034999996423721313,
  "final_energy_E_post": 0.027656562626361847,
  "final_episode_return_end_mean": -27.312480926513672,
  "final_funding_alpha_eff": 0.045315150171518326,
  "final_funding_g": 0.0,
  "final_funding_g_raw": 0.09666289389133453,
  "final_update_counter": 5.0,
  "final_vartd_VarTD": 0.13796456158161163,
  "mechanism": "hardzero_plus_depr",
  "mechanism_tag": "hardzero_plus_depr__c0p58__z1p00__lam0p005__nu1p00__psi0p50",
  "runtime_sec": 9.470340200001374,
  "seed": 56,
  "z_cut": 1.0
}