{
  "alpha": 0.06,
  "c_upd": 0.5,
  "depr_lambda": 0.0,
  "depr_nu": 0.5,
  "depr_psi": 0.0,
  "eval_CSR_post": 0.0,
  "eval_dbar_post_mean": 0.4967772364616394,
  "eval_done_count": 100.0,
  "eval_episodes_per_env": 4.0,
  "eval_len_end_mean": 26.0,
  "eval_occupied_post_mean": 0.3999999761581421,
  "eval_return_end_mean": -24.06184959411621,
  "eval_t_eval": 104.0,
  "final_depr_F_post": 0.0,
  "final_energy_E_post": 0.2453303188085556,
  "final_episode_return_end_mean": -24.556020736694336,
  "final_funding_alpha_eff": 0.05999999865889549,
  "final_funding_g": 0.16798701882362366,
  "final_funding_g_raw": 0.16798701882362366,
  "final_update_counter": 21.0,
  "final_vartd_VarTD": 0.795973002910614,
  "mechanism": "hardzero_only",
  "mechanism_tag": "hardzero_only__c0p50__z1p10__lam0p000__nu0p50__psi0p00",
  "runtime_sec": 9.894980042998213,
  "seed": 41,
  "z_cut": 1.1
}