{
  "alpha": 0.04,
  "c_upd": 0.5,
  "depr_lambda": 0.01,
  "depr_nu": 0.5,
  "depr_psi": 0.75,
  "eval_CSR_post": 0.0,
  "eval_dbar_post_mean": 0.590427041053772,
  "eval_done_count": 100.0,
  "eval_episodes_per_env": 4.0,
  "eval_len_end_mean": 26.0,
  "eval_occupied_post_mean": 0.23999999463558197,
  "eval_return_end_mean": -24.674970626831055,
  "eval_t_eval": 104.0,
  "final_depr_F_post": 10.700149536132812,
  "final_energy_E_post": 0.14627091586589813,
  "final_episode_return_end_mean": -26.095821380615234,
  "final_funding_alpha_eff": 1.3184242561692372e-05,
  "final_funding_g": 0.101869598031044,
  "final_funding_g_raw": 0.101869598031044,
  "final_update_counter": 3.0,
  "final_vartd_VarTD": 0.1216122955083847,
  "mechanism": "hardzero_plus_depr",
  "mechanism_tag": "hardzero_plus_depr__c0p50__z1p10__lam0p010__nu0p50__psi0p75",
  "runtime_sec": 10.768611879029777,
  "seed": 34,
  "z_cut": 1.1
}