{
  "alpha": 0.053,
  "c_upd": 0.58,
  "depr_lambda": 0.0,
  "depr_nu": 0.5,
  "depr_psi": 0.0,
  "eval_CSR_post": 0.0,
  "eval_dbar_post_mean": 0.4745841920375824,
  "eval_done_count": 100.0,
  "eval_episodes_per_env": 4.0,
  "eval_len_end_mean": 26.0,
  "eval_occupied_post_mean": 0.3700000047683716,
  "eval_return_end_mean": -23.01468276977539,
  "eval_t_eval": 104.0,
  "final_depr_F_post": 0.0,
  "final_energy_E_post": 0.095877505838871,
  "final_episode_return_end_mean": -26.168115615844727,
  "final_funding_alpha_eff": 0.05299999937415123,
  "final_funding_g": 0.12266086041927338,
  "final_funding_g_raw": 0.12266086041927338,
  "final_update_counter": 9.0,
  "final_vartd_VarTD": 0.1463577300310135,
  "mechanism": "hardzero_only",
  "mechanism_tag": "hardzero_only__c0p58__z1p00__lam0p000__nu0p50__psi0p00",
  "runtime_sec": 10.874390734941699,
  "seed": 40,
  "z_cut": 1.0
}