{
  "alpha": 0.03,
  "c_upd": 0.52,
  "depr_lambda": 0.02,
  "depr_nu": 0.5,
  "depr_psi": 0.75,
  "eval_CSR_post": 0.0,
  "eval_dbar_post_mean": 0.630078911781311,
  "eval_done_count": 100.0,
  "eval_episodes_per_env": 4.0,
  "eval_len_end_mean": 26.0,
  "eval_occupied_post_mean": 0.28999999165534973,
  "eval_return_end_mean": -25.509838104248047,
  "eval_t_eval": 104.0,
  "final_depr_F_post": 24.800376892089844,
  "final_energy_E_post": 0.17462339997291565,
  "final_episode_return_end_mean": -28.0150203704834,
  "final_funding_alpha_eff": 2.544697230710824e-10,
  "final_funding_g": 0.09046979248523712,
  "final_funding_g_raw": 0.09046979248523712,
  "final_update_counter": 2.0,
  "final_vartd_VarTD": 0.12243352830410004,
  "mechanism": "hardzero_plus_depr",
  "mechanism_tag": "hardzero_plus_depr__c0p52__z1p10__lam0p020__nu0p50__psi0p75",
  "runtime_sec": 10.615109834005125,
  "seed": 31,
  "z_cut": 1.1
}