{
  "alpha": 0.052,
  "c_upd": 0.58,
  "depr_lambda": 0.005,
  "depr_nu": 1.0,
  "depr_psi": 0.5,
  "eval_CSR_post": 0.0,
  "eval_dbar_post_mean": 0.6157784461975098,
  "eval_done_count": 100.0,
  "eval_episodes_per_env": 4.0,
  "eval_len_end_mean": 26.0,
  "eval_occupied_post_mean": 0.3199999928474426,
  "eval_return_end_mean": -24.71855926513672,
  "eval_t_eval": 104.0,
  "final_depr_F_post": 4.965065956115723,
  "final_energy_E_post": 0.5547735691070557,
  "final_episode_return_end_mean": -26.822158813476562,
  "final_funding_alpha_eff": 0.004354504402726889,
  "final_funding_g": 0.0,
  "final_funding_g_raw": 0.0949600413441658,
  "final_update_counter": 2.0,
  "final_vartd_VarTD": 0.14680913090705872,
  "mechanism": "hardzero_plus_depr",
  "mechanism_tag": "hardzero_plus_depr__c0p58__z1p00__lam0p005__nu1p00__psi0p50",
  "runtime_sec": 9.461061759968288,
  "seed": 61,
  "z_cut": 1.0
}