{
  "alpha": 0.053,
  "c_upd": 0.58,
  "depr_lambda": 0.0,
  "depr_nu": 0.5,
  "depr_psi": 0.0,
  "eval_CSR_post": 0.0,
  "eval_dbar_post_mean": 0.5031424164772034,
  "eval_done_count": 100.0,
  "eval_episodes_per_env": 4.0,
  "eval_len_end_mean": 26.0,
  "eval_occupied_post_mean": 0.29999998211860657,
  "eval_return_end_mean": -24.70121955871582,
  "eval_t_eval": 104.0,
  "final_depr_F_post": 0.0,
  "final_energy_E_post": 0.2991441786289215,
  "final_episode_return_end_mean": -25.073198318481445,
  "final_funding_alpha_eff": 0.05299999937415123,
  "final_funding_g": 0.1397390514612198,
  "final_funding_g_raw": 0.1397390514612198,
  "final_update_counter": 11.0,
  "final_vartd_VarTD": 0.16823537647724152,
  "mechanism": "hardzero_only",
  "mechanism_tag": "hardzero_only__c0p58__z1p00__lam0p000__nu0p50__psi0p00",
  "runtime_sec": 9.481003714958206,
  "seed": 59,
  "z_cut": 1.0
}