{
  "alpha": 0.12,
  "c_upd": 0.52,
  "depr_lambda": 0.01,
  "depr_nu": 0.5,
  "depr_psi": 0.75,
  "eval_CSR_post": 0.019999999552965164,
  "eval_dbar_post_mean": 0.46816056966781616,
  "eval_done_count": 100.0,
  "eval_episodes_per_env": 4.0,
  "eval_len_end_mean": 26.0,
  "eval_occupied_post_mean": 0.4699999988079071,
  "eval_return_end_mean": -23.75135612487793,
  "eval_t_eval": 104.0,
  "final_depr_F_post": 0.5878366827964783,
  "final_energy_E_post": 0.010794920846819878,
  "final_episode_return_end_mean": -24.192264556884766,
  "final_funding_alpha_eff": 0.049686674028635025,
  "final_funding_g": 0.15260687470436096,
  "final_funding_g_raw": 0.15260687470436096,
  "final_update_counter": 18.0,
  "final_vartd_VarTD": 0.3852134346961975,
  "mechanism": "hardzero_plus_depr",
  "mechanism_tag": "hardzero_plus_depr__c0p52__z1p05__lam0p010__nu0p50__psi0p75",
  "runtime_sec": 10.856796038977336,
  "seed": 32,
  "z_cut": 1.05
}