{
  "alpha": 0.055,
  "c_upd": 0.58,
  "depr_lambda": 0.005,
  "depr_nu": 1.0,
  "depr_psi": 0.5,
  "eval_CSR_post": 0.009999999776482582,
  "eval_dbar_post_mean": 0.4636887311935425,
  "eval_done_count": 100.0,
  "eval_episodes_per_env": 4.0,
  "eval_len_end_mean": 26.0,
  "eval_occupied_post_mean": 0.429999977350235,
  "eval_return_end_mean": -21.926137924194336,
  "eval_t_eval": 104.0,
  "final_depr_F_post": 0.13500000536441803,
  "final_energy_E_post": 0.16222217679023743,
  "final_episode_return_end_mean": -26.352779388427734,
  "final_funding_alpha_eff": 0.051538705825805664,
  "final_funding_g": 0.10508833825588226,
  "final_funding_g_raw": 0.10508833825588226,
  "final_update_counter": 5.0,
  "final_vartd_VarTD": 0.14255493879318237,
  "mechanism": "hardzero_plus_depr",
  "mechanism_tag": "hardzero_plus_depr__c0p58__z1p00__lam0p005__nu1p00__psi0p50",
  "runtime_sec": 9.468268109019846,
  "seed": 39,
  "z_cut": 1.0
}