{
  "alpha": 0.05,
  "c_upd": 0.56,
  "depr_lambda": 0.03,
  "depr_nu": 0.5,
  "depr_psi": 0.75,
  "eval_CSR_post": 0.0,
  "eval_dbar_post_mean": 0.5924514532089233,
  "eval_done_count": 100.0,
  "eval_episodes_per_env": 4.0,
  "eval_len_end_mean": 26.0,
  "eval_occupied_post_mean": 0.29999998211860657,
  "eval_return_end_mean": -25.12661361694336,
  "eval_t_eval": 104.0,
  "final_depr_F_post": 36.91511917114258,
  "final_energy_E_post": 0.152427539229393,
  "final_episode_return_end_mean": -26.815990447998047,
  "final_funding_alpha_eff": 4.8385628864016164e-14,
  "final_funding_g": 0.0977821797132492,
  "final_funding_g_raw": 0.0977821797132492,
  "final_update_counter": 2.0,
  "final_vartd_VarTD": 0.2036902755498886,
  "mechanism": "hardzero_plus_depr",
  "mechanism_tag": "hardzero_plus_depr__c0p56__z1p10__lam0p030__nu0p50__psi0p75",
  "runtime_sec": 10.766805180930533,
  "seed": 37,
  "z_cut": 1.1
}