{
  "alpha": 0.12,
  "c_upd": 0.6,
  "depr_lambda": 0.01,
  "depr_nu": 0.5,
  "depr_psi": 0.75,
  "eval_CSR_post": 0.0,
  "eval_dbar_post_mean": 0.544538676738739,
  "eval_done_count": 100.0,
  "eval_episodes_per_env": 4.0,
  "eval_len_end_mean": 26.0,
  "eval_occupied_post_mean": 0.22999998927116394,
  "eval_return_end_mean": -24.42738914489746,
  "eval_t_eval": 104.0,
  "final_depr_F_post": 7.336791515350342,
  "final_energy_E_post": 0.5285435914993286,
  "final_episode_return_end_mean": -26.76082992553711,
  "final_funding_alpha_eff": 0.0004928247071802616,
  "final_funding_g": 0.11392510682344437,
  "final_funding_g_raw": 0.11392510682344437,
  "final_update_counter": 7.0,
  "final_vartd_VarTD": 0.14637035131454468,
  "mechanism": "hardzero_plus_depr",
  "mechanism_tag": "hardzero_plus_depr__c0p60__z1p05__lam0p010__nu0p50__psi0p75",
  "runtime_sec": 10.769054987991694,
  "seed": 41,
  "z_cut": 1.05
}