{
  "alpha": 0.047,
  "c_upd": 0.58,
  "depr_lambda": 0.0,
  "depr_nu": 0.5,
  "depr_psi": 0.0,
  "eval_CSR_post": 0.0,
  "eval_dbar_post_mean": 0.5761961936950684,
  "eval_done_count": 100.0,
  "eval_episodes_per_env": 4.0,
  "eval_len_end_mean": 26.0,
  "eval_occupied_post_mean": 0.38999998569488525,
  "eval_return_end_mean": -24.0380859375,
  "eval_t_eval": 104.0,
  "final_depr_F_post": 0.0,
  "final_energy_E_post": 0.5776464343070984,
  "final_episode_return_end_mean": -26.092607498168945,
  "final_funding_alpha_eff": 0.04699999839067459,
  "final_funding_g": 0.11944501101970673,
  "final_funding_g_raw": 0.11944501101970673,
  "final_update_counter": 6.0,
  "final_vartd_VarTD": 0.15519952774047852,
  "mechanism": "hardzero_only",
  "mechanism_tag": "hardzero_only__c0p58__z1p00__lam0p000__nu0p50__psi0p00",
  "runtime_sec": 10.84614659496583,
  "seed": 54,
  "z_cut": 1.0
}