{
  "alpha": 0.02,
  "c_upd": 0.56,
  "depr_lambda": 0.01,
  "depr_nu": 0.5,
  "depr_psi": 1.0,
  "eval_CSR_post": 0.0,
  "eval_dbar_post_mean": 0.685614287853241,
  "eval_done_count": 100.0,
  "eval_episodes_per_env": 4.0,
  "eval_len_end_mean": 26.0,
  "eval_occupied_post_mean": 0.17000000178813934,
  "eval_return_end_mean": -26.464269638061523,
  "eval_t_eval": 104.0,
  "final_depr_F_post": 11.945178031921387,
  "final_energy_E_post": 0.11574810743331909,
  "final_episode_return_end_mean": -27.77195167541504,
  "final_funding_alpha_eff": 1.3111372254570597e-07,
  "final_funding_g": 0.09571479260921478,
  "final_funding_g_raw": 0.09571479260921478,
  "final_update_counter": 2.0,
  "final_vartd_VarTD": 0.16078774631023407,
  "mechanism": "hardzero_plus_depr",
  "mechanism_tag": "hardzero_plus_depr__c0p56__z1p10__lam0p010__nu0p50__psi1p00",
  "runtime_sec": 10.608354942989536,
  "seed": 41,
  "z_cut": 1.1
}