{
  "alpha": 0.06,
  "c_upd": 0.54,
  "depr_lambda": 0.01,
  "depr_nu": 0.5,
  "depr_psi": 1.25,
  "eval_CSR_post": 0.0,
  "eval_dbar_post_mean": 0.6068617105484009,
  "eval_done_count": 100.0,
  "eval_episodes_per_env": 4.0,
  "eval_len_end_mean": 26.0,
  "eval_occupied_post_mean": 0.22999998927116394,
  "eval_return_end_mean": -23.633935928344727,
  "eval_t_eval": 104.0,
  "final_depr_F_post": 12.40518856048584,
  "final_energy_E_post": 0.43094760179519653,
  "final_episode_return_end_mean": -27.515918731689453,
  "final_funding_alpha_eff": 1.1199507987669222e-08,
  "final_funding_g": 0.09139124304056168,
  "final_funding_g_raw": 0.09139124304056168,
  "final_update_counter": 2.0,
  "final_vartd_VarTD": 0.190294086933136,
  "mechanism": "hardzero_plus_depr",
  "mechanism_tag": "hardzero_plus_depr__c0p54__z1p10__lam0p010__nu0p50__psi1p25",
  "runtime_sec": 23.987670100992545,
  "seed": 30,
  "z_cut": 1.1
}