{
  "alpha": 0.06,
  "c_upd": 0.56,
  "depr_lambda": 0.0,
  "depr_nu": 0.5,
  "depr_psi": 0.0,
  "eval_CSR_post": 0.0,
  "eval_dbar_post_mean": 0.4949503540992737,
  "eval_done_count": 100.0,
  "eval_episodes_per_env": 4.0,
  "eval_len_end_mean": 26.0,
  "eval_occupied_post_mean": 0.35999998450279236,
  "eval_return_end_mean": -24.71872329711914,
  "eval_t_eval": 104.0,
  "final_depr_F_post": 0.0,
  "final_energy_E_post": 0.3355265259742737,
  "final_episode_return_end_mean": -24.063980102539062,
  "final_funding_alpha_eff": 0.05999999865889549,
  "final_funding_g": 0.149286150932312,
  "final_funding_g_raw": 0.149286150932312,
  "final_update_counter": 17.0,
  "final_vartd_VarTD": 0.3946363925933838,
  "mechanism": "hardzero_only",
  "mechanism_tag": "hardzero_only__c0p56__z1p05__lam0p000__nu0p50__psi0p00",
  "runtime_sec": 9.90975852200063,
  "seed": 34,
  "z_cut": 1.05
}