{
  "alpha": 0.02,
  "c_upd": 0.52,
  "depr_lambda": 0.03,
  "depr_nu": 0.5,
  "depr_psi": 1.25,
  "eval_CSR_post": 0.0,
  "eval_dbar_post_mean": 0.6316729784011841,
  "eval_done_count": 100.0,
  "eval_episodes_per_env": 4.0,
  "eval_len_end_mean": 26.0,
  "eval_occupied_post_mean": 0.3199999928474426,
  "eval_return_end_mean": -24.98636245727539,
  "eval_t_eval": 104.0,
  "final_depr_F_post": 36.570133209228516,
  "final_energy_E_post": 0.01616329699754715,
  "final_episode_return_end_mean": -27.5838565826416,
  "final_funding_alpha_eff": 2.9144522941375457e-22,
  "final_funding_g": 0.10028457641601562,
  "final_funding_g_raw": 0.10028457641601562,
  "final_update_counter": 2.0,
  "final_vartd_VarTD": 0.1512923538684845,
  "mechanism": "hardzero_plus_depr",
  "mechanism_tag": "hardzero_plus_depr__c0p52__z1p05__lam0p030__nu0p50__psi1p25",
  "runtime_sec": 10.66787058202317,
  "seed": 35,
  "z_cut": 1.05
}