{
  "alpha": 0.06,
  "c_upd": 0.52,
  "depr_lambda": 0.01,
  "depr_nu": 0.5,
  "depr_psi": 0.75,
  "eval_CSR_post": 0.03999999910593033,
  "eval_dbar_post_mean": 0.47078558802604675,
  "eval_done_count": 100.0,
  "eval_episodes_per_env": 4.0,
  "eval_len_end_mean": 26.0,
  "eval_occupied_post_mean": 0.41999998688697815,
  "eval_return_end_mean": -21.160959243774414,
  "eval_t_eval": 104.0,
  "final_depr_F_post": 10.935154914855957,
  "final_energy_E_post": 0.2588373124599457,
  "final_episode_return_end_mean": -27.683698654174805,
  "final_funding_alpha_eff": 1.65806104632793e-05,
  "final_funding_g": 0.096647709608078,
  "final_funding_g_raw": 0.096647709608078,
  "final_update_counter": 3.0,
  "final_vartd_VarTD": 0.20182561874389648,
  "mechanism": "hardzero_plus_depr",
  "mechanism_tag": "hardzero_plus_depr__c0p52__z1p05__lam0p010__nu0p50__psi0p75",
  "runtime_sec": 10.947592595010065,
  "seed": 38,
  "z_cut": 1.05
}