{
  "alpha": 0.02,
  "c_upd": 0.52,
  "depr_lambda": 0.02,
  "depr_nu": 0.5,
  "depr_psi": 0.75,
  "eval_CSR_post": 0.0,
  "eval_dbar_post_mean": 0.6061877608299255,
  "eval_done_count": 100.0,
  "eval_episodes_per_env": 4.0,
  "eval_len_end_mean": 26.0,
  "eval_occupied_post_mean": 0.25,
  "eval_return_end_mean": -24.468793869018555,
  "eval_t_eval": 104.0,
  "final_depr_F_post": 24.720375061035156,
  "final_energy_E_post": 0.10719593614339828,
  "final_episode_return_end_mean": -27.090484619140625,
  "final_funding_alpha_eff": 1.8013705804786895e-10,
  "final_funding_g": 0.09442633390426636,
  "final_funding_g_raw": 0.09442633390426636,
  "final_update_counter": 2.0,
  "final_vartd_VarTD": 0.19629476964473724,
  "mechanism": "hardzero_plus_depr",
  "mechanism_tag": "hardzero_plus_depr__c0p52__z1p10__lam0p020__nu0p50__psi0p75",
  "runtime_sec": 10.931866522994824,
  "seed": 37,
  "z_cut": 1.1
}