{
  "alpha": 0.06,
  "c_upd": 0.56,
  "depr_lambda": 0.03,
  "depr_nu": 0.5,
  "depr_psi": 0.75,
  "eval_CSR_post": 0.0,
  "eval_dbar_post_mean": 0.6203864216804504,
  "eval_done_count": 100.0,
  "eval_episodes_per_env": 4.0,
  "eval_len_end_mean": 26.0,
  "eval_occupied_post_mean": 0.26999998092651367,
  "eval_return_end_mean": -25.65909767150879,
  "eval_t_eval": 104.0,
  "final_depr_F_post": 36.66012954711914,
  "final_energy_E_post": 0.13068296015262604,
  "final_episode_return_end_mean": -27.847822189331055,
  "final_funding_alpha_eff": 7.029963498264222e-14,
  "final_funding_g": 0.09345611184835434,
  "final_funding_g_raw": 0.09345611184835434,
  "final_update_counter": 2.0,
  "final_vartd_VarTD": 0.12072402238845825,
  "mechanism": "hardzero_plus_depr",
  "mechanism_tag": "hardzero_plus_depr__c0p56__z1p05__lam0p030__nu0p50__psi0p75",
  "runtime_sec": 10.694635480002034,
  "seed": 31,
  "z_cut": 1.05
}