{
  "alpha": 0.062,
  "c_upd": 0.58,
  "depr_lambda": 0.0,
  "depr_nu": 0.5,
  "depr_psi": 0.0,
  "eval_CSR_post": 0.0,
  "eval_dbar_post_mean": 0.6287664175033569,
  "eval_done_count": 100.0,
  "eval_episodes_per_env": 4.0,
  "eval_len_end_mean": 26.0,
  "eval_occupied_post_mean": 0.25999999046325684,
  "eval_return_end_mean": -24.37607192993164,
  "eval_t_eval": 104.0,
  "final_depr_F_post": 0.0,
  "final_energy_E_post": 0.3799807131290436,
  "final_episode_return_end_mean": -27.739124298095703,
  "final_funding_alpha_eff": 0.06199999898672104,
  "final_funding_g": 0.0,
  "final_funding_g_raw": 0.09489043056964874,
  "final_update_counter": 4.0,
  "final_vartd_VarTD": 0.21097145974636078,
  "mechanism": "hardzero_only",
  "mechanism_tag": "hardzero_only__c0p58__z1p00__lam0p000__nu0p50__psi0p00",
  "runtime_sec": 10.839120015967637,
  "seed": 38,
  "z_cut": 1.0
}