{
  "alpha": 0.03,
  "c_upd": 0.54,
  "depr_lambda": 0.01,
  "depr_nu": 0.5,
  "depr_psi": 1.0,
  "eval_CSR_post": 0.0,
  "eval_dbar_post_mean": 0.6688622236251831,
  "eval_done_count": 100.0,
  "eval_episodes_per_env": 4.0,
  "eval_len_end_mean": 26.0,
  "eval_occupied_post_mean": 0.3100000023841858,
  "eval_return_end_mean": -25.785722732543945,
  "eval_t_eval": 104.0,
  "final_depr_F_post": 12.320186614990234,
  "final_energy_E_post": 0.25776830315589905,
  "final_episode_return_end_mean": -27.24618911743164,
  "final_funding_alpha_eff": 1.3516842045646627e-07,
  "final_funding_g": 0.10538821667432785,
  "final_funding_g_raw": 0.10538821667432785,
  "final_update_counter": 2.0,
  "final_vartd_VarTD": 0.14444120228290558,
  "mechanism": "hardzero_plus_depr",
  "mechanism_tag": "hardzero_plus_depr__c0p54__z1p10__lam0p010__nu0p50__psi1p00",
  "runtime_sec": 10.614902324043214,
  "seed": 35,
  "z_cut": 1.1
}