{
  "alpha": 0.12,
  "c_upd": 0.58,
  "depr_lambda": 0.0,
  "depr_nu": 0.5,
  "depr_psi": 0.0,
  "eval_CSR_post": 0.019999999552965164,
  "eval_dbar_post_mean": 0.45947155356407166,
  "eval_done_count": 100.0,
  "eval_episodes_per_env": 4.0,
  "eval_len_end_mean": 26.0,
  "eval_occupied_post_mean": 0.5899999737739563,
  "eval_return_end_mean": -22.973140716552734,
  "eval_t_eval": 104.0,
  "final_depr_F_post": 0.0,
  "final_energy_E_post": 0.3920873999595642,
  "final_episode_return_end_mean": -23.23024559020996,
  "final_funding_alpha_eff": 0.11999999731779099,
  "final_funding_g": 0.1721624732017517,
  "final_funding_g_raw": 0.1721624732017517,
  "final_update_counter": 38.0,
  "final_vartd_VarTD": 3.3230466842651367,
  "mechanism": "hardzero_only",
  "mechanism_tag": "hardzero_only__c0p58__z1p05__lam0p000__nu0p50__psi0p00",
  "runtime_sec": 9.979483393020928,
  "seed": 32,
  "z_cut": 1.05
}