{
  "alpha": 0.08,
  "c_upd": 0.56,
  "depr_lambda": 0.03,
  "depr_nu": 0.5,
  "depr_psi": 0.75,
  "eval_CSR_post": 0.0,
  "eval_dbar_post_mean": 0.6603925228118896,
  "eval_done_count": 100.0,
  "eval_episodes_per_env": 4.0,
  "eval_len_end_mean": 26.0,
  "eval_occupied_post_mean": 0.22999998927116394,
  "eval_return_end_mean": -26.070762634277344,
  "eval_t_eval": 104.0,
  "final_depr_F_post": 37.03511428833008,
  "final_energy_E_post": 0.20759345591068268,
  "final_episode_return_end_mean": -27.929397583007812,
  "final_funding_alpha_eff": 7.075407832323952e-14,
  "final_funding_g": 0.09269127249717712,
  "final_funding_g_raw": 0.09269127249717712,
  "final_update_counter": 2.0,
  "final_vartd_VarTD": 0.1650344878435135,
  "mechanism": "hardzero_plus_depr",
  "mechanism_tag": "hardzero_plus_depr__c0p56__z1p05__lam0p030__nu0p50__psi0p75",
  "runtime_sec": 10.63056958199013,
  "seed": 41,
  "z_cut": 1.05
}