{
  "alpha": 0.079,
  "c_upd": 0.58,
  "depr_lambda": 0.005,
  "depr_nu": 1.0,
  "depr_psi": 0.5,
  "eval_CSR_post": 0.009999999776482582,
  "eval_dbar_post_mean": 0.4795190691947937,
  "eval_done_count": 100.0,
  "eval_episodes_per_env": 4.0,
  "eval_len_end_mean": 26.0,
  "eval_occupied_post_mean": 0.429999977350235,
  "eval_return_end_mean": -23.18641471862793,
  "eval_t_eval": 104.0,
  "final_depr_F_post": 0.14999999105930328,
  "final_energy_E_post": 0.32127857208251953,
  "final_episode_return_end_mean": -25.813947677612305,
  "final_funding_alpha_eff": 0.0734751969575882,
  "final_funding_g": 0.13470497727394104,
  "final_funding_g_raw": 0.13470497727394104,
  "final_update_counter": 12.0,
  "final_vartd_VarTD": 0.1796429455280304,
  "mechanism": "hardzero_plus_depr",
  "mechanism_tag": "hardzero_plus_depr__c0p58__z1p00__lam0p005__nu1p00__psi0p50",
  "runtime_sec": 9.482866615988314,
  "seed": 42,
  "z_cut": 1.0
}