{
  "alpha": 0.08,
  "c_upd": 0.56,
  "depr_lambda": 0.0,
  "depr_nu": 0.5,
  "depr_psi": 0.0,
  "eval_CSR_post": 0.0,
  "eval_dbar_post_mean": 0.4935077428817749,
  "eval_done_count": 100.0,
  "eval_episodes_per_env": 4.0,
  "eval_len_end_mean": 26.0,
  "eval_occupied_post_mean": 0.4399999976158142,
  "eval_return_end_mean": -24.13374137878418,
  "eval_t_eval": 104.0,
  "final_depr_F_post": 0.0,
  "final_energy_E_post": 0.3340160846710205,
  "final_episode_return_end_mean": -24.053503036499023,
  "final_funding_alpha_eff": 0.07999999821186066,
  "final_funding_g": 0.16674017906188965,
  "final_funding_g_raw": 0.16674017906188965,
  "final_update_counter": 26.0,
  "final_vartd_VarTD": 1.3274095058441162,
  "mechanism": "hardzero_only",
  "mechanism_tag": "hardzero_only__c0p56__z1p10__lam0p000__nu0p50__psi0p00",
  "runtime_sec": 10.005801905994304,
  "seed": 37,
  "z_cut": 1.1
}