{
  "alpha": 0.029,
  "c_upd": 0.58,
  "depr_lambda": 0.0,
  "depr_nu": 0.5,
  "depr_psi": 0.0,
  "eval_CSR_post": 0.0,
  "eval_dbar_post_mean": 0.5582353472709656,
  "eval_done_count": 100.0,
  "eval_episodes_per_env": 4.0,
  "eval_len_end_mean": 26.0,
  "eval_occupied_post_mean": 0.26999998092651367,
  "eval_return_end_mean": -23.424142837524414,
  "eval_t_eval": 104.0,
  "final_depr_F_post": 0.0,
  "final_energy_E_post": 0.19147416949272156,
  "final_episode_return_end_mean": -26.45665168762207,
  "final_funding_alpha_eff": 0.028999999165534973,
  "final_funding_g": 0.10476237535476685,
  "final_funding_g_raw": 0.10476237535476685,
  "final_update_counter": 5.0,
  "final_vartd_VarTD": 0.1556757241487503,
  "mechanism": "hardzero_only",
  "mechanism_tag": "hardzero_only__c0p58__z1p00__lam0p000__nu0p50__psi0p00",
  "runtime_sec": 9.471861458965577,
  "seed": 58,
  "z_cut": 1.0
}