{
  "alpha": 0.12,
  "c_upd": 0.5,
  "depr_lambda": 0.01,
  "depr_nu": 0.5,
  "depr_psi": 1.0,
  "eval_CSR_post": 0.019999999552965164,
  "eval_dbar_post_mean": 0.4872376620769501,
  "eval_done_count": 100.0,
  "eval_episodes_per_env": 4.0,
  "eval_len_end_mean": 26.0,
  "eval_occupied_post_mean": 0.4099999964237213,
  "eval_return_end_mean": -23.965057373046875,
  "eval_t_eval": 104.0,
  "final_depr_F_post": 7.747273921966553,
  "final_energy_E_post": 0.16130533814430237,
  "final_episode_return_end_mean": -26.671506881713867,
  "final_funding_alpha_eff": 5.235111530055292e-05,
  "final_funding_g": 0.1136399358510971,
  "final_funding_g_raw": 0.1136399358510971,
  "final_update_counter": 7.0,
  "final_vartd_VarTD": 0.15358324348926544,
  "mechanism": "hardzero_plus_depr",
  "mechanism_tag": "hardzero_plus_depr__c0p50__z1p10__lam0p010__nu0p50__psi1p00",
  "runtime_sec": 10.709589637001045,
  "seed": 41,
  "z_cut": 1.1
}