{
  "alpha": 0.12,
  "c_upd": 0.5,
  "depr_lambda": 0.02,
  "depr_nu": 0.5,
  "depr_psi": 1.0,
  "eval_CSR_post": 0.03999999910593033,
  "eval_dbar_post_mean": 0.5095573663711548,
  "eval_done_count": 100.0,
  "eval_episodes_per_env": 4.0,
  "eval_len_end_mean": 26.0,
  "eval_occupied_post_mean": 0.4599999785423279,
  "eval_return_end_mean": -23.444780349731445,
  "eval_t_eval": 104.0,
  "final_depr_F_post": 23.95035743713379,
  "final_energy_E_post": 0.2316543012857437,
  "final_episode_return_end_mean": -27.257055282592773,
  "final_funding_alpha_eff": 4.856900905764183e-12,
  "final_funding_g": 0.1056961640715599,
  "final_funding_g_raw": 0.1056961640715599,
  "final_update_counter": 3.0,
  "final_vartd_VarTD": 0.1371334195137024,
  "mechanism": "hardzero_plus_depr",
  "mechanism_tag": "hardzero_plus_depr__c0p50__z1p05__lam0p020__nu0p50__psi1p00",
  "runtime_sec": 10.744674025976565,
  "seed": 35,
  "z_cut": 1.05
}