{
  "alpha": 0.12,
  "c_upd": 0.58,
  "depr_lambda": 0.02,
  "depr_nu": 0.5,
  "depr_psi": 1.25,
  "eval_CSR_post": 0.009999999776482582,
  "eval_dbar_post_mean": 0.5315586924552917,
  "eval_done_count": 100.0,
  "eval_episodes_per_env": 4.0,
  "eval_len_end_mean": 26.0,
  "eval_occupied_post_mean": 0.3700000047683716,
  "eval_return_end_mean": -22.733150482177734,
  "eval_t_eval": 104.0,
  "final_depr_F_post": 24.790376663208008,
  "final_energy_E_post": 0.3934415876865387,
  "final_episode_return_end_mean": -27.451499938964844,
  "final_funding_alpha_eff": 4.286806640999702e-15,
  "final_funding_g": 0.09083174169063568,
  "final_funding_g_raw": 0.09083174169063568,
  "final_update_counter": 2.0,
  "final_vartd_VarTD": 0.19257663190364838,
  "mechanism": "hardzero_plus_depr",
  "mechanism_tag": "hardzero_plus_depr__c0p58__z1p10__lam0p020__nu0p50__psi1p25",
  "runtime_sec": 24.159586249035783,
  "seed": 30,
  "z_cut": 1.1
}