{
  "alpha": 0.1,
  "c_upd": 0.54,
  "depr_lambda": 0.0,
  "depr_nu": 0.5,
  "depr_psi": 0.0,
  "eval_CSR_post": 0.0,
  "eval_dbar_post_mean": 0.5322694778442383,
  "eval_done_count": 100.0,
  "eval_episodes_per_env": 4.0,
  "eval_len_end_mean": 26.0,
  "eval_occupied_post_mean": 0.26999998092651367,
  "eval_return_end_mean": -23.95682716369629,
  "eval_t_eval": 104.0,
  "final_depr_F_post": 0.0,
  "final_energy_E_post": 0.19727225601673126,
  "final_episode_return_end_mean": -23.503141403198242,
  "final_funding_alpha_eff": 0.10000000149011612,
  "final_funding_g": 0.16015145182609558,
  "final_funding_g_raw": 0.16015145182609558,
  "final_update_counter": 33.0,
  "final_vartd_VarTD": 2.2769603729248047,
  "mechanism": "hardzero_only",
  "mechanism_tag": "hardzero_only__c0p54__z1p05__lam0p000__nu0p50__psi0p00",
  "runtime_sec": 10.19284064101521,
  "seed": 33,
  "z_cut": 1.05
}