{
  "alpha": 0.12,
  "c_upd": 0.5,
  "depr_lambda": 0.01,
  "depr_nu": 0.5,
  "depr_psi": 0.75,
  "eval_CSR_post": 0.0,
  "eval_dbar_post_mean": 0.4626806676387787,
  "eval_done_count": 100.0,
  "eval_episodes_per_env": 4.0,
  "eval_len_end_mean": 26.0,
  "eval_occupied_post_mean": 0.44999998807907104,
  "eval_return_end_mean": -23.323862075805664,
  "eval_t_eval": 104.0,
  "final_depr_F_post": 0.8557884693145752,
  "final_energy_E_post": 0.5049528479576111,
  "final_episode_return_end_mean": -24.37551498413086,
  "final_funding_alpha_eff": 0.06363416463136673,
  "final_funding_g": 0.16826178133487701,
  "final_funding_g_raw": 0.16826178133487701,
  "final_update_counter": 20.0,
  "final_vartd_VarTD": 0.707722544670105,
  "mechanism": "hardzero_plus_depr",
  "mechanism_tag": "hardzero_plus_depr__c0p50__z1p05__lam0p010__nu0p50__psi0p75",
  "runtime_sec": 10.627452892949805,
  "seed": 38,
  "z_cut": 1.05
}