{
  "alpha": 0.1,
  "c_upd": 0.5,
  "depr_lambda": 0.0,
  "depr_nu": 0.5,
  "depr_psi": 0.0,
  "eval_CSR_post": 0.0,
  "eval_dbar_post_mean": 0.5045368671417236,
  "eval_done_count": 100.0,
  "eval_episodes_per_env": 4.0,
  "eval_len_end_mean": 26.0,
  "eval_occupied_post_mean": 0.4099999964237213,
  "eval_return_end_mean": -23.716732025146484,
  "eval_t_eval": 104.0,
  "final_depr_F_post": 0.0,
  "final_energy_E_post": 0.20272371172904968,
  "final_episode_return_end_mean": -23.03845977783203,
  "final_funding_alpha_eff": 0.10000000149011612,
  "final_funding_g": 0.18493349850177765,
  "final_funding_g_raw": 0.18493349850177765,
  "final_update_counter": 38.0,
  "final_vartd_VarTD": 3.406644105911255,
  "mechanism": "hardzero_only",
  "mechanism_tag": "hardzero_only__c0p50__z1p10__lam0p000__nu0p50__psi0p00",
  "runtime_sec": 9.923495127004571,
  "seed": 33,
  "z_cut": 1.1
}