{
  "alpha": 0.08,
  "c_upd": 0.5,
  "depr_lambda": 0.01,
  "depr_nu": 0.5,
  "depr_psi": 1.0,
  "eval_CSR_post": 0.0,
  "eval_dbar_post_mean": 0.6378365755081177,
  "eval_done_count": 100.0,
  "eval_episodes_per_env": 4.0,
  "eval_len_end_mean": 26.0,
  "eval_occupied_post_mean": 0.19999998807907104,
  "eval_return_end_mean": -24.05733299255371,
  "eval_t_eval": 104.0,
  "final_depr_F_post": 11.84017562866211,
  "final_energy_E_post": 0.40707671642303467,
  "final_episode_return_end_mean": -27.003177642822266,
  "final_funding_alpha_eff": 5.825190214636677e-07,
  "final_funding_g": 0.09924514591693878,
  "final_funding_g_raw": 0.09924514591693878,
  "final_update_counter": 3.0,
  "final_vartd_VarTD": 0.18459588289260864,
  "mechanism": "hardzero_plus_depr",
  "mechanism_tag": "hardzero_plus_depr__c0p50__z1p05__lam0p010__nu0p50__psi1p00",
  "runtime_sec": 23.26731764402939,
  "seed": 30,
  "z_cut": 1.05
}