{
  "alpha": 0.05,
  "c_upd": 0.54,
  "depr_lambda": 0.01,
  "depr_nu": 0.5,
  "depr_psi": 1.0,
  "eval_CSR_post": 0.0,
  "eval_dbar_post_mean": 0.645063579082489,
  "eval_done_count": 100.0,
  "eval_episodes_per_env": 4.0,
  "eval_len_end_mean": 26.0,
  "eval_occupied_post_mean": 0.25999999046325684,
  "eval_return_end_mean": -25.261892318725586,
  "eval_t_eval": 104.0,
  "final_depr_F_post": 12.395188331604004,
  "final_energy_E_post": 0.4396904408931732,
  "final_episode_return_end_mean": -26.62796974182129,
  "final_funding_alpha_eff": 2.090023372147698e-07,
  "final_funding_g": 0.09663118422031403,
  "final_funding_g_raw": 0.09663118422031403,
  "final_update_counter": 2.0,
  "final_vartd_VarTD": 0.14117056131362915,
  "mechanism": "hardzero_plus_depr",
  "mechanism_tag": "hardzero_plus_depr__c0p54__z1p10__lam0p010__nu0p50__psi1p00",
  "runtime_sec": 10.607191785005853,
  "seed": 39,
  "z_cut": 1.1
}