{
  "alpha": 0.05,
  "c_upd": 0.58,
  "depr_lambda": 0.03,
  "depr_nu": 0.5,
  "depr_psi": 0.75,
  "eval_CSR_post": 0.0,
  "eval_dbar_post_mean": 0.6823012828826904,
  "eval_done_count": 100.0,
  "eval_episodes_per_env": 4.0,
  "eval_len_end_mean": 26.0,
  "eval_occupied_post_mean": 0.2199999988079071,
  "eval_return_end_mean": -24.24350929260254,
  "eval_t_eval": 104.0,
  "final_depr_F_post": 36.19514846801758,
  "final_energy_E_post": 0.08500080555677414,
  "final_episode_return_end_mean": -28.063396453857422,
  "final_funding_alpha_eff": 8.302824980278498e-14,
  "final_funding_g": 0.08973588049411774,
  "final_funding_g_raw": 0.08973588049411774,
  "final_update_counter": 2.0,
  "final_vartd_VarTD": 0.21222588419914246,
  "mechanism": "hardzero_plus_depr",
  "mechanism_tag": "hardzero_plus_depr__c0p58__z1p10__lam0p030__nu0p50__psi0p75",
  "runtime_sec": 10.890691497013904,
  "seed": 38,
  "z_cut": 1.1
}