{
  "alpha": 0.08,
  "c_upd": 0.52,
  "depr_lambda": 0.02,
  "depr_nu": 0.5,
  "depr_psi": 0.75,
  "eval_CSR_post": 0.0,
  "eval_dbar_post_mean": 0.598228931427002,
  "eval_done_count": 100.0,
  "eval_episodes_per_env": 4.0,
  "eval_len_end_mean": 26.0,
  "eval_occupied_post_mean": 0.23999999463558197,
  "eval_return_end_mean": -23.69440460205078,
  "eval_t_eval": 104.0,
  "final_depr_F_post": 24.91037940979004,
  "final_energy_E_post": 0.4921219050884247,
  "final_episode_return_end_mean": -29.04579734802246,
  "final_funding_alpha_eff": 6.248481176918119e-10,
  "final_funding_g": 0.0,
  "final_funding_g_raw": 0.0758281946182251,
  "final_update_counter": 2.0,
  "final_vartd_VarTD": 0.17177541553974152,
  "mechanism": "hardzero_plus_depr",
  "mechanism_tag": "hardzero_plus_depr__c0p52__z1p10__lam0p020__nu0p50__psi0p75",
  "runtime_sec": 10.704496544029098,
  "seed": 36,
  "z_cut": 1.1
}