{
  "alpha": 0.05,
  "c_upd": 0.6,
  "depr_lambda": 0.02,
  "depr_nu": 0.5,
  "depr_psi": 1.0,
  "eval_CSR_post": 0.0,
  "eval_dbar_post_mean": 0.555684506893158,
  "eval_done_count": 100.0,
  "eval_episodes_per_env": 4.0,
  "eval_len_end_mean": 26.0,
  "eval_occupied_post_mean": 0.2800000011920929,
  "eval_return_end_mean": -23.6772403717041,
  "eval_t_eval": 104.0,
  "final_depr_F_post": 23.940357208251953,
  "final_energy_E_post": 0.09002534300088882,
  "final_episode_return_end_mean": -27.906002044677734,
  "final_funding_alpha_eff": 2.044047873669963e-12,
  "final_funding_g": 0.09198001027107239,
  "final_funding_g_raw": 0.09198001027107239,
  "final_update_counter": 2.0,
  "final_vartd_VarTD": 0.1771039068698883,
  "mechanism": "hardzero_plus_depr",
  "mechanism_tag": "hardzero_plus_depr__c0p60__z1p10__lam0p020__nu0p50__psi1p00",
  "runtime_sec": 10.637477113050409,
  "seed": 40,
  "z_cut": 1.1
}