{
  "alpha": 0.01,
  "c_upd": 0.6,
  "depr_lambda": 0.0,
  "depr_nu": 0.5,
  "depr_psi": 0.0,
  "eval_CSR_post": 0.0,
  "eval_dbar_post_mean": 0.6222366094589233,
  "eval_done_count": 100.0,
  "eval_episodes_per_env": 4.0,
  "eval_len_end_mean": 26.0,
  "eval_occupied_post_mean": 0.23999999463558197,
  "eval_return_end_mean": -24.936811447143555,
  "eval_t_eval": 104.0,
  "final_depr_F_post": 0.0,
  "final_energy_E_post": 0.4109778106212616,
  "final_episode_return_end_mean": -27.50568962097168,
  "final_funding_alpha_eff": 0.009999999776482582,
  "final_funding_g": 0.10372017323970795,
  "final_funding_g_raw": 0.10372017323970795,
  "final_update_counter": 3.0,
  "final_vartd_VarTD": 0.1449127048254013,
  "mechanism": "hardzero_only",
  "mechanism_tag": "hardzero_only__c0p60__z1p10__lam0p000__nu0p50__psi0p00",
  "runtime_sec": 9.770680447982159,
  "seed": 35,
  "z_cut": 1.1
}