{
  "I_R_short": 0.1415589031028654,
  "alpha": 0.0,
  "borrow_interest": 0.02,
  "borrow_limit": 0.6,
  "c_upd": 0.6,
  "condition": "rescue_short_anchor__borrow__t400k__a0p00__c0p60",
  "eval_CSR_post": 0.0,
  "eval_CSR_pre": 0.0,
  "eval_dbar_post_mean": 0.6515413522720337,
  "eval_dbar_pre_mean": 0.6428648233413696,
  "eval_done_count": 100.0,
  "eval_done_per_env_max": 4.0,
  "eval_done_per_env_min": 4.0,
  "eval_episodes_per_env": 4.0,
  "eval_len_end_mean": 26.0,
  "eval_max_tilde_post_mean": 0.9607835412025452,
  "eval_max_tilde_pre_mean": 0.9474995732307434,
  "eval_occupied_post_mean": 0.20999999344348907,
  "eval_occupied_pre_mean": 0.23999999463558197,
  "eval_return_end_mean": -26.557138442993164,
  "eval_t_eval": 104.0,
  "family": "borrow",
  "final_energy": -0.6000000238418579,
  "final_executed_updates": 2.0,
  "final_vartd": 0.16293643414974213,
  "learned_R_short_0p5": 0.0,
  "max_debt_level": 0.6000000238418579,
  "mean_update_fraction": 0.01600000075995922,
  "metric_horizon": "short",
  "phase": "rescue_short",
  "runtime_sec": 1.0992696050016093,
  "seed": 31,
  "support_mode": "none",
  "support_total": 0.0,
  "total_debt_charge": 1.2102328538894653,
  "total_support_injected": 0.0,
  "total_timesteps": 400000,
  "train_final_return_end_mean": -28.399309158325195
}