{
  "alpha": 0.12,
  "c_upd": 0.52,
  "depr_lambda": 0.01,
  "depr_nu": 0.5,
  "depr_psi": 1.0,
  "eval_CSR_post": 0.0,
  "eval_dbar_post_mean": 0.5028094053268433,
  "eval_done_count": 100.0,
  "eval_episodes_per_env": 4.0,
  "eval_len_end_mean": 26.0,
  "eval_occupied_post_mean": 0.3799999952316284,
  "eval_return_end_mean": -24.39370346069336,
  "eval_t_eval": 104.0,
  "final_depr_F_post": 9.111050605773926,
  "final_energy_E_post": 0.29365256428718567,
  "final_episode_return_end_mean": -25.31751251220703,
  "final_funding_alpha_eff": 1.3385829333856236e-05,
  "final_funding_g": 0.11867484450340271,
  "final_funding_g_raw": 0.11867484450340271,
  "final_update_counter": 6.0,
  "final_vartd_VarTD": 0.12082026153802872,
  "mechanism": "hardzero_plus_depr",
  "mechanism_tag": "hardzero_plus_depr__c0p52__z1p10__lam0p010__nu0p50__psi1p00",
  "runtime_sec": 10.777698417019565,
  "seed": 34,
  "z_cut": 1.1
}