{
  "alpha": 0.051,
  "c_upd": 0.58,
  "depr_lambda": 0.0,
  "depr_nu": 0.5,
  "depr_psi": 0.0,
  "eval_CSR_post": 0.019999999552965164,
  "eval_dbar_post_mean": 0.47788894176483154,
  "eval_done_count": 100.0,
  "eval_episodes_per_env": 4.0,
  "eval_len_end_mean": 26.0,
  "eval_occupied_post_mean": 0.3700000047683716,
  "eval_return_end_mean": -23.85145378112793,
  "eval_t_eval": 104.0,
  "final_depr_F_post": 0.0,
  "final_energy_E_post": 0.39840129017829895,
  "final_episode_return_end_mean": -27.159730911254883,
  "final_funding_alpha_eff": 0.050999999046325684,
  "final_funding_g": 0.11116460710763931,
  "final_funding_g_raw": 0.11116460710763931,
  "final_update_counter": 8.0,
  "final_vartd_VarTD": 0.14836296439170837,
  "mechanism": "hardzero_only",
  "mechanism_tag": "hardzero_only__c0p58__z1p00__lam0p000__nu0p50__psi0p00",
  "runtime_sec": 10.84357684396673,
  "seed": 47,
  "z_cut": 1.0
}