{
  "alpha": 0.029,
  "c_upd": 0.58,
  "depr_lambda": 0.0,
  "depr_nu": 0.5,
  "depr_psi": 0.0,
  "eval_CSR_post": 0.0,
  "eval_dbar_post_mean": 0.5977787375450134,
  "eval_done_count": 100.0,
  "eval_episodes_per_env": 4.0,
  "eval_len_end_mean": 26.0,
  "eval_occupied_post_mean": 0.29999998211860657,
  "eval_return_end_mean": -24.379806518554688,
  "eval_t_eval": 104.0,
  "final_depr_F_post": 0.0,
  "final_energy_E_post": 0.34951022267341614,
  "final_episode_return_end_mean": -26.458024978637695,
  "final_funding_alpha_eff": 0.028999999165534973,
  "final_funding_g": 0.10179385542869568,
  "final_funding_g_raw": 0.10179385542869568,
  "final_update_counter": 3.0,
  "final_vartd_VarTD": 0.14000174403190613,
  "mechanism": "hardzero_only",
  "mechanism_tag": "hardzero_only__c0p58__z1p00__lam0p000__nu0p50__psi0p00",
  "runtime_sec": 9.474217792972922,
  "seed": 39,
  "z_cut": 1.0
}