{
  "alpha": 1.0,
  "c_upd": 0.9,
  "condition": "enabled_full",
  "eval_CSR_post": 0.009999999776482582,
  "eval_CSR_pre": 0.0,
  "eval_dbar_post_mean": 0.49829086661338806,
  "eval_dbar_pre_mean": 0.49893736839294434,
  "eval_done_count": 100.0,
  "eval_done_per_env_max": 4.0,
  "eval_done_per_env_min": 4.0,
  "eval_episodes_per_env": 4.0,
  "eval_len_end_mean": 26.0,
  "eval_max_tilde_post_mean": 0.7341949343681335,
  "eval_max_tilde_pre_mean": 0.7310432195663452,
  "eval_occupied_post_mean": 0.4699999988079071,
  "eval_occupied_pre_mean": 0.4399999976158142,
  "eval_return_end_mean": -23.360172271728516,
  "eval_t_eval": 104.0,
  "final_energy": 0.21394473314285278,
  "final_executed_updates": 49.0,
  "final_funding_g": 0.16179662942886353,
  "final_funding_z": 0.7910305261611938,
  "final_vartd": 4.768527030944824,
  "horizon_label": "full",
  "mean_update_fraction": 0.15705128014087677,
  "runtime_sec": 2.655857545993058,
  "seed": 49,
  "train_final_CSR_train": 0.0,
  "train_final_dbar_end": 0.5801006555557251,
  "train_final_min_dists_end_mean": 1.7403018474578857,
  "train_final_occupied_end_mean": 0.24000000953674316,
  "train_final_return_end_mean": -24.428390502929688
}