{
  "alpha": 0.062,
  "c_upd": 0.58,
  "depr_lambda": 0.0,
  "depr_nu": 0.5,
  "depr_psi": 0.0,
  "eval_CSR_post": 0.0,
  "eval_dbar_post_mean": 0.47673389315605164,
  "eval_done_count": 100.0,
  "eval_episodes_per_env": 4.0,
  "eval_len_end_mean": 26.0,
  "eval_occupied_post_mean": 0.429999977350235,
  "eval_return_end_mean": -23.741046905517578,
  "eval_t_eval": 104.0,
  "final_depr_F_post": 0.0,
  "final_energy_E_post": 0.48526665568351746,
  "final_episode_return_end_mean": -26.21641731262207,
  "final_funding_alpha_eff": 0.06199999898672104,
  "final_funding_g": 0.12466853111982346,
  "final_funding_g_raw": 0.12466853111982346,
  "final_update_counter": 8.0,
  "final_vartd_VarTD": 0.14947333931922913,
  "mechanism": "hardzero_only",
  "mechanism_tag": "hardzero_only__c0p58__z1p00__lam0p000__nu0p50__psi0p00",
  "runtime_sec": 10.85820123902522,
  "seed": 35,
  "z_cut": 1.0
}