{
  "alpha": 0.06,
  "c_upd": 0.54,
  "depr_lambda": 0.03,
  "depr_nu": 0.5,
  "depr_psi": 1.25,
  "eval_CSR_post": 0.0,
  "eval_dbar_post_mean": 0.6471253037452698,
  "eval_done_count": 100.0,
  "eval_episodes_per_env": 4.0,
  "eval_len_end_mean": 26.0,
  "eval_occupied_post_mean": 0.22999998927116394,
  "eval_return_end_mean": -25.264354705810547,
  "eval_t_eval": 104.0,
  "final_depr_F_post": 36.85512161254883,
  "final_energy_E_post": 0.06415297836065292,
  "final_episode_return_end_mean": -28.17215347290039,
  "final_funding_alpha_eff": 6.123039896484522e-22,
  "final_funding_g": 0.0,
  "final_funding_g_raw": 0.08860748261213303,
  "final_update_counter": 2.0,
  "final_vartd_VarTD": 0.12537185847759247,
  "mechanism": "hardzero_plus_depr",
  "mechanism_tag": "hardzero_plus_depr__c0p54__z1p05__lam0p030__nu0p50__psi1p25",
  "runtime_sec": 10.615847044973634,
  "seed": 31,
  "z_cut": 1.05
}