{
  "alpha": 0.01,
  "c_upd": 0.54,
  "depr_lambda": 0.01,
  "depr_nu": 0.5,
  "depr_psi": 0.75,
  "eval_CSR_post": 0.0,
  "eval_dbar_post_mean": 0.5794422626495361,
  "eval_done_count": 100.0,
  "eval_episodes_per_env": 4.0,
  "eval_len_end_mean": 26.0,
  "eval_occupied_post_mean": 0.28999999165534973,
  "eval_return_end_mean": -24.71114730834961,
  "eval_t_eval": 104.0,
  "final_depr_F_post": 11.2251615524292,
  "final_energy_E_post": 0.04790377616882324,
  "final_episode_return_end_mean": -26.301349639892578,
  "final_funding_alpha_eff": 2.2232477476791246e-06,
  "final_funding_g": 0.09663303196430206,
  "final_funding_g_raw": 0.09663303196430206,
  "final_update_counter": 2.0,
  "final_vartd_VarTD": 0.12496533989906311,
  "mechanism": "hardzero_plus_depr",
  "mechanism_tag": "hardzero_plus_depr__c0p54__z1p05__lam0p010__nu0p50__psi0p75",
  "runtime_sec": 10.72814522095723,
  "seed": 34,
  "z_cut": 1.05
}