{
  "alpha": 0.08,
  "c_upd": 0.52,
  "depr_lambda": 0.0,
  "depr_nu": 0.5,
  "depr_psi": 0.0,
  "eval_CSR_post": 0.009999999776482582,
  "eval_dbar_post_mean": 0.5017068982124329,
  "eval_done_count": 100.0,
  "eval_episodes_per_env": 4.0,
  "eval_len_end_mean": 26.0,
  "eval_occupied_post_mean": 0.4699999988079071,
  "eval_return_end_mean": -24.083431243896484,
  "eval_t_eval": 104.0,
  "final_depr_F_post": 0.0,
  "final_energy_E_post": 0.34875836968421936,
  "final_episode_return_end_mean": -23.741044998168945,
  "final_funding_alpha_eff": 0.07999999821186066,
  "final_funding_g": 0.16069447994232178,
  "final_funding_g_raw": 0.16069447994232178,
  "final_update_counter": 27.0,
  "final_vartd_VarTD": 1.5758490562438965,
  "mechanism": "hardzero_only",
  "mechanism_tag": "hardzero_only__c0p52__z1p10__lam0p000__nu0p50__psi0p00",
  "runtime_sec": 9.853774457995314,
  "seed": 39,
  "z_cut": 1.1
}