{
  "alpha": 0.08,
  "c_upd": 0.54,
  "depr_lambda": 0.01,
  "depr_nu": 0.5,
  "depr_psi": 1.0,
  "eval_CSR_post": 0.0,
  "eval_dbar_post_mean": 0.9882198572158813,
  "eval_done_count": 100.0,
  "eval_episodes_per_env": 4.0,
  "eval_len_end_mean": 26.0,
  "eval_occupied_post_mean": 0.11999999731779099,
  "eval_return_end_mean": -30.225927352905273,
  "eval_t_eval": 104.0,
  "final_depr_F_post": 12.225184440612793,
  "final_energy_E_post": 0.20029786229133606,
  "final_episode_return_end_mean": -26.992450714111328,
  "final_funding_alpha_eff": 3.9637194504393847e-07,
  "final_funding_g": 0.0,
  "final_funding_g_raw": 0.09733109176158905,
  "final_update_counter": 2.0,
  "final_vartd_VarTD": 0.20736505091190338,
  "mechanism": "hardzero_plus_depr",
  "mechanism_tag": "hardzero_plus_depr__c0p54__z1p00__lam0p010__nu0p50__psi1p00",
  "runtime_sec": 10.324899374973029,
  "seed": 37,
  "z_cut": 1.0
}