{
  "alpha": 0.12,
  "c_upd": 0.54,
  "depr_lambda": 0.03,
  "depr_nu": 0.5,
  "depr_psi": 1.25,
  "eval_CSR_post": 0.0,
  "eval_dbar_post_mean": 0.5708771347999573,
  "eval_done_count": 100.0,
  "eval_episodes_per_env": 4.0,
  "eval_len_end_mean": 26.0,
  "eval_occupied_post_mean": 0.3199999928474426,
  "eval_return_end_mean": -22.878273010253906,
  "eval_t_eval": 104.0,
  "final_depr_F_post": 37.30510330200195,
  "final_energy_E_post": 0.26282861828804016,
  "final_episode_return_end_mean": -28.038665771484375,
  "final_funding_alpha_eff": 6.977766269670419e-22,
  "final_funding_g": 0.09016457945108414,
  "final_funding_g_raw": 0.09016457945108414,
  "final_update_counter": 2.0,
  "final_vartd_VarTD": 0.21681533753871918,
  "mechanism": "hardzero_plus_depr",
  "mechanism_tag": "hardzero_plus_depr__c0p54__z1p10__lam0p030__nu0p50__psi1p25",
  "runtime_sec": 10.911539817927405,
  "seed": 38,
  "z_cut": 1.1
}