{
  "alpha": 0.06,
  "c_upd": 0.54,
  "depr_lambda": 0.01,
  "depr_nu": 0.5,
  "depr_psi": 0.75,
  "eval_CSR_post": 0.0,
  "eval_dbar_post_mean": 0.6603212356567383,
  "eval_done_count": 100.0,
  "eval_episodes_per_env": 4.0,
  "eval_len_end_mean": 26.0,
  "eval_occupied_post_mean": 0.3100000023841858,
  "eval_return_end_mean": -25.388168334960938,
  "eval_t_eval": 104.0,
  "final_depr_F_post": 11.402666091918945,
  "final_energy_E_post": 0.3685978949069977,
  "final_episode_return_end_mean": -28.890182495117188,
  "final_funding_alpha_eff": 1.167675873148255e-05,
  "final_funding_g": 0.0,
  "final_funding_g_raw": 0.07680153101682663,
  "final_update_counter": 3.0,
  "final_vartd_VarTD": 0.17123255133628845,
  "mechanism": "hardzero_plus_depr",
  "mechanism_tag": "hardzero_plus_depr__c0p54__z1p10__lam0p010__nu0p50__psi0p75",
  "runtime_sec": 10.730221448931843,
  "seed": 36,
  "z_cut": 1.1
}