{
  "alpha": 0.025,
  "c_upd": 0.58,
  "depr_lambda": 0.0,
  "depr_nu": 0.5,
  "depr_psi": 0.0,
  "eval_CSR_post": 0.0,
  "eval_dbar_post_mean": 0.4922311007976532,
  "eval_done_count": 100.0,
  "eval_episodes_per_env": 4.0,
  "eval_len_end_mean": 26.0,
  "eval_occupied_post_mean": 0.44999998807907104,
  "eval_return_end_mean": -23.71172332763672,
  "eval_t_eval": 104.0,
  "final_depr_F_post": 0.0,
  "final_energy_E_post": 0.4504430890083313,
  "final_episode_return_end_mean": -27.751123428344727,
  "final_funding_alpha_eff": 0.02500000037252903,
  "final_funding_g": 0.0,
  "final_funding_g_raw": 0.09049689024686813,
  "final_update_counter": 3.0,
  "final_vartd_VarTD": 0.13658829033374786,
  "mechanism": "hardzero_only",
  "mechanism_tag": "hardzero_only__c0p58__z1p00__lam0p000__nu0p50__psi0p00",
  "runtime_sec": 9.468892755918205,
  "seed": 56,
  "z_cut": 1.0
}