{
  "alpha": 0.1,
  "c_upd": 0.52,
  "depr_lambda": 0.02,
  "depr_nu": 0.5,
  "depr_psi": 1.25,
  "eval_CSR_post": 0.0,
  "eval_dbar_post_mean": 0.598228931427002,
  "eval_done_count": 100.0,
  "eval_episodes_per_env": 4.0,
  "eval_len_end_mean": 26.0,
  "eval_occupied_post_mean": 0.23999999463558197,
  "eval_return_end_mean": -23.69440460205078,
  "eval_t_eval": 104.0,
  "final_depr_F_post": 24.91037940979004,
  "final_energy_E_post": 0.2881530523300171,
  "final_episode_return_end_mean": -29.04579734802246,
  "final_funding_alpha_eff": 3.0747302338078207e-15,
  "final_funding_g": 0.0,
  "final_funding_g_raw": 0.0758281946182251,
  "final_update_counter": 2.0,
  "final_vartd_VarTD": 0.17177541553974152,
  "mechanism": "hardzero_plus_depr",
  "mechanism_tag": "hardzero_plus_depr__c0p52__z1p05__lam0p020__nu0p50__psi1p25",
  "runtime_sec": 10.9022598459851,
  "seed": 36,
  "z_cut": 1.05
}