{
  "alpha": 0.075,
  "c_upd": 0.58,
  "depr_lambda": 0.0,
  "depr_nu": 0.5,
  "depr_psi": 0.0,
  "eval_CSR_post": 0.0,
  "eval_dbar_post_mean": 0.5052123069763184,
  "eval_done_count": 100.0,
  "eval_episodes_per_env": 4.0,
  "eval_len_end_mean": 26.0,
  "eval_occupied_post_mean": 0.3700000047683716,
  "eval_return_end_mean": -24.516889572143555,
  "eval_t_eval": 104.0,
  "final_depr_F_post": 0.0,
  "final_energy_E_post": 0.15342453122138977,
  "final_episode_return_end_mean": -26.415531158447266,
  "final_funding_alpha_eff": 0.07500000298023224,
  "final_funding_g": 0.12256389111280441,
  "final_funding_g_raw": 0.12256389111280441,
  "final_update_counter": 11.0,
  "final_vartd_VarTD": 0.19358517229557037,
  "mechanism": "hardzero_only",
  "mechanism_tag": "hardzero_only__c0p58__z1p00__lam0p000__nu0p50__psi0p00",
  "runtime_sec": 9.48103569902014,
  "seed": 51,
  "z_cut": 1.0
}