{
  "alpha": 0.088,
  "c_upd": 0.58,
  "depr_lambda": 0.005,
  "depr_nu": 1.0,
  "depr_psi": 0.5,
  "eval_CSR_post": 0.0,
  "eval_dbar_post_mean": 0.4970666766166687,
  "eval_done_count": 100.0,
  "eval_episodes_per_env": 4.0,
  "eval_len_end_mean": 26.0,
  "eval_occupied_post_mean": 0.41999998688697815,
  "eval_return_end_mean": -23.48665428161621,
  "eval_t_eval": 104.0,
  "final_depr_F_post": 0.08500000089406967,
  "final_energy_E_post": 0.22491790354251862,
  "final_episode_return_end_mean": -24.814231872558594,
  "final_funding_alpha_eff": 0.08454947918653488,
  "final_funding_g": 0.14540544152259827,
  "final_funding_g_raw": 0.14540544152259827,
  "final_update_counter": 16.0,
  "final_vartd_VarTD": 0.3467504680156708,
  "mechanism": "hardzero_plus_depr",
  "mechanism_tag": "hardzero_plus_depr__c0p58__z1p00__lam0p005__nu1p00__psi0p50",
  "runtime_sec": 9.487834671977907,
  "seed": 61,
  "z_cut": 1.0
}