{
  "I_R_full_anchor_compat": -1.5717634747758749,
  "above_R_THRESH_FULL_anchor": 0.0,
  "alpha": 1.0,
  "borrow_interest": 0.02,
  "borrow_limit": 0.6,
  "c_upd": 0.9,
  "condition": "enabled_full__borrow__t4m__a1p00__c0p90",
  "eval_CSR_post": 0.0,
  "eval_CSR_pre": 0.0,
  "eval_dbar_post_mean": 0.883452296257019,
  "eval_dbar_pre_mean": 0.8650822043418884,
  "eval_done_count": 100.0,
  "eval_done_per_env_max": 4.0,
  "eval_done_per_env_min": 4.0,
  "eval_episodes_per_env": 4.0,
  "eval_len_end_mean": 26.0,
  "eval_max_tilde_post_mean": 1.253635048866272,
  "eval_max_tilde_pre_mean": 1.2287280559539795,
  "eval_occupied_post_mean": 0.14000000059604645,
  "eval_occupied_pre_mean": 0.1599999964237213,
  "eval_return_end_mean": -31.149730682373047,
  "eval_t_eval": 104.0,
  "family": "borrow",
  "final_energy": 0.15739011764526367,
  "final_executed_updates": 186.0,
  "final_vartd": 1.447076678276062,
  "max_debt_level": 0.5153751373291016,
  "mean_update_fraction": 0.14880000054836273,
  "metric_horizon": "long4m",
  "phase": "extension_full",
  "runtime_sec": 11.279541523999796,
  "seed": 46,
  "support_mode": "none",
  "support_total": 0.0,
  "total_debt_charge": 3.1085124015808105,
  "total_support_injected": 0.0,
  "total_timesteps": 4000000,
  "train_final_return_end_mean": -26.252578735351562
}