{
  "alpha": 0.064,
  "borrow_interest": 0.0,
  "borrow_limit": 0.0,
  "c_upd": 0.58,
  "depr_lambda": 0.0,
  "depr_nu": 0.5,
  "depr_psi": 0.0,
  "eval_CSR_post": 0.009999999776482582,
  "eval_dbar_post_mean": 0.5328085422515869,
  "eval_done_count": 100.0,
  "eval_episodes_per_env": 4.0,
  "eval_len_end_mean": 26.0,
  "eval_occupied_post_mean": 0.3199999928474426,
  "eval_return_end_mean": -23.430322647094727,
  "eval_t_eval": 104.0,
  "family": "support",
  "final_depr_F_post": 0.0,
  "final_energy_E_post": 0.2528481185436249,
  "final_update_counter": 19.0,
  "final_vartd_VarTD": 0.5790048241615295,
  "max_debt_level_post": 0.0,
  "mean_update_fraction": 0.015200000256299973,
  "mechanism": "hardzero_only",
  "mechanism_tag": "hardzero_only__c0p58__z1p00__lam0p000__nu0p50__psi0p00",
  "runtime_sec": 10.903753679944202,
  "seed": 53,
  "support_mode": "frontload",
  "support_total": 0.6,
  "total_debt_charge": 0.0,
  "total_support_s": 0.5999999642372131,
  "z_cut": 1.0
}