{
  "alpha": 0.0,
  "c_upd": 0.6,
  "condition": "disabled_short",
  "eval_CSR_post": 0.0,
  "eval_CSR_pre": 0.009999999776482582,
  "eval_dbar_post_mean": 0.5965869426727295,
  "eval_dbar_pre_mean": 0.5875489711761475,
  "eval_done_count": 100.0,
  "eval_done_per_env_max": 4.0,
  "eval_done_per_env_min": 4.0,
  "eval_episodes_per_env": 4.0,
  "eval_len_end_mean": 26.0,
  "eval_max_tilde_post_mean": 0.891627848148346,
  "eval_max_tilde_pre_mean": 0.87246173620224,
  "eval_occupied_post_mean": 0.3199999928474426,
  "eval_occupied_pre_mean": 0.3499999940395355,
  "eval_return_end_mean": -24.95185661315918,
  "eval_t_eval": 104.0,
  "final_energy": 0.3999999761581421,
  "final_executed_updates": 1.0,
  "final_funding_g": 0.08172968029975891,
  "final_funding_z": 1.0876201391220093,
  "final_vartd": 0.18075031042099,
  "horizon_label": "short",
  "mean_update_fraction": 0.00800000037997961,
  "runtime_sec": 0.9981719439965673,
  "seed": 55,
  "train_final_CSR_train": 0.0,
  "train_final_dbar_end": 0.7976040244102478,
  "train_final_min_dists_end_mean": 2.3928120136260986,
  "train_final_occupied_end_mean": 0.20000000298023224,
  "train_final_return_end_mean": -28.572162628173828
}