{
  "alpha": 0.033,
  "c_upd": 0.58,
  "depr_lambda": 0.0,
  "depr_nu": 0.5,
  "depr_psi": 0.0,
  "eval_CSR_post": 0.0,
  "eval_dbar_post_mean": 0.5074862837791443,
  "eval_done_count": 100.0,
  "eval_episodes_per_env": 4.0,
  "eval_len_end_mean": 26.0,
  "eval_occupied_post_mean": 0.3199999928474426,
  "eval_return_end_mean": -23.854183197021484,
  "eval_t_eval": 104.0,
  "final_depr_F_post": 0.0,
  "final_energy_E_post": 0.5720774531364441,
  "final_episode_return_end_mean": -27.044174194335938,
  "final_funding_alpha_eff": 0.032999999821186066,
  "final_funding_g": 0.11165513098239899,
  "final_funding_g_raw": 0.11165513098239899,
  "final_update_counter": 6.0,
  "final_vartd_VarTD": 0.15665315091609955,
  "mechanism": "hardzero_only",
  "mechanism_tag": "hardzero_only__c0p58__z1p00__lam0p000__nu0p50__psi0p00",
  "runtime_sec": 10.854456982924603,
  "seed": 53,
  "z_cut": 1.0
}