{
  "alpha": 0.08,
  "c_upd": 0.6,
  "depr_lambda": 0.02,
  "depr_nu": 0.5,
  "depr_psi": 1.0,
  "eval_CSR_post": 0.0,
  "eval_dbar_post_mean": 0.6193735599517822,
  "eval_done_count": 100.0,
  "eval_episodes_per_env": 4.0,
  "eval_len_end_mean": 26.0,
  "eval_occupied_post_mean": 0.25999999046325684,
  "eval_return_end_mean": -25.17863655090332,
  "eval_t_eval": 104.0,
  "final_depr_F_post": 24.300365447998047,
  "final_energy_E_post": 0.2025614231824875,
  "final_episode_return_end_mean": -26.33756446838379,
  "final_funding_alpha_eff": 2.2817153982196414e-12,
  "final_funding_g": 0.09536930918693542,
  "final_funding_g_raw": 0.09536930918693542,
  "final_update_counter": 2.0,
  "final_vartd_VarTD": 0.12382613122463226,
  "mechanism": "hardzero_plus_depr",
  "mechanism_tag": "hardzero_plus_depr__c0p60__z1p05__lam0p020__nu0p50__psi1p00",
  "runtime_sec": 10.908526862971485,
  "seed": 34,
  "z_cut": 1.05
}