{
  "alpha": 0.08,
  "c_upd": 0.6,
  "depr_lambda": 0.01,
  "depr_nu": 0.5,
  "depr_psi": 1.0,
  "eval_CSR_post": 0.009999999776482582,
  "eval_dbar_post_mean": 0.5449172258377075,
  "eval_done_count": 100.0,
  "eval_episodes_per_env": 4.0,
  "eval_len_end_mean": 26.0,
  "eval_occupied_post_mean": 0.38999998569488525,
  "eval_return_end_mean": -23.410654067993164,
  "eval_t_eval": 104.0,
  "final_depr_F_post": 10.9751558303833,
  "final_energy_E_post": 0.20889733731746674,
  "final_episode_return_end_mean": -26.54779624938965,
  "final_funding_alpha_eff": 1.3835135632689344e-06,
  "final_funding_g": 0.09847200661897659,
  "final_funding_g_raw": 0.09847200661897659,
  "final_update_counter": 3.0,
  "final_vartd_VarTD": 0.145454540848732,
  "mechanism": "hardzero_plus_depr",
  "mechanism_tag": "hardzero_plus_depr__c0p60__z1p10__lam0p010__nu0p50__psi1p00",
  "runtime_sec": 10.78196873003617,
  "seed": 39,
  "z_cut": 1.1
}