{
  "alpha": 0.1,
  "c_upd": 0.6,
  "depr_lambda": 0.01,
  "depr_nu": 0.5,
  "depr_psi": 1.25,
  "eval_CSR_post": 0.0,
  "eval_dbar_post_mean": 0.5278916358947754,
  "eval_done_count": 100.0,
  "eval_episodes_per_env": 4.0,
  "eval_len_end_mean": 26.0,
  "eval_occupied_post_mean": 0.3499999940395355,
  "eval_return_end_mean": -23.109853744506836,
  "eval_t_eval": 104.0,
  "final_depr_F_post": 9.73514175415039,
  "final_energy_E_post": 0.03121422603726387,
  "final_episode_return_end_mean": -27.270475387573242,
  "final_funding_alpha_eff": 5.254491384221183e-07,
  "final_funding_g": 0.10539427399635315,
  "final_funding_g_raw": 0.10539427399635315,
  "final_update_counter": 3.0,
  "final_vartd_VarTD": 0.14318497478961945,
  "mechanism": "hardzero_plus_depr",
  "mechanism_tag": "hardzero_plus_depr__c0p60__z1p05__lam0p010__nu0p50__psi1p25",
  "runtime_sec": 10.867588162014727,
  "seed": 35,
  "z_cut": 1.05
}