{
  "alpha": 0.1,
  "c_upd": 0.5,
  "depr_lambda": 0.02,
  "depr_nu": 0.5,
  "depr_psi": 1.0,
  "eval_CSR_post": 0.0,
  "eval_dbar_post_mean": 0.5732942819595337,
  "eval_done_count": 100.0,
  "eval_episodes_per_env": 4.0,
  "eval_len_end_mean": 26.0,
  "eval_occupied_post_mean": 0.29999998211860657,
  "eval_return_end_mean": -25.153345108032227,
  "eval_t_eval": 104.0,
  "final_depr_F_post": 23.220340728759766,
  "final_energy_E_post": 0.09259393811225891,
  "final_episode_return_end_mean": -26.131671905517578,
  "final_funding_alpha_eff": 8.398858865332759e-12,
  "final_funding_g": 0.10155123472213745,
  "final_funding_g_raw": 0.10155123472213745,
  "final_update_counter": 3.0,
  "final_vartd_VarTD": 0.12160451710224152,
  "mechanism": "hardzero_plus_depr",
  "mechanism_tag": "hardzero_plus_depr__c0p50__z1p10__lam0p020__nu0p50__psi1p00",
  "runtime_sec": 10.866405581997242,
  "seed": 34,
  "z_cut": 1.1
}