{
  "alpha": 0.046,
  "c_upd": 0.58,
  "depr_lambda": 0.005,
  "depr_nu": 1.0,
  "depr_psi": 0.5,
  "eval_CSR_post": 0.019999999552965164,
  "eval_dbar_post_mean": 0.5506609678268433,
  "eval_done_count": 100.0,
  "eval_episodes_per_env": 4.0,
  "eval_len_end_mean": 26.0,
  "eval_occupied_post_mean": 0.3799999952316284,
  "eval_return_end_mean": -23.617504119873047,
  "eval_t_eval": 104.0,
  "final_depr_F_post": 4.715060234069824,
  "final_energy_E_post": 0.5442308783531189,
  "final_episode_return_end_mean": -28.344371795654297,
  "final_funding_alpha_eff": 0.004364969674497843,
  "final_funding_g": 0.0,
  "final_funding_g_raw": 0.08990621566772461,
  "final_update_counter": 2.0,
  "final_vartd_VarTD": 0.15616069734096527,
  "mechanism": "hardzero_plus_depr",
  "mechanism_tag": "hardzero_plus_depr__c0p58__z1p00__lam0p005__nu1p00__psi0p50",
  "runtime_sec": 9.482522976002656,
  "seed": 47,
  "z_cut": 1.0
}