{
  "alpha": 0.08,
  "c_upd": 0.5,
  "depr_lambda": 0.01,
  "depr_nu": 0.5,
  "depr_psi": 0.75,
  "eval_CSR_post": 0.0,
  "eval_dbar_post_mean": 0.5310376882553101,
  "eval_done_count": 100.0,
  "eval_episodes_per_env": 4.0,
  "eval_len_end_mean": 26.0,
  "eval_occupied_post_mean": 0.38999998569488525,
  "eval_return_end_mean": -24.945384979248047,
  "eval_t_eval": 104.0,
  "final_depr_F_post": 9.356369018554688,
  "final_energy_E_post": 0.312348872423172,
  "final_episode_return_end_mean": -27.21272087097168,
  "final_funding_alpha_eff": 7.224082219181582e-05,
  "final_funding_g": 0.1030656173825264,
  "final_funding_g_raw": 0.1030656173825264,
  "final_update_counter": 5.0,
  "final_vartd_VarTD": 0.11526235193014145,
  "mechanism": "hardzero_plus_depr",
  "mechanism_tag": "hardzero_plus_depr__c0p50__z1p10__lam0p010__nu0p50__psi0p75",
  "runtime_sec": 10.862901579996105,
  "seed": 31,
  "z_cut": 1.1
}