{
  "I_R_full": 0.3841060598151635,
  "alpha": 0.1,
  "borrow_interest": 0.02,
  "borrow_limit": 0.6,
  "c_upd": 1.0,
  "condition": "edge_full__borrow__t1m__a0p10__c1p00",
  "eval_CSR_post": 0.0,
  "eval_CSR_pre": 0.0,
  "eval_dbar_post_mean": 0.746884286403656,
  "eval_dbar_pre_mean": 0.7400834560394287,
  "eval_done_count": 100.0,
  "eval_done_per_env_max": 4.0,
  "eval_done_per_env_min": 4.0,
  "eval_episodes_per_env": 4.0,
  "eval_len_end_mean": 26.0,
  "eval_max_tilde_post_mean": 1.1046720743179321,
  "eval_max_tilde_pre_mean": 1.1019232273101807,
  "eval_occupied_post_mean": 0.17000000178813934,
  "eval_occupied_pre_mean": 0.20999999344348907,
  "eval_return_end_mean": -26.30513572692871,
  "eval_t_eval": 104.0,
  "family": "borrow",
  "final_energy": -0.6000000238418579,
  "final_executed_updates": 2.0,
  "final_vartd": 0.1587497442960739,
  "learned_R_full_0p5": 0.0,
  "max_debt_level": 0.6000000238418579,
  "mean_update_fraction": 0.006410256493836641,
  "metric_horizon": "full",
  "phase": "extension_full",
  "runtime_sec": 2.8909989109997696,
  "seed": 43,
  "support_mode": "none",
  "support_total": 0.0,
  "total_debt_charge": 3.203322410583496,
  "total_support_injected": 0.0,
  "total_timesteps": 1000000,
  "train_final_return_end_mean": -27.16937828063965
}