{
  "alpha": 0.08,
  "c_upd": 0.6,
  "depr_lambda": 0.01,
  "depr_nu": 0.5,
  "depr_psi": 1.25,
  "eval_CSR_post": 0.0,
  "eval_dbar_post_mean": 0.6697381734848022,
  "eval_done_count": 100.0,
  "eval_episodes_per_env": 4.0,
  "eval_len_end_mean": 26.0,
  "eval_occupied_post_mean": 0.20999999344348907,
  "eval_return_end_mean": -24.893850326538086,
  "eval_t_eval": 104.0,
  "final_depr_F_post": 12.310186386108398,
  "final_energy_E_post": 0.4781070947647095,
  "final_episode_return_end_mean": -29.131961822509766,
  "final_funding_alpha_eff": 1.681555694688086e-08,
  "final_funding_g": 0.0,
  "final_funding_g_raw": 0.073099784553051,
  "final_update_counter": 2.0,
  "final_vartd_VarTD": 0.17572422325611115,
  "mechanism": "hardzero_plus_depr",
  "mechanism_tag": "hardzero_plus_depr__c0p60__z1p10__lam0p010__nu0p50__psi1p25",
  "runtime_sec": 10.622730078059249,
  "seed": 36,
  "z_cut": 1.1
}