{
  "alpha": 0.034,
  "c_upd": 0.58,
  "depr_lambda": 0.005,
  "depr_nu": 1.0,
  "depr_psi": 0.5,
  "eval_CSR_post": 0.009999999776482582,
  "eval_dbar_post_mean": 0.4886016845703125,
  "eval_done_count": 100.0,
  "eval_episodes_per_env": 4.0,
  "eval_len_end_mean": 26.0,
  "eval_occupied_post_mean": 0.41999998688697815,
  "eval_return_end_mean": -23.810245513916016,
  "eval_t_eval": 104.0,
  "final_depr_F_post": 0.8949993252754211,
  "final_energy_E_post": 0.41509127616882324,
  "final_episode_return_end_mean": -26.22130012512207,
  "final_funding_alpha_eff": 0.021788034588098526,
  "final_funding_g": 0.11455333977937698,
  "final_funding_g_raw": 0.11455333977937698,
  "final_update_counter": 3.0,
  "final_vartd_VarTD": 0.1186387911438942,
  "mechanism": "hardzero_plus_depr",
  "mechanism_tag": "hardzero_plus_depr__c0p58__z1p00__lam0p005__nu1p00__psi0p50",
  "runtime_sec": 9.476686510024592,
  "seed": 45,
  "z_cut": 1.0
}