{
  "alpha": 0.06,
  "c_upd": 0.54,
  "depr_lambda": 0.02,
  "depr_nu": 0.5,
  "depr_psi": 1.0,
  "eval_CSR_post": 0.0,
  "eval_dbar_post_mean": 0.6213849782943726,
  "eval_done_count": 100.0,
  "eval_episodes_per_env": 4.0,
  "eval_len_end_mean": 26.0,
  "eval_occupied_post_mean": 0.23999999463558197,
  "eval_return_end_mean": -25.0621337890625,
  "eval_t_eval": 104.0,
  "final_depr_F_post": 24.680374145507812,
  "final_energy_E_post": 0.2111382931470871,
  "final_episode_return_end_mean": -26.404499053955078,
  "final_funding_alpha_eff": 1.1702726461504387e-12,
  "final_funding_g": 0.09596326947212219,
  "final_funding_g_raw": 0.09596326947212219,
  "final_update_counter": 2.0,
  "final_vartd_VarTD": 0.12309210747480392,
  "mechanism": "hardzero_plus_depr",
  "mechanism_tag": "hardzero_plus_depr__c0p54__z1p05__lam0p020__nu0p50__psi1p00",
  "runtime_sec": 10.838886139972601,
  "seed": 34,
  "z_cut": 1.05
}