{
  "alpha": 0.04,
  "c_upd": 0.56,
  "depr_lambda": 0.0,
  "depr_nu": 0.5,
  "depr_psi": 0.0,
  "eval_CSR_post": 0.0,
  "eval_dbar_post_mean": 0.6161102056503296,
  "eval_done_count": 100.0,
  "eval_episodes_per_env": 4.0,
  "eval_len_end_mean": 26.0,
  "eval_occupied_post_mean": 0.23999999463558197,
  "eval_return_end_mean": -24.593202590942383,
  "eval_t_eval": 104.0,
  "final_depr_F_post": 0.0,
  "final_energy_E_post": 0.509746789932251,
  "final_episode_return_end_mean": -27.585824966430664,
  "final_funding_alpha_eff": 0.03999999910593033,
  "final_funding_g": 0.0,
  "final_funding_g_raw": 0.09604914486408234,
  "final_update_counter": 4.0,
  "final_vartd_VarTD": 0.16636177897453308,
  "mechanism": "hardzero_only",
  "mechanism_tag": "hardzero_only__c0p56__z1p00__lam0p000__nu0p50__psi0p00",
  "runtime_sec": 9.610268479009392,
  "seed": 40,
  "z_cut": 1.0
}