{
  "alpha": 0.081,
  "c_upd": 0.58,
  "depr_lambda": 0.0,
  "depr_nu": 0.5,
  "depr_psi": 0.0,
  "eval_CSR_post": 0.0,
  "eval_dbar_post_mean": 0.5403192043304443,
  "eval_done_count": 100.0,
  "eval_episodes_per_env": 4.0,
  "eval_len_end_mean": 26.0,
  "eval_occupied_post_mean": 0.3199999928474426,
  "eval_return_end_mean": -25.146442413330078,
  "eval_t_eval": 104.0,
  "final_depr_F_post": 0.0,
  "final_energy_E_post": 0.5188972353935242,
  "final_episode_return_end_mean": -24.318593978881836,
  "final_funding_alpha_eff": 0.08100000023841858,
  "final_funding_g": 0.16745062172412872,
  "final_funding_g_raw": 0.16745062172412872,
  "final_update_counter": 19.0,
  "final_vartd_VarTD": 0.5742266178131104,
  "mechanism": "hardzero_only",
  "mechanism_tag": "hardzero_only__c0p58__z1p00__lam0p000__nu0p50__psi0p00",
  "runtime_sec": 9.505811069044285,
  "seed": 46,
  "z_cut": 1.0
}