{
  "alpha": 0.079,
  "c_upd": 0.58,
  "depr_lambda": 0.0,
  "depr_nu": 0.5,
  "depr_psi": 0.0,
  "eval_CSR_post": 0.0,
  "eval_dbar_post_mean": 0.4983856678009033,
  "eval_done_count": 100.0,
  "eval_episodes_per_env": 4.0,
  "eval_len_end_mean": 26.0,
  "eval_occupied_post_mean": 0.5199999809265137,
  "eval_return_end_mean": -24.00517463684082,
  "eval_t_eval": 104.0,
  "final_depr_F_post": 0.0,
  "final_energy_E_post": 0.2783616781234741,
  "final_episode_return_end_mean": -24.989049911499023,
  "final_funding_alpha_eff": 0.07900000363588333,
  "final_funding_g": 0.1548129916191101,
  "final_funding_g_raw": 0.1548129916191101,
  "final_update_counter": 16.0,
  "final_vartd_VarTD": 0.3450084626674652,
  "mechanism": "hardzero_only",
  "mechanism_tag": "hardzero_only__c0p58__z1p00__lam0p000__nu0p50__psi0p00",
  "runtime_sec": 9.497263637953438,
  "seed": 50,
  "z_cut": 1.0
}