{
  "alpha": 0.05,
  "c_upd": 0.5,
  "depr_lambda": 0.01,
  "depr_nu": 0.5,
  "depr_psi": 0.75,
  "eval_CSR_post": 0.0,
  "eval_dbar_post_mean": 0.5147520303726196,
  "eval_done_count": 100.0,
  "eval_episodes_per_env": 4.0,
  "eval_len_end_mean": 26.0,
  "eval_occupied_post_mean": 0.20999999344348907,
  "eval_return_end_mean": -22.98385238647461,
  "eval_t_eval": 104.0,
  "final_depr_F_post": 11.385165214538574,
  "final_energy_E_post": 0.2945583462715149,
  "final_episode_return_end_mean": -27.40099334716797,
  "final_funding_alpha_eff": 9.85919359663967e-06,
  "final_funding_g": 0.10281804949045181,
  "final_funding_g_raw": 0.10281804949045181,
  "final_update_counter": 3.0,
  "final_vartd_VarTD": 0.1430027037858963,
  "mechanism": "hardzero_plus_depr",
  "mechanism_tag": "hardzero_plus_depr__c0p50__z1p05__lam0p010__nu0p50__psi0p75",
  "runtime_sec": 10.752796964952722,
  "seed": 35,
  "z_cut": 1.05
}