{
  "alpha": 0.04,
  "c_upd": 0.56,
  "depr_lambda": 0.02,
  "depr_nu": 0.5,
  "depr_psi": 1.0,
  "eval_CSR_post": 0.0,
  "eval_dbar_post_mean": 0.7083431482315063,
  "eval_done_count": 100.0,
  "eval_episodes_per_env": 4.0,
  "eval_len_end_mean": 26.0,
  "eval_occupied_post_mean": 0.23999999463558197,
  "eval_return_end_mean": -25.668729782104492,
  "eval_t_eval": 104.0,
  "final_depr_F_post": 24.450368881225586,
  "final_energy_E_post": 0.12201288342475891,
  "final_episode_return_end_mean": -26.801820755004883,
  "final_funding_alpha_eff": 9.819418498799304e-13,
  "final_funding_g": 0.10672628879547119,
  "final_funding_g_raw": 0.10672628879547119,
  "final_update_counter": 2.0,
  "final_vartd_VarTD": 0.11900459229946136,
  "mechanism": "hardzero_plus_depr",
  "mechanism_tag": "hardzero_plus_depr__c0p56__z1p10__lam0p020__nu0p50__psi1p00",
  "runtime_sec": 10.814500855049118,
  "seed": 33,
  "z_cut": 1.1
}