{
  "alpha": 0.055,
  "c_upd": 0.58,
  "depr_lambda": 0.0,
  "depr_nu": 0.5,
  "depr_psi": 0.0,
  "eval_CSR_post": 0.009999999776482582,
  "eval_dbar_post_mean": 0.530601441860199,
  "eval_done_count": 100.0,
  "eval_episodes_per_env": 4.0,
  "eval_len_end_mean": 26.0,
  "eval_occupied_post_mean": 0.32999998331069946,
  "eval_return_end_mean": -24.858720779418945,
  "eval_t_eval": 104.0,
  "final_depr_F_post": 0.0,
  "final_energy_E_post": 0.3962545096874237,
  "final_episode_return_end_mean": -26.042953491210938,
  "final_funding_alpha_eff": 0.054999999701976776,
  "final_funding_g": 0.11944039911031723,
  "final_funding_g_raw": 0.11944039911031723,
  "final_update_counter": 9.0,
  "final_vartd_VarTD": 0.160861536860466,
  "mechanism": "hardzero_only",
  "mechanism_tag": "hardzero_only__c0p58__z1p00__lam0p000__nu0p50__psi0p00",
  "runtime_sec": 9.4883304979885,
  "seed": 46,
  "z_cut": 1.0
}