{
  "alpha": 0.12,
  "c_upd": 0.5,
  "depr_lambda": 0.02,
  "depr_nu": 0.5,
  "depr_psi": 1.0,
  "eval_CSR_post": 0.0,
  "eval_dbar_post_mean": 0.6060818433761597,
  "eval_done_count": 100.0,
  "eval_episodes_per_env": 4.0,
  "eval_len_end_mean": 26.0,
  "eval_occupied_post_mean": 0.2199999988079071,
  "eval_return_end_mean": -25.280658721923828,
  "eval_t_eval": 104.0,
  "final_depr_F_post": 24.96038055419922,
  "final_energy_E_post": 0.27220067381858826,
  "final_episode_return_end_mean": -26.269454956054688,
  "final_funding_alpha_eff": 1.768934499747632e-12,
  "final_funding_g": 0.0,
  "final_funding_g_raw": 0.09743394702672958,
  "final_update_counter": 2.0,
  "final_vartd_VarTD": 0.12303551286458969,
  "mechanism": "hardzero_plus_depr",
  "mechanism_tag": "hardzero_plus_depr__c0p50__z1p00__lam0p020__nu0p50__psi1p00",
  "runtime_sec": 9.910056722001173,
  "seed": 34,
  "z_cut": 1.0
}