{
  "alpha": 0.064,
  "c_upd": 0.58,
  "depr_lambda": 0.005,
  "depr_nu": 1.0,
  "depr_psi": 0.5,
  "eval_CSR_post": 0.0,
  "eval_dbar_post_mean": 0.5648926496505737,
  "eval_done_count": 100.0,
  "eval_episodes_per_env": 4.0,
  "eval_len_end_mean": 26.0,
  "eval_occupied_post_mean": 0.25,
  "eval_return_end_mean": -23.178180694580078,
  "eval_t_eval": 104.0,
  "final_depr_F_post": 0.3299998342990875,
  "final_energy_E_post": 0.5250734090805054,
  "final_episode_return_end_mean": -25.317350387573242,
  "final_funding_alpha_eff": 0.054401036351919174,
  "final_funding_g": 0.1271480768918991,
  "final_funding_g_raw": 0.1271480768918991,
  "final_update_counter": 13.0,
  "final_vartd_VarTD": 0.19139300286769867,
  "mechanism": "hardzero_plus_depr",
  "mechanism_tag": "hardzero_plus_depr__c0p58__z1p00__lam0p005__nu1p00__psi0p50",
  "runtime_sec": 9.49416577105876,
  "seed": 57,
  "z_cut": 1.0
}