{
  "alpha": 0.06,
  "c_upd": 0.56,
  "depr_lambda": 0.0,
  "depr_nu": 0.5,
  "depr_psi": 0.0,
  "eval_CSR_post": 0.009999999776482582,
  "eval_dbar_post_mean": 0.535763144493103,
  "eval_done_count": 100.0,
  "eval_episodes_per_env": 4.0,
  "eval_len_end_mean": 26.0,
  "eval_occupied_post_mean": 0.26999998092651367,
  "eval_return_end_mean": -25.085880279541016,
  "eval_t_eval": 104.0,
  "final_depr_F_post": 0.0,
  "final_energy_E_post": 0.21772322058677673,
  "final_episode_return_end_mean": -25.02163314819336,
  "final_funding_alpha_eff": 0.05999999865889549,
  "final_funding_g": 0.14011125266551971,
  "final_funding_g_raw": 0.14011125266551971,
  "final_update_counter": 15.0,
  "final_vartd_VarTD": 0.3227570950984955,
  "mechanism": "hardzero_only",
  "mechanism_tag": "hardzero_only__c0p56__z1p00__lam0p000__nu0p50__psi0p00",
  "runtime_sec": 9.73680722701829,
  "seed": 37,
  "z_cut": 1.0
}