{
  "alpha": 0.049,
  "c_upd": 0.58,
  "depr_lambda": 0.005,
  "depr_nu": 1.0,
  "depr_psi": 0.5,
  "eval_CSR_post": 0.0,
  "eval_dbar_post_mean": 0.6632413268089294,
  "eval_done_count": 100.0,
  "eval_episodes_per_env": 4.0,
  "eval_len_end_mean": 26.0,
  "eval_occupied_post_mean": 0.2800000011920929,
  "eval_return_end_mean": -25.9852294921875,
  "eval_t_eval": 104.0,
  "final_depr_F_post": 0.31499984860420227,
  "final_energy_E_post": 0.2654029130935669,
  "final_episode_return_end_mean": -25.895950317382812,
  "final_funding_alpha_eff": 0.041964344680309296,
  "final_funding_g": 0.10475905239582062,
  "final_funding_g_raw": 0.10475905239582062,
  "final_update_counter": 5.0,
  "final_vartd_VarTD": 0.1228359267115593,
  "mechanism": "hardzero_plus_depr",
  "mechanism_tag": "hardzero_plus_depr__c0p58__z1p00__lam0p005__nu1p00__psi0p50",
  "runtime_sec": 9.476474368013442,
  "seed": 34,
  "z_cut": 1.0
}