{
  "I_R_full": 1.5757700438267204,
  "alpha": 1.0,
  "borrow_interest": 0.02,
  "borrow_limit": 0.6,
  "c_upd": 0.9,
  "condition": "enabled_full__borrow__t1m__a1p00__c0p90",
  "eval_CSR_post": 0.0,
  "eval_CSR_pre": 0.0,
  "eval_dbar_post_mean": 0.512416422367096,
  "eval_dbar_pre_mean": 0.5045127868652344,
  "eval_done_count": 100.0,
  "eval_done_per_env_max": 4.0,
  "eval_done_per_env_min": 4.0,
  "eval_episodes_per_env": 4.0,
  "eval_len_end_mean": 26.0,
  "eval_max_tilde_post_mean": 0.7409330010414124,
  "eval_max_tilde_pre_mean": 0.7373510003089905,
  "eval_occupied_post_mean": 0.2800000011920929,
  "eval_occupied_pre_mean": 0.3199999928474426,
  "eval_return_end_mean": -23.35344123840332,
  "eval_t_eval": 104.0,
  "family": "borrow",
  "final_energy": 0.04759463295340538,
  "final_executed_updates": 53.0,
  "final_vartd": 5.3246917724609375,
  "learned_R_full_0p5": 1.0,
  "max_debt_level": 0.48166340589523315,
  "mean_update_fraction": 0.16987179219722748,
  "metric_horizon": "full",
  "phase": "extension_full",
  "runtime_sec": 2.9557299279986182,
  "seed": 33,
  "support_mode": "none",
  "support_total": 0.0,
  "total_debt_charge": 0.6897898316383362,
  "total_support_injected": 0.0,
  "total_timesteps": 1000000,
  "train_final_return_end_mean": -23.595928192138672
}