{
  "alpha": 0.05,
  "c_upd": 0.52,
  "depr_lambda": 0.02,
  "depr_nu": 0.5,
  "depr_psi": 0.75,
  "eval_CSR_post": 0.0,
  "eval_dbar_post_mean": 0.6412915587425232,
  "eval_done_count": 100.0,
  "eval_episodes_per_env": 4.0,
  "eval_len_end_mean": 26.0,
  "eval_occupied_post_mean": 0.26999998092651367,
  "eval_return_end_mean": -24.51945686340332,
  "eval_t_eval": 104.0,
  "final_depr_F_post": 24.88037872314453,
  "final_energy_E_post": 0.30891337990760803,
  "final_episode_return_end_mean": -26.656099319458008,
  "final_funding_alpha_eff": 3.994170272303421e-10,
  "final_funding_g": 0.09642164409160614,
  "final_funding_g_raw": 0.09642164409160614,
  "final_update_counter": 2.0,
  "final_vartd_VarTD": 0.14150738716125488,
  "mechanism": "hardzero_plus_depr",
  "mechanism_tag": "hardzero_plus_depr__c0p52__z1p10__lam0p020__nu0p50__psi0p75",
  "runtime_sec": 10.838629999023397,
  "seed": 39,
  "z_cut": 1.1
}