{
  "alpha": 0.12,
  "c_upd": 0.54,
  "depr_lambda": 0.02,
  "depr_nu": 0.5,
  "depr_psi": 0.75,
  "eval_CSR_post": 0.0,
  "eval_dbar_post_mean": 0.5685210824012756,
  "eval_done_count": 100.0,
  "eval_episodes_per_env": 4.0,
  "eval_len_end_mean": 26.0,
  "eval_occupied_post_mean": 0.3400000035762787,
  "eval_return_end_mean": -24.67950439453125,
  "eval_t_eval": 104.0,
  "final_depr_F_post": 23.355342864990234,
  "final_energy_E_post": 0.24799269437789917,
  "final_episode_return_end_mean": -27.8832950592041,
  "final_funding_alpha_eff": 3.0086619862146335e-09,
  "final_funding_g": 0.09510663896799088,
  "final_funding_g_raw": 0.09510663896799088,
  "final_update_counter": 3.0,
  "final_vartd_VarTD": 0.12397949397563934,
  "mechanism": "hardzero_plus_depr",
  "mechanism_tag": "hardzero_plus_depr__c0p54__z1p05__lam0p020__nu0p50__psi0p75",
  "runtime_sec": 10.631633548997343,
  "seed": 31,
  "z_cut": 1.05
}