{
  "alpha": 0.12,
  "c_upd": 0.52,
  "depr_lambda": 0.01,
  "depr_nu": 0.5,
  "depr_psi": 0.75,
  "eval_CSR_post": 0.0,
  "eval_dbar_post_mean": 0.48200011253356934,
  "eval_done_count": 100.0,
  "eval_episodes_per_env": 4.0,
  "eval_len_end_mean": 26.0,
  "eval_occupied_post_mean": 0.3999999761581421,
  "eval_return_end_mean": -23.56915283203125,
  "eval_t_eval": 104.0,
  "final_depr_F_post": 1.7675118446350098,
  "final_energy_E_post": 0.34493908286094666,
  "final_episode_return_end_mean": -25.273365020751953,
  "final_funding_alpha_eff": 0.0321161113679409,
  "final_funding_g": 0.14318212866783142,
  "final_funding_g_raw": 0.14318212866783142,
  "final_update_counter": 14.0,
  "final_vartd_VarTD": 0.28566044569015503,
  "mechanism": "hardzero_plus_depr",
  "mechanism_tag": "hardzero_plus_depr__c0p52__z1p10__lam0p010__nu0p50__psi0p75",
  "runtime_sec": 23.912528521032073,
  "seed": 30,
  "z_cut": 1.1
}