{
  "alpha": 0.076,
  "c_upd": 0.58,
  "depr_lambda": 0.0,
  "depr_nu": 0.5,
  "depr_psi": 0.0,
  "eval_CSR_post": 0.019999999552965164,
  "eval_dbar_post_mean": 0.4600265622138977,
  "eval_done_count": 100.0,
  "eval_episodes_per_env": 4.0,
  "eval_len_end_mean": 26.0,
  "eval_occupied_post_mean": 0.4699999988079071,
  "eval_return_end_mean": -23.196361541748047,
  "eval_t_eval": 104.0,
  "final_depr_F_post": 0.0,
  "final_energy_E_post": 0.024261876940727234,
  "final_episode_return_end_mean": -25.286762237548828,
  "final_funding_alpha_eff": 0.07599999755620956,
  "final_funding_g": 0.13597242534160614,
  "final_funding_g_raw": 0.13597242534160614,
  "final_update_counter": 19.0,
  "final_vartd_VarTD": 0.49108409881591797,
  "mechanism": "hardzero_only",
  "mechanism_tag": "hardzero_only__c0p58__z1p00__lam0p000__nu0p50__psi0p00",
  "runtime_sec": 9.498818914988078,
  "seed": 55,
  "z_cut": 1.0
}