{
  "alpha": 0.04,
  "c_upd": 0.6,
  "depr_lambda": 0.02,
  "depr_nu": 0.5,
  "depr_psi": 0.75,
  "eval_CSR_post": 0.0,
  "eval_dbar_post_mean": 0.5771263241767883,
  "eval_done_count": 100.0,
  "eval_episodes_per_env": 4.0,
  "eval_len_end_mean": 26.0,
  "eval_occupied_post_mean": 0.26999998092651367,
  "eval_return_end_mean": -22.58999252319336,
  "eval_t_eval": 104.0,
  "final_depr_F_post": 23.60034942626953,
  "final_energy_E_post": 0.09408887475728989,
  "final_episode_return_end_mean": -27.963970184326172,
  "final_funding_alpha_eff": 8.345432123135765e-10,
  "final_funding_g": 0.09165655076503754,
  "final_funding_g_raw": 0.09165655076503754,
  "final_update_counter": 2.0,
  "final_vartd_VarTD": 0.21173328161239624,
  "mechanism": "hardzero_plus_depr",
  "mechanism_tag": "hardzero_plus_depr__c0p60__z1p10__lam0p020__nu0p50__psi0p75",
  "runtime_sec": 10.605371327023022,
  "seed": 38,
  "z_cut": 1.1
}