{
  "alpha": 0.0,
  "c_upd": 0.58,
  "condition": "fragile_full",
  "eval_CSR_post": 0.0,
  "eval_CSR_pre": 0.009999999776482582,
  "eval_dbar_post_mean": 0.6019315123558044,
  "eval_dbar_pre_mean": 0.600662350654602,
  "eval_done_count": 100.0,
  "eval_done_per_env_max": 4.0,
  "eval_done_per_env_min": 4.0,
  "eval_episodes_per_env": 4.0,
  "eval_len_end_mean": 26.0,
  "eval_max_tilde_post_mean": 0.8608788251876831,
  "eval_max_tilde_pre_mean": 0.8554064035415649,
  "eval_occupied_post_mean": 0.22999998927116394,
  "eval_occupied_pre_mean": 0.23999999463558197,
  "eval_return_end_mean": -23.516733169555664,
  "eval_t_eval": 104.0,
  "final_energy": 0.42000001668930054,
  "final_executed_updates": 1.0,
  "final_funding_g": 0.10873302817344666,
  "final_funding_z": 0.9636385440826416,
  "final_vartd": 0.13543884456157684,
  "horizon_label": "full",
  "mean_update_fraction": 0.0032051282469183207,
  "runtime_sec": 2.4810771239863243,
  "seed": 45,
  "train_final_CSR_train": 0.0,
  "train_final_dbar_end": 0.7066823840141296,
  "train_final_min_dists_end_mean": 2.120047092437744,
  "train_final_occupied_end_mean": 0.18400001525878906,
  "train_final_return_end_mean": -25.4435977935791
}