{
  "alpha": 0.1,
  "c_upd": 0.6,
  "depr_lambda": 0.01,
  "depr_nu": 0.5,
  "depr_psi": 1.0,
  "eval_CSR_post": 0.0,
  "eval_dbar_post_mean": 0.6613619327545166,
  "eval_done_count": 100.0,
  "eval_episodes_per_env": 4.0,
  "eval_len_end_mean": 26.0,
  "eval_occupied_post_mean": 0.1599999964237213,
  "eval_return_end_mean": -25.89335823059082,
  "eval_t_eval": 104.0,
  "final_depr_F_post": 11.417665481567383,
  "final_energy_E_post": 0.424079030752182,
  "final_episode_return_end_mean": -26.439306259155273,
  "final_funding_alpha_eff": 1.110999619413633e-06,
  "final_funding_g": 0.11379314213991165,
  "final_funding_g_raw": 0.11379314213991165,
  "final_update_counter": 3.0,
  "final_vartd_VarTD": 0.11611457914113998,
  "mechanism": "hardzero_plus_depr",
  "mechanism_tag": "hardzero_plus_depr__c0p60__z1p05__lam0p010__nu0p50__psi1p00",
  "runtime_sec": 10.719229114009067,
  "seed": 33,
  "z_cut": 1.05
}