{
  "alpha": 0.089,
  "c_upd": 0.58,
  "depr_lambda": 0.0,
  "depr_nu": 0.5,
  "depr_psi": 0.0,
  "eval_CSR_post": 0.0,
  "eval_dbar_post_mean": 0.4823691248893738,
  "eval_done_count": 100.0,
  "eval_episodes_per_env": 4.0,
  "eval_len_end_mean": 26.0,
  "eval_occupied_post_mean": 0.4699999988079071,
  "eval_return_end_mean": -23.68498420715332,
  "eval_t_eval": 104.0,
  "final_depr_F_post": 0.0,
  "final_energy_E_post": 0.4404309093952179,
  "final_episode_return_end_mean": -24.00856590270996,
  "final_funding_alpha_eff": 0.08900000154972076,
  "final_funding_g": 0.16579757630825043,
  "final_funding_g_raw": 0.16579757630825043,
  "final_update_counter": 20.0,
  "final_vartd_VarTD": 0.6399369239807129,
  "mechanism": "hardzero_only",
  "mechanism_tag": "hardzero_only__c0p58__z1p00__lam0p000__nu0p50__psi0p00",
  "runtime_sec": 9.496288571041077,
  "seed": 61,
  "z_cut": 1.0
}