{
  "alpha": 0.04,
  "c_upd": 0.6,
  "depr_lambda": 0.01,
  "depr_nu": 0.5,
  "depr_psi": 1.25,
  "eval_CSR_post": 0.0,
  "eval_dbar_post_mean": 0.6266943216323853,
  "eval_done_count": 100.0,
  "eval_episodes_per_env": 4.0,
  "eval_len_end_mean": 26.0,
  "eval_occupied_post_mean": 0.22999998927116394,
  "eval_return_end_mean": -25.345190048217773,
  "eval_t_eval": 104.0,
  "final_depr_F_post": 12.020179748535156,
  "final_energy_E_post": 0.17616087198257446,
  "final_episode_return_end_mean": -26.484601974487305,
  "final_funding_alpha_eff": 1.2081388334195253e-08,
  "final_funding_g": 0.09517446160316467,
  "final_funding_g_raw": 0.09517446160316467,
  "final_update_counter": 2.0,
  "final_vartd_VarTD": 0.12282610684633255,
  "mechanism": "hardzero_plus_depr",
  "mechanism_tag": "hardzero_plus_depr__c0p60__z1p10__lam0p010__nu0p50__psi1p25",
  "runtime_sec": 10.684261098969728,
  "seed": 34,
  "z_cut": 1.1
}