{
  "alpha": 0.08,
  "c_upd": 0.52,
  "depr_lambda": 0.0,
  "depr_nu": 0.5,
  "depr_psi": 0.0,
  "eval_CSR_post": 0.009999999776482582,
  "eval_dbar_post_mean": 0.45928359031677246,
  "eval_done_count": 100.0,
  "eval_episodes_per_env": 4.0,
  "eval_len_end_mean": 26.0,
  "eval_occupied_post_mean": 0.4399999976158142,
  "eval_return_end_mean": -22.27223014831543,
  "eval_t_eval": 104.0,
  "final_depr_F_post": 0.0,
  "final_energy_E_post": 0.3143327236175537,
  "final_episode_return_end_mean": -24.16696548461914,
  "final_funding_alpha_eff": 0.07999999821186066,
  "final_funding_g": 0.173243448138237,
  "final_funding_g_raw": 0.173243448138237,
  "final_update_counter": 28.0,
  "final_vartd_VarTD": 1.760800838470459,
  "mechanism": "hardzero_only",
  "mechanism_tag": "hardzero_only__c0p52__z1p10__lam0p000__nu0p50__psi0p00",
  "runtime_sec": 9.856154092994984,
  "seed": 38,
  "z_cut": 1.1
}