{
  "alpha": 0.174,
  "borrow_interest": 0.02,
  "borrow_limit": 0.3,
  "c_upd": 0.58,
  "depr_lambda": 0.0,
  "depr_nu": 0.5,
  "depr_psi": 0.0,
  "eval_CSR_post": 0.019999999552965164,
  "eval_dbar_post_mean": 0.48856446146965027,
  "eval_done_count": 100.0,
  "eval_episodes_per_env": 4.0,
  "eval_len_end_mean": 26.0,
  "eval_occupied_post_mean": 0.3700000047683716,
  "eval_return_end_mean": -22.95488166809082,
  "eval_t_eval": 104.0,
  "family": "borrow",
  "final_depr_F_post": 0.0,
  "final_energy_E_post": -0.23122836649417877,
  "final_update_counter": 49.0,
  "final_vartd_VarTD": 5.0240702629089355,
  "max_debt_level_post": 0.2902919054031372,
  "mean_update_fraction": 0.03920000046491623,
  "mechanism": "hardzero_only",
  "mechanism_tag": "hardzero_only__c0p58__z1p00__lam0p000__nu0p50__psi0p00",
  "runtime_sec": 10.666007752064615,
  "seed": 39,
  "support_mode": "none",
  "support_total": 0.0,
  "total_debt_charge": 1.727664828300476,
  "total_support_s": 0.0,
  "z_cut": 1.0
}