{
  "alpha": 0.12,
  "c_upd": 0.54,
  "depr_lambda": 0.01,
  "depr_nu": 0.5,
  "depr_psi": 0.75,
  "eval_CSR_post": 0.0,
  "eval_dbar_post_mean": 0.5664021968841553,
  "eval_done_count": 100.0,
  "eval_episodes_per_env": 4.0,
  "eval_len_end_mean": 26.0,
  "eval_occupied_post_mean": 0.22999998927116394,
  "eval_return_end_mean": -23.826322555541992,
  "eval_t_eval": 104.0,
  "final_depr_F_post": 12.335186958312988,
  "final_energy_E_post": 0.48884448409080505,
  "final_episode_return_end_mean": -27.72845458984375,
  "final_funding_alpha_eff": 1.1604084647842683e-05,
  "final_funding_g": 0.0,
  "final_funding_g_raw": 0.09721283614635468,
  "final_update_counter": 2.0,
  "final_vartd_VarTD": 0.14429306983947754,
  "mechanism": "hardzero_plus_depr",
  "mechanism_tag": "hardzero_plus_depr__c0p54__z1p00__lam0p010__nu0p50__psi0p75",
  "runtime_sec": 10.024915296002291,
  "seed": 35,
  "z_cut": 1.0
}