{
  "alpha": 0.01,
  "c_upd": 0.52,
  "depr_lambda": 0.01,
  "depr_nu": 0.5,
  "depr_psi": 1.0,
  "eval_CSR_post": 0.0,
  "eval_dbar_post_mean": 0.49771493673324585,
  "eval_done_count": 100.0,
  "eval_episodes_per_env": 4.0,
  "eval_len_end_mean": 26.0,
  "eval_occupied_post_mean": 0.4899999797344208,
  "eval_return_end_mean": -24.263622283935547,
  "eval_t_eval": 104.0,
  "final_depr_F_post": 12.18518352508545,
  "final_energy_E_post": 0.07514741271734238,
  "final_episode_return_end_mean": -26.177255630493164,
  "final_funding_alpha_eff": 5.156856985877312e-08,
  "final_funding_g": 0.10113894939422607,
  "final_funding_g_raw": 0.10113894939422607,
  "final_update_counter": 2.0,
  "final_vartd_VarTD": 0.130727156996727,
  "mechanism": "hardzero_plus_depr",
  "mechanism_tag": "hardzero_plus_depr__c0p52__z1p10__lam0p010__nu0p50__psi1p00",
  "runtime_sec": 10.685998822038528,
  "seed": 32,
  "z_cut": 1.1
}