{
  "alpha": 0.12,
  "c_upd": 0.6,
  "depr_lambda": 0.02,
  "depr_nu": 0.5,
  "depr_psi": 1.25,
  "eval_CSR_post": 0.0,
  "eval_dbar_post_mean": 0.6028194427490234,
  "eval_done_count": 100.0,
  "eval_episodes_per_env": 4.0,
  "eval_len_end_mean": 26.0,
  "eval_occupied_post_mean": 0.28999999165534973,
  "eval_return_end_mean": -25.146148681640625,
  "eval_t_eval": 104.0,
  "final_depr_F_post": 24.720375061035156,
  "final_energy_E_post": 0.3441588282585144,
  "final_episode_return_end_mean": -28.019052505493164,
  "final_funding_alpha_eff": 4.678809253824256e-15,
  "final_funding_g": 0.09271742403507233,
  "final_funding_g_raw": 0.09271742403507233,
  "final_update_counter": 2.0,
  "final_vartd_VarTD": 0.16208432614803314,
  "mechanism": "hardzero_plus_depr",
  "mechanism_tag": "hardzero_plus_depr__c0p60__z1p10__lam0p020__nu0p50__psi1p25",
  "runtime_sec": 10.768605588003993,
  "seed": 41,
  "z_cut": 1.1
}