{
  "alpha": 0.05,
  "c_upd": 0.58,
  "depr_lambda": 0.01,
  "depr_nu": 0.5,
  "depr_psi": 1.0,
  "eval_CSR_post": 0.0,
  "eval_dbar_post_mean": 0.5466606616973877,
  "eval_done_count": 100.0,
  "eval_episodes_per_env": 4.0,
  "eval_len_end_mean": 26.0,
  "eval_occupied_post_mean": 0.3499999940395355,
  "eval_return_end_mean": -23.6759033203125,
  "eval_t_eval": 104.0,
  "final_depr_F_post": 12.180183410644531,
  "final_energy_E_post": 0.3317601978778839,
  "final_episode_return_end_mean": -26.24366569519043,
  "final_funding_alpha_eff": 2.5913530521393113e-07,
  "final_funding_g": 0.09916278719902039,
  "final_funding_g_raw": 0.09916278719902039,
  "final_update_counter": 2.0,
  "final_vartd_VarTD": 0.13411164283752441,
  "mechanism": "hardzero_plus_depr",
  "mechanism_tag": "hardzero_plus_depr__c0p58__z1p05__lam0p010__nu0p50__psi1p00",
  "runtime_sec": 10.647570419998374,
  "seed": 32,
  "z_cut": 1.05
}