{
  "alpha": 0.04,
  "c_upd": 0.56,
  "depr_lambda": 0.01,
  "depr_nu": 0.5,
  "depr_psi": 0.75,
  "eval_CSR_post": 0.0,
  "eval_dbar_post_mean": 0.7106447219848633,
  "eval_done_count": 100.0,
  "eval_episodes_per_env": 4.0,
  "eval_len_end_mean": 26.0,
  "eval_occupied_post_mean": 0.14999999105930328,
  "eval_return_end_mean": -26.171775817871094,
  "eval_t_eval": 104.0,
  "final_depr_F_post": 12.175183296203613,
  "final_energy_E_post": 0.35029637813568115,
  "final_episode_return_end_mean": -27.951709747314453,
  "final_funding_alpha_eff": 4.361201717983931e-06,
  "final_funding_g": 0.09234430640935898,
  "final_funding_g_raw": 0.09234430640935898,
  "final_update_counter": 2.0,
  "final_vartd_VarTD": 0.12340439110994339,
  "mechanism": "hardzero_plus_depr",
  "mechanism_tag": "hardzero_plus_depr__c0p56__z1p05__lam0p010__nu0p50__psi0p75",
  "runtime_sec": 10.602542313979939,
  "seed": 31,
  "z_cut": 1.05
}