{
  "alpha": 0.04,
  "c_upd": 0.56,
  "depr_lambda": 0.02,
  "depr_nu": 0.5,
  "depr_psi": 1.0,
  "eval_CSR_post": 0.0,
  "eval_dbar_post_mean": 0.6173871755599976,
  "eval_done_count": 100.0,
  "eval_episodes_per_env": 4.0,
  "eval_len_end_mean": 26.0,
  "eval_occupied_post_mean": 0.25999999046325684,
  "eval_return_end_mean": -25.60883331298828,
  "eval_t_eval": 104.0,
  "final_depr_F_post": 24.22036361694336,
  "final_energy_E_post": 0.09184790402650833,
  "final_episode_return_end_mean": -26.900360107421875,
  "final_funding_alpha_eff": 1.2358785869692746e-12,
  "final_funding_g": 0.09778347611427307,
  "final_funding_g_raw": 0.09778347611427307,
  "final_update_counter": 2.0,
  "final_vartd_VarTD": 0.20229381322860718,
  "mechanism": "hardzero_plus_depr",
  "mechanism_tag": "hardzero_plus_depr__c0p56__z1p05__lam0p020__nu0p50__psi1p00",
  "runtime_sec": 10.836229461012408,
  "seed": 37,
  "z_cut": 1.05
}