{
  "alpha": 0.06,
  "c_upd": 0.58,
  "depr_lambda": 0.02,
  "depr_nu": 0.5,
  "depr_psi": 1.25,
  "eval_CSR_post": 0.0,
  "eval_dbar_post_mean": 0.6251635551452637,
  "eval_done_count": 100.0,
  "eval_episodes_per_env": 4.0,
  "eval_len_end_mean": 26.0,
  "eval_occupied_post_mean": 0.28999999165534973,
  "eval_return_end_mean": -26.17399787902832,
  "eval_t_eval": 104.0,
  "final_depr_F_post": 24.160362243652344,
  "final_energy_E_post": 0.08713514357805252,
  "final_episode_return_end_mean": -26.940921783447266,
  "final_funding_alpha_eff": 4.711057915708595e-15,
  "final_funding_g": 0.09692353010177612,
  "final_funding_g_raw": 0.09692353010177612,
  "final_update_counter": 2.0,
  "final_vartd_VarTD": 0.19169901311397552,
  "mechanism": "hardzero_plus_depr",
  "mechanism_tag": "hardzero_plus_depr__c0p58__z1p05__lam0p020__nu0p50__psi1p25",
  "runtime_sec": 10.623567526985426,
  "seed": 37,
  "z_cut": 1.05
}