{
  "alpha": 0.034,
  "c_upd": 0.58,
  "depr_lambda": 0.005,
  "depr_nu": 1.0,
  "depr_psi": 0.5,
  "eval_CSR_post": 0.0,
  "eval_dbar_post_mean": 0.5345189571380615,
  "eval_done_count": 100.0,
  "eval_episodes_per_env": 4.0,
  "eval_len_end_mean": 26.0,
  "eval_occupied_post_mean": 0.35999998450279236,
  "eval_return_end_mean": -23.410791397094727,
  "eval_t_eval": 104.0,
  "final_depr_F_post": 2.400007486343384,
  "final_energy_E_post": 0.2720411419868469,
  "final_episode_return_end_mean": -27.126466751098633,
  "final_funding_alpha_eff": 0.010266199707984924,
  "final_funding_g": 0.10015847533941269,
  "final_funding_g_raw": 0.10015847533941269,
  "final_update_counter": 2.0,
  "final_vartd_VarTD": 0.1581108123064041,
  "mechanism": "hardzero_plus_depr",
  "mechanism_tag": "hardzero_plus_depr__c0p58__z1p00__lam0p005__nu1p00__psi0p50",
  "runtime_sec": 9.470371044008061,
  "seed": 54,
  "z_cut": 1.0
}