{
  "alpha": 0.12,
  "c_upd": 0.5,
  "depr_lambda": 0.01,
  "depr_nu": 0.5,
  "depr_psi": 0.75,
  "eval_CSR_post": 0.0,
  "eval_dbar_post_mean": 0.4902213513851166,
  "eval_done_count": 100.0,
  "eval_episodes_per_env": 4.0,
  "eval_len_end_mean": 26.0,
  "eval_occupied_post_mean": 0.4099999964237213,
  "eval_return_end_mean": -23.544837951660156,
  "eval_t_eval": 104.0,
  "final_depr_F_post": 0.7104148268699646,
  "final_energy_E_post": 0.28231993317604065,
  "final_episode_return_end_mean": -23.808361053466797,
  "final_funding_alpha_eff": 0.07096455991268158,
  "final_funding_g": 0.17680346965789795,
  "final_funding_g_raw": 0.17680346965789795,
  "final_update_counter": 20.0,
  "final_vartd_VarTD": 0.6903121471405029,
  "mechanism": "hardzero_plus_depr",
  "mechanism_tag": "hardzero_plus_depr__c0p50__z1p10__lam0p010__nu0p50__psi0p75",
  "runtime_sec": 23.83708733296953,
  "seed": 30,
  "z_cut": 1.1
}