{
  "alpha": 0.1,
  "c_upd": 0.54,
  "depr_lambda": 0.01,
  "depr_nu": 0.5,
  "depr_psi": 0.75,
  "eval_CSR_post": 0.0,
  "eval_dbar_post_mean": 0.5827339887619019,
  "eval_done_count": 100.0,
  "eval_episodes_per_env": 4.0,
  "eval_len_end_mean": 26.0,
  "eval_occupied_post_mean": 0.3199999928474426,
  "eval_return_end_mean": -22.661928176879883,
  "eval_t_eval": 104.0,
  "final_depr_F_post": 11.145159721374512,
  "final_energy_E_post": 0.10725226253271103,
  "final_episode_return_end_mean": -28.05054473876953,
  "final_funding_alpha_eff": 2.3607291950611398e-05,
  "final_funding_g": 0.0,
  "final_funding_g_raw": 0.08888787031173706,
  "final_update_counter": 2.0,
  "final_vartd_VarTD": 0.22235549986362457,
  "mechanism": "hardzero_plus_depr",
  "mechanism_tag": "hardzero_plus_depr__c0p54__z1p00__lam0p010__nu0p50__psi0p75",
  "runtime_sec": 10.28935234202072,
  "seed": 38,
  "z_cut": 1.0
}