{
  "alpha": 0.12,
  "c_upd": 0.52,
  "depr_lambda": 0.03,
  "depr_nu": 0.5,
  "depr_psi": 0.75,
  "eval_CSR_post": 0.0,
  "eval_dbar_post_mean": 0.6011314988136292,
  "eval_done_count": 100.0,
  "eval_episodes_per_env": 4.0,
  "eval_len_end_mean": 26.0,
  "eval_occupied_post_mean": 0.23999999463558197,
  "eval_return_end_mean": -24.646093368530273,
  "eval_t_eval": 104.0,
  "final_depr_F_post": 37.39509963989258,
  "final_energy_E_post": 0.49449312686920166,
  "final_episode_return_end_mean": -29.16094970703125,
  "final_funding_alpha_eff": 8.101920962464218e-14,
  "final_funding_g": 0.0,
  "final_funding_g_raw": 0.07399799674749374,
  "final_update_counter": 2.0,
  "final_vartd_VarTD": 0.1825292706489563,
  "mechanism": "hardzero_plus_depr",
  "mechanism_tag": "hardzero_plus_depr__c0p52__z1p10__lam0p030__nu0p50__psi0p75",
  "runtime_sec": 10.570953979971819,
  "seed": 36,
  "z_cut": 1.1
}