{
  "alpha": 0.08,
  "c_upd": 0.54,
  "depr_lambda": 0.02,
  "depr_nu": 0.5,
  "depr_psi": 0.75,
  "eval_CSR_post": 0.0,
  "eval_dbar_post_mean": 0.6312403082847595,
  "eval_done_count": 100.0,
  "eval_episodes_per_env": 4.0,
  "eval_len_end_mean": 26.0,
  "eval_occupied_post_mean": 0.29999998211860657,
  "eval_return_end_mean": -24.234996795654297,
  "eval_t_eval": 104.0,
  "final_depr_F_post": 22.64032745361328,
  "final_energy_E_post": 0.035730957984924316,
  "final_episode_return_end_mean": -26.425060272216797,
  "final_funding_alpha_eff": 3.429083239581132e-09,
  "final_funding_g": 0.0,
  "final_funding_g_raw": 0.09553834795951843,
  "final_update_counter": 2.0,
  "final_vartd_VarTD": 0.1211385652422905,
  "mechanism": "hardzero_plus_depr",
  "mechanism_tag": "hardzero_plus_depr__c0p54__z1p00__lam0p020__nu0p50__psi0p75",
  "runtime_sec": 10.450955906009767,
  "seed": 34,
  "z_cut": 1.0
}