{
  "alpha": 0.12,
  "c_upd": 0.56,
  "depr_lambda": 0.0,
  "depr_nu": 0.5,
  "depr_psi": 0.0,
  "eval_CSR_post": 0.0,
  "eval_dbar_post_mean": 0.49008405208587646,
  "eval_done_count": 100.0,
  "eval_episodes_per_env": 4.0,
  "eval_len_end_mean": 26.0,
  "eval_occupied_post_mean": 0.41999998688697815,
  "eval_return_end_mean": -22.68067741394043,
  "eval_t_eval": 104.0,
  "final_depr_F_post": 0.0,
  "final_energy_E_post": 0.4102264642715454,
  "final_episode_return_end_mean": -23.661474227905273,
  "final_funding_alpha_eff": 0.11999999731779099,
  "final_funding_g": 0.18210601806640625,
  "final_funding_g_raw": 0.18210601806640625,
  "final_update_counter": 40.0,
  "final_vartd_VarTD": 3.5934863090515137,
  "mechanism": "hardzero_only",
  "mechanism_tag": "hardzero_only__c0p56__z1p10__lam0p000__nu0p50__psi0p00",
  "runtime_sec": 9.844002157973591,
  "seed": 35,
  "z_cut": 1.1
}