{
  "alpha": 0.08,
  "c_upd": 0.5,
  "depr_lambda": 0.01,
  "depr_nu": 0.5,
  "depr_psi": 1.0,
  "eval_CSR_post": 0.0,
  "eval_dbar_post_mean": 0.5894732475280762,
  "eval_done_count": 100.0,
  "eval_episodes_per_env": 4.0,
  "eval_len_end_mean": 26.0,
  "eval_occupied_post_mean": 0.29999998211860657,
  "eval_return_end_mean": -24.18077850341797,
  "eval_t_eval": 104.0,
  "final_depr_F_post": 11.945178031921387,
  "final_energy_E_post": 0.48709821701049805,
  "final_episode_return_end_mean": -28.444908142089844,
  "final_funding_alpha_eff": 5.244548901828239e-07,
  "final_funding_g": 0.08425796777009964,
  "final_funding_g_raw": 0.08425796777009964,
  "final_update_counter": 3.0,
  "final_vartd_VarTD": 0.1617206633090973,
  "mechanism": "hardzero_plus_depr",
  "mechanism_tag": "hardzero_plus_depr__c0p50__z1p10__lam0p010__nu0p50__psi1p00",
  "runtime_sec": 10.715408748015761,
  "seed": 36,
  "z_cut": 1.1
}