{
  "alpha": 0.08,
  "c_upd": 0.5,
  "depr_lambda": 0.01,
  "depr_nu": 0.5,
  "depr_psi": 1.25,
  "eval_CSR_post": 0.0,
  "eval_dbar_post_mean": 0.5598657727241516,
  "eval_done_count": 100.0,
  "eval_episodes_per_env": 4.0,
  "eval_len_end_mean": 26.0,
  "eval_occupied_post_mean": 0.32999998331069946,
  "eval_return_end_mean": -24.436147689819336,
  "eval_t_eval": 104.0,
  "final_depr_F_post": 11.64017105102539,
  "final_energy_E_post": 0.240024134516716,
  "final_episode_return_end_mean": -27.593082427978516,
  "final_funding_alpha_eff": 3.8854473416449764e-08,
  "final_funding_g": 0.09867464005947113,
  "final_funding_g_raw": 0.09867464005947113,
  "final_update_counter": 3.0,
  "final_vartd_VarTD": 0.15631318092346191,
  "mechanism": "hardzero_plus_depr",
  "mechanism_tag": "hardzero_plus_depr__c0p50__z1p05__lam0p010__nu0p50__psi1p25",
  "runtime_sec": 10.928906572982669,
  "seed": 41,
  "z_cut": 1.05
}