{
  "alpha": 0.048,
  "c_upd": 0.58,
  "depr_lambda": 0.0,
  "depr_nu": 0.5,
  "depr_psi": 0.0,
  "eval_CSR_post": 0.0,
  "eval_dbar_post_mean": 0.5420460104942322,
  "eval_done_count": 100.0,
  "eval_episodes_per_env": 4.0,
  "eval_len_end_mean": 26.0,
  "eval_occupied_post_mean": 0.35999998450279236,
  "eval_return_end_mean": -24.26897621154785,
  "eval_t_eval": 104.0,
  "final_depr_F_post": 0.0,
  "final_energy_E_post": 0.22194236516952515,
  "final_episode_return_end_mean": -26.534360885620117,
  "final_funding_alpha_eff": 0.04800000041723251,
  "final_funding_g": 0.1178332045674324,
  "final_funding_g_raw": 0.1178332045674324,
  "final_update_counter": 11.0,
  "final_vartd_VarTD": 0.19624947011470795,
  "mechanism": "hardzero_only",
  "mechanism_tag": "hardzero_only__c0p58__z1p00__lam0p000__nu0p50__psi0p00",
  "runtime_sec": 10.866532553103752,
  "seed": 53,
  "z_cut": 1.0
}