{
  "alpha": 0.03,
  "c_upd": 0.58,
  "depr_lambda": 0.01,
  "depr_nu": 0.5,
  "depr_psi": 0.75,
  "eval_CSR_post": 0.0,
  "eval_dbar_post_mean": 0.650296688079834,
  "eval_done_count": 100.0,
  "eval_episodes_per_env": 4.0,
  "eval_len_end_mean": 26.0,
  "eval_occupied_post_mean": 0.2800000011920929,
  "eval_return_end_mean": -26.26974105834961,
  "eval_t_eval": 104.0,
  "final_depr_F_post": 11.875176429748535,
  "final_energy_E_post": 0.21966452896595,
  "final_episode_return_end_mean": -27.971891403198242,
  "final_funding_alpha_eff": 4.0962449929793365e-06,
  "final_funding_g": 0.09235180914402008,
  "final_funding_g_raw": 0.09235180914402008,
  "final_update_counter": 2.0,
  "final_vartd_VarTD": 0.1611863672733307,
  "mechanism": "hardzero_plus_depr",
  "mechanism_tag": "hardzero_plus_depr__c0p58__z1p05__lam0p010__nu0p50__psi0p75",
  "runtime_sec": 10.596506770001724,
  "seed": 41,
  "z_cut": 1.05
}