{
  "alpha": 0.06,
  "c_upd": 0.5,
  "depr_lambda": 0.01,
  "depr_nu": 0.5,
  "depr_psi": 1.0,
  "eval_CSR_post": 0.0,
  "eval_dbar_post_mean": 0.5608357787132263,
  "eval_done_count": 100.0,
  "eval_episodes_per_env": 4.0,
  "eval_len_end_mean": 26.0,
  "eval_occupied_post_mean": 0.2800000011920929,
  "eval_return_end_mean": -23.85585594177246,
  "eval_t_eval": 104.0,
  "final_depr_F_post": 11.530168533325195,
  "final_energy_E_post": 0.2360331416130066,
  "final_episode_return_end_mean": -27.534639358520508,
  "final_funding_alpha_eff": 5.956699737907911e-07,
  "final_funding_g": 0.09491479396820068,
  "final_funding_g_raw": 0.09491479396820068,
  "final_update_counter": 3.0,
  "final_vartd_VarTD": 0.16713817417621613,
  "mechanism": "hardzero_plus_depr",
  "mechanism_tag": "hardzero_plus_depr__c0p50__z1p10__lam0p010__nu0p50__psi1p00",
  "runtime_sec": 10.701242580020335,
  "seed": 40,
  "z_cut": 1.1
}