{
  "alpha": 0.1,
  "c_upd": 0.58,
  "depr_lambda": 0.01,
  "depr_nu": 0.5,
  "depr_psi": 1.0,
  "eval_CSR_post": 0.0,
  "eval_dbar_post_mean": 0.6374588012695312,
  "eval_done_count": 100.0,
  "eval_episodes_per_env": 4.0,
  "eval_len_end_mean": 26.0,
  "eval_occupied_post_mean": 0.26999998092651367,
  "eval_return_end_mean": -24.276473999023438,
  "eval_t_eval": 104.0,
  "final_depr_F_post": 11.487667083740234,
  "final_energy_E_post": 0.35077643394470215,
  "final_episode_return_end_mean": -27.986833572387695,
  "final_funding_alpha_eff": 1.0358875215388252e-06,
  "final_funding_g": 0.0,
  "final_funding_g_raw": 0.08878277242183685,
  "final_update_counter": 3.0,
  "final_vartd_VarTD": 0.18430565297603607,
  "mechanism": "hardzero_plus_depr",
  "mechanism_tag": "hardzero_plus_depr__c0p58__z1p05__lam0p010__nu0p50__psi1p00",
  "runtime_sec": 10.779963064996991,
  "seed": 40,
  "z_cut": 1.05
}