{
  "alpha": 0.05,
  "c_upd": 0.54,
  "depr_lambda": 0.03,
  "depr_nu": 0.5,
  "depr_psi": 1.25,
  "eval_CSR_post": 0.0,
  "eval_dbar_post_mean": 0.4996641278266907,
  "eval_done_count": 100.0,
  "eval_episodes_per_env": 4.0,
  "eval_len_end_mean": 26.0,
  "eval_occupied_post_mean": 0.429999977350235,
  "eval_return_end_mean": -24.257944107055664,
  "eval_t_eval": 104.0,
  "final_depr_F_post": 36.94511795043945,
  "final_energy_E_post": 0.07124024629592896,
  "final_episode_return_end_mean": -27.5261287689209,
  "final_funding_alpha_eff": 4.5596311783068285e-22,
  "final_funding_g": 0.1012452021241188,
  "final_funding_g_raw": 0.1012452021241188,
  "final_update_counter": 2.0,
  "final_vartd_VarTD": 0.14642563462257385,
  "mechanism": "hardzero_plus_depr",
  "mechanism_tag": "hardzero_plus_depr__c0p54__z1p05__lam0p030__nu0p50__psi1p25",
  "runtime_sec": 10.755478891020175,
  "seed": 35,
  "z_cut": 1.05
}