{
  "I_R_full_anchor_compat": 1.2348970598984448,
  "above_R_THRESH_FULL_anchor": 1.0,
  "alpha": 0.1,
  "borrow_interest": 0.02,
  "borrow_limit": 0.6,
  "c_upd": 1.0,
  "condition": "edge_full__borrow__t4m__a0p10__c1p00",
  "eval_CSR_post": 0.0,
  "eval_CSR_pre": 0.0,
  "eval_dbar_post_mean": 0.5671555995941162,
  "eval_dbar_pre_mean": 0.5638600587844849,
  "eval_done_count": 100.0,
  "eval_done_per_env_max": 4.0,
  "eval_done_per_env_min": 4.0,
  "eval_episodes_per_env": 4.0,
  "eval_len_end_mean": 26.0,
  "eval_max_tilde_post_mean": 0.8365603685379028,
  "eval_max_tilde_pre_mean": 0.8357250690460205,
  "eval_occupied_post_mean": 0.28999999165534973,
  "eval_occupied_pre_mean": 0.3199999928474426,
  "eval_return_end_mean": -24.19776725769043,
  "eval_t_eval": 104.0,
  "family": "borrow",
  "final_energy": -0.6000000238418579,
  "final_executed_updates": 2.0,
  "final_vartd": 0.14494451880455017,
  "max_debt_level": 0.6000000238418579,
  "mean_update_fraction": 0.0015999999595806003,
  "metric_horizon": "long4m",
  "phase": "extension_full",
  "runtime_sec": 11.193615612999565,
  "seed": 39,
  "support_mode": "none",
  "support_total": 0.0,
  "total_debt_charge": 14.471224784851074,
  "total_support_injected": 0.0,
  "total_timesteps": 4000000,
  "train_final_return_end_mean": -26.662919998168945
}