{
  "alpha": 0.03,
  "c_upd": 0.6,
  "depr_lambda": 0.01,
  "depr_nu": 0.5,
  "depr_psi": 1.0,
  "eval_CSR_post": 0.0,
  "eval_dbar_post_mean": 0.5931929349899292,
  "eval_done_count": 100.0,
  "eval_episodes_per_env": 4.0,
  "eval_len_end_mean": 26.0,
  "eval_occupied_post_mean": 0.32999998331069946,
  "eval_return_end_mean": -24.40462303161621,
  "eval_t_eval": 104.0,
  "final_depr_F_post": 11.885176658630371,
  "final_energy_E_post": 0.16484101116657257,
  "final_episode_return_end_mean": -27.324201583862305,
  "final_funding_alpha_eff": 2.088322901272477e-07,
  "final_funding_g": 0.10471051186323166,
  "final_funding_g_raw": 0.10471051186323166,
  "final_update_counter": 2.0,
  "final_vartd_VarTD": 0.14198367297649384,
  "mechanism": "hardzero_plus_depr",
  "mechanism_tag": "hardzero_plus_depr__c0p60__z1p10__lam0p010__nu0p50__psi1p00",
  "runtime_sec": 10.72098332294263,
  "seed": 35,
  "z_cut": 1.1
}