{
  "alpha": 0.08,
  "c_upd": 0.56,
  "depr_lambda": 0.0,
  "depr_nu": 0.5,
  "depr_psi": 0.0,
  "eval_CSR_post": 0.009999999776482582,
  "eval_dbar_post_mean": 0.5275996327400208,
  "eval_done_count": 100.0,
  "eval_episodes_per_env": 4.0,
  "eval_len_end_mean": 26.0,
  "eval_occupied_post_mean": 0.3499999940395355,
  "eval_return_end_mean": -24.135263442993164,
  "eval_t_eval": 104.0,
  "final_depr_F_post": 0.0,
  "final_energy_E_post": 0.35072845220565796,
  "final_episode_return_end_mean": -24.656780242919922,
  "final_funding_alpha_eff": 0.07999999821186066,
  "final_funding_g": 0.15654119849205017,
  "final_funding_g_raw": 0.15654119849205017,
  "final_update_counter": 23.0,
  "final_vartd_VarTD": 0.9746936559677124,
  "mechanism": "hardzero_only",
  "mechanism_tag": "hardzero_only__c0p56__z1p00__lam0p000__nu0p50__psi0p00",
  "runtime_sec": 9.781590983999195,
  "seed": 37,
  "z_cut": 1.0
}