{
  "alpha": 0.05,
  "c_upd": 0.5,
  "depr_lambda": 0.01,
  "depr_nu": 0.5,
  "depr_psi": 1.0,
  "eval_CSR_post": 0.0,
  "eval_dbar_post_mean": 0.5708928108215332,
  "eval_done_count": 100.0,
  "eval_episodes_per_env": 4.0,
  "eval_len_end_mean": 26.0,
  "eval_occupied_post_mean": 0.29999998211860657,
  "eval_return_end_mean": -24.177419662475586,
  "eval_t_eval": 104.0,
  "final_depr_F_post": 10.100144386291504,
  "final_energy_E_post": 0.048592403531074524,
  "final_episode_return_end_mean": -27.231094360351562,
  "final_funding_alpha_eff": 2.0743216282426147e-06,
  "final_funding_g": 0.1047968938946724,
  "final_funding_g_raw": 0.1047968938946724,
  "final_update_counter": 3.0,
  "final_vartd_VarTD": 0.14710699021816254,
  "mechanism": "hardzero_plus_depr",
  "mechanism_tag": "hardzero_plus_depr__c0p50__z1p10__lam0p010__nu0p50__psi1p00",
  "runtime_sec": 10.843135463946965,
  "seed": 35,
  "z_cut": 1.1
}