{
  "alpha": 0.1,
  "c_upd": 0.5,
  "depr_lambda": 0.01,
  "depr_nu": 0.5,
  "depr_psi": 1.0,
  "eval_CSR_post": 0.009999999776482582,
  "eval_dbar_post_mean": 0.49193453788757324,
  "eval_done_count": 100.0,
  "eval_episodes_per_env": 4.0,
  "eval_len_end_mean": 26.0,
  "eval_occupied_post_mean": 0.4099999964237213,
  "eval_return_end_mean": -22.137554168701172,
  "eval_t_eval": 104.0,
  "final_depr_F_post": 10.860153198242188,
  "final_energy_E_post": 0.34086811542510986,
  "final_episode_return_end_mean": -28.27803611755371,
  "final_funding_alpha_eff": 1.9401638837734936e-06,
  "final_funding_g": 0.0,
  "final_funding_g_raw": 0.08806031942367554,
  "final_update_counter": 4.0,
  "final_vartd_VarTD": 0.16400353610515594,
  "mechanism": "hardzero_plus_depr",
  "mechanism_tag": "hardzero_plus_depr__c0p50__z1p05__lam0p010__nu0p50__psi1p00",
  "runtime_sec": 10.693826414004434,
  "seed": 36,
  "z_cut": 1.05
}