{
  "alpha": 0.063,
  "c_upd": 0.58,
  "depr_lambda": 0.0,
  "depr_nu": 0.5,
  "depr_psi": 0.0,
  "eval_CSR_post": 0.0,
  "eval_dbar_post_mean": 0.6195613145828247,
  "eval_done_count": 100.0,
  "eval_episodes_per_env": 4.0,
  "eval_len_end_mean": 26.0,
  "eval_occupied_post_mean": 0.1899999976158142,
  "eval_return_end_mean": -25.22663116455078,
  "eval_t_eval": 104.0,
  "final_depr_F_post": 0.0,
  "final_energy_E_post": 0.05264606699347496,
  "final_episode_return_end_mean": -26.66244888305664,
  "final_funding_alpha_eff": 0.06300000101327896,
  "final_funding_g": 0.11435305327177048,
  "final_funding_g_raw": 0.11435305327177048,
  "final_update_counter": 10.0,
  "final_vartd_VarTD": 0.18058708310127258,
  "mechanism": "hardzero_only",
  "mechanism_tag": "hardzero_only__c0p58__z1p00__lam0p000__nu0p50__psi0p00",
  "runtime_sec": 10.854862712905742,
  "seed": 51,
  "z_cut": 1.0
}