{
  "alpha": 0.05,
  "c_upd": 0.54,
  "depr_lambda": 0.01,
  "depr_nu": 0.5,
  "depr_psi": 0.75,
  "eval_CSR_post": 0.0,
  "eval_dbar_post_mean": 0.5520167350769043,
  "eval_done_count": 100.0,
  "eval_episodes_per_env": 4.0,
  "eval_len_end_mean": 26.0,
  "eval_occupied_post_mean": 0.3100000023841858,
  "eval_return_end_mean": -23.453510284423828,
  "eval_t_eval": 104.0,
  "final_depr_F_post": 12.070180892944336,
  "final_energy_E_post": 0.25066423416137695,
  "final_episode_return_end_mean": -26.8900203704834,
  "final_funding_alpha_eff": 5.898174094909336e-06,
  "final_funding_g": 0.0,
  "final_funding_g_raw": 0.09743638336658478,
  "final_update_counter": 2.0,
  "final_vartd_VarTD": 0.1930662840604782,
  "mechanism": "hardzero_plus_depr",
  "mechanism_tag": "hardzero_plus_depr__c0p54__z1p00__lam0p010__nu0p50__psi0p75",
  "runtime_sec": 10.266766481974628,
  "seed": 37,
  "z_cut": 1.0
}