{
  "I_R_full": 1.9009681221574992,
  "alpha": 1.0,
  "borrow_interest": 0.0,
  "borrow_limit": 0.0,
  "c_upd": 0.9,
  "condition": "enabled_full__support__t1m__a1p00__c0p90",
  "eval_CSR_post": 0.019999999552965164,
  "eval_CSR_pre": 0.009999999776482582,
  "eval_dbar_post_mean": 0.49398934841156006,
  "eval_dbar_pre_mean": 0.49060821533203125,
  "eval_done_count": 100.0,
  "eval_done_per_env_max": 4.0,
  "eval_done_per_env_min": 4.0,
  "eval_episodes_per_env": 4.0,
  "eval_len_end_mean": 26.0,
  "eval_max_tilde_post_mean": 0.7162078022956848,
  "eval_max_tilde_pre_mean": 0.712173581123352,
  "eval_occupied_post_mean": 0.4399999976158142,
  "eval_occupied_pre_mean": 0.44999998807907104,
  "eval_return_end_mean": -22.547941207885742,
  "eval_t_eval": 104.0,
  "family": "support",
  "final_energy": 0.9305248856544495,
  "final_executed_updates": 52.0,
  "final_vartd": 5.131564140319824,
  "learned_R_full_0p5": 1.0,
  "max_debt_level": 0.0,
  "mean_update_fraction": 0.1666666716337204,
  "metric_horizon": "full",
  "phase": "extension_full",
  "runtime_sec": 2.798548328000834,
  "seed": 39,
  "support_mode": "frontload",
  "support_total": 0.6,
  "total_debt_charge": 0.0,
  "total_support_injected": 0.6000000238418579,
  "total_timesteps": 1000000,
  "train_final_return_end_mean": -23.095516204833984
}