{
  "alpha": 0.06,
  "c_upd": 0.58,
  "depr_lambda": 0.03,
  "depr_nu": 0.5,
  "depr_psi": 1.0,
  "eval_CSR_post": 0.0,
  "eval_dbar_post_mean": 0.9456404447555542,
  "eval_done_count": 100.0,
  "eval_episodes_per_env": 4.0,
  "eval_len_end_mean": 26.0,
  "eval_occupied_post_mean": 0.07000000029802322,
  "eval_return_end_mean": -30.53244400024414,
  "eval_t_eval": 104.0,
  "final_depr_F_post": 36.54013442993164,
  "final_energy_E_post": 0.0782754197716713,
  "final_episode_return_end_mean": -28.201801300048828,
  "final_funding_alpha_eff": 8.356045371932065e-18,
  "final_funding_g": 0.086947500705719,
  "final_funding_g_raw": 0.086947500705719,
  "final_update_counter": 2.0,
  "final_vartd_VarTD": 0.1261768639087677,
  "mechanism": "hardzero_plus_depr",
  "mechanism_tag": "hardzero_plus_depr__c0p58__z1p10__lam0p030__nu0p50__psi1p00",
  "runtime_sec": 10.587069639004767,
  "seed": 31,
  "z_cut": 1.1
}