{
  "alpha": 0.01,
  "c_upd": 0.58,
  "depr_lambda": 0.03,
  "depr_nu": 0.5,
  "depr_psi": 1.25,
  "eval_CSR_post": 0.0,
  "eval_dbar_post_mean": 0.7028269171714783,
  "eval_done_count": 100.0,
  "eval_episodes_per_env": 4.0,
  "eval_len_end_mean": 26.0,
  "eval_occupied_post_mean": 0.19999998807907104,
  "eval_return_end_mean": -26.177370071411133,
  "eval_t_eval": 104.0,
  "final_depr_F_post": 37.470096588134766,
  "final_energy_E_post": 0.44110265374183655,
  "final_episode_return_end_mean": -28.267641067504883,
  "final_funding_alpha_eff": 4.7311374277109287e-23,
  "final_funding_g": 0.0,
  "final_funding_g_raw": 0.08558963239192963,
  "final_update_counter": 1.0,
  "final_vartd_VarTD": 0.19073650240898132,
  "mechanism": "hardzero_plus_depr",
  "mechanism_tag": "hardzero_plus_depr__c0p58__z1p05__lam0p030__nu0p50__psi1p25",
  "runtime_sec": 10.872317993023898,
  "seed": 40,
  "z_cut": 1.05
}