{
  "alpha": 0.1,
  "c_upd": 0.6,
  "depr_lambda": 0.03,
  "depr_nu": 0.5,
  "depr_psi": 1.0,
  "eval_CSR_post": 0.0,
  "eval_dbar_post_mean": 0.5470815896987915,
  "eval_done_count": 100.0,
  "eval_episodes_per_env": 4.0,
  "eval_len_end_mean": 26.0,
  "eval_occupied_post_mean": 0.3100000023841858,
  "eval_return_end_mean": -23.657970428466797,
  "eval_t_eval": 104.0,
  "final_depr_F_post": 36.690128326416016,
  "final_energy_E_post": 0.14994168281555176,
  "final_episode_return_end_mean": -27.960935592651367,
  "final_funding_alpha_eff": 1.198693233685704e-17,
  "final_funding_g": 0.08956285566091537,
  "final_funding_g_raw": 0.08956285566091537,
  "final_update_counter": 2.0,
  "final_vartd_VarTD": 0.1768026202917099,
  "mechanism": "hardzero_plus_depr",
  "mechanism_tag": "hardzero_plus_depr__c0p60__z1p05__lam0p030__nu0p50__psi1p00",
  "runtime_sec": 10.889943987014703,
  "seed": 40,
  "z_cut": 1.05
}