{
  "alpha": 0.1,
  "c_upd": 0.54,
  "depr_lambda": 0.02,
  "depr_nu": 0.5,
  "depr_psi": 0.75,
  "eval_CSR_post": 0.0,
  "eval_dbar_post_mean": 0.767947793006897,
  "eval_done_count": 100.0,
  "eval_episodes_per_env": 4.0,
  "eval_len_end_mean": 26.0,
  "eval_occupied_post_mean": 0.14000000059604645,
  "eval_return_end_mean": -25.99431037902832,
  "eval_t_eval": 104.0,
  "final_depr_F_post": 24.32036590576172,
  "final_energy_E_post": 0.05558241531252861,
  "final_episode_return_end_mean": -26.8707332611084,
  "final_funding_alpha_eff": 1.215806455512336e-09,
  "final_funding_g": 0.0,
  "final_funding_g_raw": 0.09132757782936096,
  "final_update_counter": 2.0,
  "final_vartd_VarTD": 0.1468365490436554,
  "mechanism": "hardzero_plus_depr",
  "mechanism_tag": "hardzero_plus_depr__c0p54__z1p00__lam0p020__nu0p50__psi0p75",
  "runtime_sec": 10.094399230030831,
  "seed": 39,
  "z_cut": 1.0
}