{
  "alpha": 0.04,
  "c_upd": 0.5,
  "depr_lambda": 0.01,
  "depr_nu": 0.5,
  "depr_psi": 0.75,
  "eval_CSR_post": 0.009999999776482582,
  "eval_dbar_post_mean": 0.5762773156166077,
  "eval_done_count": 100.0,
  "eval_episodes_per_env": 4.0,
  "eval_len_end_mean": 26.0,
  "eval_occupied_post_mean": 0.2800000011920929,
  "eval_return_end_mean": -23.02699089050293,
  "eval_t_eval": 104.0,
  "final_depr_F_post": 10.255144119262695,
  "final_energy_E_post": 0.10052649676799774,
  "final_episode_return_end_mean": -26.578886032104492,
  "final_funding_alpha_eff": 1.8407843526802026e-05,
  "final_funding_g": 0.09597058594226837,
  "final_funding_g_raw": 0.09597058594226837,
  "final_update_counter": 3.0,
  "final_vartd_VarTD": 0.1400897204875946,
  "mechanism": "hardzero_plus_depr",
  "mechanism_tag": "hardzero_plus_depr__c0p50__z1p10__lam0p010__nu0p50__psi0p75",
  "runtime_sec": 10.773293447040487,
  "seed": 39,
  "z_cut": 1.1
}