{
  "alpha": 0.05,
  "c_upd": 0.56,
  "depr_lambda": 0.02,
  "depr_nu": 0.5,
  "depr_psi": 1.0,
  "eval_CSR_post": 0.0,
  "eval_dbar_post_mean": 0.5537657737731934,
  "eval_done_count": 100.0,
  "eval_episodes_per_env": 4.0,
  "eval_len_end_mean": 26.0,
  "eval_occupied_post_mean": 0.3100000023841858,
  "eval_return_end_mean": -23.961034774780273,
  "eval_t_eval": 104.0,
  "final_depr_F_post": 24.530370712280273,
  "final_energy_E_post": 0.16229340434074402,
  "final_episode_return_end_mean": -27.427555084228516,
  "final_funding_alpha_eff": 1.133056213957484e-12,
  "final_funding_g": 0.10527277737855911,
  "final_funding_g_raw": 0.10527277737855911,
  "final_update_counter": 2.0,
  "final_vartd_VarTD": 0.14110305905342102,
  "mechanism": "hardzero_plus_depr",
  "mechanism_tag": "hardzero_plus_depr__c0p56__z1p05__lam0p020__nu0p50__psi1p00",
  "runtime_sec": 10.61904181499267,
  "seed": 35,
  "z_cut": 1.05
}