{
  "alpha": 1.0,
  "c_upd": 0.9,
  "condition": "enabled_full",
  "eval_CSR_post": 0.0,
  "eval_CSR_pre": 0.0,
  "eval_dbar_post_mean": 0.516303300857544,
  "eval_dbar_pre_mean": 0.5231592655181885,
  "eval_done_count": 100.0,
  "eval_done_per_env_max": 4.0,
  "eval_done_per_env_min": 4.0,
  "eval_episodes_per_env": 4.0,
  "eval_len_end_mean": 26.0,
  "eval_max_tilde_post_mean": 0.7392190098762512,
  "eval_max_tilde_pre_mean": 0.7458520531654358,
  "eval_occupied_post_mean": 0.26999998092651367,
  "eval_occupied_pre_mean": 0.25999999046325684,
  "eval_return_end_mean": -23.221845626831055,
  "eval_t_eval": 104.0,
  "final_energy": 0.3473112881183624,
  "final_executed_updates": 47.0,
  "final_funding_g": 0.1719152182340622,
  "final_funding_z": 0.7646856904029846,
  "final_vartd": 4.7706475257873535,
  "horizon_label": "full",
  "mean_update_fraction": 0.15064102411270142,
  "runtime_sec": 2.5508638650062494,
  "seed": 57,
  "train_final_CSR_train": 0.0,
  "train_final_dbar_end": 0.5607807636260986,
  "train_final_min_dists_end_mean": 1.6823421716690063,
  "train_final_occupied_end_mean": 0.35200002789497375,
  "train_final_return_end_mean": -23.641286849975586
}