{
  "alpha": 0.06,
  "c_upd": 0.52,
  "depr_lambda": 0.02,
  "depr_nu": 0.5,
  "depr_psi": 1.25,
  "eval_CSR_post": 0.0,
  "eval_dbar_post_mean": 0.6405211687088013,
  "eval_done_count": 100.0,
  "eval_episodes_per_env": 4.0,
  "eval_len_end_mean": 26.0,
  "eval_occupied_post_mean": 0.2199999988079071,
  "eval_return_end_mean": -25.475631713867188,
  "eval_t_eval": 104.0,
  "final_depr_F_post": 24.890378952026367,
  "final_energy_E_post": 0.2091607004404068,
  "final_episode_return_end_mean": -29.144174575805664,
  "final_funding_alpha_eff": 1.891543367589705e-15,
  "final_funding_g": 0.0,
  "final_funding_g_raw": 0.07279200851917267,
  "final_update_counter": 2.0,
  "final_vartd_VarTD": 0.176814466714859,
  "mechanism": "hardzero_plus_depr",
  "mechanism_tag": "hardzero_plus_depr__c0p52__z1p10__lam0p020__nu0p50__psi1p25",
  "runtime_sec": 10.707058580999728,
  "seed": 36,
  "z_cut": 1.1
}