{
  "alpha": 0.01,
  "c_upd": 0.56,
  "depr_lambda": 0.0,
  "depr_nu": 0.5,
  "depr_psi": 0.0,
  "eval_CSR_post": 0.0,
  "eval_dbar_post_mean": 0.7608822584152222,
  "eval_done_count": 100.0,
  "eval_episodes_per_env": 4.0,
  "eval_len_end_mean": 26.0,
  "eval_occupied_post_mean": 0.1899999976158142,
  "eval_return_end_mean": -26.876266479492188,
  "eval_t_eval": 104.0,
  "final_depr_F_post": 0.0,
  "final_energy_E_post": 0.49315041303634644,
  "final_episode_return_end_mean": -28.020090103149414,
  "final_funding_alpha_eff": 0.009999999776482582,
  "final_funding_g": 0.0905999094247818,
  "final_funding_g_raw": 0.0905999094247818,
  "final_update_counter": 3.0,
  "final_vartd_VarTD": 0.12076624482870102,
  "mechanism": "hardzero_only",
  "mechanism_tag": "hardzero_only__c0p56__z1p10__lam0p000__nu0p50__psi0p00",
  "runtime_sec": 9.710167769982945,
  "seed": 31,
  "z_cut": 1.1
}