{
  "alpha": 0.08,
  "c_upd": 0.52,
  "depr_lambda": 0.02,
  "depr_nu": 0.5,
  "depr_psi": 1.0,
  "eval_CSR_post": 0.0,
  "eval_dbar_post_mean": 0.5648377537727356,
  "eval_done_count": 100.0,
  "eval_episodes_per_env": 4.0,
  "eval_len_end_mean": 26.0,
  "eval_occupied_post_mean": 0.35999998450279236,
  "eval_return_end_mean": -25.50125503540039,
  "eval_t_eval": 104.0,
  "final_depr_F_post": 24.91037940979004,
  "final_energy_E_post": 0.3955470621585846,
  "final_episode_return_end_mean": -26.758262634277344,
  "final_funding_alpha_eff": 1.2397546097359102e-12,
  "final_funding_g": 0.10011130571365356,
  "final_funding_g_raw": 0.10011130571365356,
  "final_update_counter": 2.0,
  "final_vartd_VarTD": 0.2002307027578354,
  "mechanism": "hardzero_plus_depr",
  "mechanism_tag": "hardzero_plus_depr__c0p52__z1p10__lam0p020__nu0p50__psi1p00",
  "runtime_sec": 10.74516599898925,
  "seed": 37,
  "z_cut": 1.1
}