{
  "alpha": 0.12,
  "c_upd": 0.5,
  "depr_lambda": 0.01,
  "depr_nu": 0.5,
  "depr_psi": 1.0,
  "eval_CSR_post": 0.009999999776482582,
  "eval_dbar_post_mean": 0.4836620092391968,
  "eval_done_count": 100.0,
  "eval_episodes_per_env": 4.0,
  "eval_len_end_mean": 26.0,
  "eval_occupied_post_mean": 0.4399999976158142,
  "eval_return_end_mean": -24.604921340942383,
  "eval_t_eval": 104.0,
  "final_depr_F_post": 9.782003402709961,
  "final_energy_E_post": 0.4674028158187866,
  "final_episode_return_end_mean": -25.584514617919922,
  "final_funding_alpha_eff": 6.8431204454100225e-06,
  "final_funding_g": 0.11669089645147324,
  "final_funding_g_raw": 0.11669089645147324,
  "final_update_counter": 6.0,
  "final_vartd_VarTD": 0.13501887023448944,
  "mechanism": "hardzero_plus_depr",
  "mechanism_tag": "hardzero_plus_depr__c0p50__z1p10__lam0p010__nu0p50__psi1p00",
  "runtime_sec": 10.723543150001206,
  "seed": 39,
  "z_cut": 1.1
}