{
  "alpha": 0.08,
  "c_upd": 0.56,
  "depr_lambda": 0.01,
  "depr_nu": 0.5,
  "depr_psi": 1.0,
  "eval_CSR_post": 0.0,
  "eval_dbar_post_mean": 0.623044490814209,
  "eval_done_count": 100.0,
  "eval_episodes_per_env": 4.0,
  "eval_len_end_mean": 26.0,
  "eval_occupied_post_mean": 0.20999999344348907,
  "eval_return_end_mean": -25.71724510192871,
  "eval_t_eval": 104.0,
  "final_depr_F_post": 11.542669296264648,
  "final_energy_E_post": 0.3552691638469696,
  "final_episode_return_end_mean": -28.77305793762207,
  "final_funding_alpha_eff": 7.843599973966775e-07,
  "final_funding_g": 0.08102980256080627,
  "final_funding_g_raw": 0.08102980256080627,
  "final_update_counter": 3.0,
  "final_vartd_VarTD": 0.17444413900375366,
  "mechanism": "hardzero_plus_depr",
  "mechanism_tag": "hardzero_plus_depr__c0p56__z1p10__lam0p010__nu0p50__psi1p00",
  "runtime_sec": 11.01609752397053,
  "seed": 36,
  "z_cut": 1.1
}