{
  "alpha": 0.08,
  "c_upd": 0.54,
  "depr_lambda": 0.01,
  "depr_nu": 0.5,
  "depr_psi": 0.75,
  "eval_CSR_post": 0.0,
  "eval_dbar_post_mean": 0.5017348527908325,
  "eval_done_count": 100.0,
  "eval_episodes_per_env": 4.0,
  "eval_len_end_mean": 26.0,
  "eval_occupied_post_mean": 0.3799999952316284,
  "eval_return_end_mean": -22.63047981262207,
  "eval_t_eval": 104.0,
  "final_depr_F_post": 10.207637786865234,
  "final_energy_E_post": 0.36019420623779297,
  "final_episode_return_end_mean": -26.201501846313477,
  "final_funding_alpha_eff": 3.8151069020386785e-05,
  "final_funding_g": 0.12254253774881363,
  "final_funding_g_raw": 0.12254253774881363,
  "final_update_counter": 4.0,
  "final_vartd_VarTD": 0.11744929105043411,
  "mechanism": "hardzero_plus_depr",
  "mechanism_tag": "hardzero_plus_depr__c0p54__z1p05__lam0p010__nu0p50__psi0p75",
  "runtime_sec": 10.869479732995387,
  "seed": 33,
  "z_cut": 1.05
}