{
  "alpha": 0.061,
  "c_upd": 0.58,
  "depr_lambda": 0.005,
  "depr_nu": 1.0,
  "depr_psi": 0.5,
  "eval_CSR_post": 0.0,
  "eval_dbar_post_mean": 0.5182581543922424,
  "eval_done_count": 100.0,
  "eval_episodes_per_env": 4.0,
  "eval_len_end_mean": 26.0,
  "eval_occupied_post_mean": 0.28999999165534973,
  "eval_return_end_mean": -22.68092918395996,
  "eval_t_eval": 104.0,
  "final_depr_F_post": 0.3449998199939728,
  "final_energy_E_post": 0.39754074811935425,
  "final_episode_return_end_mean": -25.769941329956055,
  "final_funding_alpha_eff": 0.05146355926990509,
  "final_funding_g": 0.1071164682507515,
  "final_funding_g_raw": 0.1071164682507515,
  "final_update_counter": 5.0,
  "final_vartd_VarTD": 0.1189667135477066,
  "mechanism": "hardzero_plus_depr",
  "mechanism_tag": "hardzero_plus_depr__c0p58__z1p00__lam0p005__nu1p00__psi0p50",
  "runtime_sec": 9.466500392998569,
  "seed": 34,
  "z_cut": 1.0
}