{
  "alpha": 0.04,
  "c_upd": 0.56,
  "depr_lambda": 0.01,
  "depr_nu": 0.5,
  "depr_psi": 1.0,
  "eval_CSR_post": 0.0,
  "eval_dbar_post_mean": 0.8764776587486267,
  "eval_done_count": 100.0,
  "eval_episodes_per_env": 4.0,
  "eval_len_end_mean": 26.0,
  "eval_occupied_post_mean": 0.11999999731779099,
  "eval_return_end_mean": -28.14957618713379,
  "eval_t_eval": 104.0,
  "final_depr_F_post": 12.270185470581055,
  "final_energy_E_post": 0.30274322628974915,
  "final_episode_return_end_mean": -29.113719940185547,
  "final_funding_alpha_eff": 1.8946509783290821e-07,
  "final_funding_g": 0.0,
  "final_funding_g_raw": 0.07411712408065796,
  "final_update_counter": 2.0,
  "final_vartd_VarTD": 0.18148808181285858,
  "mechanism": "hardzero_plus_depr",
  "mechanism_tag": "hardzero_plus_depr__c0p56__z1p10__lam0p010__nu0p50__psi1p00",
  "runtime_sec": 10.726616624044254,
  "seed": 36,
  "z_cut": 1.1
}