{
  "alpha": 0.04,
  "c_upd": 0.6,
  "depr_lambda": 0.01,
  "depr_nu": 0.5,
  "depr_psi": 1.0,
  "eval_CSR_post": 0.0,
  "eval_dbar_post_mean": 0.5940797328948975,
  "eval_done_count": 100.0,
  "eval_episodes_per_env": 4.0,
  "eval_len_end_mean": 26.0,
  "eval_occupied_post_mean": 0.32999998331069946,
  "eval_return_end_mean": -22.532758712768555,
  "eval_t_eval": 104.0,
  "final_depr_F_post": 10.895153999328613,
  "final_energy_E_post": 0.062461741268634796,
  "final_episode_return_end_mean": -27.92474937438965,
  "final_funding_alpha_eff": 7.49372532027337e-07,
  "final_funding_g": 0.09123492985963821,
  "final_funding_g_raw": 0.09123492985963821,
  "final_update_counter": 2.0,
  "final_vartd_VarTD": 0.21704597771167755,
  "mechanism": "hardzero_plus_depr",
  "mechanism_tag": "hardzero_plus_depr__c0p60__z1p05__lam0p010__nu0p50__psi1p00",
  "runtime_sec": 10.67300463601714,
  "seed": 38,
  "z_cut": 1.05
}