{
  "alpha": 0.04,
  "c_upd": 0.58,
  "depr_lambda": 0.005,
  "depr_nu": 1.0,
  "depr_psi": 0.5,
  "eval_CSR_post": 0.0,
  "eval_dbar_post_mean": 0.5942600965499878,
  "eval_done_count": 100.0,
  "eval_episodes_per_env": 4.0,
  "eval_len_end_mean": 26.0,
  "eval_occupied_post_mean": 0.3100000023841858,
  "eval_return_end_mean": -24.146541595458984,
  "eval_t_eval": 104.0,
  "final_depr_F_post": 3.7050373554229736,
  "final_energy_E_post": 0.4451768696308136,
  "final_episode_return_end_mean": -27.013961791992188,
  "final_funding_alpha_eff": 0.00628936942666769,
  "final_funding_g": 0.10061206668615341,
  "final_funding_g_raw": 0.10061206668615341,
  "final_update_counter": 2.0,
  "final_vartd_VarTD": 0.15376532077789307,
  "mechanism": "hardzero_plus_depr",
  "mechanism_tag": "hardzero_plus_depr__c0p58__z1p00__lam0p005__nu1p00__psi0p50",
  "runtime_sec": 9.460886138025671,
  "seed": 54,
  "z_cut": 1.0
}