{
  "alpha": 0.064,
  "c_upd": 0.58,
  "depr_lambda": 0.005,
  "depr_nu": 1.0,
  "depr_psi": 0.5,
  "eval_CSR_post": 0.0,
  "eval_dbar_post_mean": 0.49210435152053833,
  "eval_done_count": 100.0,
  "eval_episodes_per_env": 4.0,
  "eval_len_end_mean": 26.0,
  "eval_occupied_post_mean": 0.429999977350235,
  "eval_return_end_mean": -24.03116226196289,
  "eval_t_eval": 104.0,
  "final_depr_F_post": 0.21999992430210114,
  "final_energy_E_post": 0.3356854319572449,
  "final_episode_return_end_mean": -25.225706100463867,
  "final_funding_alpha_eff": 0.05747690051794052,
  "final_funding_g": 0.13522839546203613,
  "final_funding_g_raw": 0.13522839546203613,
  "final_update_counter": 8.0,
  "final_vartd_VarTD": 0.12718607485294342,
  "mechanism": "hardzero_plus_depr",
  "mechanism_tag": "hardzero_plus_depr__c0p58__z1p00__lam0p005__nu1p00__psi0p50",
  "runtime_sec": 9.48326647398062,
  "seed": 45,
  "z_cut": 1.0
}