{
  "alpha": 0.08,
  "c_upd": 0.5,
  "depr_lambda": 0.01,
  "depr_nu": 0.5,
  "depr_psi": 1.0,
  "eval_CSR_post": 0.0,
  "eval_dbar_post_mean": 0.5805049538612366,
  "eval_done_count": 100.0,
  "eval_episodes_per_env": 4.0,
  "eval_len_end_mean": 26.0,
  "eval_occupied_post_mean": 0.28999999165534973,
  "eval_return_end_mean": -24.593585968017578,
  "eval_t_eval": 104.0,
  "final_depr_F_post": 11.860176086425781,
  "final_energy_E_post": 0.4524770677089691,
  "final_episode_return_end_mean": -27.69119644165039,
  "final_funding_alpha_eff": 5.709840706913383e-07,
  "final_funding_g": 0.09660119563341141,
  "final_funding_g_raw": 0.09660119563341141,
  "final_update_counter": 3.0,
  "final_vartd_VarTD": 0.15819624066352844,
  "mechanism": "hardzero_plus_depr",
  "mechanism_tag": "hardzero_plus_depr__c0p50__z1p05__lam0p010__nu0p50__psi1p00",
  "runtime_sec": 10.644926879031118,
  "seed": 41,
  "z_cut": 1.05
}