{
  "alpha": 0.06,
  "c_upd": 0.6,
  "depr_lambda": 0.02,
  "depr_nu": 0.5,
  "depr_psi": 1.0,
  "eval_CSR_post": 0.0,
  "eval_dbar_post_mean": 0.6193675994873047,
  "eval_done_count": 100.0,
  "eval_episodes_per_env": 4.0,
  "eval_len_end_mean": 26.0,
  "eval_occupied_post_mean": 0.3700000047683716,
  "eval_return_end_mean": -24.838077545166016,
  "eval_t_eval": 104.0,
  "final_depr_F_post": 23.000335693359375,
  "final_energy_E_post": 0.0405515655875206,
  "final_episode_return_end_mean": -26.76027488708496,
  "final_funding_alpha_eff": 6.279404513725995e-12,
  "final_funding_g": 0.10750804096460342,
  "final_funding_g_raw": 0.10750804096460342,
  "final_update_counter": 2.0,
  "final_vartd_VarTD": 0.11970680207014084,
  "mechanism": "hardzero_plus_depr",
  "mechanism_tag": "hardzero_plus_depr__c0p60__z1p05__lam0p020__nu0p50__psi1p00",
  "runtime_sec": 10.66802474000724,
  "seed": 33,
  "z_cut": 1.05
}