{
  "alpha": 0.05,
  "c_upd": 0.52,
  "depr_lambda": 0.0,
  "depr_nu": 0.5,
  "depr_psi": 0.0,
  "eval_CSR_post": 0.0,
  "eval_dbar_post_mean": 0.5460391044616699,
  "eval_done_count": 100.0,
  "eval_episodes_per_env": 4.0,
  "eval_len_end_mean": 26.0,
  "eval_occupied_post_mean": 0.29999998211860657,
  "eval_return_end_mean": -23.69835090637207,
  "eval_t_eval": 104.0,
  "final_depr_F_post": 0.0,
  "final_energy_E_post": 0.29261356592178345,
  "final_episode_return_end_mean": -26.39263153076172,
  "final_funding_alpha_eff": 0.05000000074505806,
  "final_funding_g": 0.11776992678642273,
  "final_funding_g_raw": 0.11776992678642273,
  "final_update_counter": 10.0,
  "final_vartd_VarTD": 0.171244814991951,
  "mechanism": "hardzero_only",
  "mechanism_tag": "hardzero_only__c0p52__z1p00__lam0p000__nu0p50__psi0p00",
  "runtime_sec": 9.567307799996343,
  "seed": 41,
  "z_cut": 1.0
}