{
  "alpha": 0.1,
  "c_upd": 0.54,
  "depr_lambda": 0.02,
  "depr_nu": 0.5,
  "depr_psi": 1.25,
  "eval_CSR_post": 0.0,
  "eval_dbar_post_mean": 0.5832896828651428,
  "eval_done_count": 100.0,
  "eval_episodes_per_env": 4.0,
  "eval_len_end_mean": 26.0,
  "eval_occupied_post_mean": 0.2199999988079071,
  "eval_return_end_mean": -24.8399600982666,
  "eval_t_eval": 104.0,
  "final_depr_F_post": 24.86037826538086,
  "final_energy_E_post": 0.3739226758480072,
  "final_episode_return_end_mean": -27.324172973632812,
  "final_funding_alpha_eff": 3.273039281484892e-15,
  "final_funding_g": 0.10484487563371658,
  "final_funding_g_raw": 0.10484487563371658,
  "final_update_counter": 2.0,
  "final_vartd_VarTD": 0.14398619532585144,
  "mechanism": "hardzero_plus_depr",
  "mechanism_tag": "hardzero_plus_depr__c0p54__z1p05__lam0p020__nu0p50__psi1p25",
  "runtime_sec": 10.82866738300072,
  "seed": 35,
  "z_cut": 1.05
}