{
  "alpha": 0.12,
  "c_upd": 0.52,
  "depr_lambda": 0.0,
  "depr_nu": 0.5,
  "depr_psi": 0.0,
  "eval_CSR_post": 0.0,
  "eval_dbar_post_mean": 0.5026746988296509,
  "eval_done_count": 100.0,
  "eval_episodes_per_env": 4.0,
  "eval_len_end_mean": 26.0,
  "eval_occupied_post_mean": 0.3499999940395355,
  "eval_return_end_mean": -24.09043312072754,
  "eval_t_eval": 104.0,
  "final_depr_F_post": 0.0,
  "final_energy_E_post": 0.23484879732131958,
  "final_episode_return_end_mean": -22.939708709716797,
  "final_funding_alpha_eff": 0.11999999731779099,
  "final_funding_g": 0.17860828340053558,
  "final_funding_g_raw": 0.17860828340053558,
  "final_update_counter": 44.0,
  "final_vartd_VarTD": 4.404292106628418,
  "mechanism": "hardzero_only",
  "mechanism_tag": "hardzero_only__c0p52__z1p10__lam0p000__nu0p50__psi0p00",
  "runtime_sec": 10.00707626901567,
  "seed": 39,
  "z_cut": 1.1
}