{
  "alpha": 0.1,
  "c_upd": 0.5,
  "depr_lambda": 0.0,
  "depr_nu": 0.5,
  "depr_psi": 0.0,
  "eval_CSR_post": 0.0,
  "eval_dbar_post_mean": 0.4824698865413666,
  "eval_done_count": 100.0,
  "eval_episodes_per_env": 4.0,
  "eval_len_end_mean": 26.0,
  "eval_occupied_post_mean": 0.32999998331069946,
  "eval_return_end_mean": -23.35507583618164,
  "eval_t_eval": 104.0,
  "final_depr_F_post": 0.0,
  "final_energy_E_post": 0.3808800280094147,
  "final_episode_return_end_mean": -24.0407772064209,
  "final_funding_alpha_eff": 0.10000000149011612,
  "final_funding_g": 0.18372002243995667,
  "final_funding_g_raw": 0.18372002243995667,
  "final_update_counter": 36.0,
  "final_vartd_VarTD": 3.0226240158081055,
  "mechanism": "hardzero_only",
  "mechanism_tag": "hardzero_only__c0p50__z1p10__lam0p000__nu0p50__psi0p00",
  "runtime_sec": 9.903370657004416,
  "seed": 38,
  "z_cut": 1.1
}