{
  "alpha": 0.03,
  "c_upd": 0.54,
  "depr_lambda": 0.02,
  "depr_nu": 0.5,
  "depr_psi": 1.0,
  "eval_CSR_post": 0.0,
  "eval_dbar_post_mean": 0.5787061452865601,
  "eval_done_count": 100.0,
  "eval_episodes_per_env": 4.0,
  "eval_len_end_mean": 26.0,
  "eval_occupied_post_mean": 0.25,
  "eval_return_end_mean": -23.086313247680664,
  "eval_t_eval": 104.0,
  "final_depr_F_post": 24.150362014770508,
  "final_energy_E_post": 0.057502131909132004,
  "final_episode_return_end_mean": -27.440670013427734,
  "final_funding_alpha_eff": 9.941190665802013e-13,
  "final_funding_g": 0.09224498271942139,
  "final_funding_g_raw": 0.09224498271942139,
  "final_update_counter": 2.0,
  "final_vartd_VarTD": 0.19149959087371826,
  "mechanism": "hardzero_plus_depr",
  "mechanism_tag": "hardzero_plus_depr__c0p54__z1p05__lam0p020__nu0p50__psi1p00",
  "runtime_sec": 23.40547057200456,
  "seed": 30,
  "z_cut": 1.05
}