{
  "alpha": 0.12,
  "c_upd": 0.56,
  "depr_lambda": 0.02,
  "depr_nu": 0.5,
  "depr_psi": 0.75,
  "eval_CSR_post": 0.0,
  "eval_dbar_post_mean": 0.5581466555595398,
  "eval_done_count": 100.0,
  "eval_episodes_per_env": 4.0,
  "eval_len_end_mean": 26.0,
  "eval_occupied_post_mean": 0.3499999940395355,
  "eval_return_end_mean": -22.100433349609375,
  "eval_t_eval": 104.0,
  "final_depr_F_post": 24.740375518798828,
  "final_energy_E_post": 0.5523247718811035,
  "final_episode_return_end_mean": -27.8482666015625,
  "final_funding_alpha_eff": 1.0647297488119989e-09,
  "final_funding_g": 0.09315656870603561,
  "final_funding_g_raw": 0.09315656870603561,
  "final_update_counter": 2.0,
  "final_vartd_VarTD": 0.21654455363750458,
  "mechanism": "hardzero_plus_depr",
  "mechanism_tag": "hardzero_plus_depr__c0p56__z1p05__lam0p020__nu0p50__psi0p75",
  "runtime_sec": 10.87474001199007,
  "seed": 38,
  "z_cut": 1.05
}