{
  "alpha": 0.12,
  "c_upd": 0.56,
  "depr_lambda": 0.01,
  "depr_nu": 0.5,
  "depr_psi": 1.0,
  "eval_CSR_post": 0.0,
  "eval_dbar_post_mean": 0.7625314593315125,
  "eval_done_count": 100.0,
  "eval_episodes_per_env": 4.0,
  "eval_len_end_mean": 26.0,
  "eval_occupied_post_mean": 0.23999999463558197,
  "eval_return_end_mean": -26.75849151611328,
  "eval_t_eval": 104.0,
  "final_depr_F_post": 11.780174255371094,
  "final_energy_E_post": 0.4761892557144165,
  "final_episode_return_end_mean": -26.762454986572266,
  "final_funding_alpha_eff": 9.278111861021898e-07,
  "final_funding_g": 0.09338490664958954,
  "final_funding_g_raw": 0.09338490664958954,
  "final_update_counter": 3.0,
  "final_vartd_VarTD": 0.14702360332012177,
  "mechanism": "hardzero_plus_depr",
  "mechanism_tag": "hardzero_plus_depr__c0p56__z1p05__lam0p010__nu0p50__psi1p00",
  "runtime_sec": 10.662666857009754,
  "seed": 39,
  "z_cut": 1.05
}