{
  "alpha": 0.05,
  "c_upd": 0.5,
  "depr_lambda": 0.0,
  "depr_nu": 0.5,
  "depr_psi": 0.0,
  "eval_CSR_post": 0.0,
  "eval_dbar_post_mean": 0.5010802149772644,
  "eval_done_count": 100.0,
  "eval_episodes_per_env": 4.0,
  "eval_len_end_mean": 26.0,
  "eval_occupied_post_mean": 0.3199999928474426,
  "eval_return_end_mean": -23.858720779418945,
  "eval_t_eval": 104.0,
  "final_depr_F_post": 0.0,
  "final_energy_E_post": 0.2421349287033081,
  "final_episode_return_end_mean": -24.90440559387207,
  "final_funding_alpha_eff": 0.05000000074505806,
  "final_funding_g": 0.1393379271030426,
  "final_funding_g_raw": 0.1393379271030426,
  "final_update_counter": 17.0,
  "final_vartd_VarTD": 0.41334396600723267,
  "mechanism": "hardzero_only",
  "mechanism_tag": "hardzero_only__c0p50__z1p10__lam0p000__nu0p50__psi0p00",
  "runtime_sec": 9.922572733019479,
  "seed": 37,
  "z_cut": 1.1
}